flow_id,id.orig_p,id.resp_p,proto,service,flow_duration,fwd_pkts_tot,bwd_pkts_tot,fwd_data_pkts_tot,bwd_data_pkts_tot,fwd_pkts_per_sec,bwd_pkts_per_sec,flow_pkts_per_sec,down_up_ratio,fwd_header_size_tot,fwd_header_size_min,fwd_header_size_max,bwd_header_size_tot,bwd_header_size_min,bwd_header_size_max,flow_FIN_flag_count,flow_SYN_flag_count,flow_RST_flag_count,fwd_PSH_flag_count,bwd_PSH_flag_count,flow_ACK_flag_count,fwd_URG_flag_count,bwd_URG_flag_count,flow_CWR_flag_count,flow_ECE_flag_count,fwd_pkts_payload.min,fwd_pkts_payload.max,fwd_pkts_payload.tot,fwd_pkts_payload.avg,fwd_pkts_payload.std,bwd_pkts_payload.min,bwd_pkts_payload.max,bwd_pkts_payload.tot,bwd_pkts_payload.avg,bwd_pkts_payload.std,flow_pkts_payload.min,flow_pkts_payload.max,flow_pkts_payload.tot,flow_pkts_payload.avg,flow_pkts_payload.std,fwd_iat.min,fwd_iat.max,fwd_iat.tot,fwd_iat.avg,fwd_iat.std,bwd_iat.min,bwd_iat.max,bwd_iat.tot,bwd_iat.avg,bwd_iat.std,flow_iat.min,flow_iat.max,flow_iat.tot,flow_iat.avg,flow_iat.std,payload_bytes_per_second,fwd_subflow_pkts,bwd_subflow_pkts,fwd_subflow_bytes,bwd_subflow_bytes,fwd_bulk_bytes,bwd_bulk_bytes,fwd_bulk_packets,bwd_bulk_packets,fwd_bulk_rate,bwd_bulk_rate,active.min,active.max,active.tot,active.avg,active.std,idle.min,idle.max,idle.tot,idle.avg,idle.std,fwd_init_window_size,bwd_init_window_size,fwd_last_window_size,Attack_type
T0000,60261,53,udp,dns,0.044702,1,1,1,1,22.370456,22.370456,44.740913,1.0,8,8,8,8,8,8,0,0,0,0,0,0,0,0,0,0,60.0,60.0,60.0,60.0,0.0,76.0,76.0,76.0,76.0,0.0,60.0,76.0,136.0,68.0,11.313708,0.0,0.0,0.0,0.0,0.0,0.0,0.0,0.0,0.0,0.0,44701.81465,44701.81465,44701.81465,44701.81465,0.0,3042.382084,1.0,1.0,60.0,76.0,0.0,0.0,0.0,0.0,0.0,0.0,44701.81465,44701.81465,44701.81465,44701.81465,0.0,0.0,0.0,0.0,0.0,0.0,0,0,0,Thing_Speak
T0001,50078,18985,udp,-,0.0,1,0,0,0,0.0,0.0,0.0,0.0,8,8,8,0,0,0,0,0,0,0,0,0,0,0,0,0,0.0,0.0,0.0,0.0,0.0,0.0,0.0,0.0,0.0,0.0,0.0,0.0,0.0,0.0,0.0,0.0,0.0,0.0,0.0,0.0,0.0,0.0,0.0,0.0,0.0,0.0,0.0,0.0,0.0,0.0,0.0,1.0,0.0,0.0,0.0,0.0,0.0,0.0,0.0,0.0,0.0,0.0,0.0,0.0,0.0,0.0,0.0,0.0,0.0,0.0,0.0,0,0,0,NMAP_UDP_SCAN
T0002,40884,5353,udp,dns,0.0,1,0,1,0,0.0,0.0,0.0,0.0,8,8,8,0,0,0,0,0,0,0,0,0,0,0,0,0,50.0,50.0,50.0,50.0,0.0,0.0,0.0,0.0,0.0,0.0,50.0,50.0,50.0,50.0,0.0,0.0,0.0,0.0,0.0,0.0,0.0,0.0,0.0,0.0,0.0,0.0,0.0,0.0,0.0,0.0,0.0,1.0,0.0,50.0,0.0,0.0,0.0,0.0,0.0,0.0,0.0,0.0,0.0,0.0,0.0,0.0,0.0,0.0,0.0,0.0,0.0,0,0,0,ARP_poisioning
T0003,59558,9290,tcp,-,2e-06,1,1,0,0,524288.0,524288.0,1048576.0,1.0,40,40,40,20,20,20,0,1,1,0,0,1,0,0,0,0,0.0,0.0,0.0,0.0,0.0,0.0,0.0,0.0,0.0,0.0,0.0,0.0,0.0,0.0,0.0,0.0,0.0,0.0,0.0,0.0,0.0,0.0,0.0,0.0,0.0,1.907349,1.907349,1.907349,1.907349,0.0,0.0,1.0,1.0,0.0,0.0,0.0,0.0,0.0,0.0,0.0,0.0,1.907349,1.907349,1.907349,1.907349,0.0,0.0,0.0,0.0,0.0,0.0,64240,0,64240,NMAP_TCP_scan
T0004,39166,80,tcp,http,0.682539,7,5,2,1,10.255824,7.325589,17.581413,0.714286,232,32,40,168,32,40,2,2,0,2,1,11,0,0,0,0,0.0,169.0,215.0,30.714286,63.34223000000001,0.0,538.0,538.0,107.6,240.600914,0.0,538.0,753.0,62.75,157.50043300000002,91.075897,240044.8322,684466.1236,114077.6873,124116.4007,78.91655,223652.8397,464294.9104,116073.7276,121985.7067,78.91655,219497.9191,684466.1236,62224.19305,100363.6149,1103.233684,7.0,5.0,215.0,538.0,0.0,0.0,0.0,0.0,0.0,0.0,684466.1236,684466.1236,684466.1236,684466.1236,0.0,0.0,0.0,0.0,0.0,0.0,64240,26847,501,Thing_Speak
T0005,64177,20360,udp,-,0.0,1,0,0,0,0.0,0.0,0.0,0.0,8,8,8,0,0,0,0,0,0,0,0,0,0,0,0,0,0.0,0.0,0.0,0.0,0.0,0.0,0.0,0.0,0.0,0.0,0.0,0.0,0.0,0.0,0.0,0.0,0.0,0.0,0.0,0.0,0.0,0.0,0.0,0.0,0.0,0.0,0.0,0.0,0.0,0.0,0.0,1.0,0.0,0.0,0.0,0.0,0.0,0.0,0.0,0.0,0.0,0.0,0.0,0.0,0.0,0.0,0.0,0.0,0.0,0.0,0.0,0,0,0,NMAP_UDP_SCAN
T0006,41917,1883,tcp,mqtt,62.05241700000001,10,6,3,4,0.161154,0.096692,0.257847,0.6,328,32,40,200,32,40,0,2,1,3,4,15,0,0,0,0,0.0,33.0,77.0,7.7,12.789318,0.0,22.0,35.0,5.8333330000000005,8.20772,0.0,33.0,112.0,7.0,11.021192,252.962112,59815909.147263,62052417.039871,6894713.004430002,19849109.918781,77.962875,1490724.802017,1987900.972366,397580.194473,623431.983341,77.962875,59815909.147263,62052417.039871,4136827.802658,15406461.924454998,1.804926,3.333333,2.0,25.666667,11.666667,0.0,0.0,0.0,0.0,0.0,0.0,2236507.892609,2236507.892609,2236507.892609,2236507.892609,0.0,59815909.147263,59815909.147263,59815909.147263,59815909.147263,0.0,64240,26847,502,MQTT_Publish
T0007,40501,1883,tcp,mqtt,33.044366,10,6,3,4,0.302623,0.181574,0.484198,0.6,328,32,40,200,32,40,0,2,1,3,4,15,0,0,0,0,0.0,33.0,77.0,7.7,12.789318,0.0,22.0,35.0,5.8333330000000005,8.20772,0.0,33.0,112.0,7.0,11.021192,258.922577,30768748.998642,33044366.121292,3671596.235699,10168213.482144,1893.9971920000007,1479357.95784,2011269.09256,402253.818512,616196.027775,86.06910699999997,30768748.998642,33044366.121292,2202957.741419,7908701.026355,3.389383,3.333333,2.0,25.666667,11.666667,0.0,0.0,0.0,0.0,0.0,0.0,2275617.12265,2275617.12265,2275617.12265,2275617.12265,0.0,30768748.998642,30768748.998642,30768748.998642,30768748.998642,0.0,64240,26847,502,MQTT_Publish
T0008,55170,80,tcp,http,30.681577,7,11,4,4,0.22815,0.358521,0.586671,1.5714290000000002,232,32,40,348,20,40,5,2,1,4,4,16,0,0,0,0,0.0,168.0,210.0,30.0,61.326992,0.0,482.0,1928.0,175.272727,243.18104,0.0,482.0,2138.0,118.777778,203.529895,7.152557000000001,15292563.915253,30681566.953659,5113594.492277,6722096.890756,87.976456,13724554.06189,30681560.993195,3068156.099319,5212511.403389,2.861023,13724554.06189,30681576.967239,1804798.645132,4205102.632599,69.683511,1.75,2.75,52.5,482.0,0.0,0.0,0.0,0.0,0.0,0.0,2.861023,5347969.055176,5352067.947388,1784022.649129,3086468.803891,11604954.957962,13724554.06189,25329509.019852,12664754.509926,1498782.899784,64240,65160,501,DDOS_Slowloris
T0009,33036,1091,tcp,-,5e-06,1,1,0,0,199728.761905,199728.761905,399457.52381,1.0,40,40,40,20,20,20,0,1,1,0,0,1,0,0,0,0,0.0,0.0,0.0,0.0,0.0,0.0,0.0,0.0,0.0,0.0,0.0,0.0,0.0,0.0,0.0,0.0,0.0,0.0,0.0,0.0,0.0,0.0,0.0,0.0,0.0,5.0067900000000005,5.0067900000000005,5.0067900000000005,5.0067900000000005,0.0,0.0,1.0,1.0,0.0,0.0,0.0,0.0,0.0,0.0,0.0,0.0,5.0067900000000005,5.0067900000000005,5.0067900000000005,5.0067900000000005,0.0,0.0,0.0,0.0,0.0,0.0,64240,0,64240,NMAP_TCP_scan
T0010,41010,80,tcp,http,0.8342510000000001,7,5,2,1,8.390758,5.993399,14.384157,0.714286,232,32,40,168,32,40,2,2,0,2,1,11,0,0,0,0,0.0,169.0,203.0,29.0,63.02116,0.0,539.0,539.0,107.8,241.048128,0.0,539.0,742.0,61.833333,157.929117,91.075897,295254.9458,836310.1482,139385.0247,152667.9774,546.93222,272499.0845,566253.1853,141563.2963,150791.7809,91.075897,268496.0365,836310.1482,76028.19529,123525.3637,889.420394,7.0,5.0,203.0,539.0,0.0,0.0,0.0,0.0,0.0,0.0,836310.1482,836310.1482,836310.1482,836310.1482,0.0,0.0,0.0,0.0,0.0,0.0,64240,26847,501,Thing_Speak
T0011,37814,80,tcp,http,0.893789,7,5,2,1,7.831825999999999,5.594161,13.425987,0.714286,232,32,40,168,32,40,2,2,0,2,1,11,0,0,0,0,0.0,169.0,203.0,29.0,63.02116,0.0,539.0,539.0,107.8,241.048128,0.0,539.0,742.0,61.833333,157.929117,92.983246,345320.94,930804.0142,155134.0024,170864.164,62.942505,319911.0031,664165.02,166041.255,175853.8664,62.942505,229624.033,930804.0142,84618.54675,97944.8651,830.1735150000001,7.0,5.0,203.0,539.0,0.0,0.0,0.0,0.0,0.0,0.0,930804.0142,930804.0142,930804.0142,930804.0142,0.0,0.0,0.0,0.0,0.0,0.0,64240,26847,501,Thing_Speak
T0012,53036,21,tcp,-,0.0,1,0,1,0,0.0,0.0,0.0,0.0,20,20,20,0,0,0,0,1,0,0,0,0,0,0,0,0,120.0,120.0,120.0,120.0,0.0,0.0,0.0,0.0,0.0,0.0,120.0,120.0,120.0,120.0,0.0,0.0,0.0,0.0,0.0,0.0,0.0,0.0,0.0,0.0,0.0,0.0,0.0,0.0,0.0,0.0,0.0,1.0,0.0,120.0,0.0,0.0,0.0,0.0,0.0,0.0,0.0,0.0,0.0,0.0,0.0,0.0,0.0,0.0,0.0,0.0,0.0,64,0,64,DOS_SYN_Hping
T0013,40911,1883,tcp,mqtt,61.994275,10,6,3,4,0.161305,0.096783,0.258088,0.6,328,32,40,200,32,40,0,2,1,3,4,15,0,0,0,0,0.0,33.0,76.0,7.6,12.650867,0.0,21.0,34.0,5.666667,7.814516,0.0,33.0,110.0,6.875,10.831282,262.022018,59906021.118164,61994275.093079,6888252.78812,19887035.111947,60.081482,1627735.853195,1936020.13588,387204.027176,697317.1655369999,60.081482,59906021.118164,61994275.093079,4132951.672872,15433645.901294,1.774357,3.333333,2.0,25.333333,11.333333,0.0,0.0,0.0,0.0,0.0,0.0,2088253.974915,2088253.974915,2088253.974915,2088253.974915,0.0,59906021.118164,59906021.118164,59906021.118164,59906021.118164,0.0,64240,26847,502,MQTT_Publish
T0014,59247,1081,tcp,-,9e-06,1,1,0,0,110376.421053,110376.421053,220752.842105,1.0,20,20,20,20,20,20,1,0,1,1,0,1,1,0,0,0,0.0,0.0,0.0,0.0,0.0,0.0,0.0,0.0,0.0,0.0,0.0,0.0,0.0,0.0,0.0,0.0,0.0,0.0,0.0,0.0,0.0,0.0,0.0,0.0,0.0,9.059906,9.059906,9.059906,9.059906,0.0,0.0,1.0,1.0,0.0,0.0,0.0,0.0,0.0,0.0,0.0,0.0,9.059906,9.059906,9.059906,9.059906,0.0,0.0,0.0,0.0,0.0,0.0,1024,0,1024,NMAP_XMAS_TREE_SCAN
T0015,16147,21,tcp,-,4e-06,1,1,1,0,262144.0,262144.0,524288.0,1.0,20,20,20,20,20,20,0,1,1,0,0,1,0,0,0,0,120.0,120.0,120.0,120.0,0.0,0.0,0.0,0.0,0.0,0.0,0.0,120.0,120.0,60.0,84.852814,0.0,0.0,0.0,0.0,0.0,0.0,0.0,0.0,0.0,0.0,3.814697,3.814697,3.814697,3.814697,0.0,31457280.0,1.0,1.0,120.0,0.0,0.0,0.0,0.0,0.0,0.0,0.0,3.814697,3.814697,3.814697,3.814697,0.0,0.0,0.0,0.0,0.0,0.0,64,0,64,DOS_SYN_Hping
T0016,50079,57843,udp,-,0.0,1,0,1,0,0.0,0.0,0.0,0.0,8,8,8,0,0,0,0,0,0,0,0,0,0,0,0,0,40.0,40.0,40.0,40.0,0.0,0.0,0.0,0.0,0.0,0.0,40.0,40.0,40.0,40.0,0.0,0.0,0.0,0.0,0.0,0.0,0.0,0.0,0.0,0.0,0.0,0.0,0.0,0.0,0.0,0.0,0.0,1.0,0.0,40.0,0.0,0.0,0.0,0.0,0.0,0.0,0.0,0.0,0.0,0.0,0.0,0.0,0.0,0.0,0.0,0.0,0.0,0,0,0,NMAP_UDP_SCAN
T0017,47630,22,tcp,-,0.0,1,0,0,0,0.0,0.0,0.0,0.0,20,20,20,0,0,0,1,0,0,0,0,0,0,0,0,0,0.0,0.0,0.0,0.0,0.0,0.0,0.0,0.0,0.0,0.0,0.0,0.0,0.0,0.0,0.0,0.0,0.0,0.0,0.0,0.0,0.0,0.0,0.0,0.0,0.0,0.0,0.0,0.0,0.0,0.0,0.0,1.0,0.0,0.0,0.0,0.0,0.0,0.0,0.0,0.0,0.0,0.0,0.0,0.0,0.0,0.0,0.0,0.0,0.0,0.0,0.0,1024,0,1024,NMAP_FIN_SCAN
T0018,55496,80,tcp,http,23.144454,6,5,4,0,0.259241,0.216034,0.475276,0.833333,200,32,40,168,32,40,0,2,0,4,0,10,0,0,0,0,0.0,168.0,210.0,35.0,65.629262,0.0,0.0,0.0,0.0,0.0,0.0,168.0,210.0,19.090909,49.876757,15.974045000000002,19067203.998566,23144448.99559,4628889.799118,8261749.59918,1365.90004,19067207.098007,23144407.03392,5786101.75848,9059860.334358,1.907349,19067202.091217,23144454.00238,2314445.4002380003,6023955.145125,9.073448,2.0,1.666667,70.0,0.0,0.0,0.0,0.0,0.0,0.0,0.0,5.0067900000000005,4077246.904373,4077251.911163,2038625.955582,2883045.394319,19067202.091217,19067202.091217,19067202.091217,19067202.091217,0.0,64240,65160,502,DDOS_Slowloris
T0019,24610,21,tcp,-,1e-06,1,1,1,0,1048576.0,1048576.0,2097152.0,1.0,20,20,20,20,20,20,0,1,1,0,0,1,0,0,0,0,120.0,120.0,120.0,120.0,0.0,0.0,0.0,0.0,0.0,0.0,0.0,120.0,120.0,60.0,84.852814,0.0,0.0,0.0,0.0,0.0,0.0,0.0,0.0,0.0,0.0,0.953674,0.953674,0.953674,0.953674,0.0,125829120.0,1.0,1.0,120.0,0.0,0.0,0.0,0.0,0.0,0.0,0.0,0.953674,0.953674,0.953674,0.953674,0.0,0.0,0.0,0.0,0.0,0.0,64,0,64,DOS_SYN_Hping
T0020,50078,1007,udp,-,0.0,1,0,0,0,0.0,0.0,0.0,0.0,8,8,8,0,0,0,0,0,0,0,0,0,0,0,0,0,0.0,0.0,0.0,0.0,0.0,0.0,0.0,0.0,0.0,0.0,0.0,0.0,0.0,0.0,0.0,0.0,0.0,0.0,0.0,0.0,0.0,0.0,0.0,0.0,0.0,0.0,0.0,0.0,0.0,0.0,0.0,1.0,0.0,0.0,0.0,0.0,0.0,0.0,0.0,0.0,0.0,0.0,0.0,0.0,0.0,0.0,0.0,0.0,0.0,0.0,0.0,0,0,0,NMAP_UDP_SCAN
T0021,51036,1192,tcp,-,5e-06,1,1,0,0,199728.761905,199728.761905,399457.52381,1.0,20,20,20,20,20,20,0,0,1,0,0,1,0,0,0,0,0.0,0.0,0.0,0.0,0.0,0.0,0.0,0.0,0.0,0.0,0.0,0.0,0.0,0.0,0.0,0.0,0.0,0.0,0.0,0.0,0.0,0.0,0.0,0.0,0.0,5.0067900000000005,5.0067900000000005,5.0067900000000005,5.0067900000000005,0.0,0.0,1.0,1.0,0.0,0.0,0.0,0.0,0.0,0.0,0.0,0.0,5.0067900000000005,5.0067900000000005,5.0067900000000005,5.0067900000000005,0.0,0.0,0.0,0.0,0.0,0.0,1024,0,1024,NMAP_OS_DETECTION
T0022,51592,80,tcp,http,0.000303,8,0,2,0,26400.025177,0.0,26400.025177,0.0,260,20,40,0,0,0,1,2,1,2,0,6,0,0,0,0,0.0,126.0,212.0,26.5,50.219518,0.0,0.0,0.0,0.0,0.0,0.0,126.0,212.0,26.5,50.219518,10.967255,188.112259,303.030014,43.290002,65.039909,0.0,0.0,0.0,0.0,0.0,10.967255,188.112259,303.030014,43.290002,65.039909,699600.667191,8.0,0.0,212.0,0.0,0.0,0.0,0.0,0.0,0.0,0.0,303.030014,303.030014,303.030014,303.030014,0.0,0.0,0.0,0.0,0.0,0.0,65476,0,0,NMAP_UDP_SCAN
T0023,49696,80,tcp,http,0.0066939999999999,4,3,2,0,597.543042,448.157282,1045.700324,0.75,136,32,40,104,32,40,0,2,0,2,0,6,0,0,0,0,0.0,168.0,188.0,47.0,81.215762,0.0,0.0,0.0,0.0,0.0,0.0,168.0,188.0,26.857143,62.682875,7.867813000000001,4810.094833,6674.0512850000005,2224.683762,2422.239225,1865.148544,4806.995392,6672.143936,3336.071968,2080.1998550000003,7.867813000000001,4786.968231,6694.078445,1115.679741,1939.701908,28084.52299,4.0,3.0,188.0,0.0,0.0,0.0,0.0,0.0,0.0,0.0,6694.078445,6694.078445,6694.078445,6694.078445,0.0,0.0,0.0,0.0,0.0,0.0,64240,65160,502,DDOS_Slowloris
T0024,51036,9103,tcp,-,3e-06,1,1,0,0,349525.333333,349525.333333,699050.666667,1.0,20,20,20,20,20,20,0,0,1,0,0,1,0,0,0,0,0.0,0.0,0.0,0.0,0.0,0.0,0.0,0.0,0.0,0.0,0.0,0.0,0.0,0.0,0.0,0.0,0.0,0.0,0.0,0.0,0.0,0.0,0.0,0.0,0.0,2.861023,2.861023,2.861023,2.861023,0.0,0.0,1.0,1.0,0.0,0.0,0.0,0.0,0.0,0.0,0.0,0.0,2.861023,2.861023,2.861023,2.861023,0.0,0.0,0.0,0.0,0.0,0.0,1024,0,1024,NMAP_OS_DETECTION
T0025,39920,1111,tcp,-,2e-06,1,1,0,0,466033.777778,466033.777778,932067.555556,1.0,40,40,40,20,20,20,0,1,1,0,0,1,0,0,0,0,0.0,0.0,0.0,0.0,0.0,0.0,0.0,0.0,0.0,0.0,0.0,0.0,0.0,0.0,0.0,0.0,0.0,0.0,0.0,0.0,0.0,0.0,0.0,0.0,0.0,2.145767,2.145767,2.145767,2.145767,0.0,0.0,1.0,1.0,0.0,0.0,0.0,0.0,0.0,0.0,0.0,0.0,2.145767,2.145767,2.145767,2.145767,0.0,0.0,0.0,0.0,0.0,0.0,64240,0,64240,NMAP_TCP_scan
T0026,56376,2170,tcp,-,1e-06,1,1,0,0,838860.8,838860.8,1677721.6,1.0,40,40,40,20,20,20,0,1,1,0,0,1,0,0,0,0,0.0,0.0,0.0,0.0,0.0,0.0,0.0,0.0,0.0,0.0,0.0,0.0,0.0,0.0,0.0,0.0,0.0,0.0,0.0,0.0,0.0,0.0,0.0,0.0,0.0,1.192093,1.192093,1.192093,1.192093,0.0,0.0,1.0,1.0,0.0,0.0,0.0,0.0,0.0,0.0,0.0,0.0,1.192093,1.192093,1.192093,1.192093,0.0,0.0,0.0,0.0,0.0,0.0,64240,0,64240,NMAP_TCP_scan
T0027,46600,49161,tcp,-,6e-06,1,1,0,0,161319.38461500002,161319.38461500002,322638.769231,1.0,20,20,20,20,20,20,0,0,1,0,0,1,0,0,0,0,0.0,0.0,0.0,0.0,0.0,0.0,0.0,0.0,0.0,0.0,0.0,0.0,0.0,0.0,0.0,0.0,0.0,0.0,0.0,0.0,0.0,0.0,0.0,0.0,0.0,6.198883,6.198883,6.198883,6.198883,0.0,0.0,1.0,1.0,0.0,0.0,0.0,0.0,0.0,0.0,0.0,0.0,6.198883,6.198883,6.198883,6.198883,0.0,0.0,0.0,0.0,0.0,0.0,1024,0,1024,NMAP_OS_DETECTION
T0028,5753,21,tcp,-,4e-06,1,1,1,0,246723.764706,246723.764706,493447.529412,1.0,20,20,20,20,20,20,0,1,1,0,0,1,0,0,0,0,120.0,120.0,120.0,120.0,0.0,0.0,0.0,0.0,0.0,0.0,0.0,120.0,120.0,60.0,84.852814,0.0,0.0,0.0,0.0,0.0,0.0,0.0,0.0,0.0,0.0,4.053116,4.053116,4.053116,4.053116,0.0,29606851.764706,1.0,1.0,120.0,0.0,0.0,0.0,0.0,0.0,0.0,0.0,4.053116,4.053116,4.053116,4.053116,0.0,0.0,0.0,0.0,0.0,0.0,64,0,64,DOS_SYN_Hping
T0029,40244,80,tcp,http,0.697495,8,6,2,2,11.469617,8.602212,20.071829,0.75,264,32,40,200,32,40,2,2,0,2,2,13,0,0,0,0,0.0,169.0,214.0,26.75,59.595661,0.0,535.0,539.0,89.833333,218.092106,0.0,535.0,753.0,53.785714,145.793942,92.029572,257250.0706,699484.8251,99926.40359,124583.6364,3670.930862,220116.1385,480054.1401,96010.82802,112043.6958,92.029572,218080.0438,699484.8251,53806.525010000005,92959.81901,1079.577657,8.0,6.0,214.0,539.0,0.0,0.0,0.0,0.0,0.0,0.0,699484.8251,699484.8251,699484.8251,699484.8251,0.0,0.0,0.0,0.0,0.0,0.0,64240,26847,501,Thing_Speak
T0030,57429,1883,tcp,mqtt,19.107509,10,6,3,4,0.523354,0.314013,0.837367,0.6,328,32,40,200,32,40,0,2,1,3,4,15,0,0,0,0,0.0,33.0,77.0,7.7,12.789318,0.0,22.0,35.0,5.8333330000000005,8.20772,0.0,33.0,112.0,7.0,11.021192,239.849091,16555895.090103,19107509.1362,2123056.570689,5427824.444566,180.006027,1603864.908218,2205565.929413,441113.185883,666797.4842810001,180.006027,16555895.090103,19107509.1362,1273833.942413,4241171.892921,5.86157,3.333333,2.0,25.666667,11.666667,0.0,0.0,0.0,0.0,0.0,0.0,2551614.046097,2551614.046097,2551614.046097,2551614.046097,0.0,16555895.090103,16555895.090103,16555895.090103,16555895.090103,0.0,64240,26847,502,MQTT_Publish
T0031,51318,80,tcp,http,0.000546,8,0,2,0,14652.590393,0.0,14652.590393,0.0,260,20,40,0,0,0,1,2,1,2,0,6,0,0,0,0,0.0,126.0,212.0,26.5,50.219518,0.0,0.0,0.0,0.0,0.0,0.0,126.0,212.0,26.5,50.219518,20.980835,331.163406,545.978546,77.996935,114.158061,0.0,0.0,0.0,0.0,0.0,20.980835,331.163406,545.978546,77.996935,114.158061,388293.645415,8.0,0.0,212.0,0.0,0.0,0.0,0.0,0.0,0.0,0.0,545.978546,545.978546,545.978546,545.978546,0.0,0.0,0.0,0.0,0.0,0.0,65476,0,0,DDOS_Slowloris
T0032,50078,22124,udp,-,0.0,1,0,0,0,0.0,0.0,0.0,0.0,8,8,8,0,0,0,0,0,0,0,0,0,0,0,0,0,0.0,0.0,0.0,0.0,0.0,0.0,0.0,0.0,0.0,0.0,0.0,0.0,0.0,0.0,0.0,0.0,0.0,0.0,0.0,0.0,0.0,0.0,0.0,0.0,0.0,0.0,0.0,0.0,0.0,0.0,0.0,1.0,0.0,0.0,0.0,0.0,0.0,0.0,0.0,0.0,0.0,0.0,0.0,0.0,0.0,0.0,0.0,0.0,0.0,0.0,0.0,0,0,0,NMAP_UDP_SCAN
T0033,50201,6668,tcp,irc,31.285402,15,6,6,3,0.479457,0.191783,0.67124,0.4,372,20,44,124,20,24,2,4,1,6,3,18,0,0,0,0,0.0,128.0,568.0,37.866667,52.587161,0.0,156.0,212.0,35.333333,60.68497900000001,0.0,156.0,780.0,37.142857,53.458662,163.07830800000005,8864636.898041,31319798.946381,2237128.49617,2818850.28017,292045.116425,17875207.901001006,29534574.985504,5906914.997101001,7502156.725225,163.07830800000005,8832634.925842,31577446.937561,1578872.346878,2540461.36516,24.931756,1.875,0.75,71.0,26.5,0.0,0.0,0.0,0.0,0.0,0.0,1195235.967636,11085444.927216,15080796.003342,5026932.001114,5307833.213374,7664016.008377002,8832634.925842,16496650.934219,8248325.4671100015,826338.361163,65535,4380,65535,Wipro_bulb
T0034,41802,53,udp,dns,0.105038,2,2,2,2,19.040741,19.040741,38.081482,1.0,16,8,8,16,8,8,0,0,0,0,0,0,0,0,0,0,37.0,37.0,74.0,37.0,0.0,104.0,120.0,224.0,112.0,11.313708,37.0,120.0,298.0,74.5,43.791171000000006,10.967255,10.967255,10.967255,10.967255,0.0,58679.819107,58679.819107,58679.819107,58679.819107,0.0,10.967255,58679.819107,105037.927628,35012.642543,30933.181059,2837.070444,2.0,2.0,74.0,224.0,0.0,0.0,0.0,0.0,0.0,0.0,105037.927628,105037.927628,105037.927628,105037.927628,0.0,0.0,0.0,0.0,0.0,0.0,0,0,0,ARP_poisioning
T0035,40320,8886,tcp,ssl,42.635743,34,27,18,21,0.797453,0.633271,1.430724,0.794118,684,20,24,544,20,24,2,2,6,18,21,60,0,0,0,0,0.0,453.0,2932.0,86.235294,105.470105,0.0,213.0,1842.0,68.222222,54.559307,0.0,453.0,4774.0,78.262295,86.541686,1591.920853,31254637.002945,42635742.902756,1291992.209174,5404102.404062,195.026398,31585293.054581,40917434.93080101,1573747.497339,6146762.167882,195.026398,31254637.002945,42635742.902756,710595.715046,4028357.430615,111.971779,6.8,5.4,586.4,368.4,0.0,0.0,0.0,0.0,0.0,0.0,1757935.04715,9623170.852661,11381105.899811,5690552.949905002,5561561.5737080015,31254637.002945,31254637.002945,31254637.002945,31254637.002945,0.0,4380,4096,4380,Wipro_bulb
T0036,52202,443,tcp,-,0.001209,2,0,1,0,1654.2315130000004,0.0,1654.2315130000004,0.0,40,20,20,0,0,0,1,0,0,1,0,2,0,0,0,0,0.0,71.0,71.0,35.5,50.204581,0.0,0.0,0.0,0.0,0.0,0.0,71.0,71.0,35.5,50.204581,1209.020615,1209.020615,1209.020615,1209.020615,0.0,0.0,0.0,0.0,0.0,0.0,1209.020615,1209.020615,1209.020615,1209.020615,0.0,58725.218695,2.0,0.0,71.0,0.0,0.0,0.0,0.0,0.0,0.0,0.0,1209.020615,1209.020615,1209.020615,1209.020615,0.0,0.0,0.0,0.0,0.0,0.0,4380,0,4380,Wipro_bulb
T0037,50078,52503,udp,-,0.0,1,0,1,0,0.0,0.0,0.0,0.0,8,8,8,0,0,0,0,0,0,0,0,0,0,0,0,0,40.0,40.0,40.0,40.0,0.0,0.0,0.0,0.0,0.0,0.0,40.0,40.0,40.0,40.0,0.0,0.0,0.0,0.0,0.0,0.0,0.0,0.0,0.0,0.0,0.0,0.0,0.0,0.0,0.0,0.0,0.0,1.0,0.0,40.0,0.0,0.0,0.0,0.0,0.0,0.0,0.0,0.0,0.0,0.0,0.0,0.0,0.0,0.0,0.0,0.0,0.0,0,0,0,NMAP_UDP_SCAN
T0038,44279,53,udp,dns,0.021338,1,1,1,1,46.864779,46.864779,93.729558,1.0,8,8,8,8,8,8,0,0,0,0,0,0,0,0,0,0,31.0,31.0,31.0,31.0,0.0,153.0,153.0,153.0,153.0,0.0,31.0,153.0,184.0,92.0,86.267027,0.0,0.0,0.0,0.0,0.0,0.0,0.0,0.0,0.0,0.0,21337.985992,21337.985992,21337.985992,21337.985992,0.0,8623.119354999999,1.0,1.0,31.0,153.0,0.0,0.0,0.0,0.0,0.0,0.0,21337.985992,21337.985992,21337.985992,21337.985992,0.0,0.0,0.0,0.0,0.0,0.0,0,0,0,Wipro_bulb
T0039,51036,19,tcp,-,6e-06,1,1,0,0,167772.16,167772.16,335544.32,1.0,20,20,20,20,20,20,0,0,1,0,0,1,0,0,0,0,0.0,0.0,0.0,0.0,0.0,0.0,0.0,0.0,0.0,0.0,0.0,0.0,0.0,0.0,0.0,0.0,0.0,0.0,0.0,0.0,0.0,0.0,0.0,0.0,0.0,5.960464,5.960464,5.960464,5.960464,0.0,0.0,1.0,1.0,0.0,0.0,0.0,0.0,0.0,0.0,0.0,0.0,5.960464,5.960464,5.960464,5.960464,0.0,0.0,0.0,0.0,0.0,0.0,1024,0,1024,NMAP_OS_DETECTION
T0040,55442,53,udp,dns,0.179973,1,1,1,1,5.556385,5.556385,11.11277,1.0,8,8,8,8,8,8,0,0,0,0,0,0,0,0,0,0,43.0,43.0,43.0,43.0,0.0,137.0,137.0,137.0,137.0,0.0,43.0,137.0,180.0,90.0,66.468037,0.0,0.0,0.0,0.0,0.0,0.0,0.0,0.0,0.0,0.0,179973.125458,179973.125458,179973.125458,179973.125458,0.0,1000.149325,1.0,1.0,43.0,137.0,0.0,0.0,0.0,0.0,0.0,0.0,179973.125458,179973.125458,179973.125458,179973.125458,0.0,0.0,0.0,0.0,0.0,0.0,0,0,0,ARP_poisioning
T0041,56708,53,udp,dns,0.281064,2,2,2,2,7.115816000000001,7.115816000000001,14.231632,1.0,16,8,8,16,8,8,0,0,0,0,0,0,0,0,0,0,62.0,62.0,124.0,62.0,0.0,108.0,120.0,228.0,114.0,8.485281,62.0,120.0,352.0,88.0,30.419292,16.212463,16.212463,16.212463,16.212463,0.0,165302.991867,165302.991867,165302.991867,165302.991867,0.0,16.212463,165302.991867,281064.033508,93688.011169,84822.209809,1252.383649,2.0,2.0,124.0,228.0,0.0,0.0,0.0,0.0,0.0,0.0,281064.033508,281064.033508,281064.033508,281064.033508,0.0,0.0,0.0,0.0,0.0,0.0,0,0,0,ARP_poisioning
T0042,50078,162,udp,-,0.0,1,0,0,0,0.0,0.0,0.0,0.0,8,8,8,0,0,0,0,0,0,0,0,0,0,0,0,0,0.0,0.0,0.0,0.0,0.0,0.0,0.0,0.0,0.0,0.0,0.0,0.0,0.0,0.0,0.0,0.0,0.0,0.0,0.0,0.0,0.0,0.0,0.0,0.0,0.0,0.0,0.0,0.0,0.0,0.0,0.0,1.0,0.0,0.0,0.0,0.0,0.0,0.0,0.0,0.0,0.0,0.0,0.0,0.0,0.0,0.0,0.0,0.0,0.0,0.0,0.0,0,0,0,NMAP_UDP_SCAN
T0043,43080,443,udp,-,32.259839,32,40,32,40,0.991945,1.239932,2.231877,1.25,256,8,8,320,8,8,0,0,0,0,0,0,0,0,0,0,31.0,1357.0,6173.0,192.90625,331.653371,28.0,1357.0,13826.0,345.65,530.621143,28.0,1357.0,19999.0,277.763889,456.646888,482.082367,21573436.975479,32206300.020218,1038912.903878,4039383.651853,2.145767,21564821.958542,32212393.045425,825958.796037,3611541.012838,2.145767,21530351.877213,32259839.057922,454363.930393,2687821.525115,619.934897,8.0,10.0,1543.25,3456.5,0.0,8888.0,0.0,8.0,0.0,12641225.483893,196617.126465,2649630.0697330004,3354074.2397310003,1118024.746577,1335505.1675530002,7375412.940978999,21530351.877213,28905764.818192,14452882.409096,10009053.309092,0,0,0,ARP_poisioning
T0044,44783,1883,tcp,mqtt,44.987174,9,5,3,3,0.200057,0.111143,0.3112,0.555556,296,32,40,168,32,40,0,2,1,3,3,13,0,0,0,0,0.0,33.0,76.0,8.444444,13.115935999999998,0.0,23.0,32.0,6.4,9.555103,0.0,33.0,108.0,7.714286,11.618477,474.92981,42884624.004364,44987174.034119,5623396.754265,15063406.648222,4424.81041,1624845.027924,1944257.974625,486064.49365600006,762610.709171,474.92981,42884624.004364,44987174.034119,3460551.848778,11852009.183393,2.400684,3.0,1.666667,25.333333,10.666667,0.0,0.0,0.0,0.0,0.0,0.0,2102550.029755,2102550.029755,2102550.029755,2102550.029755,0.0,42884624.004364,42884624.004364,42884624.004364,42884624.004364,0.0,64240,26847,502,MQTT_Publish
T0045,64177,21710,udp,-,0.0,1,0,0,0,0.0,0.0,0.0,0.0,8,8,8,0,0,0,0,0,0,0,0,0,0,0,0,0,0.0,0.0,0.0,0.0,0.0,0.0,0.0,0.0,0.0,0.0,0.0,0.0,0.0,0.0,0.0,0.0,0.0,0.0,0.0,0.0,0.0,0.0,0.0,0.0,0.0,0.0,0.0,0.0,0.0,0.0,0.0,1.0,0.0,0.0,0.0,0.0,0.0,0.0,0.0,0.0,0.0,0.0,0.0,0.0,0.0,0.0,0.0,0.0,0.0,0.0,0.0,0,0,0,NMAP_UDP_SCAN
T0046,51036,563,tcp,-,1.9e-05,1,1,0,0,52428.8,52428.8,104857.6,1.0,20,20,20,20,20,20,0,0,1,0,0,1,0,0,0,0,0.0,0.0,0.0,0.0,0.0,0.0,0.0,0.0,0.0,0.0,0.0,0.0,0.0,0.0,0.0,0.0,0.0,0.0,0.0,0.0,0.0,0.0,0.0,0.0,0.0,19.073486,19.073486,19.073486,19.073486,0.0,0.0,1.0,1.0,0.0,0.0,0.0,0.0,0.0,0.0,0.0,0.0,19.073486,19.073486,19.073486,19.073486,0.0,0.0,0.0,0.0,0.0,0.0,1024,0,1024,NMAP_OS_DETECTION
T0047,51036,545,tcp,-,6e-06,1,1,0,0,161319.38461500002,161319.38461500002,322638.769231,1.0,20,20,20,20,20,20,0,0,1,0,0,1,0,0,0,0,0.0,0.0,0.0,0.0,0.0,0.0,0.0,0.0,0.0,0.0,0.0,0.0,0.0,0.0,0.0,0.0,0.0,0.0,0.0,0.0,0.0,0.0,0.0,0.0,0.0,6.198883,6.198883,6.198883,6.198883,0.0,0.0,1.0,1.0,0.0,0.0,0.0,0.0,0.0,0.0,0.0,0.0,6.198883,6.198883,6.198883,6.198883,0.0,0.0,0.0,0.0,0.0,0.0,1024,0,1024,NMAP_OS_DETECTION
T0048,64184,48489,udp,-,0.0,1,0,1,0,0.0,0.0,0.0,0.0,8,8,8,0,0,0,0,0,0,0,0,0,0,0,0,0,40.0,40.0,40.0,40.0,0.0,0.0,0.0,0.0,0.0,0.0,40.0,40.0,40.0,40.0,0.0,0.0,0.0,0.0,0.0,0.0,0.0,0.0,0.0,0.0,0.0,0.0,0.0,0.0,0.0,0.0,0.0,1.0,0.0,40.0,0.0,0.0,0.0,0.0,0.0,0.0,0.0,0.0,0.0,0.0,0.0,0.0,0.0,0.0,0.0,0.0,0.0,0,0,0,NMAP_UDP_SCAN
T0049,46600,42510,tcp,-,6e-06,1,1,0,0,167772.16,167772.16,335544.32,1.0,20,20,20,20,20,20,0,0,1,0,0,1,0,0,0,0,0.0,0.0,0.0,0.0,0.0,0.0,0.0,0.0,0.0,0.0,0.0,0.0,0.0,0.0,0.0,0.0,0.0,0.0,0.0,0.0,0.0,0.0,0.0,0.0,0.0,5.960464,5.960464,5.960464,5.960464,0.0,0.0,1.0,1.0,0.0,0.0,0.0,0.0,0.0,0.0,0.0,0.0,5.960464,5.960464,5.960464,5.960464,0.0,0.0,0.0,0.0,0.0,0.0,1024,0,1024,NMAP_OS_DETECTION
T0050,19781,21,tcp,-,0.0,1,0,1,0,0.0,0.0,0.0,0.0,20,20,20,0,0,0,0,1,0,0,0,0,0,0,0,0,120.0,120.0,120.0,120.0,0.0,0.0,0.0,0.0,0.0,0.0,120.0,120.0,120.0,120.0,0.0,0.0,0.0,0.0,0.0,0.0,0.0,0.0,0.0,0.0,0.0,0.0,0.0,0.0,0.0,0.0,0.0,1.0,0.0,120.0,0.0,0.0,0.0,0.0,0.0,0.0,0.0,0.0,0.0,0.0,0.0,0.0,0.0,0.0,0.0,0.0,0.0,64,0,64,DOS_SYN_Hping
T0051,46600,26214,tcp,-,3.2e-05,1,1,0,0,31300.776119,31300.776119,62601.552239,1.0,20,20,20,20,20,20,0,0,1,0,0,1,0,0,0,0,0.0,0.0,0.0,0.0,0.0,0.0,0.0,0.0,0.0,0.0,0.0,0.0,0.0,0.0,0.0,0.0,0.0,0.0,0.0,0.0,0.0,0.0,0.0,0.0,0.0,31.948090000000004,31.948090000000004,31.948090000000004,31.948090000000004,0.0,0.0,1.0,1.0,0.0,0.0,0.0,0.0,0.0,0.0,0.0,0.0,31.948090000000004,31.948090000000004,31.948090000000004,31.948090000000004,0.0,0.0,0.0,0.0,0.0,0.0,1024,0,1024,NMAP_OS_DETECTION
T0052,46600,1417,tcp,-,6e-06,1,1,0,0,167772.16,167772.16,335544.32,1.0,20,20,20,20,20,20,0,0,1,0,0,1,0,0,0,0,0.0,0.0,0.0,0.0,0.0,0.0,0.0,0.0,0.0,0.0,0.0,0.0,0.0,0.0,0.0,0.0,0.0,0.0,0.0,0.0,0.0,0.0,0.0,0.0,0.0,5.960464,5.960464,5.960464,5.960464,0.0,0.0,1.0,1.0,0.0,0.0,0.0,0.0,0.0,0.0,0.0,0.0,5.960464,5.960464,5.960464,5.960464,0.0,0.0,0.0,0.0,0.0,0.0,1024,0,1024,NMAP_OS_DETECTION
T0053,51036,1121,tcp,-,7.000000000000001e-06,1,1,0,0,144631.172414,144631.172414,289262.344828,1.0,20,20,20,20,20,20,0,0,1,0,0,1,0,0,0,0,0.0,0.0,0.0,0.0,0.0,0.0,0.0,0.0,0.0,0.0,0.0,0.0,0.0,0.0,0.0,0.0,0.0,0.0,0.0,0.0,0.0,0.0,0.0,0.0,0.0,6.914139,6.914139,6.914139,6.914139,0.0,0.0,1.0,1.0,0.0,0.0,0.0,0.0,0.0,0.0,0.0,0.0,6.914139,6.914139,6.914139,6.914139,0.0,0.0,0.0,0.0,0.0,0.0,1024,0,1024,NMAP_OS_DETECTION
T0054,50570,443,udp,-,0.402236,9,12,9,12,22.374925,29.833233,52.208158000000005,1.333333,72,8,8,96,8,8,0,0,0,0,0,0,0,0,0,0,44.0,1357.0,1879.0,208.777778,431.1240480000001,27.0,1246.0,6439.0,536.583333,564.962019,27.0,1357.0,8318.0,396.095238,526.810203,16.927719,192553.043365,399059.057236,49882.382154,63352.55663300001,9.059906,232175.111771,339534.044266,30866.731297,68372.29647100001,9.059906,192553.043365,402235.984802,20111.79924,44244.113997,20679.402923,9.0,12.0,1879.0,6439.0,0.0,0.0,0.0,0.0,0.0,0.0,402235.984802,402235.984802,402235.984802,402235.984802,0.0,0.0,0.0,0.0,0.0,0.0,0,0,0,ARP_poisioning
T0055,58676,443,tcp,ssl,120.746857,28,30,7,7,0.23189,0.248454,0.4803439999999999,1.0714290000000002,904,32,40,932,20,40,2,2,0,7,5,57,0,0,0,0,0.0,633.0,2924.0,104.428571,216.064707,0.0,1382.0,5798.0,193.266667,429.526438,0.0,1382.0,8722.0,150.37931,343.487369,32.901764,10499969.959259,120746873.140335,4472106.412605001,5068124.1044540005,18.119812,10500365.972519,120486047.029495,4154691.276879,5048756.371983,1.907349,10239820.00351,120746879.1008,2118366.300014,4004381.663933,72.23376400000001,2.153846,2.307692,224.923077,446.0,0.0,0.0,0.0,0.0,0.0,0.0,260149.95575,4617574.930191,8367319.822311,697276.651859,1260049.469882,10030946.016312,10239820.00351,112379559.278488,10216323.570772,61531.663533000006,64240,13500,501,ARP_poisioning
T0056,45808,2022,tcp,-,5e-06,1,1,0,0,199728.761905,199728.761905,399457.52381,1.0,40,40,40,20,20,20,0,1,1,0,0,1,0,0,0,0,0.0,0.0,0.0,0.0,0.0,0.0,0.0,0.0,0.0,0.0,0.0,0.0,0.0,0.0,0.0,0.0,0.0,0.0,0.0,0.0,0.0,0.0,0.0,0.0,0.0,5.0067900000000005,5.0067900000000005,5.0067900000000005,5.0067900000000005,0.0,0.0,1.0,1.0,0.0,0.0,0.0,0.0,0.0,0.0,0.0,0.0,5.0067900000000005,5.0067900000000005,5.0067900000000005,5.0067900000000005,0.0,0.0,0.0,0.0,0.0,0.0,64240,0,64240,NMAP_TCP_scan
T0057,36242,2725,tcp,-,6e-06,1,1,0,0,167772.16,167772.16,335544.32,1.0,20,20,20,20,20,20,1,0,1,1,0,1,1,0,0,0,0.0,0.0,0.0,0.0,0.0,0.0,0.0,0.0,0.0,0.0,0.0,0.0,0.0,0.0,0.0,0.0,0.0,0.0,0.0,0.0,0.0,0.0,0.0,0.0,0.0,5.960464,5.960464,5.960464,5.960464,0.0,0.0,1.0,1.0,0.0,0.0,0.0,0.0,0.0,0.0,0.0,0.0,5.960464,5.960464,5.960464,5.960464,0.0,0.0,0.0,0.0,0.0,0.0,1024,0,1024,NMAP_XMAS_TREE_SCAN
T0058,56519,21,tcp,-,4e-06,1,1,1,0,246723.764706,246723.764706,493447.529412,1.0,20,20,20,20,20,20,0,1,1,0,0,1,0,0,0,0,120.0,120.0,120.0,120.0,0.0,0.0,0.0,0.0,0.0,0.0,0.0,120.0,120.0,60.0,84.852814,0.0,0.0,0.0,0.0,0.0,0.0,0.0,0.0,0.0,0.0,4.053116,4.053116,4.053116,4.053116,0.0,29606851.764706,1.0,1.0,120.0,0.0,0.0,0.0,0.0,0.0,0.0,0.0,4.053116,4.053116,4.053116,4.053116,0.0,0.0,0.0,0.0,0.0,0.0,64,0,64,DOS_SYN_Hping
T0059,47011,21,tcp,-,1e-06,1,1,1,0,838860.8,838860.8,1677721.6,1.0,20,20,20,20,20,20,0,1,1,0,0,1,0,0,0,0,120.0,120.0,120.0,120.0,0.0,0.0,0.0,0.0,0.0,0.0,0.0,120.0,120.0,60.0,84.852814,0.0,0.0,0.0,0.0,0.0,0.0,0.0,0.0,0.0,0.0,1.192093,1.192093,1.192093,1.192093,0.0,100663296.0,1.0,1.0,120.0,0.0,0.0,0.0,0.0,0.0,0.0,0.0,1.192093,1.192093,1.192093,1.192093,0.0,0.0,0.0,0.0,0.0,0.0,64,0,64,DOS_SYN_Hping
T0060,36242,125,tcp,-,6e-06,1,1,0,0,167772.16,167772.16,335544.32,1.0,20,20,20,20,20,20,1,0,1,1,0,1,1,0,0,0,0.0,0.0,0.0,0.0,0.0,0.0,0.0,0.0,0.0,0.0,0.0,0.0,0.0,0.0,0.0,0.0,0.0,0.0,0.0,0.0,0.0,0.0,0.0,0.0,0.0,5.960464,5.960464,5.960464,5.960464,0.0,0.0,1.0,1.0,0.0,0.0,0.0,0.0,0.0,0.0,0.0,0.0,5.960464,5.960464,5.960464,5.960464,0.0,0.0,0.0,0.0,0.0,0.0,1024,0,1024,NMAP_XMAS_TREE_SCAN
T0061,57713,1883,tcp,mqtt,55.011583,10,6,3,4,0.18178,0.109068,0.290848,0.6,328,32,40,200,32,40,0,2,1,3,4,15,0,0,0,0,0.0,33.0,78.0,7.8,12.934021,0.0,23.0,36.0,6.0,8.602325,0.0,33.0,114.0,7.125,11.218289,236.034393,52896694.898605,55011582.85141,6112398.094601002,17550122.197519,73.19450400000002,1627648.830414,1956126.928329,391225.385666,696039.7416640001,73.19450400000002,52896694.898605,55011582.85141,3667438.856761,13623909.922301,2.072291,3.333333,2.0,26.0,12.0,0.0,0.0,0.0,0.0,0.0,0.0,2114887.952805,2114887.952805,2114887.952805,2114887.952805,0.0,52896694.898605,52896694.898605,52896694.898605,52896694.898605,0.0,64240,26847,502,MQTT_Publish
T0062,36242,3001,tcp,-,7.000000000000001e-06,1,1,0,0,144631.172414,144631.172414,289262.344828,1.0,20,20,20,20,20,20,1,0,1,1,0,1,1,0,0,0,0.0,0.0,0.0,0.0,0.0,0.0,0.0,0.0,0.0,0.0,0.0,0.0,0.0,0.0,0.0,0.0,0.0,0.0,0.0,0.0,0.0,0.0,0.0,0.0,0.0,6.914139,6.914139,6.914139,6.914139,0.0,0.0,1.0,1.0,0.0,0.0,0.0,0.0,0.0,0.0,0.0,0.0,6.914139,6.914139,6.914139,6.914139,0.0,0.0,0.0,0.0,0.0,0.0,1024,0,1024,NMAP_XMAS_TREE_SCAN
T0063,48987,1883,tcp,mqtt,32.046158,9,7,3,3,0.280845,0.218435,0.49928,0.777778,296,32,40,232,32,40,0,2,1,3,3,15,0,0,0,0,0.0,33.0,76.0,8.444444,13.115935999999998,0.0,23.0,32.0,4.571429,8.403514,0.0,33.0,108.0,6.75,11.132535,252.962112,29751808.166504,32046158.075333007,4005769.759417,10409093.010203,1173.019409,1420486.927032,2020556.926727,336759.487788,549482.0231560001,252.962112,29751808.166504,32046158.075333007,2136410.538356,7645444.751265,3.370139,3.0,2.333333,25.333333,10.666667,0.0,0.0,0.0,0.0,0.0,0.0,2294349.9088290003,2294349.9088290003,2294349.9088290003,2294349.9088290003,0.0,29751808.166504,29751808.166504,29751808.166504,29751808.166504,0.0,64240,26847,502,MQTT_Publish
T0064,32316,21,tcp,-,4e-06,1,1,1,0,246723.764706,246723.764706,493447.529412,1.0,20,20,20,20,20,20,0,1,1,0,0,1,0,0,0,0,120.0,120.0,120.0,120.0,0.0,0.0,0.0,0.0,0.0,0.0,0.0,120.0,120.0,60.0,84.852814,0.0,0.0,0.0,0.0,0.0,0.0,0.0,0.0,0.0,0.0,4.053116,4.053116,4.053116,4.053116,0.0,29606851.764706,1.0,1.0,120.0,0.0,0.0,0.0,0.0,0.0,0.0,0.0,4.053116,4.053116,4.053116,4.053116,0.0,0.0,0.0,0.0,0.0,0.0,64,0,64,DOS_SYN_Hping
T0065,54806,53,udp,dns,0.032755,2,2,2,2,61.05957,61.05957,122.11914099999998,1.0,16,8,8,16,8,8,0,0,0,0,0,0,0,0,0,0,36.0,36.0,72.0,36.0,0.0,36.0,68.0,104.0,52.0,22.627417,36.0,68.0,176.0,44.0,16.0,691.890717,691.890717,691.890717,691.890717,0.0,31867.98096,31867.98096,31867.98096,31867.98096,0.0,195.026398,31867.98096,32754.89807,10918.29936,18144.65728,5373.242182,2.0,2.0,72.0,104.0,0.0,0.0,0.0,0.0,0.0,0.0,32754.89807,32754.89807,32754.89807,32754.89807,0.0,0.0,0.0,0.0,0.0,0.0,0,0,0,Thing_Speak
T0066,51566,1081,tcp,-,4e-06,1,1,0,0,246723.764706,246723.764706,493447.529412,1.0,40,40,40,20,20,20,0,1,1,0,0,1,0,0,0,0,0.0,0.0,0.0,0.0,0.0,0.0,0.0,0.0,0.0,0.0,0.0,0.0,0.0,0.0,0.0,0.0,0.0,0.0,0.0,0.0,0.0,0.0,0.0,0.0,0.0,4.053116,4.053116,4.053116,4.053116,0.0,0.0,1.0,1.0,0.0,0.0,0.0,0.0,0.0,0.0,0.0,0.0,4.053116,4.053116,4.053116,4.053116,0.0,0.0,0.0,0.0,0.0,0.0,64240,0,64240,NMAP_TCP_scan
T0067,32882,443,tcp,ssl,1.221595,12,10,3,8,9.823223,8.186019,18.009241,0.833333,380,20,40,328,32,40,1,2,1,3,5,20,0,0,0,0,0.0,517.0,840.0,70.0,154.676789,0.0,1408.0,6078.0,607.8,675.034946,0.0,1408.0,6918.0,314.454545,531.9253190000001,227.928162,234539.9857,1221595.049,111054.0954,109113.1161,89.883804,312027.9312,1007716.894,111968.5438,134203.9872,89.883804,232008.934,1221595.049,58171.19281,94124.58292,5663.087785,12.0,10.0,840.0,6078.0,0.0,0.0,0.0,0.0,0.0,0.0,1221595.049,1221595.049,1221595.049,1221595.049,0.0,0.0,0.0,0.0,0.0,0.0,64240,26847,0,Thing_Speak
T0068,59247,3269,tcp,-,6e-06,1,1,0,0,167772.16,167772.16,335544.32,1.0,20,20,20,20,20,20,1,0,1,1,0,1,1,0,0,0,0.0,0.0,0.0,0.0,0.0,0.0,0.0,0.0,0.0,0.0,0.0,0.0,0.0,0.0,0.0,0.0,0.0,0.0,0.0,0.0,0.0,0.0,0.0,0.0,0.0,5.960464,5.960464,5.960464,5.960464,0.0,0.0,1.0,1.0,0.0,0.0,0.0,0.0,0.0,0.0,0.0,0.0,5.960464,5.960464,5.960464,5.960464,0.0,0.0,0.0,0.0,0.0,0.0,1024,0,1024,NMAP_XMAS_TREE_SCAN
T0069,36242,8086,tcp,-,8e-06,1,1,0,0,127100.12121199998,127100.12121199998,254200.242424,1.0,20,20,20,20,20,20,1,0,1,1,0,1,1,0,0,0,0.0,0.0,0.0,0.0,0.0,0.0,0.0,0.0,0.0,0.0,0.0,0.0,0.0,0.0,0.0,0.0,0.0,0.0,0.0,0.0,0.0,0.0,0.0,0.0,0.0,7.867813000000001,7.867813000000001,7.867813000000001,7.867813000000001,0.0,0.0,1.0,1.0,0.0,0.0,0.0,0.0,0.0,0.0,0.0,0.0,7.867813000000001,7.867813000000001,7.867813000000001,7.867813000000001,0.0,0.0,0.0,0.0,0.0,0.0,1024,0,1024,NMAP_XMAS_TREE_SCAN
T0070,59247,544,tcp,-,2.2e-05,1,1,0,0,45100.043011,45100.043011,90200.086022,1.0,20,20,20,20,20,20,1,0,1,1,0,1,1,0,0,0,0.0,0.0,0.0,0.0,0.0,0.0,0.0,0.0,0.0,0.0,0.0,0.0,0.0,0.0,0.0,0.0,0.0,0.0,0.0,0.0,0.0,0.0,0.0,0.0,0.0,22.172928,22.172928,22.172928,22.172928,0.0,0.0,1.0,1.0,0.0,0.0,0.0,0.0,0.0,0.0,0.0,0.0,22.172928,22.172928,22.172928,22.172928,0.0,0.0,0.0,0.0,0.0,0.0,1024,0,1024,NMAP_XMAS_TREE_SCAN
T0071,55246,80,tcp,http,30.591893,7,10,4,3,0.228819,0.326884,0.555703,1.4285709999999998,232,32,40,316,20,40,4,2,1,4,3,15,0,0,0,0,0.0,168.0,209.0,29.857143,61.37976999999999,0.0,482.0,1446.0,144.6,232.82812,0.0,482.0,1655.0,97.352941,187.865957,9.059906,15443566.083908,30591888.189316,5098648.031553,6757018.749042,108.003616,14732668.876648,30591880.083084,3399097.787009,5694355.958829,3.099442,14732668.876648,30591893.196106,1911993.324757,4505975.220776,54.0993,1.75,2.5,52.25,361.5,0.0,0.0,0.0,0.0,0.0,0.0,3.099442,4338255.167007,4343936.443329,1447978.814443,2503054.353639,11515287.876129,14732668.876648,26247956.752777,13123978.376389,2275031.923128,64240,65160,501,DDOS_Slowloris
T0072,59285,53,udp,dns,0.0002279999999999,1,1,1,1,4382.7628,4382.7628,8765.525601000001,1.0,8,8,8,8,8,8,0,0,0,0,0,0,0,0,0,0,53.0,53.0,53.0,53.0,0.0,53.0,53.0,53.0,53.0,0.0,53.0,53.0,106.0,53.0,0.0,0.0,0.0,0.0,0.0,0.0,0.0,0.0,0.0,0.0,0.0,228.16658,228.16658,228.16658,228.16658,0.0,464572.8568,1.0,1.0,53.0,53.0,0.0,0.0,0.0,0.0,0.0,0.0,228.16658,228.16658,228.16658,228.16658,0.0,0.0,0.0,0.0,0.0,0.0,0,0,0,Thing_Speak
T0073,55146,80,tcp,http,30.70278,7,12,4,5,0.227992,0.390844,0.6188359999999999,1.714286,232,32,40,380,20,40,6,2,1,4,5,17,0,0,0,0,0.0,168.0,210.0,30.0,61.326992,0.0,482.0,2410.0,200.833333,248.19561,0.0,482.0,2620.0,137.89473700000002,214.63169900000003,244.140625,16003900.051117,30702776.193619,5117129.365603,6979845.947143,80.108643,12719788.074492998,30702766.895294,2791160.626845,4741964.594408,2.861023,12719788.074492998,30702780.008316,1705710.000462,3894695.914092,85.334292,1.4,2.4,42.0,482.0,0.0,0.0,0.0,0.0,0.0,0.0,2.861023,6354749.917984,6357707.977295,2119235.992432,3668062.954644,11625283.956528,12719788.074492998,24345072.031021,12172536.015511,773931.28385,64240,65160,501,DDOS_Slowloris
T0074,34000,21,tcp,-,4e-06,1,1,1,0,246723.764706,246723.764706,493447.529412,1.0,20,20,20,20,20,20,0,1,1,0,0,1,0,0,0,0,120.0,120.0,120.0,120.0,0.0,0.0,0.0,0.0,0.0,0.0,0.0,120.0,120.0,60.0,84.852814,0.0,0.0,0.0,0.0,0.0,0.0,0.0,0.0,0.0,0.0,4.053116,4.053116,4.053116,4.053116,0.0,29606851.764706,1.0,1.0,120.0,0.0,0.0,0.0,0.0,0.0,0.0,0.0,4.053116,4.053116,4.053116,4.053116,0.0,0.0,0.0,0.0,0.0,0.0,64,0,64,DOS_SYN_Hping
T0075,35374,443,tcp,ssl,170.87528600000002,21,17,8,9,0.122897,0.099488,0.222384,0.809524,680,32,40,552,32,40,2,2,0,8,5,37,0,0,0,0,0.0,517.0,923.0,43.952381,115.28593899999998,0.0,1352.0,7351.0,432.41176500000006,612.8672429999999,0.0,1352.0,8274.0,217.736842,455.986882,14.066696,58898806.095123,170875302.07634,8543765.103817,20793066.412925,21.934509,58918688.058853,170854990.005493,10678436.875343,22892452.496754,2.145767,58898806.095123,170875308.036804,4618251.568562,15710443.393865,48.42128,5.25,4.25,230.75,1837.75,0.0,6634.0,0.0,5.0,0.0,14675639.628692,19803.04718,642699.00322,713742.97142,178435.742855,309556.180289,52837840.080261,58898806.095123,170161565.065384,56720521.688461,3370838.860549,64240,65535,501,ARP_poisioning
T0076,36242,1046,tcp,-,6e-06,1,1,0,0,167772.16,167772.16,335544.32,1.0,20,20,20,20,20,20,1,0,1,1,0,1,1,0,0,0,0.0,0.0,0.0,0.0,0.0,0.0,0.0,0.0,0.0,0.0,0.0,0.0,0.0,0.0,0.0,0.0,0.0,0.0,0.0,0.0,0.0,0.0,0.0,0.0,0.0,5.960464,5.960464,5.960464,5.960464,0.0,0.0,1.0,1.0,0.0,0.0,0.0,0.0,0.0,0.0,0.0,0.0,5.960464,5.960464,5.960464,5.960464,0.0,0.0,0.0,0.0,0.0,0.0,1024,0,1024,NMAP_XMAS_TREE_SCAN
T0077,8829,21,tcp,-,3e-06,1,1,1,0,349525.333333,349525.333333,699050.666667,1.0,20,20,20,20,20,20,0,1,1,0,0,1,0,0,0,0,120.0,120.0,120.0,120.0,0.0,0.0,0.0,0.0,0.0,0.0,0.0,120.0,120.0,60.0,84.852814,0.0,0.0,0.0,0.0,0.0,0.0,0.0,0.0,0.0,0.0,2.861023,2.861023,2.861023,2.861023,0.0,41943040.0,1.0,1.0,120.0,0.0,0.0,0.0,0.0,0.0,0.0,0.0,2.861023,2.861023,2.861023,2.861023,0.0,0.0,0.0,0.0,0.0,0.0,64,0,64,DOS_SYN_Hping
T0078,46600,2393,tcp,-,7.000000000000001e-06,1,1,0,0,144631.172414,144631.172414,289262.344828,1.0,20,20,20,20,20,20,0,0,1,0,0,1,0,0,0,0,0.0,0.0,0.0,0.0,0.0,0.0,0.0,0.0,0.0,0.0,0.0,0.0,0.0,0.0,0.0,0.0,0.0,0.0,0.0,0.0,0.0,0.0,0.0,0.0,0.0,6.914139,6.914139,6.914139,6.914139,0.0,0.0,1.0,1.0,0.0,0.0,0.0,0.0,0.0,0.0,0.0,0.0,6.914139,6.914139,6.914139,6.914139,0.0,0.0,0.0,0.0,0.0,0.0,1024,0,1024,NMAP_OS_DETECTION
T0079,46520,53,udp,dns,0.00036,2,2,2,2,5555.369536,5555.369536,11110.739073,1.0,16,8,8,16,8,8,0,0,0,0,0,0,0,0,0,0,46.0,46.0,92.0,46.0,0.0,98.0,110.0,208.0,104.0,8.485281,46.0,110.0,300.0,75.0,33.842774,11.920929,11.920929,11.920929,11.920929,0.0,132.083893,132.083893,132.083893,132.083893,0.0,11.920929,216.007233,360.012054,120.004018,102.578006,833305.4304640001,2.0,2.0,92.0,208.0,0.0,0.0,0.0,0.0,0.0,0.0,360.012054,360.012054,360.012054,360.012054,0.0,0.0,0.0,0.0,0.0,0.0,0,0,0,ARP_poisioning
T0080,13115,21,tcp,-,1e-06,1,1,1,0,1048576.0,1048576.0,2097152.0,1.0,20,20,20,20,20,20,0,1,1,0,0,1,0,0,0,0,120.0,120.0,120.0,120.0,0.0,0.0,0.0,0.0,0.0,0.0,0.0,120.0,120.0,60.0,84.852814,0.0,0.0,0.0,0.0,0.0,0.0,0.0,0.0,0.0,0.0,0.953674,0.953674,0.953674,0.953674,0.0,125829120.0,1.0,1.0,120.0,0.0,0.0,0.0,0.0,0.0,0.0,0.0,0.953674,0.953674,0.953674,0.953674,0.0,0.0,0.0,0.0,0.0,0.0,64,0,64,DOS_SYN_Hping
T0081,56862,1185,tcp,-,5e-06,1,1,0,0,199728.761905,199728.761905,399457.52381,1.0,40,40,40,20,20,20,0,1,1,0,0,1,0,0,0,0,0.0,0.0,0.0,0.0,0.0,0.0,0.0,0.0,0.0,0.0,0.0,0.0,0.0,0.0,0.0,0.0,0.0,0.0,0.0,0.0,0.0,0.0,0.0,0.0,0.0,5.0067900000000005,5.0067900000000005,5.0067900000000005,5.0067900000000005,0.0,0.0,1.0,1.0,0.0,0.0,0.0,0.0,0.0,0.0,0.0,0.0,5.0067900000000005,5.0067900000000005,5.0067900000000005,5.0067900000000005,0.0,0.0,0.0,0.0,0.0,0.0,64240,0,64240,NMAP_TCP_scan
T0082,46600,1068,tcp,-,2e-06,1,1,0,0,524288.0,524288.0,1048576.0,1.0,20,20,20,20,20,20,0,0,1,0,0,1,0,0,0,0,0.0,0.0,0.0,0.0,0.0,0.0,0.0,0.0,0.0,0.0,0.0,0.0,0.0,0.0,0.0,0.0,0.0,0.0,0.0,0.0,0.0,0.0,0.0,0.0,0.0,1.907349,1.907349,1.907349,1.907349,0.0,0.0,1.0,1.0,0.0,0.0,0.0,0.0,0.0,0.0,0.0,0.0,1.907349,1.907349,1.907349,1.907349,0.0,0.0,0.0,0.0,0.0,0.0,1024,0,1024,NMAP_OS_DETECTION
T0083,42672,53,udp,dns,0.000131,2,2,2,2,15279.795993000002,15279.795993000002,30559.591985000003,1.0,16,8,8,16,8,8,0,0,0,0,0,0,0,0,0,0,43.0,43.0,86.0,43.0,0.0,43.0,91.0,134.0,67.0,33.941125,43.0,91.0,220.0,55.0,24.0,6.914139,6.914139,6.914139,6.914139,0.0,49.829483,49.829483,49.829483,49.829483,0.0,6.914139,74.148178,130.8918,43.6306,34.042967,1680777.559199,2.0,2.0,86.0,134.0,0.0,0.0,0.0,0.0,0.0,0.0,130.8918,130.8918,130.8918,130.8918,0.0,0.0,0.0,0.0,0.0,0.0,0,0,0,ARP_poisioning
T0084,33284,80,tcp,http,0.909392,8,6,2,2,8.797088,6.597816000000001,15.394903,0.75,264,32,40,200,32,40,2,2,0,2,2,13,0,0,0,0,0.0,169.0,215.0,26.875,59.640440000000005,0.0,535.0,538.0,89.666667,218.171187,0.0,535.0,753.0,53.785714,145.8161,91.075897,340897.7985,911314.0106,130187.7158,163152.3207,138.04435700000002,286818.0275,626812.9349,125362.587,148449.6974,91.075897,282776.8326,911314.0106,70101.07774,122032.216,828.025867,8.0,6.0,215.0,538.0,0.0,0.0,0.0,0.0,0.0,0.0,911314.0106,911314.0106,911314.0106,911314.0106,0.0,0.0,0.0,0.0,0.0,0.0,64240,26847,501,Thing_Speak
T0085,44052,53,udp,dns,0.000162,2,2,2,2,12336.188235,12336.188235,24672.376471,1.0,16,8,8,16,8,8,0,0,0,0,0,0,0,0,0,0,47.0,47.0,94.0,47.0,0.0,69.0,85.0,154.0,77.0,11.313708,47.0,85.0,248.0,62.0,18.511258,4.053116,4.053116,4.053116,4.053116,0.0,71.048737,71.048737,71.048737,71.048737,0.0,4.053116,87.02278100000001,162.124634,54.04154499999999,44.021867,1529687.341176,2.0,2.0,94.0,154.0,0.0,0.0,0.0,0.0,0.0,0.0,162.124634,162.124634,162.124634,162.124634,0.0,0.0,0.0,0.0,0.0,0.0,0,0,0,ARP_poisioning
T0086,42012,5959,tcp,-,5e-06,1,1,0,0,199728.761905,199728.761905,399457.52381,1.0,40,40,40,20,20,20,0,1,1,0,0,1,0,0,0,0,0.0,0.0,0.0,0.0,0.0,0.0,0.0,0.0,0.0,0.0,0.0,0.0,0.0,0.0,0.0,0.0,0.0,0.0,0.0,0.0,0.0,0.0,0.0,0.0,0.0,5.0067900000000005,5.0067900000000005,5.0067900000000005,5.0067900000000005,0.0,0.0,1.0,1.0,0.0,0.0,0.0,0.0,0.0,0.0,0.0,0.0,5.0067900000000005,5.0067900000000005,5.0067900000000005,5.0067900000000005,0.0,0.0,0.0,0.0,0.0,0.0,64240,0,64240,NMAP_TCP_scan
T0087,50079,782,udp,-,0.0,1,0,0,0,0.0,0.0,0.0,0.0,8,8,8,0,0,0,0,0,0,0,0,0,0,0,0,0,0.0,0.0,0.0,0.0,0.0,0.0,0.0,0.0,0.0,0.0,0.0,0.0,0.0,0.0,0.0,0.0,0.0,0.0,0.0,0.0,0.0,0.0,0.0,0.0,0.0,0.0,0.0,0.0,0.0,0.0,0.0,1.0,0.0,0.0,0.0,0.0,0.0,0.0,0.0,0.0,0.0,0.0,0.0,0.0,0.0,0.0,0.0,0.0,0.0,0.0,0.0,0,0,0,NMAP_UDP_SCAN
T0088,53555,1883,tcp,mqtt,11.905197,9,5,3,3,0.755972,0.4199850000000001,1.175957,0.555556,296,32,40,168,32,40,0,2,1,3,3,13,0,0,0,0,0.0,33.0,78.0,8.666667,13.407088,0.0,27.0,36.0,7.2,11.300442,0.0,33.0,114.0,8.142857000000001,12.265381,236.98806800000003,9854494.810104,11905196.905136,1488149.613142,3411906.052123,3976.106644,1572035.074234,1895967.960358,473991.990089,735720.746783,236.98806800000003,9854494.810104,11905196.905136,915784.377318,2712607.309486,9.57565,3.0,1.666667,26.0,12.0,0.0,0.0,0.0,0.0,0.0,0.0,2050702.095032,2050702.095032,2050702.095032,2050702.095032,0.0,9854494.810104,9854494.810104,9854494.810104,9854494.810104,0.0,64240,26847,502,MQTT_Publish
T0089,57993,1883,tcp,mqtt,61.88969,10,6,3,4,0.161578,0.096947,0.258524,0.6,328,32,40,200,32,40,0,2,1,3,4,15,0,0,0,0,0.0,33.0,78.0,7.8,12.934021,0.0,23.0,36.0,6.0,8.602325,0.0,33.0,114.0,7.125,11.218289,239.849091,59856991.052628,61889689.922333,6876632.213593,19872528.395814,68.187714,1559654.951096,1876085.042953,375217.008591,666819.391249,68.187714,59856991.052628,61889689.922333,4125979.328156,15421630.946416,1.841987,3.333333,2.0,26.0,12.0,0.0,0.0,0.0,0.0,0.0,0.0,2032698.869705,2032698.869705,2032698.869705,2032698.869705,0.0,59856991.052628,59856991.052628,59856991.052628,59856991.052628,0.0,64240,26847,502,MQTT_Publish
T0090,50078,17505,udp,-,0.0,1,0,0,0,0.0,0.0,0.0,0.0,8,8,8,0,0,0,0,0,0,0,0,0,0,0,0,0,0.0,0.0,0.0,0.0,0.0,0.0,0.0,0.0,0.0,0.0,0.0,0.0,0.0,0.0,0.0,0.0,0.0,0.0,0.0,0.0,0.0,0.0,0.0,0.0,0.0,0.0,0.0,0.0,0.0,0.0,0.0,1.0,0.0,0.0,0.0,0.0,0.0,0.0,0.0,0.0,0.0,0.0,0.0,0.0,0.0,0.0,0.0,0.0,0.0,0.0,0.0,0,0,0,NMAP_UDP_SCAN
T0091,46600,1322,tcp,-,2e-06,1,1,0,0,466033.777778,466033.777778,932067.555556,1.0,20,20,20,20,20,20,0,0,1,0,0,1,0,0,0,0,0.0,0.0,0.0,0.0,0.0,0.0,0.0,0.0,0.0,0.0,0.0,0.0,0.0,0.0,0.0,0.0,0.0,0.0,0.0,0.0,0.0,0.0,0.0,0.0,0.0,2.145767,2.145767,2.145767,2.145767,0.0,0.0,1.0,1.0,0.0,0.0,0.0,0.0,0.0,0.0,0.0,0.0,2.145767,2.145767,2.145767,2.145767,0.0,0.0,0.0,0.0,0.0,0.0,1024,0,1024,NMAP_OS_DETECTION
T0092,36242,10009,tcp,-,6e-06,1,1,0,0,161319.38461500002,161319.38461500002,322638.769231,1.0,20,20,20,20,20,20,1,0,1,1,0,1,1,0,0,0,0.0,0.0,0.0,0.0,0.0,0.0,0.0,0.0,0.0,0.0,0.0,0.0,0.0,0.0,0.0,0.0,0.0,0.0,0.0,0.0,0.0,0.0,0.0,0.0,0.0,6.198883,6.198883,6.198883,6.198883,0.0,0.0,1.0,1.0,0.0,0.0,0.0,0.0,0.0,0.0,0.0,0.0,6.198883,6.198883,6.198883,6.198883,0.0,0.0,0.0,0.0,0.0,0.0,1024,0,1024,NMAP_XMAS_TREE_SCAN
T0093,34748,2909,tcp,-,2e-06,1,1,0,0,524288.0,524288.0,1048576.0,1.0,40,40,40,20,20,20,0,1,1,0,0,1,0,0,0,0,0.0,0.0,0.0,0.0,0.0,0.0,0.0,0.0,0.0,0.0,0.0,0.0,0.0,0.0,0.0,0.0,0.0,0.0,0.0,0.0,0.0,0.0,0.0,0.0,0.0,1.907349,1.907349,1.907349,1.907349,0.0,0.0,1.0,1.0,0.0,0.0,0.0,0.0,0.0,0.0,0.0,0.0,1.907349,1.907349,1.907349,1.907349,0.0,0.0,0.0,0.0,0.0,0.0,64240,0,64240,NMAP_TCP_scan
T0094,52442,5353,udp,dns,0.0,1,0,1,0,0.0,0.0,0.0,0.0,8,8,8,0,0,0,0,0,0,0,0,0,0,0,0,0,43.0,43.0,43.0,43.0,0.0,0.0,0.0,0.0,0.0,0.0,43.0,43.0,43.0,43.0,0.0,0.0,0.0,0.0,0.0,0.0,0.0,0.0,0.0,0.0,0.0,0.0,0.0,0.0,0.0,0.0,0.0,1.0,0.0,43.0,0.0,0.0,0.0,0.0,0.0,0.0,0.0,0.0,0.0,0.0,0.0,0.0,0.0,0.0,0.0,0.0,0.0,0,0,0,ARP_poisioning
T0095,40977,53,udp,dns,0.028063,2,2,2,2,71.268068,71.268068,142.53613700000002,1.0,16,8,8,16,8,8,0,0,0,0,0,0,0,0,0,0,32.0,32.0,64.0,32.0,0.0,32.0,64.0,96.0,48.0,22.627417,32.0,64.0,160.0,40.0,16.0,774.145126,774.145126,774.145126,774.145126,0.0,27098.89412,27098.89412,27098.89412,27098.89412,0.0,190.019608,27098.89412,28063.05885,9354.352951,15369.99859,5701.445478000001,2.0,2.0,64.0,96.0,0.0,0.0,0.0,0.0,0.0,0.0,28063.05885,28063.05885,28063.05885,28063.05885,0.0,0.0,0.0,0.0,0.0,0.0,0,0,0,Thing_Speak
T0096,35919,21,tcp,-,5e-06,1,1,1,0,199728.761905,199728.761905,399457.52381,1.0,20,20,20,20,20,20,0,1,1,0,0,1,0,0,0,0,120.0,120.0,120.0,120.0,0.0,0.0,0.0,0.0,0.0,0.0,0.0,120.0,120.0,60.0,84.852814,0.0,0.0,0.0,0.0,0.0,0.0,0.0,0.0,0.0,0.0,5.0067900000000005,5.0067900000000005,5.0067900000000005,5.0067900000000005,0.0,23967451.428571,1.0,1.0,120.0,0.0,0.0,0.0,0.0,0.0,0.0,0.0,5.0067900000000005,5.0067900000000005,5.0067900000000005,5.0067900000000005,0.0,0.0,0.0,0.0,0.0,0.0,64,0,64,DOS_SYN_Hping
T0097,64177,32773,udp,-,0.0,1,0,1,0,0.0,0.0,0.0,0.0,8,8,8,0,0,0,0,0,0,0,0,0,0,0,0,0,40.0,40.0,40.0,40.0,0.0,0.0,0.0,0.0,0.0,0.0,40.0,40.0,40.0,40.0,0.0,0.0,0.0,0.0,0.0,0.0,0.0,0.0,0.0,0.0,0.0,0.0,0.0,0.0,0.0,0.0,0.0,1.0,0.0,40.0,0.0,0.0,0.0,0.0,0.0,0.0,0.0,0.0,0.0,0.0,0.0,0.0,0.0,0.0,0.0,0.0,0.0,0,0,0,NMAP_UDP_SCAN
T0098,54097,21,tcp,-,5e-06,1,1,1,0,199728.761905,199728.761905,399457.52381,1.0,20,20,20,20,20,20,0,1,1,0,0,1,0,0,0,0,120.0,120.0,120.0,120.0,0.0,0.0,0.0,0.0,0.0,0.0,0.0,120.0,120.0,60.0,84.852814,0.0,0.0,0.0,0.0,0.0,0.0,0.0,0.0,0.0,0.0,5.0067900000000005,5.0067900000000005,5.0067900000000005,5.0067900000000005,0.0,23967451.428571,1.0,1.0,120.0,0.0,0.0,0.0,0.0,0.0,0.0,0.0,5.0067900000000005,5.0067900000000005,5.0067900000000005,5.0067900000000005,0.0,0.0,0.0,0.0,0.0,0.0,64,0,64,DOS_SYN_Hping
T0099,52565,1883,tcp,mqtt,61.996351,10,6,3,4,0.1613,0.09678,0.25808,0.6,328,32,40,200,32,40,0,2,1,3,4,15,0,0,0,0,0.0,33.0,77.0,7.7,12.789318,0.0,22.0,35.0,5.8333330000000005,8.20772,0.0,33.0,112.0,7.0,11.021192,489.95018,59760727.16713001,61996351.003647,6888483.44485,19830721.838062,1648.902893,1485574.960709,1988062.143326,397612.428665,620506.967647,321.149826,59760727.16713001,61996351.003647,4133090.06691,15392207.780035,1.806558,3.333333,2.0,25.666667,11.666667,0.0,0.0,0.0,0.0,0.0,0.0,2235623.836517,2235623.836517,2235623.836517,2235623.836517,0.0,59760727.16713001,59760727.16713001,59760727.16713001,59760727.16713001,0.0,64240,26847,502,MQTT_Publish
T0100,55200,80,tcp,http,30.646649,7,11,4,4,0.22841,0.35893,0.58734,1.5714290000000002,232,32,40,348,20,40,5,2,1,4,4,16,0,0,0,0,0.0,168.0,208.0,29.714286,61.432115,0.0,482.0,1928.0,175.272727,243.18104,0.0,482.0,2136.0,118.666667,203.592442,8.106232,15288020.849228,30646643.877029,5107773.979505001,6714630.462291,118.017197,13720485.925674,30646639.823914003,3064663.982391,5205888.489047,0.953674,13720485.925674,30646648.88382,1802744.051989,4199885.668866999,69.69766899999999,1.75,2.75,52.0,482.0,0.0,0.0,0.0,0.0,0.0,0.0,0.953674,5351032.972336,5353398.799896,1784466.266632,3088737.59758,11572764.158249,13720485.925674,25293250.083923,12646625.041962,1518668.625849,64240,65160,501,DDOS_Slowloris
T0101,55322,80,tcp,http,30.515599,6,5,4,0,0.196621,0.163851,0.360471,0.833333,200,32,40,168,32,40,0,2,0,4,0,10,0,0,0,0,0.0,168.0,210.0,35.0,65.59878,0.0,0.0,0.0,0.0,0.0,0.0,168.0,210.0,19.090909,49.856704,18.119812,19075695.037842,30515594.005585,6103118.801117,8781231.664826,1430.988312,19075697.898865,30515552.043915004,7628888.010979,9343097.000741,2.145767,19075692.892075,30515599.012375,3051559.901237,6679651.481093,6.881726,2.0,1.666667,70.0,0.0,0.0,0.0,0.0,0.0,0.0,0.0,2.145767,3211.975098,3219.127655,1073.042552,1852.370474,11436686.992645,19075692.892075,30512379.88472,15256189.94236,5401592.873011,64240,65160,502,DDOS_Slowloris
T0102,46600,1434,tcp,-,4e-06,1,1,0,0,246723.764706,246723.764706,493447.529412,1.0,20,20,20,20,20,20,0,0,1,0,0,1,0,0,0,0,0.0,0.0,0.0,0.0,0.0,0.0,0.0,0.0,0.0,0.0,0.0,0.0,0.0,0.0,0.0,0.0,0.0,0.0,0.0,0.0,0.0,0.0,0.0,0.0,0.0,4.053116,4.053116,4.053116,4.053116,0.0,0.0,1.0,1.0,0.0,0.0,0.0,0.0,0.0,0.0,0.0,0.0,4.053116,4.053116,4.053116,4.053116,0.0,0.0,0.0,0.0,0.0,0.0,1024,0,1024,NMAP_OS_DETECTION
T0103,43299,53,udp,dns,0.060274,2,2,2,2,33.181735,33.181735,66.36346999999999,1.0,16,8,8,16,8,8,0,0,0,0,0,0,0,0,0,0,36.0,36.0,72.0,36.0,0.0,68.0,120.0,188.0,94.0,36.769553,36.0,120.0,260.0,65.0,39.648455,31622.1714,31622.1714,31622.1714,31622.1714,0.0,30474.9012,30474.9012,30474.9012,30474.9012,0.0,1822.948456,29799.22295,60274.12415,20091.37472,15831.31724,4313.625518,2.0,2.0,72.0,188.0,0.0,0.0,0.0,0.0,0.0,0.0,60274.12415,60274.12415,60274.12415,60274.12415,0.0,0.0,0.0,0.0,0.0,0.0,0,0,0,Thing_Speak
T0104,50078,28547,udp,-,0.0,1,0,0,0,0.0,0.0,0.0,0.0,8,8,8,0,0,0,0,0,0,0,0,0,0,0,0,0,0.0,0.0,0.0,0.0,0.0,0.0,0.0,0.0,0.0,0.0,0.0,0.0,0.0,0.0,0.0,0.0,0.0,0.0,0.0,0.0,0.0,0.0,0.0,0.0,0.0,0.0,0.0,0.0,0.0,0.0,0.0,1.0,0.0,0.0,0.0,0.0,0.0,0.0,0.0,0.0,0.0,0.0,0.0,0.0,0.0,0.0,0.0,0.0,0.0,0.0,0.0,0,0,0,NMAP_UDP_SCAN
T0105,35422,80,tcp,http,0.681569,7,5,2,1,10.270419,7.336013,17.606432,0.714286,232,32,40,168,32,40,2,2,0,2,1,11,0,0,0,0,0.0,169.0,203.0,29.0,63.02116,0.0,539.0,539.0,107.8,241.048128,0.0,539.0,742.0,61.833333,157.929117,91.791153,244382.143,683490.9916,113915.1653,124145.1189,55.789948,223977.0889,466138.1245,116534.5311,123155.3737,55.789948,219775.1999,683490.9916,62135.54469,99950.75238,1088.664378,7.0,5.0,203.0,539.0,0.0,0.0,0.0,0.0,0.0,0.0,683490.9916,683490.9916,683490.9916,683490.9916,0.0,0.0,0.0,0.0,0.0,0.0,64240,26847,501,Thing_Speak
T0106,49920,80,tcp,http,0.005823,4,3,2,0,686.943291,515.207468,1202.15076,0.75,136,32,40,104,32,40,0,2,0,2,0,6,0,0,0,0,0.0,168.0,189.0,47.25,81.106412,0.0,0.0,0.0,0.0,0.0,0.0,168.0,189.0,27.0,62.665780000000005,11.205673,3337.860107,5787.849426,1929.283142,1720.857491,2465.963364,3339.0522,5805.015564,2902.507782,617.367037,11.205673,3304.004669,5822.896957,970.482826,1491.91239,32458.070507,4.0,3.0,189.0,0.0,0.0,0.0,0.0,0.0,0.0,0.0,5822.896957,5822.896957,5822.896957,5822.896957,0.0,0.0,0.0,0.0,0.0,0.0,64240,65160,502,DDOS_Slowloris
T0107,48352,5902,tcp,-,8e-06,1,1,0,0,127100.12121199998,127100.12121199998,254200.242424,1.0,40,40,40,20,20,20,0,1,1,0,0,1,0,0,0,0,0.0,0.0,0.0,0.0,0.0,0.0,0.0,0.0,0.0,0.0,0.0,0.0,0.0,0.0,0.0,0.0,0.0,0.0,0.0,0.0,0.0,0.0,0.0,0.0,0.0,7.867813000000001,7.867813000000001,7.867813000000001,7.867813000000001,0.0,0.0,1.0,1.0,0.0,0.0,0.0,0.0,0.0,0.0,0.0,0.0,7.867813000000001,7.867813000000001,7.867813000000001,7.867813000000001,0.0,0.0,0.0,0.0,0.0,0.0,64240,0,64240,NMAP_TCP_scan
T0108,36242,5000,tcp,-,7.000000000000001e-06,1,1,0,0,144631.172414,144631.172414,289262.344828,1.0,20,20,20,20,20,20,1,0,1,1,0,1,1,0,0,0,0.0,0.0,0.0,0.0,0.0,0.0,0.0,0.0,0.0,0.0,0.0,0.0,0.0,0.0,0.0,0.0,0.0,0.0,0.0,0.0,0.0,0.0,0.0,0.0,0.0,6.914139,6.914139,6.914139,6.914139,0.0,0.0,1.0,1.0,0.0,0.0,0.0,0.0,0.0,0.0,0.0,0.0,6.914139,6.914139,6.914139,6.914139,0.0,0.0,0.0,0.0,0.0,0.0,1024,0,1024,NMAP_XMAS_TREE_SCAN
T0109,44481,1883,tcp,mqtt,61.965029,10,6,3,4,0.161381,0.096829,0.25821,0.6,328,32,40,200,32,40,0,2,1,3,4,15,0,0,0,0,0.0,33.0,78.0,7.8,12.934021,0.0,23.0,36.0,6.0,8.602325,0.0,33.0,114.0,7.125,11.218289,251.77002,59898506.879807,61965029.001236,6885003.222360001,19884990.784139,56.98204000000001,1576241.016388,1903652.906418,380730.581284,673086.325448,56.98204000000001,59898506.879807,61965029.001236,4131001.9334160006,15431767.171167,1.839747,3.333333,2.0,26.0,12.0,0.0,0.0,0.0,0.0,0.0,0.0,2066522.121429,2066522.121429,2066522.121429,2066522.121429,0.0,59898506.879807,59898506.879807,59898506.879807,59898506.879807,0.0,64240,26847,502,MQTT_Publish
T0110,57570,53,tcp,dns,10.265899,10,8,3,3,0.974099,0.7792789999999999,1.753378,0.8,328,32,40,264,32,40,2,2,0,3,3,17,0,0,0,0,0.0,58.0,156.0,15.6,25.237538,0.0,197.0,526.0,65.75,92.016691,0.0,197.0,682.0,37.888889,66.94149200000001,124.21608,10030433.177948,10265938.043594,1140659.782622,3333774.924582,5.960464,10109769.821167,10225569.963455,1460795.709065,3813891.471887,5.960464,10030433.177948,10265938.043594,603878.708447,2429244.335979,66.433539,5.0,4.0,78.0,263.0,0.0,0.0,0.0,0.0,0.0,0.0,32362.937927,203141.927719,235504.865646,117752.432823,120758.981766,10030433.177948,10030433.177948,10030433.177948,10030433.177948,0.0,64240,65160,501,ARP_poisioning
T0111,44054,443,udp,-,0.255481,5,9,5,9,19.570927,35.227668,54.798595,1.8,40,8,8,72,8,8,0,0,0,0,0,0,0,0,0,0,32.0,1357.0,2179.0,435.8,564.433521,28.0,1357.0,4296.0,477.333333,568.57893,28.0,1357.0,6475.0,462.5,545.339802,3437.042236,105396.032333,194159.030914,48539.757729,44453.191823,5.0067900000000005,62299.013138,186407.089233,23300.886154,25961.896873,5.0067900000000005,65636.87324500001,255481.004715,19652.384978,23968.997865,25344.349993,5.0,9.0,2179.0,4296.0,0.0,3379.0,0.0,5.0,0.0,94554.288642,255481.004715,255481.004715,255481.004715,255481.004715,0.0,0.0,0.0,0.0,0.0,0.0,0,0,0,ARP_poisioning
T0112,33728,443,udp,-,0.378089,6,9,6,9,15.869272,23.803907,39.673179,1.5,48,8,8,72,8,8,0,0,0,0,0,0,0,0,0,0,33.0,1357.0,2199.0,366.5,529.038656,28.0,1357.0,3829.0,425.444444,561.324129,28.0,1357.0,6028.0,401.866667,529.999712,40030.002594,106705.188751,318288.087845,63657.61756900001,26377.22306,9.059906,88227.987289,319287.061691,39910.882711,32502.784455,9.059906,67571.878433,378089.189529,27006.370681,24096.717466,15943.328101,6.0,9.0,2199.0,3829.0,0.0,0.0,0.0,0.0,0.0,0.0,378089.189529,378089.189529,378089.189529,378089.189529,0.0,0.0,0.0,0.0,0.0,0.0,0,0,0,ARP_poisioning
T0113,56954,443,tcp,ssl,1.488297,14,12,3,9,9.406725,8.062907000000001,17.469632,0.857143,432,20,40,392,32,40,2,2,2,3,6,23,0,0,0,0,0.0,517.0,840.0,60.0,144.534798,0.0,1352.0,6172.0,514.333333,595.421521,0.0,1352.0,7012.0,269.692308,469.261187,227.212906,294639.1106,1490808.01,114677.5392,134138.2899,44.107437,365406.9901,1221275.091,111025.0083,155283.8821,44.107437,292666.9121,1490808.01,59632.3204,110355.4128,4711.425252,14.0,12.0,840.0,6172.0,0.0,4548.0,0.0,5.0,0.0,2891132.857,1490808.01,1490808.01,1490808.01,1490808.01,0.0,0.0,0.0,0.0,0.0,0.0,64240,26847,0,Thing_Speak
T0114,46600,1334,tcp,-,7.000000000000001e-06,1,1,0,0,139810.133333,139810.133333,279620.266667,1.0,20,20,20,20,20,20,0,0,1,0,0,1,0,0,0,0,0.0,0.0,0.0,0.0,0.0,0.0,0.0,0.0,0.0,0.0,0.0,0.0,0.0,0.0,0.0,0.0,0.0,0.0,0.0,0.0,0.0,0.0,0.0,0.0,0.0,7.152557000000001,7.152557000000001,7.152557000000001,7.152557000000001,0.0,0.0,1.0,1.0,0.0,0.0,0.0,0.0,0.0,0.0,0.0,0.0,7.152557000000001,7.152557000000001,7.152557000000001,7.152557000000001,0.0,0.0,0.0,0.0,0.0,0.0,1024,0,1024,NMAP_OS_DETECTION
T0115,50078,21948,udp,-,0.0,1,0,0,0,0.0,0.0,0.0,0.0,8,8,8,0,0,0,0,0,0,0,0,0,0,0,0,0,0.0,0.0,0.0,0.0,0.0,0.0,0.0,0.0,0.0,0.0,0.0,0.0,0.0,0.0,0.0,0.0,0.0,0.0,0.0,0.0,0.0,0.0,0.0,0.0,0.0,0.0,0.0,0.0,0.0,0.0,0.0,1.0,0.0,0.0,0.0,0.0,0.0,0.0,0.0,0.0,0.0,0.0,0.0,0.0,0.0,0.0,0.0,0.0,0.0,0.0,0.0,0,0,0,NMAP_UDP_SCAN
T0116,46600,3168,tcp,-,6e-06,1,1,0,0,167772.16,167772.16,335544.32,1.0,20,20,20,20,20,20,0,0,1,0,0,1,0,0,0,0,0.0,0.0,0.0,0.0,0.0,0.0,0.0,0.0,0.0,0.0,0.0,0.0,0.0,0.0,0.0,0.0,0.0,0.0,0.0,0.0,0.0,0.0,0.0,0.0,0.0,5.960464,5.960464,5.960464,5.960464,0.0,0.0,1.0,1.0,0.0,0.0,0.0,0.0,0.0,0.0,0.0,0.0,5.960464,5.960464,5.960464,5.960464,0.0,0.0,0.0,0.0,0.0,0.0,1024,0,1024,NMAP_OS_DETECTION
T0117,57097,1883,tcp,mqtt,62.055137,10,6,3,4,0.161147,0.096688,0.257835,0.6,328,32,40,200,32,40,0,2,1,3,4,15,0,0,0,0,0.0,33.0,78.0,7.8,12.934021,0.0,23.0,36.0,6.0,8.602325,0.0,33.0,114.0,7.125,11.218289,255.823135,59899855.136871,62055136.919022,6895015.213225,19881585.792496,61.98883100000001,1563105.106354,1958487.987518,391697.597504,661847.8108529999,61.98883100000001,59899855.136871,62055136.919022,4137009.127935,15430409.161951002,1.837076,3.333333,2.0,26.0,12.0,0.0,0.0,0.0,0.0,0.0,0.0,2155281.78215,2155281.78215,2155281.78215,2155281.78215,0.0,59899855.136871,59899855.136871,59899855.136871,59899855.136871,0.0,64240,26847,502,MQTT_Publish
T0118,33675,1883,tcp,mqtt,46.031866,10,6,3,4,0.217241,0.130344,0.347585,0.6,328,32,40,200,32,40,0,2,1,3,4,15,0,0,0,0,0.0,33.0,78.0,7.8,12.934021,0.0,23.0,36.0,6.0,8.602325,0.0,33.0,114.0,7.125,11.218289,266.075134,43795150.04158,46031866.073608,5114651.785956,14510040.392297,1178.979874,1477408.8859559996,1984655.857086,396931.171417,616560.817007,266.075134,43795150.04158,46031866.073608,3068791.071574,11271015.951812,2.476545,3.333333,2.0,26.0,12.0,0.0,0.0,0.0,0.0,0.0,0.0,2236716.032028,2236716.032028,2236716.032028,2236716.032028,0.0,43795150.04158,43795150.04158,43795150.04158,43795150.04158,0.0,64240,26847,502,MQTT_Publish
T0119,51672,80,tcp,http,0.000507,8,0,2,0,15775.473437,0.0,15775.473437,0.0,260,20,40,0,0,0,1,2,1,2,0,6,0,0,0,0,0.0,126.0,212.0,26.5,50.219518,0.0,0.0,0.0,0.0,0.0,0.0,126.0,212.0,26.5,50.219518,20.027161,314.950943,507.116318,72.445188,107.993478,0.0,0.0,0.0,0.0,0.0,20.027161,314.950943,507.116318,72.445188,107.993478,418050.046074,8.0,0.0,212.0,0.0,0.0,0.0,0.0,0.0,0.0,0.0,507.116318,507.116318,507.116318,507.116318,0.0,0.0,0.0,0.0,0.0,0.0,65476,0,0,NMAP_UDP_SCAN
T0120,46600,19350,tcp,-,7.000000000000001e-06,1,1,0,0,144631.172414,144631.172414,289262.344828,1.0,20,20,20,20,20,20,0,0,1,0,0,1,0,0,0,0,0.0,0.0,0.0,0.0,0.0,0.0,0.0,0.0,0.0,0.0,0.0,0.0,0.0,0.0,0.0,0.0,0.0,0.0,0.0,0.0,0.0,0.0,0.0,0.0,0.0,6.914139,6.914139,6.914139,6.914139,0.0,0.0,1.0,1.0,0.0,0.0,0.0,0.0,0.0,0.0,0.0,0.0,6.914139,6.914139,6.914139,6.914139,0.0,0.0,0.0,0.0,0.0,0.0,1024,0,1024,NMAP_OS_DETECTION
T0121,60248,53,udp,dns,0.0097489999999999,2,2,2,2,205.150599,205.150599,410.301198,1.0,16,8,8,16,8,8,0,0,0,0,0,0,0,0,0,0,44.0,44.0,88.0,44.0,0.0,44.0,60.0,104.0,52.0,11.313708,44.0,60.0,192.0,48.0,8.0,5.0067900000000005,5.0067900000000005,5.0067900000000005,5.0067900000000005,0.0,9636.878967,9636.878967,9636.878967,9636.878967,0.0,5.0067900000000005,9636.878967,9748.935699,3249.645233,5531.741975,19694.45752,2.0,2.0,88.0,104.0,0.0,0.0,0.0,0.0,0.0,0.0,9748.935699,9748.935699,9748.935699,9748.935699,0.0,0.0,0.0,0.0,0.0,0.0,0,0,0,ARP_poisioning
T0122,64177,19722,udp,-,0.0,1,0,0,0,0.0,0.0,0.0,0.0,8,8,8,0,0,0,0,0,0,0,0,0,0,0,0,0,0.0,0.0,0.0,0.0,0.0,0.0,0.0,0.0,0.0,0.0,0.0,0.0,0.0,0.0,0.0,0.0,0.0,0.0,0.0,0.0,0.0,0.0,0.0,0.0,0.0,0.0,0.0,0.0,0.0,0.0,0.0,1.0,0.0,0.0,0.0,0.0,0.0,0.0,0.0,0.0,0.0,0.0,0.0,0.0,0.0,0.0,0.0,0.0,0.0,0.0,0.0,0,0,0,NMAP_UDP_SCAN
T0123,36242,1641,tcp,-,7.000000000000001e-06,1,1,0,0,144631.172414,144631.172414,289262.344828,1.0,20,20,20,20,20,20,1,0,1,1,0,1,1,0,0,0,0.0,0.0,0.0,0.0,0.0,0.0,0.0,0.0,0.0,0.0,0.0,0.0,0.0,0.0,0.0,0.0,0.0,0.0,0.0,0.0,0.0,0.0,0.0,0.0,0.0,6.914139,6.914139,6.914139,6.914139,0.0,0.0,1.0,1.0,0.0,0.0,0.0,0.0,0.0,0.0,0.0,0.0,6.914139,6.914139,6.914139,6.914139,0.0,0.0,0.0,0.0,0.0,0.0,1024,0,1024,NMAP_XMAS_TREE_SCAN
T0124,46600,1055,tcp,-,7.000000000000001e-06,1,1,0,0,144631.172414,144631.172414,289262.344828,1.0,20,20,20,20,20,20,0,0,1,0,0,1,0,0,0,0,0.0,0.0,0.0,0.0,0.0,0.0,0.0,0.0,0.0,0.0,0.0,0.0,0.0,0.0,0.0,0.0,0.0,0.0,0.0,0.0,0.0,0.0,0.0,0.0,0.0,6.914139,6.914139,6.914139,6.914139,0.0,0.0,1.0,1.0,0.0,0.0,0.0,0.0,0.0,0.0,0.0,0.0,6.914139,6.914139,6.914139,6.914139,0.0,0.0,0.0,0.0,0.0,0.0,1024,0,1024,NMAP_OS_DETECTION
T0125,31663,21,tcp,-,4e-06,1,1,1,0,262144.0,262144.0,524288.0,1.0,20,20,20,20,20,20,0,1,1,0,0,1,0,0,0,0,120.0,120.0,120.0,120.0,0.0,0.0,0.0,0.0,0.0,0.0,0.0,120.0,120.0,60.0,84.852814,0.0,0.0,0.0,0.0,0.0,0.0,0.0,0.0,0.0,0.0,3.814697,3.814697,3.814697,3.814697,0.0,31457280.0,1.0,1.0,120.0,0.0,0.0,0.0,0.0,0.0,0.0,0.0,3.814697,3.814697,3.814697,3.814697,0.0,0.0,0.0,0.0,0.0,0.0,64,0,64,DOS_SYN_Hping
T0126,46600,3283,tcp,-,6e-06,1,1,0,0,167772.16,167772.16,335544.32,1.0,20,20,20,20,20,20,0,0,1,0,0,1,0,0,0,0,0.0,0.0,0.0,0.0,0.0,0.0,0.0,0.0,0.0,0.0,0.0,0.0,0.0,0.0,0.0,0.0,0.0,0.0,0.0,0.0,0.0,0.0,0.0,0.0,0.0,5.960464,5.960464,5.960464,5.960464,0.0,0.0,1.0,1.0,0.0,0.0,0.0,0.0,0.0,0.0,0.0,0.0,5.960464,5.960464,5.960464,5.960464,0.0,0.0,0.0,0.0,0.0,0.0,1024,0,1024,NMAP_OS_DETECTION
T0127,51036,135,tcp,-,3.8e-05,1,1,0,0,26379.27044,26379.27044,52758.540881,1.0,20,20,20,20,20,20,0,0,1,0,0,1,0,0,0,0,0.0,0.0,0.0,0.0,0.0,0.0,0.0,0.0,0.0,0.0,0.0,0.0,0.0,0.0,0.0,0.0,0.0,0.0,0.0,0.0,0.0,0.0,0.0,0.0,0.0,37.908554,37.908554,37.908554,37.908554,0.0,0.0,1.0,1.0,0.0,0.0,0.0,0.0,0.0,0.0,0.0,0.0,37.908554,37.908554,37.908554,37.908554,0.0,0.0,0.0,0.0,0.0,0.0,1024,0,1024,NMAP_OS_DETECTION
T0128,51036,32783,tcp,-,9e-06,1,1,0,0,110376.421053,110376.421053,220752.842105,1.0,20,20,20,20,20,20,0,0,1,0,0,1,0,0,0,0,0.0,0.0,0.0,0.0,0.0,0.0,0.0,0.0,0.0,0.0,0.0,0.0,0.0,0.0,0.0,0.0,0.0,0.0,0.0,0.0,0.0,0.0,0.0,0.0,0.0,9.059906,9.059906,9.059906,9.059906,0.0,0.0,1.0,1.0,0.0,0.0,0.0,0.0,0.0,0.0,0.0,0.0,9.059906,9.059906,9.059906,9.059906,0.0,0.0,0.0,0.0,0.0,0.0,1024,0,1024,NMAP_OS_DETECTION
T0129,44029,22,tcp,ssh,2.462943,14,13,6,5,5.684256,5.278238,10.962495,0.928571,456,32,40,424,32,40,2,2,0,6,5,26,0,0,0,0,0.0,800.0,1249.0,89.214286,211.470376,0.0,1080.0,1633.0,125.615385,300.04098,0.0,1080.0,2882.0,106.740741,253.482148,1652.956009,2319135.904312,2467393.159866,189799.473836,640019.139406,144.958496,2270857.095718,2462895.870209,205241.322517,650803.435421,5.0067900000000005,2270857.095718,2467393.159866,94899.736918,443998.284433,1170.1447859999998,7.0,6.5,624.5,816.5,0.0,0.0,0.0,0.0,0.0,0.0,2467393.159866,2467393.159866,2467393.159866,2467393.159866,0.0,0.0,0.0,0.0,0.0,0.0,64240,65160,501,Metasploit_Brute_Force_SSH
T0130,52301,53,udp,dns,0.506117,2,2,2,2,3.951655,3.951655,7.903308999999999,1.0,16,8,8,16,8,8,0,0,0,0,0,0,0,0,0,0,41.0,41.0,82.0,41.0,0.0,41.0,89.0,130.0,65.0,33.941125,41.0,89.0,212.0,53.0,24.0,25.987625,25.987625,25.987625,25.987625,0.0,472338.914871,472338.914871,472338.914871,472338.914871,0.0,25.987625,472338.914871,506117.105484,168705.701828,263494.23228600004,418.87539,2.0,2.0,82.0,130.0,0.0,0.0,0.0,0.0,0.0,0.0,506117.105484,506117.105484,506117.105484,506117.105484,0.0,0.0,0.0,0.0,0.0,0.0,0,0,0,ARP_poisioning
T0131,37818,80,tcp,http,0.708141,7,5,2,1,9.885036,7.060739999999999,16.945776000000002,0.714286,232,32,40,168,32,40,2,2,0,2,1,11,0,0,0,0,0.0,169.0,203.0,29.0,63.02116,0.0,539.0,539.0,107.8,241.048128,0.0,539.0,742.0,61.833333,157.929117,92.029572,255040.884,710005.9986,118334.3331,129077.9698,76.055527,231965.065,484248.1613,121062.0403,126239.4574,76.055527,229070.9019,710005.9986,64545.99987000001,103724.3622,1047.813793,7.0,5.0,203.0,539.0,0.0,0.0,0.0,0.0,0.0,0.0,710005.9986,710005.9986,710005.9986,710005.9986,0.0,0.0,0.0,0.0,0.0,0.0,64240,26847,501,Thing_Speak
T0132,50983,1883,tcp,mqtt,53.987884,10,6,3,4,0.185227,0.1111359999999999,0.296363,0.6,328,32,40,200,32,40,0,2,1,3,4,15,0,0,0,0,0.0,33.0,78.0,7.8,12.934021,0.0,23.0,36.0,6.0,8.602325,0.0,33.0,114.0,7.125,11.218289,198.125839,51899647.951126,53987883.806229,5998653.756248,17218864.198373,77.009201,1604026.079178,1924525.976181,384905.195236,686166.809244,77.009201,51899647.951126,53987883.806229,3599192.253749,13366946.845246,2.111585,3.333333,2.0,26.0,12.0,0.0,0.0,0.0,0.0,0.0,0.0,2088235.855103,2088235.855103,2088235.855103,2088235.855103,0.0,51899647.951126,51899647.951126,51899647.951126,51899647.951126,0.0,64240,26847,502,MQTT_Publish
T0133,5184,53,udp,dns,0.043167,1,1,1,1,23.165911,23.165911,46.331822,1.0,8,8,8,8,8,8,0,0,0,0,0,0,0,0,0,0,31.0,31.0,31.0,31.0,0.0,156.0,156.0,156.0,156.0,0.0,31.0,156.0,187.0,93.5,88.388348,0.0,0.0,0.0,0.0,0.0,0.0,0.0,0.0,0.0,0.0,43166.875839,43166.875839,43166.875839,43166.875839,0.0,4332.02534,1.0,1.0,31.0,156.0,0.0,0.0,0.0,0.0,0.0,0.0,43166.875839,43166.875839,43166.875839,43166.875839,0.0,0.0,0.0,0.0,0.0,0.0,0,0,0,Wipro_bulb
T0134,41094,21,tcp,-,4e-06,1,1,1,0,246723.764706,246723.764706,493447.529412,1.0,20,20,20,20,20,20,0,1,1,0,0,1,0,0,0,0,120.0,120.0,120.0,120.0,0.0,0.0,0.0,0.0,0.0,0.0,0.0,120.0,120.0,60.0,84.852814,0.0,0.0,0.0,0.0,0.0,0.0,0.0,0.0,0.0,0.0,4.053116,4.053116,4.053116,4.053116,0.0,29606851.764706,1.0,1.0,120.0,0.0,0.0,0.0,0.0,0.0,0.0,0.0,4.053116,4.053116,4.053116,4.053116,0.0,0.0,0.0,0.0,0.0,0.0,64,0,64,DOS_SYN_Hping
T0135,55061,1883,tcp,mqtt,62.106209,10,6,3,4,0.161014,0.096609,0.257623,0.6,328,32,40,200,32,40,0,2,1,3,4,15,0,0,0,0,0.0,33.0,78.0,7.8,12.934021,0.0,23.0,36.0,6.0,8.602325,0.0,33.0,114.0,7.125,11.218289,283.956528,59797888.994217,62106209.039688,6900689.893299,19839992.493878,72.002411,1495707.988739,2037390.947342,407478.189468,622811.566012,72.002411,59797888.994217,62106209.039688,4140413.935979,15400436.625368,1.835565,3.333333,2.0,26.0,12.0,0.0,0.0,0.0,0.0,0.0,0.0,2308320.045471,2308320.045471,2308320.045471,2308320.045471,0.0,59797888.994217,59797888.994217,59797888.994217,59797888.994217,0.0,64240,26847,502,MQTT_Publish
T0136,64177,3664,udp,-,0.0,1,0,0,0,0.0,0.0,0.0,0.0,8,8,8,0,0,0,0,0,0,0,0,0,0,0,0,0,0.0,0.0,0.0,0.0,0.0,0.0,0.0,0.0,0.0,0.0,0.0,0.0,0.0,0.0,0.0,0.0,0.0,0.0,0.0,0.0,0.0,0.0,0.0,0.0,0.0,0.0,0.0,0.0,0.0,0.0,0.0,1.0,0.0,0.0,0.0,0.0,0.0,0.0,0.0,0.0,0.0,0.0,0.0,0.0,0.0,0.0,0.0,0.0,0.0,0.0,0.0,0,0,0,NMAP_UDP_SCAN
T0137,59247,8088,tcp,-,2.6e-05,1,1,0,0,38479.853211,38479.853211,76959.706422,1.0,20,20,20,20,20,20,1,0,1,1,0,1,1,0,0,0,0.0,0.0,0.0,0.0,0.0,0.0,0.0,0.0,0.0,0.0,0.0,0.0,0.0,0.0,0.0,0.0,0.0,0.0,0.0,0.0,0.0,0.0,0.0,0.0,0.0,25.987625,25.987625,25.987625,25.987625,0.0,0.0,1.0,1.0,0.0,0.0,0.0,0.0,0.0,0.0,0.0,0.0,25.987625,25.987625,25.987625,25.987625,0.0,0.0,0.0,0.0,0.0,0.0,1024,0,1024,NMAP_XMAS_TREE_SCAN
T0138,43257,5353,udp,dns,0.0,1,0,1,0,0.0,0.0,0.0,0.0,8,8,8,0,0,0,0,0,0,0,0,0,0,0,0,0,45.0,45.0,45.0,45.0,0.0,0.0,0.0,0.0,0.0,0.0,45.0,45.0,45.0,45.0,0.0,0.0,0.0,0.0,0.0,0.0,0.0,0.0,0.0,0.0,0.0,0.0,0.0,0.0,0.0,0.0,0.0,1.0,0.0,45.0,0.0,0.0,0.0,0.0,0.0,0.0,0.0,0.0,0.0,0.0,0.0,0.0,0.0,0.0,0.0,0.0,0.0,0,0,0,ARP_poisioning
T0139,59247,33,tcp,-,6e-06,1,1,0,0,161319.38461500002,161319.38461500002,322638.769231,1.0,20,20,20,20,20,20,1,0,1,1,0,1,1,0,0,0,0.0,0.0,0.0,0.0,0.0,0.0,0.0,0.0,0.0,0.0,0.0,0.0,0.0,0.0,0.0,0.0,0.0,0.0,0.0,0.0,0.0,0.0,0.0,0.0,0.0,6.198883,6.198883,6.198883,6.198883,0.0,0.0,1.0,1.0,0.0,0.0,0.0,0.0,0.0,0.0,0.0,0.0,6.198883,6.198883,6.198883,6.198883,0.0,0.0,0.0,0.0,0.0,0.0,1024,0,1024,NMAP_XMAS_TREE_SCAN
T0140,49630,80,tcp,http,19.035359,5,4,3,0,0.262669,0.210135,0.472804,0.8,168,32,40,136,32,40,0,2,0,3,0,8,0,0,0,0,0.0,168.0,199.0,39.8,72.154002,0.0,0.0,0.0,0.0,0.0,0.0,168.0,199.0,22.111111,55.164401,1016.85524,19030678.033829,19035353.899002,4758838.474751,9514559.714807,1981.019974,19030663.013458,19035341.978073,6345113.992691,10986007.718785,5.0067900000000005,19030658.006668,19035358.905792,2379419.863224,6728116.279088,10.454229,2.5,2.0,99.5,0.0,0.0,0.0,0.0,0.0,0.0,0.0,5.0067900000000005,4695.892334,4700.8991240000005,2350.449562,3316.956978,19030658.006668,19030658.006668,19030658.006668,19030658.006668,0.0,64240,65160,502,DDOS_Slowloris
T0141,58629,53,udp,dns,0.043816,2,2,2,2,45.645581,45.645581,91.291163,1.0,16,8,8,16,8,8,0,0,0,0,0,0,0,0,0,0,45.0,45.0,90.0,45.0,0.0,45.0,77.0,122.0,61.0,22.627417,45.0,77.0,212.0,53.0,16.0,28.848648,28.848648,28.848648,28.848648,0.0,41785.955429,41785.955429,41785.955429,41785.955429,0.0,28.848648,41785.955429,43815.851212,14605.283737,23559.797897,4838.431621,2.0,2.0,90.0,122.0,0.0,0.0,0.0,0.0,0.0,0.0,43815.851212,43815.851212,43815.851212,43815.851212,0.0,0.0,0.0,0.0,0.0,0.0,0,0,0,NMAP_UDP_SCAN
T0142,51036,8994,tcp,-,5e-06,1,1,0,0,199728.761905,199728.761905,399457.52381,1.0,20,20,20,20,20,20,0,0,1,0,0,1,0,0,0,0,0.0,0.0,0.0,0.0,0.0,0.0,0.0,0.0,0.0,0.0,0.0,0.0,0.0,0.0,0.0,0.0,0.0,0.0,0.0,0.0,0.0,0.0,0.0,0.0,0.0,5.0067900000000005,5.0067900000000005,5.0067900000000005,5.0067900000000005,0.0,0.0,1.0,1.0,0.0,0.0,0.0,0.0,0.0,0.0,0.0,0.0,5.0067900000000005,5.0067900000000005,5.0067900000000005,5.0067900000000005,0.0,0.0,0.0,0.0,0.0,0.0,1024,0,1024,NMAP_OS_DETECTION
T0143,51383,1883,tcp,mqtt,62.11054300000001,10,6,3,4,0.161003,0.096602,0.257605,0.6,328,32,40,200,32,40,0,2,1,3,4,15,0,0,0,0,0.0,33.0,78.0,7.8,12.934021,0.0,23.0,36.0,6.0,8.602325,0.0,33.0,114.0,7.125,11.218289,245.09429900000003,59775244.951248,62110543.012619,6901171.445847,19831402.628351,76.055527,1524238.109589,2058618.068695,411723.613739,635847.310083,76.055527,59775244.951248,62110543.012619,4140702.867508,15394169.068626,1.835437,3.333333,2.0,26.0,12.0,0.0,0.0,0.0,0.0,0.0,0.0,2335298.061371,2335298.061371,2335298.061371,2335298.061371,0.0,59775244.951248,59775244.951248,59775244.951248,59775244.951248,0.0,64240,26847,502,MQTT_Publish
T0144,36242,1052,tcp,-,7.000000000000001e-06,1,1,0,0,144631.172414,144631.172414,289262.344828,1.0,20,20,20,20,20,20,1,0,1,1,0,1,1,0,0,0,0.0,0.0,0.0,0.0,0.0,0.0,0.0,0.0,0.0,0.0,0.0,0.0,0.0,0.0,0.0,0.0,0.0,0.0,0.0,0.0,0.0,0.0,0.0,0.0,0.0,6.914139,6.914139,6.914139,6.914139,0.0,0.0,1.0,1.0,0.0,0.0,0.0,0.0,0.0,0.0,0.0,0.0,6.914139,6.914139,6.914139,6.914139,0.0,0.0,0.0,0.0,0.0,0.0,1024,0,1024,NMAP_XMAS_TREE_SCAN
T0145,49588,80,tcp,http,21.198151,5,4,3,0,0.2358699999999999,0.188696,0.4245649999999999,0.8,168,32,40,136,32,40,0,2,0,3,0,8,0,0,0,0,0.0,168.0,197.0,39.4,72.358828,0.0,0.0,0.0,0.0,0.0,0.0,168.0,197.0,21.888889,55.218757,407.934189,21190606.117249,21198145.151138,5299536.287785,10594046.657562,3594.16008,21190574.884415,21198134.899139,7066044.96638,12232201.726943,5.960464,21190568.92395,21198151.111603,2649768.88895,7491614.695958001,9.293263,2.5,2.0,98.5,0.0,0.0,0.0,0.0,0.0,0.0,0.0,5.960464,7576.227188,7582.187653,3791.093826,5352.986936,21190568.92395,21190568.92395,21190568.92395,21190568.92395,0.0,64240,65160,502,DDOS_Slowloris
T0146,44341,53,udp,dns,0.028899,2,2,2,2,69.20665600000001,69.20665600000001,138.41331200000002,1.0,16,8,8,16,8,8,0,0,0,0,0,0,0,0,0,0,32.0,32.0,64.0,32.0,0.0,32.0,64.0,96.0,48.0,22.627417,32.0,64.0,160.0,40.0,16.0,1081.9435119999998,1081.9435119999998,1081.9435119999998,1081.9435119999998,0.0,27550.93575,27550.93575,27550.93575,27550.93575,0.0,266.075134,27550.93575,28898.95439,9632.984797,15522.76183,5536.532493,2.0,2.0,64.0,96.0,0.0,0.0,0.0,0.0,0.0,0.0,28898.95439,28898.95439,28898.95439,28898.95439,0.0,0.0,0.0,0.0,0.0,0.0,0,0,0,Thing_Speak
T0147,36086,21,tcp,-,4e-06,1,1,1,0,246723.764706,246723.764706,493447.529412,1.0,20,20,20,20,20,20,0,1,1,0,0,1,0,0,0,0,120.0,120.0,120.0,120.0,0.0,0.0,0.0,0.0,0.0,0.0,0.0,120.0,120.0,60.0,84.852814,0.0,0.0,0.0,0.0,0.0,0.0,0.0,0.0,0.0,0.0,4.053116,4.053116,4.053116,4.053116,0.0,29606851.764706,1.0,1.0,120.0,0.0,0.0,0.0,0.0,0.0,0.0,0.0,4.053116,4.053116,4.053116,4.053116,0.0,0.0,0.0,0.0,0.0,0.0,64,0,64,DOS_SYN_Hping
T0148,64949,21,tcp,-,1e-06,1,1,1,0,1048576.0,1048576.0,2097152.0,1.0,20,20,20,20,20,20,0,1,1,0,0,1,0,0,0,0,120.0,120.0,120.0,120.0,0.0,0.0,0.0,0.0,0.0,0.0,0.0,120.0,120.0,60.0,84.852814,0.0,0.0,0.0,0.0,0.0,0.0,0.0,0.0,0.0,0.0,0.953674,0.953674,0.953674,0.953674,0.0,125829120.0,1.0,1.0,120.0,0.0,0.0,0.0,0.0,0.0,0.0,0.0,0.953674,0.953674,0.953674,0.953674,0.0,0.0,0.0,0.0,0.0,0.0,64,0,64,DOS_SYN_Hping
T0149,49798,80,tcp,http,0.004076,4,3,2,0,981.353299,736.014974,1717.368273,0.75,136,32,40,104,32,40,0,2,0,2,0,6,0,0,0,0,0.0,168.0,188.0,47.0,81.215762,0.0,0.0,0.0,0.0,0.0,0.0,168.0,188.0,26.857143,62.682875,10.01358,2165.079117,4055.023193,1351.674398,1170.627074,1878.023148,2151.012421,4029.035568,2014.517784,193.032566,10.01358,2130.031586,4076.004028,679.3340049999999,1013.093389,46123.605054,4.0,3.0,188.0,0.0,0.0,0.0,0.0,0.0,0.0,0.0,4076.004028,4076.004028,4076.004028,4076.004028,0.0,0.0,0.0,0.0,0.0,0.0,64240,65160,502,DDOS_Slowloris
T0150,50078,207,udp,-,0.0,1,0,0,0,0.0,0.0,0.0,0.0,8,8,8,0,0,0,0,0,0,0,0,0,0,0,0,0,0.0,0.0,0.0,0.0,0.0,0.0,0.0,0.0,0.0,0.0,0.0,0.0,0.0,0.0,0.0,0.0,0.0,0.0,0.0,0.0,0.0,0.0,0.0,0.0,0.0,0.0,0.0,0.0,0.0,0.0,0.0,1.0,0.0,0.0,0.0,0.0,0.0,0.0,0.0,0.0,0.0,0.0,0.0,0.0,0.0,0.0,0.0,0.0,0.0,0.0,0.0,0,0,0,NMAP_UDP_SCAN
T0151,59535,53,udp,dns,0.021251,2,2,2,2,94.112325,94.112325,188.224651,1.0,16,8,8,16,8,8,0,0,0,0,0,0,0,0,0,0,36.0,36.0,72.0,36.0,0.0,36.0,68.0,104.0,52.0,22.627417,36.0,68.0,176.0,44.0,16.0,1077.17514,1077.17514,1077.17514,1077.17514,0.0,19908.18977,19908.18977,19908.18977,19908.18977,0.0,265.836716,19908.18977,21251.20163,7083.733877,11113.71087,8281.884623,2.0,2.0,72.0,104.0,0.0,0.0,0.0,0.0,0.0,0.0,21251.20163,21251.20163,21251.20163,21251.20163,0.0,0.0,0.0,0.0,0.0,0.0,0,0,0,Thing_Speak
T0152,51036,2046,tcp,-,7.000000000000001e-06,1,1,0,0,144631.172414,144631.172414,289262.344828,1.0,20,20,20,20,20,20,0,0,1,0,0,1,0,0,0,0,0.0,0.0,0.0,0.0,0.0,0.0,0.0,0.0,0.0,0.0,0.0,0.0,0.0,0.0,0.0,0.0,0.0,0.0,0.0,0.0,0.0,0.0,0.0,0.0,0.0,6.914139,6.914139,6.914139,6.914139,0.0,0.0,1.0,1.0,0.0,0.0,0.0,0.0,0.0,0.0,0.0,0.0,6.914139,6.914139,6.914139,6.914139,0.0,0.0,0.0,0.0,0.0,0.0,1024,0,1024,NMAP_OS_DETECTION
T0153,36242,981,tcp,-,2.2e-05,1,1,0,0,45590.26087,45590.26087,91180.521739,1.0,20,20,20,20,20,20,1,0,1,1,0,1,1,0,0,0,0.0,0.0,0.0,0.0,0.0,0.0,0.0,0.0,0.0,0.0,0.0,0.0,0.0,0.0,0.0,0.0,0.0,0.0,0.0,0.0,0.0,0.0,0.0,0.0,0.0,21.934509,21.934509,21.934509,21.934509,0.0,0.0,1.0,1.0,0.0,0.0,0.0,0.0,0.0,0.0,0.0,0.0,21.934509,21.934509,21.934509,21.934509,0.0,0.0,0.0,0.0,0.0,0.0,1024,0,1024,NMAP_XMAS_TREE_SCAN
T0154,28914,21,tcp,-,2e-06,1,1,1,0,524288.0,524288.0,1048576.0,1.0,20,20,20,20,20,20,0,1,1,0,0,1,0,0,0,0,120.0,120.0,120.0,120.0,0.0,0.0,0.0,0.0,0.0,0.0,0.0,120.0,120.0,60.0,84.852814,0.0,0.0,0.0,0.0,0.0,0.0,0.0,0.0,0.0,0.0,1.907349,1.907349,1.907349,1.907349,0.0,62914560.0,1.0,1.0,120.0,0.0,0.0,0.0,0.0,0.0,0.0,0.0,1.907349,1.907349,1.907349,1.907349,0.0,0.0,0.0,0.0,0.0,0.0,64,0,64,DOS_SYN_Hping
T0155,51036,9010,tcp,-,1e-05,1,1,0,0,99864.380952,99864.380952,199728.761905,1.0,20,20,20,20,20,20,0,0,1,0,0,1,0,0,0,0,0.0,0.0,0.0,0.0,0.0,0.0,0.0,0.0,0.0,0.0,0.0,0.0,0.0,0.0,0.0,0.0,0.0,0.0,0.0,0.0,0.0,0.0,0.0,0.0,0.0,10.01358,10.01358,10.01358,10.01358,0.0,0.0,1.0,1.0,0.0,0.0,0.0,0.0,0.0,0.0,0.0,0.0,10.01358,10.01358,10.01358,10.01358,0.0,0.0,0.0,0.0,0.0,0.0,1024,0,1024,NMAP_OS_DETECTION
T0156,41306,80,tcp,http,0.7302420000000001,7,5,2,1,9.585863,6.847045,16.432907999999998,0.714286,232,32,40,168,32,40,2,2,0,2,1,11,0,0,0,0,0.0,169.0,201.0,28.714286,62.999244,0.0,539.0,539.0,107.8,241.048128,0.0,539.0,740.0,61.666667,157.962213,92.983246,271733.9993,732139.1106,122023.1851,133568.2202,56.982040000000005,232027.0538,504061.9373,126015.4843,123306.9512,56.982040000000005,229638.0997,732139.1106,66558.10096,104221.1335,1013.362674,7.0,5.0,201.0,539.0,0.0,0.0,0.0,0.0,0.0,0.0,732139.1106,732139.1106,732139.1106,732139.1106,0.0,0.0,0.0,0.0,0.0,0.0,64240,26847,501,Thing_Speak
T0157,47839,53,udp,dns,0.066471,2,2,2,2,30.088372,30.088372,60.17674399999999,1.0,16,8,8,16,8,8,0,0,0,0,0,0,0,0,0,0,32.0,32.0,64.0,32.0,0.0,32.0,64.0,96.0,48.0,22.627417,32.0,64.0,160.0,40.0,16.0,865.9362789999999,865.9362789999999,865.9362789999999,865.9362789999999,0.0,65340.99579,65340.99579,65340.99579,65340.99579,0.0,263.929367,65340.99579,66470.86144,22156.95381,37399.68869,2407.069753,2.0,2.0,64.0,96.0,0.0,0.0,0.0,0.0,0.0,0.0,66470.86144,66470.86144,66470.86144,66470.86144,0.0,0.0,0.0,0.0,0.0,0.0,0,0,0,Thing_Speak
T0158,46600,6106,tcp,-,6e-06,1,1,0,0,167772.16,167772.16,335544.32,1.0,20,20,20,20,20,20,0,0,1,0,0,1,0,0,0,0,0.0,0.0,0.0,0.0,0.0,0.0,0.0,0.0,0.0,0.0,0.0,0.0,0.0,0.0,0.0,0.0,0.0,0.0,0.0,0.0,0.0,0.0,0.0,0.0,0.0,5.960464,5.960464,5.960464,5.960464,0.0,0.0,1.0,1.0,0.0,0.0,0.0,0.0,0.0,0.0,0.0,0.0,5.960464,5.960464,5.960464,5.960464,0.0,0.0,0.0,0.0,0.0,0.0,1024,0,1024,NMAP_OS_DETECTION
T0159,55182,80,tcp,http,30.663656,7,11,4,4,0.2282829999999999,0.358731,0.587014,1.5714290000000002,232,32,40,348,20,40,5,2,1,4,4,16,0,0,0,0,0.0,168.0,210.0,30.0,61.326992,0.0,482.0,1928.0,175.272727,243.18104,0.0,482.0,2138.0,118.777778,203.529895,3.814697,15289932.012557998,30663645.982742,5110607.663790001,6718048.56777,72.002411,13723303.079605,30663637.876511,3066363.787651,5209210.619448001,2.861023,13723303.079605,30663655.996323,1803744.470372,4202518.445761,69.724236,1.75,2.75,52.5,482.0,0.0,0.0,0.0,0.0,0.0,0.0,2.861023,5348794.937134,5352268.93425,1784089.64475,3087125.82727,11588083.982468,13723303.079605,25311387.062073,12655693.531036,1509827.902905,64240,65160,501,DDOS_Slowloris
T0160,38868,9111,tcp,-,3e-06,1,1,0,0,322638.769231,322638.769231,645277.538462,1.0,40,40,40,20,20,20,0,1,1,0,0,1,0,0,0,0,0.0,0.0,0.0,0.0,0.0,0.0,0.0,0.0,0.0,0.0,0.0,0.0,0.0,0.0,0.0,0.0,0.0,0.0,0.0,0.0,0.0,0.0,0.0,0.0,0.0,3.099442,3.099442,3.099442,3.099442,0.0,0.0,1.0,1.0,0.0,0.0,0.0,0.0,0.0,0.0,0.0,0.0,3.099442,3.099442,3.099442,3.099442,0.0,0.0,0.0,0.0,0.0,0.0,64240,0,64240,NMAP_TCP_scan
T0161,59247,1132,tcp,-,5e-06,1,1,0,0,199728.761905,199728.761905,399457.52381,1.0,20,20,20,20,20,20,1,0,1,1,0,1,1,0,0,0,0.0,0.0,0.0,0.0,0.0,0.0,0.0,0.0,0.0,0.0,0.0,0.0,0.0,0.0,0.0,0.0,0.0,0.0,0.0,0.0,0.0,0.0,0.0,0.0,0.0,5.0067900000000005,5.0067900000000005,5.0067900000000005,5.0067900000000005,0.0,0.0,1.0,1.0,0.0,0.0,0.0,0.0,0.0,0.0,0.0,0.0,5.0067900000000005,5.0067900000000005,5.0067900000000005,5.0067900000000005,0.0,0.0,0.0,0.0,0.0,0.0,1024,0,1024,NMAP_XMAS_TREE_SCAN
T0162,58693,1883,tcp,mqtt,61.99108199999999,10,6,3,4,0.161314,0.096788,0.258102,0.6,328,32,40,200,32,40,0,2,1,3,4,15,0,0,0,0,0.0,33.0,76.0,7.6,12.650867,0.0,21.0,34.0,5.666667,7.814516,0.0,33.0,110.0,6.875,10.831282,254.154205,59915198.08769201,61991081.953049,6887897.994783,19890760.944442,66.995621,1636527.061462,1927941.0839080005,385588.216782,702784.5249579999,66.995621,59915198.08769201,61991081.953049,4132738.79687,15436349.005454,1.7744490000000002,3.333333,2.0,25.333333,11.333333,0.0,0.0,0.0,0.0,0.0,0.0,2075883.865356,2075883.865356,2075883.865356,2075883.865356,0.0,59915198.08769201,59915198.08769201,59915198.08769201,59915198.08769201,0.0,64240,26847,502,MQTT_Publish
T0163,46600,19842,tcp,-,8e-06,1,1,0,0,127100.12121199998,127100.12121199998,254200.242424,1.0,20,20,20,20,20,20,0,0,1,0,0,1,0,0,0,0,0.0,0.0,0.0,0.0,0.0,0.0,0.0,0.0,0.0,0.0,0.0,0.0,0.0,0.0,0.0,0.0,0.0,0.0,0.0,0.0,0.0,0.0,0.0,0.0,0.0,7.867813000000001,7.867813000000001,7.867813000000001,7.867813000000001,0.0,0.0,1.0,1.0,0.0,0.0,0.0,0.0,0.0,0.0,0.0,0.0,7.867813000000001,7.867813000000001,7.867813000000001,7.867813000000001,0.0,0.0,0.0,0.0,0.0,0.0,1024,0,1024,NMAP_OS_DETECTION
T0164,33189,53,udp,dns,0.028963,2,2,2,2,69.05340799999999,69.05340799999999,138.10681599999998,1.0,16,8,8,16,8,8,0,0,0,0,0,0,0,0,0,0,36.0,36.0,72.0,36.0,0.0,36.0,68.0,104.0,52.0,22.627417,36.0,68.0,176.0,44.0,16.0,247.955322,247.955322,247.955322,247.955322,0.0,27722.12029,27722.12029,27722.12029,27722.12029,0.0,247.955322,27722.12029,28963.08899,9654.362996,15651.570780000002,6076.699901,2.0,2.0,72.0,104.0,0.0,0.0,0.0,0.0,0.0,0.0,28963.08899,28963.08899,28963.08899,28963.08899,0.0,0.0,0.0,0.0,0.0,0.0,0,0,0,Thing_Speak
T0165,64178,48078,udp,-,0.0,1,0,1,0,0.0,0.0,0.0,0.0,8,8,8,0,0,0,0,0,0,0,0,0,0,0,0,0,40.0,40.0,40.0,40.0,0.0,0.0,0.0,0.0,0.0,0.0,40.0,40.0,40.0,40.0,0.0,0.0,0.0,0.0,0.0,0.0,0.0,0.0,0.0,0.0,0.0,0.0,0.0,0.0,0.0,0.0,0.0,1.0,0.0,40.0,0.0,0.0,0.0,0.0,0.0,0.0,0.0,0.0,0.0,0.0,0.0,0.0,0.0,0.0,0.0,0.0,0.0,0,0,0,NMAP_UDP_SCAN
T0166,45714,5904,tcp,-,4e-06,1,1,0,0,262144.0,262144.0,524288.0,1.0,40,40,40,20,20,20,0,1,1,0,0,1,0,0,0,0,0.0,0.0,0.0,0.0,0.0,0.0,0.0,0.0,0.0,0.0,0.0,0.0,0.0,0.0,0.0,0.0,0.0,0.0,0.0,0.0,0.0,0.0,0.0,0.0,0.0,3.814697,3.814697,3.814697,3.814697,0.0,0.0,1.0,1.0,0.0,0.0,0.0,0.0,0.0,0.0,0.0,0.0,3.814697,3.814697,3.814697,3.814697,0.0,0.0,0.0,0.0,0.0,0.0,64240,0,64240,NMAP_TCP_scan
T0167,5353,5353,udp,dns,4.017784,3,0,3,0,0.74668,0.0,0.74668,0.0,24,8,8,0,0,0,0,0,0,0,0,0,0,0,0,0,115.0,115.0,345.0,115.0,0.0,0.0,0.0,0.0,0.0,0.0,115.0,115.0,345.0,115.0,0.0,1007290.124893,3010493.993759,4017784.118652,2008892.059326,1416479.039774,0.0,0.0,0.0,0.0,0.0,1007290.124893,3010493.993759,4017784.118652,2008892.059326,1416479.039774,85.868227,1.0,0.0,115.0,0.0,0.0,0.0,0.0,0.0,0.0,0.0,4017784.118652,4017784.118652,4017784.118652,4017784.118652,0.0,0.0,0.0,0.0,0.0,0.0,0,0,0,ARP_poisioning
T0168,54969,1883,tcp,mqtt,38.026763,9,5,3,3,0.236675,0.131486,0.368162,0.555556,296,32,40,168,32,40,0,2,1,3,3,13,0,0,0,0,0.0,33.0,76.0,8.444444,13.115935999999998,0.0,23.0,32.0,6.4,9.555103,0.0,33.0,108.0,7.714286,11.618477,295.162201,35879055.976868,38026762.962341,4753345.370293,12586520.107252,88.93013,1676470.041275,1996208.190918,499052.047729,788548.843044,88.93013,35879055.976868,38026762.962341,2925135.612488,9909851.714589,2.840105,3.0,1.666667,25.333333,10.666667,0.0,0.0,0.0,0.0,0.0,0.0,2147706.985474,2147706.985474,2147706.985474,2147706.985474,0.0,35879055.976868,35879055.976868,35879055.976868,35879055.976868,0.0,64240,26847,502,MQTT_Publish
T0169,43348,6792,tcp,-,3.5e-05,1,1,0,0,28532.680272,28532.680272,57065.360544,1.0,40,40,40,20,20,20,0,1,1,0,0,1,0,0,0,0,0.0,0.0,0.0,0.0,0.0,0.0,0.0,0.0,0.0,0.0,0.0,0.0,0.0,0.0,0.0,0.0,0.0,0.0,0.0,0.0,0.0,0.0,0.0,0.0,0.0,35.047531,35.047531,35.047531,35.047531,0.0,0.0,1.0,1.0,0.0,0.0,0.0,0.0,0.0,0.0,0.0,0.0,35.047531,35.047531,35.047531,35.047531,0.0,0.0,0.0,0.0,0.0,0.0,64240,0,64240,NMAP_TCP_scan
T0170,55505,53,udp,dns,0.031945,2,2,2,2,62.607626,62.607626,125.215252,1.0,16,8,8,16,8,8,0,0,0,0,0,0,0,0,0,0,36.0,36.0,72.0,36.0,0.0,36.0,68.0,104.0,52.0,22.627417,36.0,68.0,176.0,44.0,16.0,31728.02925,31728.02925,31728.02925,31728.02925,0.0,2218.008041,2218.008041,2218.008041,2218.008041,0.0,216.960907,29726.98212,31944.99016,10648.33005,16546.660219999998,5509.471098,2.0,2.0,72.0,104.0,0.0,0.0,0.0,0.0,0.0,0.0,31944.99016,31944.99016,31944.99016,31944.99016,0.0,0.0,0.0,0.0,0.0,0.0,0,0,0,Thing_Speak
T0171,47069,1883,tcp,mqtt,62.052651,10,6,3,4,0.161153,0.096692,0.257846,0.6,328,32,40,200,32,40,0,2,1,3,4,15,0,0,0,0,0.0,33.0,78.0,7.8,12.934021,0.0,23.0,36.0,6.0,8.602325,0.0,33.0,114.0,7.125,11.218289,264.167786,59804820.06073,62052650.92849699,6894738.992055002,19845082.197197,139.951706,1520233.869553,2016309.976578,403261.995316,636625.4820000001,139.951706,59804820.06073,62052650.92849699,4136843.395233,15403498.907468,1.83715,3.333333,2.0,26.0,12.0,0.0,0.0,0.0,0.0,0.0,0.0,2247830.867767,2247830.867767,2247830.867767,2247830.867767,0.0,59804820.06073,59804820.06073,59804820.06073,59804820.06073,0.0,64240,26847,502,MQTT_Publish
T0172,49774,80,tcp,http,0.004535,4,3,2,0,881.9901169999999,661.492588,1543.482704,0.75,136,32,40,104,32,40,0,2,0,2,0,6,0,0,0,0,0.0,168.0,189.0,47.25,81.106412,0.0,0.0,0.0,0.0,0.0,0.0,168.0,189.0,27.0,62.665780000000005,10.01358,2321.004868,4502.058029,1500.68601,1293.1359619999998,2197.027206,2321.004868,4518.032074000001,2259.0160370000003,87.66544499999999,10.01358,2287.864685,4535.198211999999,755.8663690000001,1135.6129019999998,41674.033014,4.0,3.0,189.0,0.0,0.0,0.0,0.0,0.0,0.0,0.0,4535.198211999999,4535.198211999999,4535.198211999999,4535.198211999999,0.0,0.0,0.0,0.0,0.0,0.0,64240,65160,502,DDOS_Slowloris
T0173,36242,3998,tcp,-,2.9e-05,1,1,0,0,34663.669421,34663.669421,69327.33884299999,1.0,20,20,20,20,20,20,1,0,1,1,0,1,1,0,0,0,0.0,0.0,0.0,0.0,0.0,0.0,0.0,0.0,0.0,0.0,0.0,0.0,0.0,0.0,0.0,0.0,0.0,0.0,0.0,0.0,0.0,0.0,0.0,0.0,0.0,28.848648,28.848648,28.848648,28.848648,0.0,0.0,1.0,1.0,0.0,0.0,0.0,0.0,0.0,0.0,0.0,0.0,28.848648,28.848648,28.848648,28.848648,0.0,0.0,0.0,0.0,0.0,0.0,1024,0,1024,NMAP_XMAS_TREE_SCAN
T0174,43673,53,udp,dns,0.001834,2,2,2,2,1090.5626630000002,1090.5626630000002,2181.125325,1.0,16,8,8,16,8,8,0,0,0,0,0,0,0,0,0,0,49.0,49.0,98.0,49.0,0.0,96.0,108.0,204.0,102.0,8.485281,49.0,108.0,302.0,75.5,30.989245,9.059906,9.059906,9.059906,9.059906,0.0,545.024872,545.024872,545.024872,545.024872,0.0,9.059906,1279.830933,1833.91571,611.305237,637.973013,164674.962038,2.0,2.0,98.0,204.0,0.0,0.0,0.0,0.0,0.0,0.0,1833.91571,1833.91571,1833.91571,1833.91571,0.0,0.0,0.0,0.0,0.0,0.0,0,0,0,ARP_poisioning
T0175,47754,53,udp,dns,0.1822619999999999,2,2,2,2,10.973218,10.973218,21.946436,1.0,16,8,8,16,8,8,0,0,0,0,0,0,0,0,0,0,44.0,44.0,88.0,44.0,0.0,114.0,130.0,244.0,122.0,11.313708,44.0,130.0,332.0,83.0,45.504579,12.874603,12.874603,12.874603,12.874603,0.0,71484.088898,71484.088898,71484.088898,71484.088898,0.0,12.874603,110764.98031600002,182261.943817,60753.981272000005,56150.321791,1821.554149,2.0,2.0,88.0,244.0,0.0,0.0,0.0,0.0,0.0,0.0,182261.943817,182261.943817,182261.943817,182261.943817,0.0,0.0,0.0,0.0,0.0,0.0,0,0,0,ARP_poisioning
T0176,59247,5998,tcp,-,6e-06,1,1,0,0,167772.16,167772.16,335544.32,1.0,20,20,20,20,20,20,1,0,1,1,0,1,1,0,0,0,0.0,0.0,0.0,0.0,0.0,0.0,0.0,0.0,0.0,0.0,0.0,0.0,0.0,0.0,0.0,0.0,0.0,0.0,0.0,0.0,0.0,0.0,0.0,0.0,0.0,5.960464,5.960464,5.960464,5.960464,0.0,0.0,1.0,1.0,0.0,0.0,0.0,0.0,0.0,0.0,0.0,0.0,5.960464,5.960464,5.960464,5.960464,0.0,0.0,0.0,0.0,0.0,0.0,1024,0,1024,NMAP_XMAS_TREE_SCAN
T0177,55080,80,tcp,http,30.786871,7,13,4,6,0.22737,0.4222579999999999,0.649628,1.857143,232,32,40,412,20,40,7,2,1,4,6,18,0,0,0,0,0.0,168.0,211.0,30.142857,61.300975,0.0,482.0,2892.0,222.461538,250.097519,0.0,482.0,3103.0,155.15,222.594811,10.01358,15370283.842087,30786849.021912,5131141.503652,6768678.037206,105.142593,11707465.88707,30786855.93605,2565571.328004,3850777.483152,3.814697,11707462.072372,30786870.956421003,1620361.629285,3265029.1657040003,100.789717,1.166667,2.166667,35.166667,482.0,0.0,0.0,0.0,0.0,0.0,0.0,3.814697,10381947.040558,10384893.894196,3461631.298065,5993169.4153930005,8694514.989853,11707462.072372,20401977.062225,10200988.531113,2130475.313406,64240,65160,501,DDOS_Slowloris
T0178,47672,53,udp,dns,0.191969,2,2,2,2,10.418353,10.418353,20.836707,1.0,16,8,8,16,8,8,0,0,0,0,0,0,0,0,0,0,40.0,40.0,80.0,40.0,0.0,102.0,118.0,220.0,110.0,11.313708,40.0,118.0,300.0,75.0,40.938979,25.987625,25.987625,25.987625,25.987625,0.0,120454.072952,120454.072952,120454.072952,120454.072952,0.0,25.987625,120454.072952,191968.917847,63989.639282,60563.2697,1562.7529880000002,2.0,2.0,80.0,220.0,0.0,0.0,0.0,0.0,0.0,0.0,191968.917847,191968.917847,191968.917847,191968.917847,0.0,0.0,0.0,0.0,0.0,0.0,0,0,0,ARP_poisioning
T0179,36242,3814,tcp,-,5e-06,1,1,0,0,199728.761905,199728.761905,399457.52381,1.0,20,20,20,20,20,20,1,0,1,1,0,1,1,0,0,0,0.0,0.0,0.0,0.0,0.0,0.0,0.0,0.0,0.0,0.0,0.0,0.0,0.0,0.0,0.0,0.0,0.0,0.0,0.0,0.0,0.0,0.0,0.0,0.0,0.0,5.0067900000000005,5.0067900000000005,5.0067900000000005,5.0067900000000005,0.0,0.0,1.0,1.0,0.0,0.0,0.0,0.0,0.0,0.0,0.0,0.0,5.0067900000000005,5.0067900000000005,5.0067900000000005,5.0067900000000005,0.0,0.0,0.0,0.0,0.0,0.0,1024,0,1024,NMAP_XMAS_TREE_SCAN
T0180,36242,1117,tcp,-,7.000000000000001e-06,1,1,0,0,144631.172414,144631.172414,289262.344828,1.0,20,20,20,20,20,20,1,0,1,1,0,1,1,0,0,0,0.0,0.0,0.0,0.0,0.0,0.0,0.0,0.0,0.0,0.0,0.0,0.0,0.0,0.0,0.0,0.0,0.0,0.0,0.0,0.0,0.0,0.0,0.0,0.0,0.0,6.914139,6.914139,6.914139,6.914139,0.0,0.0,1.0,1.0,0.0,0.0,0.0,0.0,0.0,0.0,0.0,0.0,6.914139,6.914139,6.914139,6.914139,0.0,0.0,0.0,0.0,0.0,0.0,1024,0,1024,NMAP_XMAS_TREE_SCAN
T0181,34683,1883,tcp,mqtt,23.930331,10,6,3,4,0.41788,0.250728,0.668608,0.6,328,32,40,200,32,40,0,2,1,3,4,15,0,0,0,0,0.0,33.0,78.0,7.8,12.934021,0.0,23.0,36.0,6.0,8.602325,0.0,33.0,114.0,7.125,11.218289,239.133835,21868395.805359,23930330.991745006,2658925.6657490004,7217714.752897998,75.81710799999998,1596229.076385,1904407.024384,380881.404877,683549.417354,75.81710799999998,21868395.805359,23930330.991745006,1595355.39945,5620196.564605,4.763829,3.333333,2.0,26.0,12.0,0.0,0.0,0.0,0.0,0.0,0.0,2061935.186386,2061935.186386,2061935.186386,2061935.186386,0.0,21868395.805359,21868395.805359,21868395.805359,21868395.805359,0.0,64240,26847,502,MQTT_Publish
T0182,46600,50800,tcp,-,6e-06,1,1,0,0,167772.16,167772.16,335544.32,1.0,20,20,20,20,20,20,0,0,1,0,0,1,0,0,0,0,0.0,0.0,0.0,0.0,0.0,0.0,0.0,0.0,0.0,0.0,0.0,0.0,0.0,0.0,0.0,0.0,0.0,0.0,0.0,0.0,0.0,0.0,0.0,0.0,0.0,5.960464,5.960464,5.960464,5.960464,0.0,0.0,1.0,1.0,0.0,0.0,0.0,0.0,0.0,0.0,0.0,0.0,5.960464,5.960464,5.960464,5.960464,0.0,0.0,0.0,0.0,0.0,0.0,1024,0,1024,NMAP_OS_DETECTION
T0183,46600,1783,tcp,-,2e-06,1,1,0,0,524288.0,524288.0,1048576.0,1.0,20,20,20,20,20,20,0,0,1,0,0,1,0,0,0,0,0.0,0.0,0.0,0.0,0.0,0.0,0.0,0.0,0.0,0.0,0.0,0.0,0.0,0.0,0.0,0.0,0.0,0.0,0.0,0.0,0.0,0.0,0.0,0.0,0.0,1.907349,1.907349,1.907349,1.907349,0.0,0.0,1.0,1.0,0.0,0.0,0.0,0.0,0.0,0.0,0.0,0.0,1.907349,1.907349,1.907349,1.907349,0.0,0.0,0.0,0.0,0.0,0.0,1024,0,1024,NMAP_OS_DETECTION
T0184,55916,2001,tcp,-,6e-06,1,1,0,0,167772.16,167772.16,335544.32,1.0,40,40,40,20,20,20,0,1,1,0,0,1,0,0,0,0,0.0,0.0,0.0,0.0,0.0,0.0,0.0,0.0,0.0,0.0,0.0,0.0,0.0,0.0,0.0,0.0,0.0,0.0,0.0,0.0,0.0,0.0,0.0,0.0,0.0,5.960464,5.960464,5.960464,5.960464,0.0,0.0,1.0,1.0,0.0,0.0,0.0,0.0,0.0,0.0,0.0,0.0,5.960464,5.960464,5.960464,5.960464,0.0,0.0,0.0,0.0,0.0,0.0,64240,0,64240,NMAP_TCP_scan
T0185,34306,53,udp,dns,0.085444,1,1,1,1,11.703576,11.703576,23.407151,1.0,8,8,8,8,8,8,0,0,0,0,0,0,0,0,0,0,41.0,41.0,41.0,41.0,0.0,288.0,288.0,288.0,288.0,0.0,41.0,288.0,329.0,164.5,174.655375,0.0,0.0,0.0,0.0,0.0,0.0,0.0,0.0,0.0,0.0,85443.973541,85443.973541,85443.973541,85443.973541,0.0,3850.476357,1.0,1.0,41.0,288.0,0.0,0.0,0.0,0.0,0.0,0.0,85443.973541,85443.973541,85443.973541,85443.973541,0.0,0.0,0.0,0.0,0.0,0.0,0,0,0,ARP_poisioning
T0186,48875,21,tcp,-,1e-06,1,1,1,0,1048576.0,1048576.0,2097152.0,1.0,20,20,20,20,20,20,0,1,1,0,0,1,0,0,0,0,120.0,120.0,120.0,120.0,0.0,0.0,0.0,0.0,0.0,0.0,0.0,120.0,120.0,60.0,84.852814,0.0,0.0,0.0,0.0,0.0,0.0,0.0,0.0,0.0,0.0,0.953674,0.953674,0.953674,0.953674,0.0,125829120.0,1.0,1.0,120.0,0.0,0.0,0.0,0.0,0.0,0.0,0.0,0.953674,0.953674,0.953674,0.953674,0.0,0.0,0.0,0.0,0.0,0.0,64,0,64,DOS_SYN_Hping
T0187,46600,3826,tcp,-,8e-06,1,1,0,0,123361.882353,123361.882353,246723.764706,1.0,20,20,20,20,20,20,0,0,1,0,0,1,0,0,0,0,0.0,0.0,0.0,0.0,0.0,0.0,0.0,0.0,0.0,0.0,0.0,0.0,0.0,0.0,0.0,0.0,0.0,0.0,0.0,0.0,0.0,0.0,0.0,0.0,0.0,8.106232,8.106232,8.106232,8.106232,0.0,0.0,1.0,1.0,0.0,0.0,0.0,0.0,0.0,0.0,0.0,0.0,8.106232,8.106232,8.106232,8.106232,0.0,0.0,0.0,0.0,0.0,0.0,1024,0,1024,NMAP_OS_DETECTION
T0188,52198,443,tcp,ssl,4.182818,11,12,5,5,2.6298060000000003,2.868879,5.498685,1.090909,224,20,24,244,20,24,2,2,2,5,5,22,0,0,0,0,0.0,357.0,808.0,73.454545,117.243647,0.0,421.0,824.0,68.666667,122.506648,0.0,421.0,1632.0,70.95652199999998,117.295074,3142.118454,1330708.98056,4643920.898438,464392.089844,464458.509078,185.966492,1036178.827286,4156131.029129,377830.093557,389275.09234,185.966492,1010028.839111,4643920.898438,211087.313565,311152.010894,390.167592,5.5,6.0,404.0,412.0,0.0,0.0,0.0,0.0,0.0,0.0,4643920.898438,4643920.898438,4643920.898438,4643920.898438,0.0,0.0,0.0,0.0,0.0,0.0,4380,65535,4380,Wipro_bulb
T0189,57288,7496,tcp,-,2e-06,1,1,0,0,466033.777778,466033.777778,932067.555556,1.0,40,40,40,20,20,20,0,1,1,0,0,1,0,0,0,0,0.0,0.0,0.0,0.0,0.0,0.0,0.0,0.0,0.0,0.0,0.0,0.0,0.0,0.0,0.0,0.0,0.0,0.0,0.0,0.0,0.0,0.0,0.0,0.0,0.0,2.145767,2.145767,2.145767,2.145767,0.0,0.0,1.0,1.0,0.0,0.0,0.0,0.0,0.0,0.0,0.0,0.0,2.145767,2.145767,2.145767,2.145767,0.0,0.0,0.0,0.0,0.0,0.0,64240,0,64240,NMAP_TCP_scan
T0190,64177,40847,udp,-,0.0,1,0,1,0,0.0,0.0,0.0,0.0,8,8,8,0,0,0,0,0,0,0,0,0,0,0,0,0,40.0,40.0,40.0,40.0,0.0,0.0,0.0,0.0,0.0,0.0,40.0,40.0,40.0,40.0,0.0,0.0,0.0,0.0,0.0,0.0,0.0,0.0,0.0,0.0,0.0,0.0,0.0,0.0,0.0,0.0,0.0,1.0,0.0,40.0,0.0,0.0,0.0,0.0,0.0,0.0,0.0,0.0,0.0,0.0,0.0,0.0,0.0,0.0,0.0,0.0,0.0,0,0,0,NMAP_UDP_SCAN
T0191,50078,1885,udp,-,0.0,1,0,0,0,0.0,0.0,0.0,0.0,8,8,8,0,0,0,0,0,0,0,0,0,0,0,0,0,0.0,0.0,0.0,0.0,0.0,0.0,0.0,0.0,0.0,0.0,0.0,0.0,0.0,0.0,0.0,0.0,0.0,0.0,0.0,0.0,0.0,0.0,0.0,0.0,0.0,0.0,0.0,0.0,0.0,0.0,0.0,1.0,0.0,0.0,0.0,0.0,0.0,0.0,0.0,0.0,0.0,0.0,0.0,0.0,0.0,0.0,0.0,0.0,0.0,0.0,0.0,0,0,0,NMAP_UDP_SCAN
T0192,63554,21,tcp,-,5e-06,1,1,1,0,199728.761905,199728.761905,399457.52381,1.0,20,20,20,20,20,20,0,1,1,0,0,1,0,0,0,0,120.0,120.0,120.0,120.0,0.0,0.0,0.0,0.0,0.0,0.0,0.0,120.0,120.0,60.0,84.852814,0.0,0.0,0.0,0.0,0.0,0.0,0.0,0.0,0.0,0.0,5.0067900000000005,5.0067900000000005,5.0067900000000005,5.0067900000000005,0.0,23967451.428571,1.0,1.0,120.0,0.0,0.0,0.0,0.0,0.0,0.0,0.0,5.0067900000000005,5.0067900000000005,5.0067900000000005,5.0067900000000005,0.0,0.0,0.0,0.0,0.0,0.0,64,0,64,DOS_SYN_Hping
T0193,44501,1883,tcp,mqtt,61.043374,10,6,3,4,0.163818,0.098291,0.262109,0.6,328,32,40,200,32,40,0,2,1,3,4,15,0,0,0,0,0.0,33.0,77.0,7.7,12.789318,0.0,22.0,35.0,5.8333330000000005,8.20772,0.0,33.0,112.0,7.0,11.021192,252.962112,58817502.975464,61043374.061584,6782597.117954,19516836.873997,87.976456,1490328.073502,1980915.06958,396183.013916,623680.719258,87.976456,58817502.975464,61043374.061584,4069558.270772,15148938.916542,1.834761,3.333333,2.0,25.666667,11.666667,0.0,0.0,0.0,0.0,0.0,0.0,2225871.086121,2225871.086121,2225871.086121,2225871.086121,0.0,58817502.975464,58817502.975464,58817502.975464,58817502.975464,0.0,64240,26847,502,MQTT_Publish
T0194,49312,443,tcp,ssl,1.060641,11,11,3,5,10.371089,10.371089,20.742178,1.0,360,32,40,360,32,40,2,2,0,3,4,21,0,0,0,0,0.0,517.0,641.0,58.272727,154.772795,0.0,1392.0,4710.0,428.181818,613.7924429999999,0.0,1392.0,5351.0,243.227273,476.072117,6.914139,268419.027328,1060658.931732,106065.893173,136439.935787,25.033951,268755.912781,796985.864639,79698.58646399999,128109.487849,0.953674,267995.834351,1060665.845871,50507.897422,106279.824937,5045.063267,11.0,11.0,641.0,4710.0,0.0,0.0,0.0,0.0,0.0,0.0,1060665.845871,1060665.845871,1060665.845871,1060665.845871,0.0,0.0,0.0,0.0,0.0,0.0,64240,62643,501,ARP_poisioning
T0195,33242,1461,tcp,-,3e-06,1,1,0,0,322638.769231,322638.769231,645277.538462,1.0,40,40,40,20,20,20,0,1,1,0,0,1,0,0,0,0,0.0,0.0,0.0,0.0,0.0,0.0,0.0,0.0,0.0,0.0,0.0,0.0,0.0,0.0,0.0,0.0,0.0,0.0,0.0,0.0,0.0,0.0,0.0,0.0,0.0,3.099442,3.099442,3.099442,3.099442,0.0,0.0,1.0,1.0,0.0,0.0,0.0,0.0,0.0,0.0,0.0,0.0,3.099442,3.099442,3.099442,3.099442,0.0,0.0,0.0,0.0,0.0,0.0,64240,0,64240,NMAP_TCP_scan
T0196,47630,80,tcp,http,2.747418,11,17,2,11,4.003759,6.187628,10.191387,1.545455,360,32,40,516,20,40,2,2,0,2,1,27,0,0,0,0,0.0,216.0,432.0,39.272727,87.376302,0.0,1408.0,15202.0,894.235294,684.167334,0.0,1408.0,15634.0,558.357143,678.9829110000002,88.93013,1839570.045471,2747417.926788,274741.792679,573118.329391,42.915344,2057893.037796,2742818.117142,171426.132321,520463.48958100006,42.915344,1839570.045471,2909152.030945,107746.371516,356692.08637,5690.433861,5.5,8.5,216.0,7601.0,0.0,15202.0,0.0,11.0,0.0,11567817.381713,2909152.030945,2909152.030945,2909152.030945,2909152.030945,0.0,0.0,0.0,0.0,0.0,0.0,64240,65160,501,MQTT_Publish
T0197,39298,5353,udp,dns,0.0,1,0,1,0,0.0,0.0,0.0,0.0,8,8,8,0,0,0,0,0,0,0,0,0,0,0,0,0,43.0,43.0,43.0,43.0,0.0,0.0,0.0,0.0,0.0,0.0,43.0,43.0,43.0,43.0,0.0,0.0,0.0,0.0,0.0,0.0,0.0,0.0,0.0,0.0,0.0,0.0,0.0,0.0,0.0,0.0,0.0,1.0,0.0,43.0,0.0,0.0,0.0,0.0,0.0,0.0,0.0,0.0,0.0,0.0,0.0,0.0,0.0,0.0,0.0,0.0,0.0,0,0,0,ARP_poisioning
T0198,48348,57294,tcp,-,4e-06,1,1,0,0,246723.764706,246723.764706,493447.529412,1.0,40,40,40,20,20,20,0,1,1,0,0,1,0,0,0,0,0.0,0.0,0.0,0.0,0.0,0.0,0.0,0.0,0.0,0.0,0.0,0.0,0.0,0.0,0.0,0.0,0.0,0.0,0.0,0.0,0.0,0.0,0.0,0.0,0.0,4.053116,4.053116,4.053116,4.053116,0.0,0.0,1.0,1.0,0.0,0.0,0.0,0.0,0.0,0.0,0.0,0.0,4.053116,4.053116,4.053116,4.053116,0.0,0.0,0.0,0.0,0.0,0.0,64240,0,64240,NMAP_TCP_scan
T0199,44135,53,udp,dns,0.026331,2,2,2,2,75.95555999999999,75.95555999999999,151.91111999999998,1.0,16,8,8,16,8,8,0,0,0,0,0,0,0,0,0,0,36.0,36.0,72.0,36.0,0.0,36.0,68.0,104.0,52.0,22.627417,36.0,68.0,176.0,44.0,16.0,26092.05246,26092.05246,26092.05246,26092.05246,0.0,2089.02359,2089.02359,2089.02359,2089.02359,0.0,239.133835,24242.1627,26331.1863,8777.062098,13417.36324,6684.089278,2.0,2.0,72.0,104.0,0.0,0.0,0.0,0.0,0.0,0.0,26331.1863,26331.1863,26331.1863,26331.1863,0.0,0.0,0.0,0.0,0.0,0.0,0,0,0,Thing_Speak
T0200,45550,53,udp,dns,0.02694,2,2,2,2,74.239411,74.239411,148.478822,1.0,16,8,8,16,8,8,0,0,0,0,0,0,0,0,0,0,36.0,36.0,72.0,36.0,0.0,36.0,68.0,104.0,52.0,22.627417,36.0,68.0,176.0,44.0,16.0,26695.96672,26695.96672,26695.96672,26695.96672,0.0,2125.97847,2125.97847,2125.97847,2125.97847,0.0,243.902206,24813.89046,26939.86893,8979.956309000001,13737.03048,6533.068163,2.0,2.0,72.0,104.0,0.0,0.0,0.0,0.0,0.0,0.0,26939.86893,26939.86893,26939.86893,26939.86893,0.0,0.0,0.0,0.0,0.0,0.0,0,0,0,Thing_Speak
T0201,35984,443,tcp,ssl,657.278395,78,116,43,73,0.118671,0.176485,0.295157,1.487179,2516,32,44,3720,32,40,2,2,0,43,73,193,0,0,0,0,0.0,664.0,3650.0,46.794872,92.534635,0.0,824.0,10171.0,87.681034,132.781258,0.0,824.0,13821.0,71.24226800000001,119.689573,9.059906,58927527.18925501,657278414.011002,8536083.298844,16227817.962286,2.861023,59003934.144974,657229351.997375,5715037.843455,13858380.075482998,2.861023,58921488.046646,657278414.011002,3405587.6373630003,11025723.49411,21.02762,3.714286,5.52381,173.809524,484.333333,0.0,0.0,0.0,0.0,0.0,0.0,38538.9328,1504992.008209,4647666.692733999,232383.334637,305817.39165500004,7657527.208328,58921488.046646,652630747.318268,34348986.700961,13250460.310463,64240,65535,501,ARP_poisioning
T0202,55350,80,tcp,http,29.467018,7,5,4,0,0.237554,0.169681,0.407235,0.714286,240,32,40,168,32,40,0,3,0,4,0,10,0,0,0,0,0.0,168.0,210.0,30.0,61.326992,0.0,0.0,0.0,0.0,0.0,0.0,168.0,210.0,17.5,47.854894,25.033951,19073293.924332,29467012.882233,4911168.813705,7846599.750343,1832.962036,19073293.924332,28449006.795883,7112251.6989710005,9113905.544642,5.0067900000000005,19073288.917542003,29467017.889023,2678819.808093,6112490.909382,7.126612,1.75,1.25,52.5,0.0,0.0,0.0,0.0,0.0,0.0,0.0,5.0067900000000005,1026988.983154,1026998.996735,342332.998912,592929.4752069999,9366729.974747,19073288.917542003,28440018.892288,14220009.446144,6863573.650437,64240,65160,502,DDOS_Slowloris
T0203,36876,8084,tcp,-,0.0052899999999999,3,1,0,0,567.104381,189.034794,756.139174,0.333333,104,32,40,40,40,40,0,2,1,0,0,3,0,0,0,0,0.0,0.0,0.0,0.0,0.0,0.0,0.0,0.0,0.0,0.0,0.0,0.0,0.0,0.0,0.0,20.980835,5269.050598,5290.031433,2645.015717,3710.945718,0.0,0.0,0.0,0.0,0.0,11.205673,5257.844925,5290.031433,1763.343811,3026.3306850000004,0.0,3.0,1.0,0.0,0.0,0.0,0.0,0.0,0.0,0.0,0.0,5290.031433,5290.031433,5290.031433,5290.031433,0.0,0.0,0.0,0.0,0.0,0.0,64240,65160,502,NMAP_TCP_scan
T0204,41534,416,tcp,-,1.2e-05,1,1,0,0,83886.08,83886.08,167772.16,1.0,40,40,40,20,20,20,0,1,1,0,0,1,0,0,0,0,0.0,0.0,0.0,0.0,0.0,0.0,0.0,0.0,0.0,0.0,0.0,0.0,0.0,0.0,0.0,0.0,0.0,0.0,0.0,0.0,0.0,0.0,0.0,0.0,0.0,11.920929,11.920929,11.920929,11.920929,0.0,0.0,1.0,1.0,0.0,0.0,0.0,0.0,0.0,0.0,0.0,0.0,11.920929,11.920929,11.920929,11.920929,0.0,0.0,0.0,0.0,0.0,0.0,64240,0,64240,NMAP_TCP_scan
T0205,60310,21,tcp,-,4e-06,1,1,1,0,246723.764706,246723.764706,493447.529412,1.0,20,20,20,20,20,20,0,1,1,0,0,1,0,0,0,0,120.0,120.0,120.0,120.0,0.0,0.0,0.0,0.0,0.0,0.0,0.0,120.0,120.0,60.0,84.852814,0.0,0.0,0.0,0.0,0.0,0.0,0.0,0.0,0.0,0.0,4.053116,4.053116,4.053116,4.053116,0.0,29606851.764706,1.0,1.0,120.0,0.0,0.0,0.0,0.0,0.0,0.0,0.0,4.053116,4.053116,4.053116,4.053116,0.0,0.0,0.0,0.0,0.0,0.0,64,0,64,DOS_SYN_Hping
T0206,53518,53,udp,dns,0.1028589999999999,2,2,2,2,19.44409,19.44409,38.888179,1.0,16,8,8,16,8,8,0,0,0,0,0,0,0,0,0,0,36.0,36.0,72.0,36.0,0.0,36.0,68.0,104.0,52.0,22.627417,36.0,68.0,176.0,44.0,16.0,194.072723,194.072723,194.072723,194.072723,0.0,101972.1031,101972.1031,101972.1031,101972.1031,0.0,194.072723,101972.1031,102859.0202,34286.34008,58618.12077,1711.07988,2.0,2.0,72.0,104.0,0.0,0.0,0.0,0.0,0.0,0.0,102859.0202,102859.0202,102859.0202,102859.0202,0.0,0.0,0.0,0.0,0.0,0.0,0,0,0,Thing_Speak
T0207,47662,49154,tcp,-,4e-06,1,1,0,0,246723.764706,246723.764706,493447.529412,1.0,40,40,40,20,20,20,0,1,1,0,0,1,0,0,0,0,0.0,0.0,0.0,0.0,0.0,0.0,0.0,0.0,0.0,0.0,0.0,0.0,0.0,0.0,0.0,0.0,0.0,0.0,0.0,0.0,0.0,0.0,0.0,0.0,0.0,4.053116,4.053116,4.053116,4.053116,0.0,0.0,1.0,1.0,0.0,0.0,0.0,0.0,0.0,0.0,0.0,0.0,4.053116,4.053116,4.053116,4.053116,0.0,0.0,0.0,0.0,0.0,0.0,64240,0,64240,NMAP_TCP_scan
T0208,49668,80,tcp,http,0.005416,4,3,2,0,738.563832,553.922874,1292.486705,0.75,136,32,40,104,32,40,0,2,0,2,0,6,0,0,0,0,0.0,168.0,187.0,46.75,81.328039,0.0,0.0,0.0,0.0,0.0,0.0,168.0,187.0,26.714286,62.70224399999999,10.967255,3710.985184000001,5382.776260000001,1794.258753,1853.614531,1688.957214,3709.077835,5398.035049,2699.017525,1428.44099,10.967255,3675.937653,5415.916443,902.65274,1505.048322,34527.859130000004,4.0,3.0,187.0,0.0,0.0,0.0,0.0,0.0,0.0,0.0,5415.916443,5415.916443,5415.916443,5415.916443,0.0,0.0,0.0,0.0,0.0,0.0,64240,65160,502,DDOS_Slowloris
T0209,35897,1883,tcp,mqtt,31.968343,9,5,3,3,0.281529,0.156405,0.437933,0.555556,296,32,40,168,32,40,0,2,1,3,3,13,0,0,0,0,0.0,33.0,76.0,8.444444,13.115935999999998,0.0,23.0,32.0,6.4,9.555103,0.0,33.0,108.0,7.714286,11.618477,252.962112,29852793.931961,31968343.019485,3996042.877436,10458715.283632,4144.191742,1630059.0038299996,1952376.127243,488094.031811,764805.745802,252.962112,29852793.931961,31968343.019485,2459103.309191,8240266.252957,3.378342,3.0,1.666667,25.333333,10.666667,0.0,0.0,0.0,0.0,0.0,0.0,2115549.087524,2115549.087524,2115549.087524,2115549.087524,0.0,29852793.931961,29852793.931961,29852793.931961,29852793.931961,0.0,64240,26847,502,MQTT_Publish
T0210,55136,80,tcp,http,30.706471,7,12,4,5,0.227965,0.390797,0.618762,1.714286,232,32,40,380,20,40,6,2,1,4,5,17,0,0,0,0,0.0,168.0,210.0,30.0,61.354163,0.0,482.0,2410.0,200.833333,248.19561,0.0,482.0,2620.0,137.89473700000002,214.634287,7.152557000000001,15998502.016067998,30706459.999084003,5117743.333180999,6979458.764761,121.116638,12720633.029938,30706457.138062,2791496.10346,4743482.487185,0.953674,12720633.029938,30706471.204758003,1705915.066931,3896143.245926,85.324034,1.4,2.4,42.0,482.0,0.0,0.0,0.0,0.0,0.0,0.0,0.953674,6350067.138672,6353075.265884,2117691.755295,3665344.908559,11632762.908936,12720633.029938,24353395.938873,12176697.969437,769240.3396109999,64240,65160,501,DDOS_Slowloris
T0211,50078,27482,udp,-,0.0,1,0,0,0,0.0,0.0,0.0,0.0,8,8,8,0,0,0,0,0,0,0,0,0,0,0,0,0,0.0,0.0,0.0,0.0,0.0,0.0,0.0,0.0,0.0,0.0,0.0,0.0,0.0,0.0,0.0,0.0,0.0,0.0,0.0,0.0,0.0,0.0,0.0,0.0,0.0,0.0,0.0,0.0,0.0,0.0,0.0,1.0,0.0,0.0,0.0,0.0,0.0,0.0,0.0,0.0,0.0,0.0,0.0,0.0,0.0,0.0,0.0,0.0,0.0,0.0,0.0,0,0,0,NMAP_UDP_SCAN
T0212,64177,111,udp,-,0.0,1,0,1,0,0.0,0.0,0.0,0.0,8,8,8,0,0,0,0,0,0,0,0,0,0,0,0,0,40.0,40.0,40.0,40.0,0.0,0.0,0.0,0.0,0.0,0.0,40.0,40.0,40.0,40.0,0.0,0.0,0.0,0.0,0.0,0.0,0.0,0.0,0.0,0.0,0.0,0.0,0.0,0.0,0.0,0.0,0.0,1.0,0.0,40.0,0.0,0.0,0.0,0.0,0.0,0.0,0.0,0.0,0.0,0.0,0.0,0.0,0.0,0.0,0.0,0.0,0.0,0,0,0,NMAP_UDP_SCAN
T0213,48513,53,udp,dns,0.053051,2,2,2,2,37.699576,37.699576,75.399152,1.0,16,8,8,16,8,8,0,0,0,0,0,0,0,0,0,0,32.0,32.0,64.0,32.0,0.0,32.0,64.0,96.0,48.0,22.627417,32.0,64.0,160.0,40.0,16.0,241.994858,241.994858,241.994858,241.994858,0.0,51815.98663,51815.98663,51815.98663,51815.98663,0.0,241.994858,51815.98663,53050.99487,17683.66496,29561.84271,3015.96606,2.0,2.0,64.0,96.0,0.0,0.0,0.0,0.0,0.0,0.0,53050.99487,53050.99487,53050.99487,53050.99487,0.0,0.0,0.0,0.0,0.0,0.0,0,0,0,Thing_Speak
T0214,44516,443,tcp,ssl,170.353305,21,15,11,8,0.123273,0.0880519999999999,0.211326,0.714286,680,32,40,488,32,40,2,2,0,11,8,35,0,0,0,0,0.0,864.0,2684.0,127.809524,282.28436400000004,0.0,762.0,1689.0,112.6,249.483409,0.0,864.0,4373.0,121.472222,265.496891,1.907349,58747859.00116,170353327.035904,8517666.351795,20768915.438375,0.953674,58740347.146988,170307348.012924,12164810.572352,24161600.967147,0.0,58692368.030548,170353327.035904,4867237.915312001,16098001.658439,25.67018,5.25,3.75,671.0,422.25,0.0,0.0,0.0,0.0,0.0,0.0,45260.906219,313686.847687,496370.077133,124092.519283,128056.35134,52710217.952728,58692368.030548,169856956.958771,56618985.652924,3387183.099586,64240,65535,501,ARP_poisioning
T0215,9982,21,tcp,-,1e-06,1,1,1,0,1048576.0,1048576.0,2097152.0,1.0,20,20,20,20,20,20,0,1,1,0,0,1,0,0,0,0,120.0,120.0,120.0,120.0,0.0,0.0,0.0,0.0,0.0,0.0,0.0,120.0,120.0,60.0,84.852814,0.0,0.0,0.0,0.0,0.0,0.0,0.0,0.0,0.0,0.0,0.953674,0.953674,0.953674,0.953674,0.0,125829120.0,1.0,1.0,120.0,0.0,0.0,0.0,0.0,0.0,0.0,0.0,0.953674,0.953674,0.953674,0.953674,0.0,0.0,0.0,0.0,0.0,0.0,64,0,64,DOS_SYN_Hping
T0216,56104,80,tcp,http,2.328824,8,5,2,1,3.43521,2.147006,5.582217,0.625,272,32,40,168,32,40,2,3,0,2,1,11,0,0,0,0,0.0,87.0,174.0,21.75,40.273174,0.0,148.0,148.0,29.6,66.187612,0.0,148.0,322.0,24.769231,49.215773,185.966492,1020911.931992,2328840.970993,332691.567285,401541.610928,631.093979,996362.924576,1307519.91272,326879.97818000003,460613.336927,16.927719,1020911.931992,2591192.960739,215932.74672800003,333811.046265,138.267209,4.0,2.5,87.0,74.0,0.0,0.0,0.0,0.0,0.0,0.0,2591192.960739,2591192.960739,2591192.960739,2591192.960739,0.0,0.0,0.0,0.0,0.0,0.0,64240,64768,501,ARP_poisioning
T0217,46600,7070,tcp,-,6e-06,1,1,0,0,167772.16,167772.16,335544.32,1.0,20,20,20,20,20,20,0,0,1,0,0,1,0,0,0,0,0.0,0.0,0.0,0.0,0.0,0.0,0.0,0.0,0.0,0.0,0.0,0.0,0.0,0.0,0.0,0.0,0.0,0.0,0.0,0.0,0.0,0.0,0.0,0.0,0.0,5.960464,5.960464,5.960464,5.960464,0.0,0.0,1.0,1.0,0.0,0.0,0.0,0.0,0.0,0.0,0.0,0.0,5.960464,5.960464,5.960464,5.960464,0.0,0.0,0.0,0.0,0.0,0.0,1024,0,1024,NMAP_OS_DETECTION
T0218,59247,3005,tcp,-,6e-06,1,1,0,0,161319.38461500002,161319.38461500002,322638.769231,1.0,20,20,20,20,20,20,1,0,1,1,0,1,1,0,0,0,0.0,0.0,0.0,0.0,0.0,0.0,0.0,0.0,0.0,0.0,0.0,0.0,0.0,0.0,0.0,0.0,0.0,0.0,0.0,0.0,0.0,0.0,0.0,0.0,0.0,6.198883,6.198883,6.198883,6.198883,0.0,0.0,1.0,1.0,0.0,0.0,0.0,0.0,0.0,0.0,0.0,0.0,6.198883,6.198883,6.198883,6.198883,0.0,0.0,0.0,0.0,0.0,0.0,1024,0,1024,NMAP_XMAS_TREE_SCAN
T0219,41448,5353,udp,dns,0.0,1,0,1,0,0.0,0.0,0.0,0.0,8,8,8,0,0,0,0,0,0,0,0,0,0,0,0,0,46.0,46.0,46.0,46.0,0.0,0.0,0.0,0.0,0.0,0.0,46.0,46.0,46.0,46.0,0.0,0.0,0.0,0.0,0.0,0.0,0.0,0.0,0.0,0.0,0.0,0.0,0.0,0.0,0.0,0.0,0.0,1.0,0.0,46.0,0.0,0.0,0.0,0.0,0.0,0.0,0.0,0.0,0.0,0.0,0.0,0.0,0.0,0.0,0.0,0.0,0.0,0,0,0,ARP_poisioning
T0220,47717,1883,tcp,mqtt,62.08944399999999,10,6,3,4,0.1610579999999999,0.096635,0.257693,0.6,328,32,40,200,32,40,0,2,1,3,4,15,0,0,0,0,0.0,33.0,78.0,7.8,12.934021,0.0,23.0,36.0,6.0,8.602325,0.0,33.0,114.0,7.125,11.218289,237.941742,59821860.074997,62089443.922043,6898827.102449001,19849886.297062,182.86705,1508049.0112299996,2016417.02652,403283.405304,630125.285826,182.86705,59821860.074997,62089443.922043,4139296.26147,15407506.745413,1.836061,3.333333,2.0,26.0,12.0,0.0,0.0,0.0,0.0,0.0,0.0,2267583.847046,2267583.847046,2267583.847046,2267583.847046,0.0,59821860.074997,59821860.074997,59821860.074997,59821860.074997,0.0,64240,26847,502,MQTT_Publish
T0221,50078,123,udp,ntp,0.0,1,0,1,0,0.0,0.0,0.0,0.0,8,8,8,0,0,0,0,0,0,0,0,0,0,0,0,0,48.0,48.0,48.0,48.0,0.0,0.0,0.0,0.0,0.0,0.0,48.0,48.0,48.0,48.0,0.0,0.0,0.0,0.0,0.0,0.0,0.0,0.0,0.0,0.0,0.0,0.0,0.0,0.0,0.0,0.0,0.0,1.0,0.0,48.0,0.0,0.0,0.0,0.0,0.0,0.0,0.0,0.0,0.0,0.0,0.0,0.0,0.0,0.0,0.0,0.0,0.0,0,0,0,NMAP_UDP_SCAN
T0222,51036,3369,tcp,-,1.9e-05,1,1,0,0,52428.8,52428.8,104857.6,1.0,20,20,20,20,20,20,0,0,1,0,0,1,0,0,0,0,0.0,0.0,0.0,0.0,0.0,0.0,0.0,0.0,0.0,0.0,0.0,0.0,0.0,0.0,0.0,0.0,0.0,0.0,0.0,0.0,0.0,0.0,0.0,0.0,0.0,19.073486,19.073486,19.073486,19.073486,0.0,0.0,1.0,1.0,0.0,0.0,0.0,0.0,0.0,0.0,0.0,0.0,19.073486,19.073486,19.073486,19.073486,0.0,0.0,0.0,0.0,0.0,0.0,1024,0,1024,NMAP_OS_DETECTION
T0223,51919,1883,tcp,mqtt,7.031772,9,5,3,3,1.2799049999999998,0.711058,1.990963,0.555556,296,32,40,168,32,40,0,2,1,3,3,13,0,0,0,0,0.0,33.0,76.0,8.444444,13.115935999999998,0.0,23.0,32.0,6.4,9.555103,0.0,33.0,108.0,7.714286,11.618477,293.970108,4732796.192169,7031772.136688001,878971.5170860002,1598346.067527,662.088394,1441953.897476,2014060.974121,503515.24353,639894.728617,293.970108,4732796.192169,7031772.136688001,540905.548976,1299217.927485,15.358859,3.0,1.666667,25.333333,10.666667,0.0,0.0,0.0,0.0,0.0,0.0,7031772.136688001,7031772.136688001,7031772.136688001,7031772.136688001,0.0,0.0,0.0,0.0,0.0,0.0,64240,26847,502,MQTT_Publish
T0224,50078,959,udp,-,0.0,1,0,0,0,0.0,0.0,0.0,0.0,8,8,8,0,0,0,0,0,0,0,0,0,0,0,0,0,0.0,0.0,0.0,0.0,0.0,0.0,0.0,0.0,0.0,0.0,0.0,0.0,0.0,0.0,0.0,0.0,0.0,0.0,0.0,0.0,0.0,0.0,0.0,0.0,0.0,0.0,0.0,0.0,0.0,0.0,0.0,1.0,0.0,0.0,0.0,0.0,0.0,0.0,0.0,0.0,0.0,0.0,0.0,0.0,0.0,0.0,0.0,0.0,0.0,0.0,0.0,0,0,0,NMAP_UDP_SCAN
T0225,36020,26,tcp,-,4e-06,1,1,0,0,246723.764706,246723.764706,493447.529412,1.0,40,40,40,20,20,20,0,1,1,0,0,1,0,0,0,0,0.0,0.0,0.0,0.0,0.0,0.0,0.0,0.0,0.0,0.0,0.0,0.0,0.0,0.0,0.0,0.0,0.0,0.0,0.0,0.0,0.0,0.0,0.0,0.0,0.0,4.053116,4.053116,4.053116,4.053116,0.0,0.0,1.0,1.0,0.0,0.0,0.0,0.0,0.0,0.0,0.0,0.0,4.053116,4.053116,4.053116,4.053116,0.0,0.0,0.0,0.0,0.0,0.0,64240,0,64240,NMAP_TCP_scan
T0226,42760,80,tcp,http,0.916197,7,5,2,1,7.640280000000001,5.457343,13.097622,0.714286,232,32,40,168,32,40,2,2,0,2,1,11,0,0,0,0,0.0,169.0,203.0,29.0,63.02116,0.0,539.0,539.0,107.8,241.048128,0.0,539.0,742.0,61.833333,157.929117,93.93692,319457.0541,918075.7999,153012.6333,166747.1547,42.200089,300712.8239,620762.825,155190.7063,166537.7755,42.200089,296561.9564,918075.7999,83461.43636,136497.0585,809.869649,7.0,5.0,203.0,539.0,0.0,0.0,0.0,0.0,0.0,0.0,918075.7999,918075.7999,918075.7999,918075.7999,0.0,0.0,0.0,0.0,0.0,0.0,64240,26847,501,Thing_Speak
T0227,55282,80,tcp,http,30.559441,8,7,4,1,0.261785,0.229062,0.490847,0.875,264,32,40,220,20,40,1,2,1,4,1,13,0,0,0,0,0.0,168.0,211.0,26.375,57.745594,0.0,482.0,482.0,68.85714300000001,182.178876,0.0,482.0,693.0,46.2,127.954903,10.01358,15751523.971558,30559432.029724,4365633.147103,6547805.171485,133.037567,15742022.037506,30559393.882751,5093232.313792,6856626.161648001,5.960464,15742022.037506,30559440.851212,2182817.203658,4989592.936152,22.677116,2.0,1.75,52.75,120.5,0.0,0.0,0.0,0.0,0.0,0.0,5.960464,3335655.927658,3338063.7168880003,1112687.9056290002,1925147.151588,11479355.096817,15742022.037506,27221377.134323,13610688.567162,3014160.699701,64240,65160,501,DDOS_Slowloris
T0228,52437,53,udp,dns,0.055125,2,2,2,2,36.28118,36.28118,72.562361,1.0,16,8,8,16,8,8,0,0,0,0,0,0,0,0,0,0,31.0,31.0,62.0,31.0,0.0,63.0,63.0,126.0,63.0,0.0,31.0,63.0,188.0,47.0,18.475209,20176.88751,20176.88751,20176.88751,20176.88751,0.0,20070.07599,20070.07599,20070.07599,20070.07599,0.0,14878.03459,20176.88751,55124.99809,18374.99936,3028.931188,3410.430957,2.0,2.0,62.0,126.0,0.0,0.0,0.0,0.0,0.0,0.0,55124.99809,55124.99809,55124.99809,55124.99809,0.0,0.0,0.0,0.0,0.0,0.0,0,0,0,Thing_Speak
T0229,59247,179,tcp,-,7.000000000000001e-06,1,1,0,0,144631.172414,144631.172414,289262.344828,1.0,20,20,20,20,20,20,1,0,1,1,0,1,1,0,0,0,0.0,0.0,0.0,0.0,0.0,0.0,0.0,0.0,0.0,0.0,0.0,0.0,0.0,0.0,0.0,0.0,0.0,0.0,0.0,0.0,0.0,0.0,0.0,0.0,0.0,6.914139,6.914139,6.914139,6.914139,0.0,0.0,1.0,1.0,0.0,0.0,0.0,0.0,0.0,0.0,0.0,0.0,6.914139,6.914139,6.914139,6.914139,0.0,0.0,0.0,0.0,0.0,0.0,1024,0,1024,NMAP_XMAS_TREE_SCAN
T0230,59392,25734,tcp,-,3e-06,1,1,0,0,322638.769231,322638.769231,645277.538462,1.0,40,40,40,20,20,20,0,1,1,0,0,1,0,0,0,0,0.0,0.0,0.0,0.0,0.0,0.0,0.0,0.0,0.0,0.0,0.0,0.0,0.0,0.0,0.0,0.0,0.0,0.0,0.0,0.0,0.0,0.0,0.0,0.0,0.0,3.099442,3.099442,3.099442,3.099442,0.0,0.0,1.0,1.0,0.0,0.0,0.0,0.0,0.0,0.0,0.0,0.0,3.099442,3.099442,3.099442,3.099442,0.0,0.0,0.0,0.0,0.0,0.0,64240,0,64240,NMAP_TCP_scan
T0231,59247,27355,tcp,-,5e-06,1,1,0,0,199728.761905,199728.761905,399457.52381,1.0,20,20,20,20,20,20,1,0,1,1,0,1,1,0,0,0,0.0,0.0,0.0,0.0,0.0,0.0,0.0,0.0,0.0,0.0,0.0,0.0,0.0,0.0,0.0,0.0,0.0,0.0,0.0,0.0,0.0,0.0,0.0,0.0,0.0,5.0067900000000005,5.0067900000000005,5.0067900000000005,5.0067900000000005,0.0,0.0,1.0,1.0,0.0,0.0,0.0,0.0,0.0,0.0,0.0,0.0,5.0067900000000005,5.0067900000000005,5.0067900000000005,5.0067900000000005,0.0,0.0,0.0,0.0,0.0,0.0,1024,0,1024,NMAP_XMAS_TREE_SCAN
T0232,60441,1883,tcp,mqtt,60.033473,10,6,3,4,0.166574,0.099944,0.266518,0.6,328,32,40,200,32,40,0,2,1,3,4,15,0,0,0,0,0.0,33.0,78.0,7.8,12.934021,0.0,23.0,36.0,6.0,8.602325,0.0,33.0,114.0,7.125,11.218289,242.948532,57808403.015137,60033473.014832,6670385.890537,19180342.34714,990.152359,1463395.833969,1972115.039825,394423.007965,610648.680914,43.869019,57808403.015137,60033473.014832,4002231.534322,14888296.106185,1.898941,3.333333,2.0,26.0,12.0,0.0,0.0,0.0,0.0,0.0,0.0,2225069.999695,2225069.999695,2225069.999695,2225069.999695,0.0,57808403.015137,57808403.015137,57808403.015137,57808403.015137,0.0,64240,26847,502,MQTT_Publish
T0233,51036,1433,tcp,-,5e-06,1,1,0,0,199728.761905,199728.761905,399457.52381,1.0,20,20,20,20,20,20,0,0,1,0,0,1,0,0,0,0,0.0,0.0,0.0,0.0,0.0,0.0,0.0,0.0,0.0,0.0,0.0,0.0,0.0,0.0,0.0,0.0,0.0,0.0,0.0,0.0,0.0,0.0,0.0,0.0,0.0,5.0067900000000005,5.0067900000000005,5.0067900000000005,5.0067900000000005,0.0,0.0,1.0,1.0,0.0,0.0,0.0,0.0,0.0,0.0,0.0,0.0,5.0067900000000005,5.0067900000000005,5.0067900000000005,5.0067900000000005,0.0,0.0,0.0,0.0,0.0,0.0,1024,0,1024,NMAP_OS_DETECTION
T0234,3636,21,tcp,-,1e-06,1,1,1,0,1048576.0,1048576.0,2097152.0,1.0,20,20,20,20,20,20,0,1,1,0,0,1,0,0,0,0,120.0,120.0,120.0,120.0,0.0,0.0,0.0,0.0,0.0,0.0,0.0,120.0,120.0,60.0,84.852814,0.0,0.0,0.0,0.0,0.0,0.0,0.0,0.0,0.0,0.0,0.953674,0.953674,0.953674,0.953674,0.0,125829120.0,1.0,1.0,120.0,0.0,0.0,0.0,0.0,0.0,0.0,0.0,0.953674,0.953674,0.953674,0.953674,0.0,0.0,0.0,0.0,0.0,0.0,64,0,64,DOS_SYN_Hping
T0235,44065,53,udp,dns,0.051733,2,2,2,2,38.66003,38.66003,77.32006,1.0,16,8,8,16,8,8,0,0,0,0,0,0,0,0,0,0,32.0,32.0,64.0,32.0,0.0,64.0,116.0,180.0,90.0,36.769553,32.0,116.0,244.0,61.0,39.648455,231.027603,231.027603,231.027603,231.027603,0.0,25576.11466,25576.11466,25576.11466,25576.11466,0.0,231.027603,25925.87471,51733.01697,17244.33899,14734.99767,4716.523688,2.0,2.0,64.0,180.0,0.0,0.0,0.0,0.0,0.0,0.0,51733.01697,51733.01697,51733.01697,51733.01697,0.0,0.0,0.0,0.0,0.0,0.0,0,0,0,Thing_Speak
T0236,38898,21,tcp,-,1e-06,1,1,1,0,1048576.0,1048576.0,2097152.0,1.0,20,20,20,20,20,20,0,1,1,0,0,1,0,0,0,0,120.0,120.0,120.0,120.0,0.0,0.0,0.0,0.0,0.0,0.0,0.0,120.0,120.0,60.0,84.852814,0.0,0.0,0.0,0.0,0.0,0.0,0.0,0.0,0.0,0.0,0.953674,0.953674,0.953674,0.953674,0.0,125829120.0,1.0,1.0,120.0,0.0,0.0,0.0,0.0,0.0,0.0,0.0,0.953674,0.953674,0.953674,0.953674,0.0,0.0,0.0,0.0,0.0,0.0,64,0,64,DOS_SYN_Hping
T0237,59247,3801,tcp,-,6e-06,1,1,0,0,167772.16,167772.16,335544.32,1.0,20,20,20,20,20,20,1,0,1,1,0,1,1,0,0,0,0.0,0.0,0.0,0.0,0.0,0.0,0.0,0.0,0.0,0.0,0.0,0.0,0.0,0.0,0.0,0.0,0.0,0.0,0.0,0.0,0.0,0.0,0.0,0.0,0.0,5.960464,5.960464,5.960464,5.960464,0.0,0.0,1.0,1.0,0.0,0.0,0.0,0.0,0.0,0.0,0.0,0.0,5.960464,5.960464,5.960464,5.960464,0.0,0.0,0.0,0.0,0.0,0.0,1024,0,1024,NMAP_XMAS_TREE_SCAN
T0238,64177,18156,udp,-,0.0,1,0,0,0,0.0,0.0,0.0,0.0,8,8,8,0,0,0,0,0,0,0,0,0,0,0,0,0,0.0,0.0,0.0,0.0,0.0,0.0,0.0,0.0,0.0,0.0,0.0,0.0,0.0,0.0,0.0,0.0,0.0,0.0,0.0,0.0,0.0,0.0,0.0,0.0,0.0,0.0,0.0,0.0,0.0,0.0,0.0,1.0,0.0,0.0,0.0,0.0,0.0,0.0,0.0,0.0,0.0,0.0,0.0,0.0,0.0,0.0,0.0,0.0,0.0,0.0,0.0,0,0,0,NMAP_UDP_SCAN
T0239,50079,5353,udp,-,0.0,1,0,1,0,0.0,0.0,0.0,0.0,8,8,8,0,0,0,0,0,0,0,0,0,0,0,0,0,30.0,30.0,30.0,30.0,0.0,0.0,0.0,0.0,0.0,0.0,30.0,30.0,30.0,30.0,0.0,0.0,0.0,0.0,0.0,0.0,0.0,0.0,0.0,0.0,0.0,0.0,0.0,0.0,0.0,0.0,0.0,1.0,0.0,30.0,0.0,0.0,0.0,0.0,0.0,0.0,0.0,0.0,0.0,0.0,0.0,0.0,0.0,0.0,0.0,0.0,0.0,0,0,0,NMAP_UDP_SCAN
T0240,43314,2106,tcp,-,1.9e-05,1,1,0,0,52428.8,52428.8,104857.6,1.0,40,40,40,20,20,20,0,1,1,0,0,1,0,0,0,0,0.0,0.0,0.0,0.0,0.0,0.0,0.0,0.0,0.0,0.0,0.0,0.0,0.0,0.0,0.0,0.0,0.0,0.0,0.0,0.0,0.0,0.0,0.0,0.0,0.0,19.073486,19.073486,19.073486,19.073486,0.0,0.0,1.0,1.0,0.0,0.0,0.0,0.0,0.0,0.0,0.0,0.0,19.073486,19.073486,19.073486,19.073486,0.0,0.0,0.0,0.0,0.0,0.0,64240,0,64240,NMAP_TCP_scan
T0241,49450,21,tcp,-,1e-06,1,1,1,0,1048576.0,1048576.0,2097152.0,1.0,20,20,20,20,20,20,0,1,1,0,0,1,0,0,0,0,120.0,120.0,120.0,120.0,0.0,0.0,0.0,0.0,0.0,0.0,0.0,120.0,120.0,60.0,84.852814,0.0,0.0,0.0,0.0,0.0,0.0,0.0,0.0,0.0,0.0,0.953674,0.953674,0.953674,0.953674,0.0,125829120.0,1.0,1.0,120.0,0.0,0.0,0.0,0.0,0.0,0.0,0.0,0.953674,0.953674,0.953674,0.953674,0.0,0.0,0.0,0.0,0.0,0.0,64,0,64,DOS_SYN_Hping
T0242,51036,9290,tcp,-,2e-06,1,1,0,0,524288.0,524288.0,1048576.0,1.0,20,20,20,20,20,20,0,0,1,0,0,1,0,0,0,0,0.0,0.0,0.0,0.0,0.0,0.0,0.0,0.0,0.0,0.0,0.0,0.0,0.0,0.0,0.0,0.0,0.0,0.0,0.0,0.0,0.0,0.0,0.0,0.0,0.0,1.907349,1.907349,1.907349,1.907349,0.0,0.0,1.0,1.0,0.0,0.0,0.0,0.0,0.0,0.0,0.0,0.0,1.907349,1.907349,1.907349,1.907349,0.0,0.0,0.0,0.0,0.0,0.0,1024,0,1024,NMAP_OS_DETECTION
T0243,59906,21,tcp,-,4e-06,1,1,1,0,246723.764706,246723.764706,493447.529412,1.0,20,20,20,20,20,20,0,1,1,0,0,1,0,0,0,0,120.0,120.0,120.0,120.0,0.0,0.0,0.0,0.0,0.0,0.0,0.0,120.0,120.0,60.0,84.852814,0.0,0.0,0.0,0.0,0.0,0.0,0.0,0.0,0.0,0.0,4.053116,4.053116,4.053116,4.053116,0.0,29606851.764706,1.0,1.0,120.0,0.0,0.0,0.0,0.0,0.0,0.0,0.0,4.053116,4.053116,4.053116,4.053116,0.0,0.0,0.0,0.0,0.0,0.0,64,0,64,DOS_SYN_Hping
T0244,17537,21,tcp,-,4e-06,1,1,1,0,246723.764706,246723.764706,493447.529412,1.0,20,20,20,20,20,20,0,1,1,0,0,1,0,0,0,0,120.0,120.0,120.0,120.0,0.0,0.0,0.0,0.0,0.0,0.0,0.0,120.0,120.0,60.0,84.852814,0.0,0.0,0.0,0.0,0.0,0.0,0.0,0.0,0.0,0.0,4.053116,4.053116,4.053116,4.053116,0.0,29606851.764706,1.0,1.0,120.0,0.0,0.0,0.0,0.0,0.0,0.0,0.0,4.053116,4.053116,4.053116,4.053116,0.0,0.0,0.0,0.0,0.0,0.0,64,0,64,DOS_SYN_Hping
T0245,36242,27353,tcp,-,6e-06,1,1,0,0,167772.16,167772.16,335544.32,1.0,20,20,20,20,20,20,1,0,1,1,0,1,1,0,0,0,0.0,0.0,0.0,0.0,0.0,0.0,0.0,0.0,0.0,0.0,0.0,0.0,0.0,0.0,0.0,0.0,0.0,0.0,0.0,0.0,0.0,0.0,0.0,0.0,0.0,5.960464,5.960464,5.960464,5.960464,0.0,0.0,1.0,1.0,0.0,0.0,0.0,0.0,0.0,0.0,0.0,0.0,5.960464,5.960464,5.960464,5.960464,0.0,0.0,0.0,0.0,0.0,0.0,1024,0,1024,NMAP_XMAS_TREE_SCAN
T0246,33684,53,udp,dns,0.000239,1,1,1,1,4185.932136,4185.932136,8371.864270999999,1.0,8,8,8,8,8,8,0,0,0,0,0,0,0,0,0,0,93.0,93.0,93.0,93.0,0.0,152.0,152.0,152.0,152.0,0.0,93.0,152.0,245.0,122.5,41.7193,0.0,0.0,0.0,0.0,0.0,0.0,0.0,0.0,0.0,0.0,238.895416,238.895416,238.895416,238.895416,0.0,1025553.373253,1.0,1.0,93.0,152.0,0.0,0.0,0.0,0.0,0.0,0.0,238.895416,238.895416,238.895416,238.895416,0.0,0.0,0.0,0.0,0.0,0.0,0,0,0,ARP_poisioning
T0247,3,0,icmp,-,0.0051979999999999,4,0,4,0,769.526465,0.0,769.526465,0.0,32,8,8,0,0,0,0,0,0,0,0,0,0,0,0,0,60.0,98.0,304.0,76.0,19.113695,0.0,0.0,0.0,0.0,0.0,60.0,98.0,304.0,76.0,19.113695,989.198685,2653.837204,5198.001862,1732.6672870000002,846.427001,0.0,0.0,0.0,0.0,0.0,989.198685,2653.837204,5198.001862,1732.6672870000002,846.427001,58484.011375,4.0,0.0,304.0,0.0,0.0,0.0,0.0,0.0,0.0,0.0,5198.001862,5198.001862,5198.001862,5198.001862,0.0,0.0,0.0,0.0,0.0,0.0,0,0,0,ARP_poisioning
T0248,58895,123,udp,ntp,0.240179,1,1,1,1,4.163564,4.163564,8.327129,1.0,8,8,8,8,8,8,0,0,0,0,0,0,0,0,0,0,48.0,48.0,48.0,48.0,0.0,48.0,48.0,48.0,48.0,0.0,48.0,48.0,96.0,48.0,0.0,0.0,0.0,0.0,0.0,0.0,0.0,0.0,0.0,0.0,0.0,240178.823471,240178.823471,240178.823471,240178.823471,0.0,399.702183,1.0,1.0,48.0,48.0,0.0,0.0,0.0,0.0,0.0,0.0,240178.823471,240178.823471,240178.823471,240178.823471,0.0,0.0,0.0,0.0,0.0,0.0,0,0,0,NMAP_UDP_SCAN
T0249,10289,21,tcp,-,5e-06,1,1,1,0,199728.761905,199728.761905,399457.52381,1.0,20,20,20,20,20,20,0,1,1,0,0,1,0,0,0,0,120.0,120.0,120.0,120.0,0.0,0.0,0.0,0.0,0.0,0.0,0.0,120.0,120.0,60.0,84.852814,0.0,0.0,0.0,0.0,0.0,0.0,0.0,0.0,0.0,0.0,5.0067900000000005,5.0067900000000005,5.0067900000000005,5.0067900000000005,0.0,23967451.428571,1.0,1.0,120.0,0.0,0.0,0.0,0.0,0.0,0.0,0.0,5.0067900000000005,5.0067900000000005,5.0067900000000005,5.0067900000000005,0.0,0.0,0.0,0.0,0.0,0.0,64,0,64,DOS_SYN_Hping
T0250,36242,5560,tcp,-,8e-06,1,1,0,0,127100.12121199998,127100.12121199998,254200.242424,1.0,20,20,20,20,20,20,1,0,1,1,0,1,1,0,0,0,0.0,0.0,0.0,0.0,0.0,0.0,0.0,0.0,0.0,0.0,0.0,0.0,0.0,0.0,0.0,0.0,0.0,0.0,0.0,0.0,0.0,0.0,0.0,0.0,0.0,7.867813000000001,7.867813000000001,7.867813000000001,7.867813000000001,0.0,0.0,1.0,1.0,0.0,0.0,0.0,0.0,0.0,0.0,0.0,0.0,7.867813000000001,7.867813000000001,7.867813000000001,7.867813000000001,0.0,0.0,0.0,0.0,0.0,0.0,1024,0,1024,NMAP_XMAS_TREE_SCAN
T0251,51451,1883,tcp,mqtt,62.015081,10,8,3,4,0.161251,0.129001,0.290252,0.8,328,32,40,264,32,40,0,2,1,3,4,17,0,0,0,0,0.0,33.0,78.0,7.8,12.934021,0.0,23.0,36.0,4.5,7.782764999999999,0.0,33.0,114.0,6.3333330000000005,10.786702,253.915787,47506442.785263,62015080.928802,6890564.547645,15525604.915004997,58.889389,9160165.071487,14311451.911926,2044493.130275,3356356.859452,58.889389,47506442.785263,62015080.928802,3647945.936988,11529864.26227,1.838263,2.0,1.6,15.6,7.2,0.0,0.0,0.0,0.0,0.0,0.0,54243.08776900001,5296013.1168370005,5350256.204605,2675128.102303,3706491.132974,9158381.938934,47506442.785263,56664824.724197,28332412.362099,27116173.869793,64240,26847,502,MQTT_Publish
T0252,36242,50002,tcp,-,7.000000000000001e-06,1,1,0,0,144631.172414,144631.172414,289262.344828,1.0,20,20,20,20,20,20,1,0,1,1,0,1,1,0,0,0,0.0,0.0,0.0,0.0,0.0,0.0,0.0,0.0,0.0,0.0,0.0,0.0,0.0,0.0,0.0,0.0,0.0,0.0,0.0,0.0,0.0,0.0,0.0,0.0,0.0,6.914139,6.914139,6.914139,6.914139,0.0,0.0,1.0,1.0,0.0,0.0,0.0,0.0,0.0,0.0,0.0,0.0,6.914139,6.914139,6.914139,6.914139,0.0,0.0,0.0,0.0,0.0,0.0,1024,0,1024,NMAP_XMAS_TREE_SCAN
T0253,41940,53,udp,dns,0.0202539999999999,2,2,2,2,98.745268,98.745268,197.490536,1.0,16,8,8,16,8,8,0,0,0,0,0,0,0,0,0,0,36.0,36.0,72.0,36.0,0.0,36.0,68.0,104.0,52.0,22.627417,36.0,68.0,176.0,44.0,16.0,1091.003418,1091.003418,1091.003418,1091.003418,0.0,18965.00588,18965.00588,18965.00588,18965.00588,0.0,198.125839,18965.00588,20254.13513,6751.378377,10586.72896,8689.583577,2.0,2.0,72.0,104.0,0.0,0.0,0.0,0.0,0.0,0.0,20254.13513,20254.13513,20254.13513,20254.13513,0.0,0.0,0.0,0.0,0.0,0.0,0,0,0,Thing_Speak
T0254,59247,5822,tcp,-,8e-06,1,1,0,0,123361.882353,123361.882353,246723.764706,1.0,20,20,20,20,20,20,1,0,1,1,0,1,1,0,0,0,0.0,0.0,0.0,0.0,0.0,0.0,0.0,0.0,0.0,0.0,0.0,0.0,0.0,0.0,0.0,0.0,0.0,0.0,0.0,0.0,0.0,0.0,0.0,0.0,0.0,8.106232,8.106232,8.106232,8.106232,0.0,0.0,1.0,1.0,0.0,0.0,0.0,0.0,0.0,0.0,0.0,0.0,8.106232,8.106232,8.106232,8.106232,0.0,0.0,0.0,0.0,0.0,0.0,1024,0,1024,NMAP_XMAS_TREE_SCAN
T0255,55250,80,tcp,http,30.586722,7,10,4,3,0.228857,0.326939,0.555797,1.4285709999999998,232,32,40,316,20,40,4,2,1,4,3,15,0,0,0,0,0.0,168.0,211.0,30.142857,61.300975,0.0,482.0,1446.0,144.6,232.82812,0.0,482.0,1657.0,97.470588,187.811447,9.059906,15444140.911102,30586717.128754,5097786.188126001,6756558.058969,136.852264,14732387.065887,30586709.976196,3398523.330688,5693543.900245,0.953674,14732387.065887,30586722.135544,1911670.133471,4505282.847446,54.173834,1.75,2.5,52.75,361.5,0.0,0.0,0.0,0.0,0.0,0.0,0.953674,4339087.009430001,4343461.990356,1447820.663452,2503911.059419,11510873.0793,14732387.065887,26243260.145187,13121630.072594,2277954.385603,64240,65160,501,DDOS_Slowloris
T0256,51036,3,tcp,-,2.9e-05,1,1,0,0,34379.540984,34379.540984,68759.08196699999,1.0,20,20,20,20,20,20,0,0,1,0,0,1,0,0,0,0,0.0,0.0,0.0,0.0,0.0,0.0,0.0,0.0,0.0,0.0,0.0,0.0,0.0,0.0,0.0,0.0,0.0,0.0,0.0,0.0,0.0,0.0,0.0,0.0,0.0,29.087067,29.087067,29.087067,29.087067,0.0,0.0,1.0,1.0,0.0,0.0,0.0,0.0,0.0,0.0,0.0,0.0,29.087067,29.087067,29.087067,29.087067,0.0,0.0,0.0,0.0,0.0,0.0,1024,0,1024,NMAP_OS_DETECTION
T0257,47499,1883,tcp,mqtt,62.057335,10,6,3,4,0.161141,0.096685,0.257826,0.6,328,32,40,200,32,40,0,2,1,3,4,15,0,0,0,0,0.0,33.0,78.0,7.8,12.934021,0.0,23.0,36.0,6.0,8.602325,0.0,33.0,114.0,7.125,11.218289,245.809555,59802258.01467901,62057334.899902,6895259.433322,19843565.05491,391.00647,1470711.946487,1994642.972946,398928.594589,612657.583463,245.809555,59802258.01467901,62057334.899902,4137155.659993,15402440.750424,1.837011,3.333333,2.0,26.0,12.0,0.0,0.0,0.0,0.0,0.0,0.0,2255076.885223,2255076.885223,2255076.885223,2255076.885223,0.0,59802258.01467901,59802258.01467901,59802258.01467901,59802258.01467901,0.0,64240,26847,502,MQTT_Publish
T0258,59247,15000,tcp,-,1e-06,1,1,0,0,1048576.0,1048576.0,2097152.0,1.0,20,20,20,20,20,20,1,0,1,1,0,1,1,0,0,0,0.0,0.0,0.0,0.0,0.0,0.0,0.0,0.0,0.0,0.0,0.0,0.0,0.0,0.0,0.0,0.0,0.0,0.0,0.0,0.0,0.0,0.0,0.0,0.0,0.0,0.953674,0.953674,0.953674,0.953674,0.0,0.0,1.0,1.0,0.0,0.0,0.0,0.0,0.0,0.0,0.0,0.0,0.953674,0.953674,0.953674,0.953674,0.0,0.0,0.0,0.0,0.0,0.0,1024,0,1024,NMAP_XMAS_TREE_SCAN
T0259,33158,21,tcp,-,4e-06,1,1,1,0,262144.0,262144.0,524288.0,1.0,20,20,20,20,20,20,0,1,1,0,0,1,0,0,0,0,120.0,120.0,120.0,120.0,0.0,0.0,0.0,0.0,0.0,0.0,0.0,120.0,120.0,60.0,84.852814,0.0,0.0,0.0,0.0,0.0,0.0,0.0,0.0,0.0,0.0,3.814697,3.814697,3.814697,3.814697,0.0,31457280.0,1.0,1.0,120.0,0.0,0.0,0.0,0.0,0.0,0.0,0.0,3.814697,3.814697,3.814697,3.814697,0.0,0.0,0.0,0.0,0.0,0.0,64,0,64,DOS_SYN_Hping
T0260,59921,53,udp,dns,0.067598,1,1,1,1,14.793314,14.793314,29.586628,1.0,8,8,8,8,8,8,0,0,0,0,0,0,0,0,0,0,42.0,42.0,42.0,42.0,0.0,170.0,170.0,170.0,170.0,0.0,42.0,170.0,212.0,106.0,90.509668,0.0,0.0,0.0,0.0,0.0,0.0,0.0,0.0,0.0,0.0,67598.10448,67598.10448,67598.10448,67598.10448,0.0,3136.1826140000003,1.0,1.0,42.0,170.0,0.0,0.0,0.0,0.0,0.0,0.0,67598.10448,67598.10448,67598.10448,67598.10448,0.0,0.0,0.0,0.0,0.0,0.0,0,0,0,Thing_Speak
T0261,60928,8888,tcp,-,0.0002109999999999,3,0,2,0,14217.979661,0.0,14217.979661,0.0,96,32,32,0,0,0,0,0,0,2,0,3,0,0,0,0,0.0,6.0,8.0,2.666667,3.05505,0.0,0.0,0.0,0.0,0.0,0.0,6.0,8.0,2.666667,3.05505,21.934509,189.065933,211.000443,105.500221,118.179763,0.0,0.0,0.0,0.0,0.0,21.934509,189.065933,211.000443,105.500221,118.179763,37914.612429,3.0,0.0,8.0,0.0,0.0,0.0,0.0,0.0,0.0,0.0,211.000443,211.000443,211.000443,211.000443,0.0,0.0,0.0,0.0,0.0,0.0,512,0,512,NMAP_TCP_scan
T0262,64177,24007,udp,-,0.0,1,0,0,0,0.0,0.0,0.0,0.0,8,8,8,0,0,0,0,0,0,0,0,0,0,0,0,0,0.0,0.0,0.0,0.0,0.0,0.0,0.0,0.0,0.0,0.0,0.0,0.0,0.0,0.0,0.0,0.0,0.0,0.0,0.0,0.0,0.0,0.0,0.0,0.0,0.0,0.0,0.0,0.0,0.0,0.0,0.0,1.0,0.0,0.0,0.0,0.0,0.0,0.0,0.0,0.0,0.0,0.0,0.0,0.0,0.0,0.0,0.0,0.0,0.0,0.0,0.0,0,0,0,NMAP_UDP_SCAN
T0263,36592,53,udp,dns,0.03007,2,2,2,2,66.511326,66.511326,133.022652,1.0,16,8,8,16,8,8,0,0,0,0,0,0,0,0,0,0,36.0,36.0,72.0,36.0,0.0,36.0,68.0,104.0,52.0,22.627417,36.0,68.0,176.0,44.0,16.0,232.934952,232.934952,232.934952,232.934952,0.0,28788.08975,28788.08975,28788.08975,28788.08975,0.0,232.934952,28788.08975,30070.06645,10023.35548,16255.85884,5852.99671,2.0,2.0,72.0,104.0,0.0,0.0,0.0,0.0,0.0,0.0,30070.06645,30070.06645,30070.06645,30070.06645,0.0,0.0,0.0,0.0,0.0,0.0,0,0,0,Thing_Speak
T0264,46600,2601,tcp,-,6e-06,1,1,0,0,167772.16,167772.16,335544.32,1.0,20,20,20,20,20,20,0,0,1,0,0,1,0,0,0,0,0.0,0.0,0.0,0.0,0.0,0.0,0.0,0.0,0.0,0.0,0.0,0.0,0.0,0.0,0.0,0.0,0.0,0.0,0.0,0.0,0.0,0.0,0.0,0.0,0.0,5.960464,5.960464,5.960464,5.960464,0.0,0.0,1.0,1.0,0.0,0.0,0.0,0.0,0.0,0.0,0.0,0.0,5.960464,5.960464,5.960464,5.960464,0.0,0.0,0.0,0.0,0.0,0.0,1024,0,1024,NMAP_OS_DETECTION
T0265,59247,7937,tcp,-,4.8e-05,1,1,0,0,20763.881188,20763.881188,41527.762376,1.0,20,20,20,20,20,20,1,0,1,1,0,1,1,0,0,0,0.0,0.0,0.0,0.0,0.0,0.0,0.0,0.0,0.0,0.0,0.0,0.0,0.0,0.0,0.0,0.0,0.0,0.0,0.0,0.0,0.0,0.0,0.0,0.0,0.0,48.160553,48.160553,48.160553,48.160553,0.0,0.0,1.0,1.0,0.0,0.0,0.0,0.0,0.0,0.0,0.0,0.0,48.160553,48.160553,48.160553,48.160553,0.0,0.0,0.0,0.0,0.0,0.0,1024,0,1024,NMAP_XMAS_TREE_SCAN
T0266,13758,21,tcp,-,1e-06,1,1,1,0,1048576.0,1048576.0,2097152.0,1.0,20,20,20,20,20,20,0,1,1,0,0,1,0,0,0,0,120.0,120.0,120.0,120.0,0.0,0.0,0.0,0.0,0.0,0.0,0.0,120.0,120.0,60.0,84.852814,0.0,0.0,0.0,0.0,0.0,0.0,0.0,0.0,0.0,0.0,0.953674,0.953674,0.953674,0.953674,0.0,125829120.0,1.0,1.0,120.0,0.0,0.0,0.0,0.0,0.0,0.0,0.0,0.953674,0.953674,0.953674,0.953674,0.0,0.0,0.0,0.0,0.0,0.0,64,0,64,DOS_SYN_Hping
T0267,44856,21,tcp,-,5e-06,1,1,1,0,199728.761905,199728.761905,399457.52381,1.0,20,20,20,20,20,20,0,1,1,0,0,1,0,0,0,0,120.0,120.0,120.0,120.0,0.0,0.0,0.0,0.0,0.0,0.0,0.0,120.0,120.0,60.0,84.852814,0.0,0.0,0.0,0.0,0.0,0.0,0.0,0.0,0.0,0.0,5.0067900000000005,5.0067900000000005,5.0067900000000005,5.0067900000000005,0.0,23967451.428571,1.0,1.0,120.0,0.0,0.0,0.0,0.0,0.0,0.0,0.0,5.0067900000000005,5.0067900000000005,5.0067900000000005,5.0067900000000005,0.0,0.0,0.0,0.0,0.0,0.0,64,0,64,DOS_SYN_Hping
T0268,39250,443,tcp,ssl,1.131783,16,14,3,10,14.136985999999998,12.369862,26.506848,0.875,496,20,40,456,32,40,2,2,2,3,7,27,0,0,0,0,0.0,517.0,674.0,42.125,130.5715,0.0,1352.0,5651.0,403.642857,571.20542,0.0,1352.0,6325.0,210.833333,434.430827,2.145767,283213.13858,1131785.8695979998,75452.391307,127838.178672,3.814697,290183.067322,850203.990936,65400.306995000006,124065.400061,0.953674,283176.183701,1131785.8695979998,39027.098952,98179.297297,5588.527087,16.0,14.0,674.0,5651.0,0.0,5450.0,0.0,7.0,0.0,4726831.430935,1131785.8695979998,1131785.8695979998,1131785.8695979998,1131785.8695979998,0.0,0.0,0.0,0.0,0.0,0.0,64240,26847,0,ARP_poisioning
T0269,64427,21,tcp,-,4e-06,1,1,1,0,246723.764706,246723.764706,493447.529412,1.0,20,20,20,20,20,20,0,1,1,0,0,1,0,0,0,0,120.0,120.0,120.0,120.0,0.0,0.0,0.0,0.0,0.0,0.0,0.0,120.0,120.0,60.0,84.852814,0.0,0.0,0.0,0.0,0.0,0.0,0.0,0.0,0.0,0.0,4.053116,4.053116,4.053116,4.053116,0.0,29606851.764706,1.0,1.0,120.0,0.0,0.0,0.0,0.0,0.0,0.0,0.0,4.053116,4.053116,4.053116,4.053116,0.0,0.0,0.0,0.0,0.0,0.0,64,0,64,DOS_SYN_Hping
T0270,50126,53,udp,dns,0.000124,2,2,2,2,16100.975047999998,16100.975047999998,32201.950096,1.0,16,8,8,16,8,8,0,0,0,0,0,0,0,0,0,0,54.0,54.0,108.0,54.0,0.0,70.0,82.0,152.0,76.0,8.485281,54.0,82.0,260.0,65.0,13.613719,6.198883,6.198883,6.198883,6.198883,0.0,50.067902,50.067902,50.067902,50.067902,0.0,6.198883,67.94929499999999,124.21608,41.40536,31.773544,2093126.756238,2.0,2.0,108.0,152.0,0.0,0.0,0.0,0.0,0.0,0.0,124.21608,124.21608,124.21608,124.21608,0.0,0.0,0.0,0.0,0.0,0.0,0,0,0,ARP_poisioning
T0271,51893,53,udp,dns,1.024937,2,2,2,2,1.951339,1.951339,3.902678,1.0,16,8,8,16,8,8,0,0,0,0,0,0,0,0,0,0,43.0,43.0,86.0,43.0,0.0,71.0,139.0,210.0,105.0,48.083261,43.0,139.0,296.0,74.0,45.299007,30.040741,30.040741,30.040741,30.040741,0.0,71727.03743,71727.03743,71727.03743,71727.03743,0.0,30.040741,953180.074692,1024937.152863,341645.717621,530816.180275,288.798195,2.0,2.0,86.0,210.0,0.0,0.0,0.0,0.0,0.0,0.0,1024937.152863,1024937.152863,1024937.152863,1024937.152863,0.0,0.0,0.0,0.0,0.0,0.0,0,0,0,ARP_poisioning
T0272,52701,53,udp,dns,0.094959,2,2,2,2,21.061717,21.061717,42.123434,1.0,16,8,8,16,8,8,0,0,0,0,0,0,0,0,0,0,44.0,44.0,88.0,44.0,0.0,163.0,259.0,422.0,211.0,67.882251,44.0,259.0,510.0,127.5,104.078496,4.053116,4.053116,4.053116,4.053116,0.0,355.958939,355.958939,355.958939,355.958939,0.0,4.053116,94599.00856,94959.020615,31653.006872,54513.120493,5370.737785,2.0,2.0,88.0,422.0,0.0,0.0,0.0,0.0,0.0,0.0,94959.020615,94959.020615,94959.020615,94959.020615,0.0,0.0,0.0,0.0,0.0,0.0,0,0,0,ARP_poisioning
T0273,34037,1883,tcp,mqtt,32.11487,9,5,3,3,0.280244,0.155691,0.435935,0.555556,296,32,40,168,32,40,0,2,1,3,3,13,0,0,0,0,0.0,33.0,75.0,8.333333,12.980755,0.0,22.0,31.0,6.2,9.121403,0.0,33.0,106.0,7.571428999999998,11.420052,270.12825,29790802.001953,32114870.071411,4014358.758926,10421907.993557,2960.920334,1473960.876465,2034054.994583,508513.748646,656613.457893,270.12825,29790802.001953,32114870.071411,2470374.620878,8215299.948263002,3.3006519999999995,3.0,1.666667,25.0,10.333333,0.0,0.0,0.0,0.0,0.0,0.0,2324068.0694580004,2324068.0694580004,2324068.0694580004,2324068.0694580004,0.0,29790802.001953,29790802.001953,29790802.001953,29790802.001953,0.0,64240,26847,502,MQTT_Publish
T0274,55102,80,tcp,http,30.748279,7,13,4,6,0.227655,0.422788,0.650443,1.857143,232,32,40,412,20,40,7,2,1,4,6,18,0,0,0,0,0.0,168.0,210.0,30.0,61.354163,0.0,482.0,2892.0,222.461538,250.097519,0.0,482.0,3102.0,155.1,222.629005,458.00209,18434845.924377,30748268.127441,5124711.354574,7986251.827149001,165.939331,11715588.092804,30748250.007629,2562354.167302,4379226.628823,7.867813000000001,11715588.092804,30748279.094696004,1618330.478668,3650916.461893,100.883695,1.4,2.6,42.0,578.4,0.0,0.0,0.0,0.0,0.0,0.0,7.867813000000001,7357161.998749001,7361094.95163,2453698.31721,4246524.566428,11671596.050262,11715588.092804,23387184.143066,11693592.071533,31107.071599000003,64240,65160,501,DDOS_Slowloris
T0275,51312,80,tcp,http,0.000181,8,0,2,0,44150.568421,0.0,44150.568421,0.0,260,20,40,0,0,0,1,2,1,2,0,6,0,0,0,0,0.0,126.0,212.0,26.5,50.219518,0.0,0.0,0.0,0.0,0.0,0.0,126.0,212.0,26.5,50.219518,5.960464,115.871429,181.19812,25.885446,40.69302,0.0,0.0,0.0,0.0,0.0,5.960464,115.871429,181.19812,25.885446,40.69302,1169990.063158,8.0,0.0,212.0,0.0,0.0,0.0,0.0,0.0,0.0,0.0,181.19812,181.19812,181.19812,181.19812,0.0,0.0,0.0,0.0,0.0,0.0,65476,0,0,DDOS_Slowloris
T0276,62366,6667,udp,-,17747.121108000007,3549,0,3549,0,0.199976,0.0,0.199976,0.0,28392,8,8,0,0,0,0,0,0,0,0,0,0,0,0,0,172.0,172.0,610428.0,172.0,0.0,0.0,0.0,0.0,0.0,0.0,172.0,172.0,610428.0,172.0,0.0,3909075.021744,5385733.127594002,17747121108.055115,5002007.076677999,28191.59986,0.0,0.0,0.0,0.0,0.0,3909075.021744,5385733.127594002,17747121108.055115,5002007.076677999,28191.59986,34.395889000000004,1.0,0.0,172.0,0.0,0.0,0.0,0.0,0.0,0.0,0.0,3909075.021744,9997605.085373,1146247301.578522,5117175.4534760015,872750.249579,5000010.967255,5385733.127594002,16600873806.476591,5004785.591341,14656.422863999998,0,0,0,Wipro_bulb
T0277,50651,21,tcp,-,2e-06,1,1,1,0,524288.0,524288.0,1048576.0,1.0,20,20,20,20,20,20,0,1,1,0,0,1,0,0,0,0,120.0,120.0,120.0,120.0,0.0,0.0,0.0,0.0,0.0,0.0,0.0,120.0,120.0,60.0,84.852814,0.0,0.0,0.0,0.0,0.0,0.0,0.0,0.0,0.0,0.0,1.907349,1.907349,1.907349,1.907349,0.0,62914560.0,1.0,1.0,120.0,0.0,0.0,0.0,0.0,0.0,0.0,0.0,1.907349,1.907349,1.907349,1.907349,0.0,0.0,0.0,0.0,0.0,0.0,64,0,64,DOS_SYN_Hping
T0278,57530,53,udp,dns,0.238013,2,2,2,2,8.402901,8.402901,16.805803,1.0,16,8,8,16,8,8,0,0,0,0,0,0,0,0,0,0,93.0,93.0,186.0,93.0,0.0,152.0,164.0,316.0,158.0,8.485281,93.0,164.0,502.0,125.5,37.84618,12.159348,12.159348,12.159348,12.159348,0.0,120.87822,120.87822,120.87822,120.87822,0.0,12.159348,237879.991531,238013.029099,79337.676366,137301.683269,2109.128235,2.0,2.0,186.0,316.0,0.0,0.0,0.0,0.0,0.0,0.0,238013.029099,238013.029099,238013.029099,238013.029099,0.0,0.0,0.0,0.0,0.0,0.0,0,0,0,ARP_poisioning
T0279,37298,631,tcp,-,4e-06,1,1,0,0,246723.764706,246723.764706,493447.529412,1.0,40,40,40,20,20,20,0,1,1,0,0,1,0,0,0,0,0.0,0.0,0.0,0.0,0.0,0.0,0.0,0.0,0.0,0.0,0.0,0.0,0.0,0.0,0.0,0.0,0.0,0.0,0.0,0.0,0.0,0.0,0.0,0.0,0.0,4.053116,4.053116,4.053116,4.053116,0.0,0.0,1.0,1.0,0.0,0.0,0.0,0.0,0.0,0.0,0.0,0.0,4.053116,4.053116,4.053116,4.053116,0.0,0.0,0.0,0.0,0.0,0.0,64240,0,64240,NMAP_TCP_scan
T0280,45162,3945,tcp,-,4e-06,1,1,0,0,246723.764706,246723.764706,493447.529412,1.0,40,40,40,20,20,20,0,1,1,0,0,1,0,0,0,0,0.0,0.0,0.0,0.0,0.0,0.0,0.0,0.0,0.0,0.0,0.0,0.0,0.0,0.0,0.0,0.0,0.0,0.0,0.0,0.0,0.0,0.0,0.0,0.0,0.0,4.053116,4.053116,4.053116,4.053116,0.0,0.0,1.0,1.0,0.0,0.0,0.0,0.0,0.0,0.0,0.0,0.0,4.053116,4.053116,4.053116,4.053116,0.0,0.0,0.0,0.0,0.0,0.0,64240,0,64240,NMAP_TCP_scan
T0281,59247,1099,tcp,-,7.000000000000001e-06,1,1,0,0,144631.172414,144631.172414,289262.344828,1.0,20,20,20,20,20,20,1,0,1,1,0,1,1,0,0,0,0.0,0.0,0.0,0.0,0.0,0.0,0.0,0.0,0.0,0.0,0.0,0.0,0.0,0.0,0.0,0.0,0.0,0.0,0.0,0.0,0.0,0.0,0.0,0.0,0.0,6.914139,6.914139,6.914139,6.914139,0.0,0.0,1.0,1.0,0.0,0.0,0.0,0.0,0.0,0.0,0.0,0.0,6.914139,6.914139,6.914139,6.914139,0.0,0.0,0.0,0.0,0.0,0.0,1024,0,1024,NMAP_XMAS_TREE_SCAN
T0282,60930,80,tcp,http,0.8700829999999999,7,5,2,1,8.045209,5.746578,13.791785999999998,0.714286,232,32,40,168,32,40,2,2,0,2,1,11,0,0,0,0,0.0,169.0,215.0,30.714286,63.34223000000001,0.0,538.0,538.0,107.6,240.600914,0.0,538.0,753.0,62.75,157.50043300000002,92.029572,309532.8808,872049.0932,145341.5155,159240.1268,183.105469,284342.0506,591335.0582,147833.7646,156393.1951,92.029572,278803.8254,872049.0932,79277.1903,128289.3295,865.434584,7.0,5.0,215.0,538.0,0.0,0.0,0.0,0.0,0.0,0.0,872049.0932,872049.0932,872049.0932,872049.0932,0.0,0.0,0.0,0.0,0.0,0.0,64240,26847,501,Thing_Speak
T0283,40217,1883,tcp,mqtt,15.045704,10,6,3,4,0.664642,0.398785,1.063426,0.6,328,32,40,200,32,40,0,2,1,3,4,15,0,0,0,0,0.0,33.0,78.0,7.8,12.934021,0.0,23.0,36.0,6.0,8.602325,0.0,33.0,114.0,7.125,11.218289,246.047974,12715205.907822,15045704.126358,1671744.902929,4160217.779056,70.095062,1547056.913376,2059215.068817,411843.013763,647245.089868,70.095062,12715205.907822,15045704.126358,1003046.941757,3256955.579790001,7.576914,3.333333,2.0,26.0,12.0,0.0,0.0,0.0,0.0,0.0,0.0,2330498.218536,2330498.218536,2330498.218536,2330498.218536,0.0,12715205.907822,12715205.907822,12715205.907822,12715205.907822,0.0,64240,26847,502,MQTT_Publish
T0284,36465,1883,tcp,mqtt,48.079791,10,6,3,4,0.207988,0.124793,0.33278,0.6,328,32,40,200,32,40,0,2,1,3,4,15,0,0,0,0,0.0,33.0,77.0,7.7,12.789318,0.0,22.0,35.0,5.8333330000000005,8.20772,0.0,33.0,112.0,7.0,11.021192,244.140625,45796676.874161,48079791.069031,5342199.007669998,15175448.720926998,932.216644,1524201.869965,2031073.093414,406214.618683,637372.50586,244.140625,45796676.874161,48079791.069031,3205319.404602,11787072.663615,2.329461,3.333333,2.0,25.666667,11.666667,0.0,0.0,0.0,0.0,0.0,0.0,2283114.19487,2283114.19487,2283114.19487,2283114.19487,0.0,45796676.874161,45796676.874161,45796676.874161,45796676.874161,0.0,64240,26847,502,MQTT_Publish
T0285,32998,21,tcp,-,4e-06,1,1,1,0,246723.764706,246723.764706,493447.529412,1.0,20,20,20,20,20,20,0,1,1,0,0,1,0,0,0,0,120.0,120.0,120.0,120.0,0.0,0.0,0.0,0.0,0.0,0.0,0.0,120.0,120.0,60.0,84.852814,0.0,0.0,0.0,0.0,0.0,0.0,0.0,0.0,0.0,0.0,4.053116,4.053116,4.053116,4.053116,0.0,29606851.764706,1.0,1.0,120.0,0.0,0.0,0.0,0.0,0.0,0.0,0.0,4.053116,4.053116,4.053116,4.053116,0.0,0.0,0.0,0.0,0.0,0.0,64,0,64,DOS_SYN_Hping
T0286,40853,1883,tcp,mqtt,15.01827,10,6,3,4,0.665856,0.399513,1.065369,0.6,328,32,40,200,32,40,0,2,1,3,4,15,0,0,0,0,0.0,33.0,78.0,7.8,12.934021,0.0,23.0,36.0,6.0,8.602325,0.0,33.0,114.0,7.125,11.218289,258.207321,12735018.014908,15018270.015717002,1668696.668413,4165415.253335,68.902969,1452160.12001,2006374.835968,401274.967194,603337.071012,68.902969,12735018.014908,15018270.015717002,1001218.001048,3260427.849427,7.590754,3.333333,2.0,26.0,12.0,0.0,0.0,0.0,0.0,0.0,0.0,2283252.000809,2283252.000809,2283252.000809,2283252.000809,0.0,12735018.014908,12735018.014908,12735018.014908,12735018.014908,0.0,64240,26847,502,MQTT_Publish
T0287,50078,28465,udp,-,0.0,1,0,0,0,0.0,0.0,0.0,0.0,8,8,8,0,0,0,0,0,0,0,0,0,0,0,0,0,0.0,0.0,0.0,0.0,0.0,0.0,0.0,0.0,0.0,0.0,0.0,0.0,0.0,0.0,0.0,0.0,0.0,0.0,0.0,0.0,0.0,0.0,0.0,0.0,0.0,0.0,0.0,0.0,0.0,0.0,0.0,1.0,0.0,0.0,0.0,0.0,0.0,0.0,0.0,0.0,0.0,0.0,0.0,0.0,0.0,0.0,0.0,0.0,0.0,0.0,0.0,0,0,0,NMAP_UDP_SCAN
T0288,46600,1052,tcp,-,6e-06,1,1,0,0,161319.38461500002,161319.38461500002,322638.769231,1.0,20,20,20,20,20,20,0,0,1,0,0,1,0,0,0,0,0.0,0.0,0.0,0.0,0.0,0.0,0.0,0.0,0.0,0.0,0.0,0.0,0.0,0.0,0.0,0.0,0.0,0.0,0.0,0.0,0.0,0.0,0.0,0.0,0.0,6.198883,6.198883,6.198883,6.198883,0.0,0.0,1.0,1.0,0.0,0.0,0.0,0.0,0.0,0.0,0.0,0.0,6.198883,6.198883,6.198883,6.198883,0.0,0.0,0.0,0.0,0.0,0.0,1024,0,1024,NMAP_OS_DETECTION
T0289,51674,80,tcp,http,0.000518,8,0,2,0,15441.52416,0.0,15441.52416,0.0,260,20,40,0,0,0,1,2,1,2,0,6,0,0,0,0,0.0,126.0,212.0,26.5,50.219518,0.0,0.0,0.0,0.0,0.0,0.0,126.0,212.0,26.5,50.219518,20.027161,326.871872,518.083572,74.011939,112.533305,0.0,0.0,0.0,0.0,0.0,20.027161,326.871872,518.083572,74.011939,112.533305,409200.390244,8.0,0.0,212.0,0.0,0.0,0.0,0.0,0.0,0.0,0.0,518.083572,518.083572,518.083572,518.083572,0.0,0.0,0.0,0.0,0.0,0.0,65476,0,0,NMAP_UDP_SCAN
T0290,35285,1883,tcp,mqtt,32.074138,9,5,3,3,0.2806,0.155889,0.436489,0.555556,296,32,40,168,32,40,0,2,1,3,3,13,0,0,0,0,0.0,33.0,76.0,8.444444,13.115935999999998,0.0,23.0,32.0,6.4,9.555103,0.0,33.0,108.0,7.714286,11.618477,518.083572,29795946.836472,32074137.926102,4009267.240763,10426684.113799,2654.075623,1499743.938446,2018791.913986,504697.978497,674213.740346,518.083572,29795946.836472,32074137.926102,2467241.3789310004,8218200.189261,3.367199,3.0,1.666667,25.333333,10.666667,0.0,0.0,0.0,0.0,0.0,0.0,2278191.08963,2278191.08963,2278191.08963,2278191.08963,0.0,29795946.836472,29795946.836472,29795946.836472,29795946.836472,0.0,64240,26847,502,MQTT_Publish
T0291,51036,2004,tcp,-,5e-06,1,1,0,0,199728.761905,199728.761905,399457.52381,1.0,20,20,20,20,20,20,0,0,1,0,0,1,0,0,0,0,0.0,0.0,0.0,0.0,0.0,0.0,0.0,0.0,0.0,0.0,0.0,0.0,0.0,0.0,0.0,0.0,0.0,0.0,0.0,0.0,0.0,0.0,0.0,0.0,0.0,5.0067900000000005,5.0067900000000005,5.0067900000000005,5.0067900000000005,0.0,0.0,1.0,1.0,0.0,0.0,0.0,0.0,0.0,0.0,0.0,0.0,5.0067900000000005,5.0067900000000005,5.0067900000000005,5.0067900000000005,0.0,0.0,0.0,0.0,0.0,0.0,1024,0,1024,NMAP_OS_DETECTION
T0292,47261,21,tcp,-,5e-06,1,1,1,0,199728.761905,199728.761905,399457.52381,1.0,20,20,20,20,20,20,0,1,1,0,0,1,0,0,0,0,120.0,120.0,120.0,120.0,0.0,0.0,0.0,0.0,0.0,0.0,0.0,120.0,120.0,60.0,84.852814,0.0,0.0,0.0,0.0,0.0,0.0,0.0,0.0,0.0,0.0,5.0067900000000005,5.0067900000000005,5.0067900000000005,5.0067900000000005,0.0,23967451.428571,1.0,1.0,120.0,0.0,0.0,0.0,0.0,0.0,0.0,0.0,5.0067900000000005,5.0067900000000005,5.0067900000000005,5.0067900000000005,0.0,0.0,0.0,0.0,0.0,0.0,64,0,64,DOS_SYN_Hping
T0293,51036,515,tcp,-,7.000000000000001e-06,1,1,0,0,144631.172414,144631.172414,289262.344828,1.0,20,20,20,20,20,20,0,0,1,0,0,1,0,0,0,0,0.0,0.0,0.0,0.0,0.0,0.0,0.0,0.0,0.0,0.0,0.0,0.0,0.0,0.0,0.0,0.0,0.0,0.0,0.0,0.0,0.0,0.0,0.0,0.0,0.0,6.914139,6.914139,6.914139,6.914139,0.0,0.0,1.0,1.0,0.0,0.0,0.0,0.0,0.0,0.0,0.0,0.0,6.914139,6.914139,6.914139,6.914139,0.0,0.0,0.0,0.0,0.0,0.0,1024,0,1024,NMAP_OS_DETECTION
T0294,50191,5353,udp,dns,0.0,1,0,1,0,0.0,0.0,0.0,0.0,8,8,8,0,0,0,0,0,0,0,0,0,0,0,0,0,43.0,43.0,43.0,43.0,0.0,0.0,0.0,0.0,0.0,0.0,43.0,43.0,43.0,43.0,0.0,0.0,0.0,0.0,0.0,0.0,0.0,0.0,0.0,0.0,0.0,0.0,0.0,0.0,0.0,0.0,0.0,1.0,0.0,43.0,0.0,0.0,0.0,0.0,0.0,0.0,0.0,0.0,0.0,0.0,0.0,0.0,0.0,0.0,0.0,0.0,0.0,0,0,0,ARP_poisioning
T0295,46600,2179,tcp,-,1e-06,1,1,0,0,1048576.0,1048576.0,2097152.0,1.0,20,20,20,20,20,20,0,0,1,0,0,1,0,0,0,0,0.0,0.0,0.0,0.0,0.0,0.0,0.0,0.0,0.0,0.0,0.0,0.0,0.0,0.0,0.0,0.0,0.0,0.0,0.0,0.0,0.0,0.0,0.0,0.0,0.0,0.953674,0.953674,0.953674,0.953674,0.0,0.0,1.0,1.0,0.0,0.0,0.0,0.0,0.0,0.0,0.0,0.0,0.953674,0.953674,0.953674,0.953674,0.0,0.0,0.0,0.0,0.0,0.0,1024,0,1024,NMAP_OS_DETECTION
T0296,39485,5353,udp,dns,0.0,1,0,1,0,0.0,0.0,0.0,0.0,8,8,8,0,0,0,0,0,0,0,0,0,0,0,0,0,47.0,47.0,47.0,47.0,0.0,0.0,0.0,0.0,0.0,0.0,47.0,47.0,47.0,47.0,0.0,0.0,0.0,0.0,0.0,0.0,0.0,0.0,0.0,0.0,0.0,0.0,0.0,0.0,0.0,0.0,0.0,1.0,0.0,47.0,0.0,0.0,0.0,0.0,0.0,0.0,0.0,0.0,0.0,0.0,0.0,0.0,0.0,0.0,0.0,0.0,0.0,0,0,0,ARP_poisioning
T0297,50078,539,udp,-,0.0,1,0,0,0,0.0,0.0,0.0,0.0,8,8,8,0,0,0,0,0,0,0,0,0,0,0,0,0,0.0,0.0,0.0,0.0,0.0,0.0,0.0,0.0,0.0,0.0,0.0,0.0,0.0,0.0,0.0,0.0,0.0,0.0,0.0,0.0,0.0,0.0,0.0,0.0,0.0,0.0,0.0,0.0,0.0,0.0,0.0,1.0,0.0,0.0,0.0,0.0,0.0,0.0,0.0,0.0,0.0,0.0,0.0,0.0,0.0,0.0,0.0,0.0,0.0,0.0,0.0,0,0,0,NMAP_UDP_SCAN
T0298,5777,21,tcp,-,4e-06,1,1,1,0,246723.764706,246723.764706,493447.529412,1.0,20,20,20,20,20,20,0,1,1,0,0,1,0,0,0,0,120.0,120.0,120.0,120.0,0.0,0.0,0.0,0.0,0.0,0.0,0.0,120.0,120.0,60.0,84.852814,0.0,0.0,0.0,0.0,0.0,0.0,0.0,0.0,0.0,0.0,4.053116,4.053116,4.053116,4.053116,0.0,29606851.764706,1.0,1.0,120.0,0.0,0.0,0.0,0.0,0.0,0.0,0.0,4.053116,4.053116,4.053116,4.053116,0.0,0.0,0.0,0.0,0.0,0.0,64,0,64,DOS_SYN_Hping
T0299,50079,22739,udp,-,0.0,1,0,0,0,0.0,0.0,0.0,0.0,8,8,8,0,0,0,0,0,0,0,0,0,0,0,0,0,0.0,0.0,0.0,0.0,0.0,0.0,0.0,0.0,0.0,0.0,0.0,0.0,0.0,0.0,0.0,0.0,0.0,0.0,0.0,0.0,0.0,0.0,0.0,0.0,0.0,0.0,0.0,0.0,0.0,0.0,0.0,1.0,0.0,0.0,0.0,0.0,0.0,0.0,0.0,0.0,0.0,0.0,0.0,0.0,0.0,0.0,0.0,0.0,0.0,0.0,0.0,0,0,0,NMAP_UDP_SCAN
T0300,46578,21,tcp,-,2e-06,1,1,1,0,466033.777778,466033.777778,932067.555556,1.0,20,20,20,20,20,20,0,1,1,0,0,1,0,0,0,0,120.0,120.0,120.0,120.0,0.0,0.0,0.0,0.0,0.0,0.0,0.0,120.0,120.0,60.0,84.852814,0.0,0.0,0.0,0.0,0.0,0.0,0.0,0.0,0.0,0.0,2.145767,2.145767,2.145767,2.145767,0.0,55924053.33333299,1.0,1.0,120.0,0.0,0.0,0.0,0.0,0.0,0.0,0.0,2.145767,2.145767,2.145767,2.145767,0.0,0.0,0.0,0.0,0.0,0.0,64,0,64,DOS_SYN_Hping
T0301,51445,21,tcp,-,0.0,1,0,1,0,0.0,0.0,0.0,0.0,20,20,20,0,0,0,0,1,0,0,0,0,0,0,0,0,120.0,120.0,120.0,120.0,0.0,0.0,0.0,0.0,0.0,0.0,120.0,120.0,120.0,120.0,0.0,0.0,0.0,0.0,0.0,0.0,0.0,0.0,0.0,0.0,0.0,0.0,0.0,0.0,0.0,0.0,0.0,1.0,0.0,120.0,0.0,0.0,0.0,0.0,0.0,0.0,0.0,0.0,0.0,0.0,0.0,0.0,0.0,0.0,0.0,0.0,0.0,64,0,64,DOS_SYN_Hping
T0302,42781,1883,tcp,mqtt,62.06044,10,6,3,4,0.161133,0.09668,0.257813,0.6,328,32,40,200,32,40,0,2,1,3,4,15,0,0,0,0,0.0,33.0,76.0,7.6,12.650867,0.0,21.0,34.0,5.666667,7.814516,0.0,33.0,110.0,6.875,10.831282,263.214111,59812265.872955,62060440.063477,6895604.451497,19847368.356888,182.86705,1489061.117172,1994913.816452,398982.76329,621910.016629,182.86705,59812265.872955,62060440.063477,4137362.670898,15405282.292714002,1.772466,3.333333,2.0,25.333333,11.333333,0.0,0.0,0.0,0.0,0.0,0.0,2248174.190521,2248174.190521,2248174.190521,2248174.190521,0.0,59812265.872955,59812265.872955,59812265.872955,59812265.872955,0.0,64240,26847,502,MQTT_Publish
T0303,45007,1883,tcp,mqtt,10.925774,9,5,3,3,0.8237399999999999,0.457633,1.281374,0.555556,296,32,40,168,32,40,0,2,1,3,3,13,0,0,0,0,0.0,33.0,74.0,8.222222,12.852799,0.0,21.0,30.0,6.0,8.689074,0.0,33.0,104.0,7.428571000000002,11.229866,267.982483,8862316.131592,10925774.097443,1365721.7621799998,3067028.452917,3709.077835,1613844.156265,1916257.143021,479064.285755,759629.573139,267.982483,8862316.131592,10925774.097443,840444.161342,2442377.973282,9.518776,3.0,1.666667,24.666667,10.0,0.0,0.0,0.0,0.0,0.0,0.0,2063457.965851,2063457.965851,2063457.965851,2063457.965851,0.0,8862316.131592,8862316.131592,8862316.131592,8862316.131592,0.0,64240,26847,502,MQTT_Publish
T0304,51458,80,tcp,http,0.0005139999999999,8,0,2,0,15563.280148,0.0,15563.280148,0.0,260,20,40,0,0,0,1,2,1,2,0,6,0,0,0,0,0.0,126.0,212.0,26.5,50.219518,0.0,0.0,0.0,0.0,0.0,0.0,126.0,212.0,26.5,50.219518,20.027161,322.818756,514.0304570000001,73.43292199999999,110.966455,0.0,0.0,0.0,0.0,0.0,20.027161,322.818756,514.0304570000001,73.43292199999999,110.966455,412426.923933,8.0,0.0,212.0,0.0,0.0,0.0,0.0,0.0,0.0,0.0,514.0304570000001,514.0304570000001,514.0304570000001,514.0304570000001,0.0,0.0,0.0,0.0,0.0,0.0,65476,0,0,DDOS_Slowloris
T0305,42442,8400,tcp,-,3e-06,1,1,0,0,322638.769231,322638.769231,645277.538462,1.0,40,40,40,20,20,20,0,1,1,0,0,1,0,0,0,0,0.0,0.0,0.0,0.0,0.0,0.0,0.0,0.0,0.0,0.0,0.0,0.0,0.0,0.0,0.0,0.0,0.0,0.0,0.0,0.0,0.0,0.0,0.0,0.0,0.0,3.099442,3.099442,3.099442,3.099442,0.0,0.0,1.0,1.0,0.0,0.0,0.0,0.0,0.0,0.0,0.0,0.0,3.099442,3.099442,3.099442,3.099442,0.0,0.0,0.0,0.0,0.0,0.0,64240,0,64240,NMAP_TCP_scan
T0306,55245,21,tcp,-,1e-06,1,1,1,0,1048576.0,1048576.0,2097152.0,1.0,20,20,20,20,20,20,0,1,1,0,0,1,0,0,0,0,120.0,120.0,120.0,120.0,0.0,0.0,0.0,0.0,0.0,0.0,0.0,120.0,120.0,60.0,84.852814,0.0,0.0,0.0,0.0,0.0,0.0,0.0,0.0,0.0,0.0,0.953674,0.953674,0.953674,0.953674,0.0,125829120.0,1.0,1.0,120.0,0.0,0.0,0.0,0.0,0.0,0.0,0.0,0.953674,0.953674,0.953674,0.953674,0.0,0.0,0.0,0.0,0.0,0.0,64,0,64,DOS_SYN_Hping
T0307,53828,53,udp,dns,0.000783,2,2,2,2,2554.387333,2554.387333,5108.774665,1.0,16,8,8,16,8,8,0,0,0,0,0,0,0,0,0,0,52.0,52.0,104.0,52.0,0.0,160.0,224.0,384.0,192.0,45.254834,52.0,224.0,488.0,122.0,84.94704200000001,468.969345,468.969345,468.969345,468.969345,0.0,355.958939,355.958939,355.958939,355.958939,0.0,41.96167,427.007675,782.9666139999999,260.988871,197.9205,623270.5091350001,2.0,2.0,104.0,384.0,0.0,0.0,0.0,0.0,0.0,0.0,782.9666139999999,782.9666139999999,782.9666139999999,782.9666139999999,0.0,0.0,0.0,0.0,0.0,0.0,0,0,0,ARP_poisioning
T0308,40323,1883,tcp,mqtt,62.050549,10,6,3,4,0.161159,0.096695,0.257854,0.6,328,32,40,200,32,40,0,2,1,3,4,15,0,0,0,0,0.0,33.0,78.0,7.8,12.934021,0.0,23.0,36.0,6.0,8.602325,0.0,33.0,114.0,7.125,11.218289,257.015228,59820328.950882,62050549.03030401,6894505.447811998,19850799.870070007,221.967697,1483793.973923,1982152.938843,396430.587769,620070.965254,221.967697,59820328.950882,62050549.03030401,4136703.268687001,15407682.197543,1.837212,3.333333,2.0,26.0,12.0,0.0,0.0,0.0,0.0,0.0,0.0,2230220.0794220003,2230220.0794220003,2230220.0794220003,2230220.0794220003,0.0,59820328.950882,59820328.950882,59820328.950882,59820328.950882,0.0,64240,26847,502,MQTT_Publish
T0309,38634,44442,tcp,-,1e-06,1,1,0,0,1048576.0,1048576.0,2097152.0,1.0,40,40,40,20,20,20,0,1,1,0,0,1,0,0,0,0,0.0,0.0,0.0,0.0,0.0,0.0,0.0,0.0,0.0,0.0,0.0,0.0,0.0,0.0,0.0,0.0,0.0,0.0,0.0,0.0,0.0,0.0,0.0,0.0,0.0,0.953674,0.953674,0.953674,0.953674,0.0,0.0,1.0,1.0,0.0,0.0,0.0,0.0,0.0,0.0,0.0,0.0,0.953674,0.953674,0.953674,0.953674,0.0,0.0,0.0,0.0,0.0,0.0,64240,0,64240,NMAP_TCP_scan
T0310,46600,3918,tcp,-,2.1e-05,1,1,0,0,47662.545455,47662.545455,95325.090909,1.0,20,20,20,20,20,20,0,0,1,0,0,1,0,0,0,0,0.0,0.0,0.0,0.0,0.0,0.0,0.0,0.0,0.0,0.0,0.0,0.0,0.0,0.0,0.0,0.0,0.0,0.0,0.0,0.0,0.0,0.0,0.0,0.0,0.0,20.980835,20.980835,20.980835,20.980835,0.0,0.0,1.0,1.0,0.0,0.0,0.0,0.0,0.0,0.0,0.0,0.0,20.980835,20.980835,20.980835,20.980835,0.0,0.0,0.0,0.0,0.0,0.0,1024,0,1024,NMAP_OS_DETECTION
T0311,34878,53,udp,dns,0.019232,2,2,2,2,103.993157,103.993157,207.986314,1.0,16,8,8,16,8,8,0,0,0,0,0,0,0,0,0,0,36.0,36.0,72.0,36.0,0.0,36.0,68.0,104.0,52.0,22.627417,36.0,68.0,176.0,44.0,16.0,1080.9898380000002,1080.9898380000002,1080.9898380000002,1080.9898380000002,0.0,17956.01845,17956.01845,17956.01845,17956.01845,0.0,195.026398,17956.01845,19232.03468,6410.678228,10008.36617,9151.397806,2.0,2.0,72.0,104.0,0.0,0.0,0.0,0.0,0.0,0.0,19232.03468,19232.03468,19232.03468,19232.03468,0.0,0.0,0.0,0.0,0.0,0.0,0,0,0,Thing_Speak
T0312,51872,123,udp,ntp,0.016249,1,1,1,1,61.542471,61.542471,123.084941,1.0,8,8,8,8,8,8,0,0,0,0,0,0,0,0,0,0,48.0,48.0,48.0,48.0,0.0,48.0,48.0,48.0,48.0,0.0,48.0,48.0,96.0,48.0,0.0,0.0,0.0,0.0,0.0,0.0,0.0,0.0,0.0,0.0,0.0,16248.94142,16248.94142,16248.94142,16248.94142,0.0,5908.077179,1.0,1.0,48.0,48.0,0.0,0.0,0.0,0.0,0.0,0.0,16248.94142,16248.94142,16248.94142,16248.94142,0.0,0.0,0.0,0.0,0.0,0.0,0,0,0,Thing_Speak
T0313,46600,9040,tcp,-,6e-06,1,1,0,0,167772.16,167772.16,335544.32,1.0,20,20,20,20,20,20,0,0,1,0,0,1,0,0,0,0,0.0,0.0,0.0,0.0,0.0,0.0,0.0,0.0,0.0,0.0,0.0,0.0,0.0,0.0,0.0,0.0,0.0,0.0,0.0,0.0,0.0,0.0,0.0,0.0,0.0,5.960464,5.960464,5.960464,5.960464,0.0,0.0,1.0,1.0,0.0,0.0,0.0,0.0,0.0,0.0,0.0,0.0,5.960464,5.960464,5.960464,5.960464,0.0,0.0,0.0,0.0,0.0,0.0,1024,0,1024,NMAP_OS_DETECTION
T0314,4936,21,tcp,-,4e-06,1,1,1,0,246723.764706,246723.764706,493447.529412,1.0,20,20,20,20,20,20,0,1,1,0,0,1,0,0,0,0,120.0,120.0,120.0,120.0,0.0,0.0,0.0,0.0,0.0,0.0,0.0,120.0,120.0,60.0,84.852814,0.0,0.0,0.0,0.0,0.0,0.0,0.0,0.0,0.0,0.0,4.053116,4.053116,4.053116,4.053116,0.0,29606851.764706,1.0,1.0,120.0,0.0,0.0,0.0,0.0,0.0,0.0,0.0,4.053116,4.053116,4.053116,4.053116,0.0,0.0,0.0,0.0,0.0,0.0,64,0,64,DOS_SYN_Hping
T0315,60069,1883,tcp,mqtt,7.108746000000001,10,6,3,4,1.406718,0.844031,2.2507490000000003,0.6,328,32,40,200,32,40,0,2,1,3,4,15,0,0,0,0,0.0,33.0,78.0,7.8,12.934021,0.0,23.0,36.0,6.0,8.602325,0.0,33.0,114.0,7.125,11.218289,255.10788,4731082.916259998,7108745.81337,789860.64593,1513984.021862,1051.902771,1412506.103516,2103868.00766,420773.601532,579771.586196,255.10788,4731082.916259998,7108745.81337,473916.387558,1209056.529106,16.036584,3.333333,2.0,26.0,12.0,0.0,0.0,0.0,0.0,0.0,0.0,7108745.81337,7108745.81337,7108745.81337,7108745.81337,0.0,0.0,0.0,0.0,0.0,0.0,64240,26847,502,MQTT_Publish
T0316,36242,2602,tcp,-,7.000000000000001e-06,1,1,0,0,144631.172414,144631.172414,289262.344828,1.0,20,20,20,20,20,20,1,0,1,1,0,1,1,0,0,0,0.0,0.0,0.0,0.0,0.0,0.0,0.0,0.0,0.0,0.0,0.0,0.0,0.0,0.0,0.0,0.0,0.0,0.0,0.0,0.0,0.0,0.0,0.0,0.0,0.0,6.914139,6.914139,6.914139,6.914139,0.0,0.0,1.0,1.0,0.0,0.0,0.0,0.0,0.0,0.0,0.0,0.0,6.914139,6.914139,6.914139,6.914139,0.0,0.0,0.0,0.0,0.0,0.0,1024,0,1024,NMAP_XMAS_TREE_SCAN
T0317,51036,1088,tcp,-,5e-06,1,1,0,0,199728.761905,199728.761905,399457.52381,1.0,20,20,20,20,20,20,0,0,1,0,0,1,0,0,0,0,0.0,0.0,0.0,0.0,0.0,0.0,0.0,0.0,0.0,0.0,0.0,0.0,0.0,0.0,0.0,0.0,0.0,0.0,0.0,0.0,0.0,0.0,0.0,0.0,0.0,5.0067900000000005,5.0067900000000005,5.0067900000000005,5.0067900000000005,0.0,0.0,1.0,1.0,0.0,0.0,0.0,0.0,0.0,0.0,0.0,0.0,5.0067900000000005,5.0067900000000005,5.0067900000000005,5.0067900000000005,0.0,0.0,0.0,0.0,0.0,0.0,1024,0,1024,NMAP_OS_DETECTION
T0318,59247,3031,tcp,-,6e-06,1,1,0,0,167772.16,167772.16,335544.32,1.0,20,20,20,20,20,20,1,0,1,1,0,1,1,0,0,0,0.0,0.0,0.0,0.0,0.0,0.0,0.0,0.0,0.0,0.0,0.0,0.0,0.0,0.0,0.0,0.0,0.0,0.0,0.0,0.0,0.0,0.0,0.0,0.0,0.0,5.960464,5.960464,5.960464,5.960464,0.0,0.0,1.0,1.0,0.0,0.0,0.0,0.0,0.0,0.0,0.0,0.0,5.960464,5.960464,5.960464,5.960464,0.0,0.0,0.0,0.0,0.0,0.0,1024,0,1024,NMAP_XMAS_TREE_SCAN
T0319,49584,80,tcp,http,21.204274,5,4,3,0,0.235802,0.188641,0.424443,0.8,168,32,40,136,32,40,0,2,0,3,0,8,0,0,0,0,0.0,168.0,198.0,39.6,72.255104,0.0,0.0,0.0,0.0,0.0,0.0,168.0,198.0,22.0,55.19057900000001,31.948090000000004,21198513.98468,21204268.932343,5301067.233086,10598297.922962,2521.99173,21198498.010635,21204255.104065,7068085.034688001,12237296.60833,5.0067900000000005,21198493.003845003,21204273.939133,2650534.242392,7494507.206267999,9.33774,2.5,2.0,99.0,0.0,0.0,0.0,0.0,0.0,0.0,0.0,5.0067900000000005,5775.928497,5780.935286999999,2890.4676440000003,4080.657873,21198493.003845003,21198493.003845003,21198493.003845003,21198493.003845003,0.0,64240,65160,502,DDOS_Slowloris
T0320,33996,27352,tcp,-,3e-06,1,1,0,0,322638.769231,322638.769231,645277.538462,1.0,40,40,40,20,20,20,0,1,1,0,0,1,0,0,0,0,0.0,0.0,0.0,0.0,0.0,0.0,0.0,0.0,0.0,0.0,0.0,0.0,0.0,0.0,0.0,0.0,0.0,0.0,0.0,0.0,0.0,0.0,0.0,0.0,0.0,3.099442,3.099442,3.099442,3.099442,0.0,0.0,1.0,1.0,0.0,0.0,0.0,0.0,0.0,0.0,0.0,0.0,3.099442,3.099442,3.099442,3.099442,0.0,0.0,0.0,0.0,0.0,0.0,64240,0,64240,NMAP_TCP_scan
T0321,56081,443,tcp,ssl,0.640534,11,11,5,4,17.173173000000002,17.173173000000002,34.346346000000004,1.0,224,20,24,224,20,24,2,2,2,5,4,21,0,0,0,0,0.0,357.0,808.0,73.454545,117.243647,0.0,405.0,717.0,65.181818,123.869139,0.0,405.0,1525.0,69.318182,117.771525,247.001648,109066.009521,714936.01799,71493.601799,48772.76747,52.928925,108219.861984,620623.826981,62062.382698,51831.211358,52.928925,86241.960526,714936.01799,34044.572285,34919.388152,2380.82628,11.0,11.0,808.0,717.0,0.0,0.0,0.0,0.0,0.0,0.0,714936.01799,714936.01799,714936.01799,714936.01799,0.0,0.0,0.0,0.0,0.0,0.0,4380,65535,4380,Wipro_bulb
T0322,36242,2161,tcp,-,7.000000000000001e-06,1,1,0,0,139810.133333,139810.133333,279620.266667,1.0,20,20,20,20,20,20,1,0,1,1,0,1,1,0,0,0,0.0,0.0,0.0,0.0,0.0,0.0,0.0,0.0,0.0,0.0,0.0,0.0,0.0,0.0,0.0,0.0,0.0,0.0,0.0,0.0,0.0,0.0,0.0,0.0,0.0,7.152557000000001,7.152557000000001,7.152557000000001,7.152557000000001,0.0,0.0,1.0,1.0,0.0,0.0,0.0,0.0,0.0,0.0,0.0,0.0,7.152557000000001,7.152557000000001,7.152557000000001,7.152557000000001,0.0,0.0,0.0,0.0,0.0,0.0,1024,0,1024,NMAP_XMAS_TREE_SCAN
T0323,46600,61900,tcp,-,4e-06,1,1,0,0,246723.764706,246723.764706,493447.529412,1.0,20,20,20,20,20,20,0,0,1,0,0,1,0,0,0,0,0.0,0.0,0.0,0.0,0.0,0.0,0.0,0.0,0.0,0.0,0.0,0.0,0.0,0.0,0.0,0.0,0.0,0.0,0.0,0.0,0.0,0.0,0.0,0.0,0.0,4.053116,4.053116,4.053116,4.053116,0.0,0.0,1.0,1.0,0.0,0.0,0.0,0.0,0.0,0.0,0.0,0.0,4.053116,4.053116,4.053116,4.053116,0.0,0.0,0.0,0.0,0.0,0.0,1024,0,1024,NMAP_OS_DETECTION
T0324,48970,32781,tcp,-,1e-05,1,1,0,0,99864.380952,99864.380952,199728.761905,1.0,40,40,40,20,20,20,0,1,1,0,0,1,0,0,0,0,0.0,0.0,0.0,0.0,0.0,0.0,0.0,0.0,0.0,0.0,0.0,0.0,0.0,0.0,0.0,0.0,0.0,0.0,0.0,0.0,0.0,0.0,0.0,0.0,0.0,10.01358,10.01358,10.01358,10.01358,0.0,0.0,1.0,1.0,0.0,0.0,0.0,0.0,0.0,0.0,0.0,0.0,10.01358,10.01358,10.01358,10.01358,0.0,0.0,0.0,0.0,0.0,0.0,64240,0,64240,NMAP_TCP_scan
T0325,64178,18113,udp,-,0.0,1,0,0,0,0.0,0.0,0.0,0.0,8,8,8,0,0,0,0,0,0,0,0,0,0,0,0,0,0.0,0.0,0.0,0.0,0.0,0.0,0.0,0.0,0.0,0.0,0.0,0.0,0.0,0.0,0.0,0.0,0.0,0.0,0.0,0.0,0.0,0.0,0.0,0.0,0.0,0.0,0.0,0.0,0.0,0.0,0.0,1.0,0.0,0.0,0.0,0.0,0.0,0.0,0.0,0.0,0.0,0.0,0.0,0.0,0.0,0.0,0.0,0.0,0.0,0.0,0.0,0,0,0,NMAP_UDP_SCAN
T0326,32943,5353,udp,dns,0.0,1,0,1,0,0.0,0.0,0.0,0.0,8,8,8,0,0,0,0,0,0,0,0,0,0,0,0,0,43.0,43.0,43.0,43.0,0.0,0.0,0.0,0.0,0.0,0.0,43.0,43.0,43.0,43.0,0.0,0.0,0.0,0.0,0.0,0.0,0.0,0.0,0.0,0.0,0.0,0.0,0.0,0.0,0.0,0.0,0.0,1.0,0.0,43.0,0.0,0.0,0.0,0.0,0.0,0.0,0.0,0.0,0.0,0.0,0.0,0.0,0.0,0.0,0.0,0.0,0.0,0,0,0,ARP_poisioning
T0327,49860,80,tcp,http,0.01299,4,3,2,0,307.929227,230.94692,538.876147,0.75,136,32,40,104,32,40,0,2,0,2,0,6,0,0,0,0,0.0,168.0,189.0,47.25,81.106412,0.0,0.0,0.0,0.0,0.0,0.0,168.0,189.0,27.0,62.665780000000005,4.053116,8612.87117,12974.023819,4324.6746060000005,4304.500622,4358.053207,8626.937866,12984.991074,6492.495537,3018.55729,4.053116,8607.864379999999,12989.997864,2164.999644,3600.726653,14549.655972,4.0,3.0,189.0,0.0,0.0,0.0,0.0,0.0,0.0,0.0,12989.997864,12989.997864,12989.997864,12989.997864,0.0,0.0,0.0,0.0,0.0,0.0,64240,65160,502,DDOS_Slowloris
T0328,11964,21,tcp,-,4e-06,1,1,1,0,246723.764706,246723.764706,493447.529412,1.0,20,20,20,20,20,20,0,1,1,0,0,1,0,0,0,0,120.0,120.0,120.0,120.0,0.0,0.0,0.0,0.0,0.0,0.0,0.0,120.0,120.0,60.0,84.852814,0.0,0.0,0.0,0.0,0.0,0.0,0.0,0.0,0.0,0.0,4.053116,4.053116,4.053116,4.053116,0.0,29606851.764706,1.0,1.0,120.0,0.0,0.0,0.0,0.0,0.0,0.0,0.0,4.053116,4.053116,4.053116,4.053116,0.0,0.0,0.0,0.0,0.0,0.0,64,0,64,DOS_SYN_Hping
T0329,25864,21,tcp,-,3e-06,1,1,1,0,322638.769231,322638.769231,645277.538462,1.0,20,20,20,20,20,20,0,1,1,0,0,1,0,0,0,0,120.0,120.0,120.0,120.0,0.0,0.0,0.0,0.0,0.0,0.0,0.0,120.0,120.0,60.0,84.852814,0.0,0.0,0.0,0.0,0.0,0.0,0.0,0.0,0.0,0.0,3.099442,3.099442,3.099442,3.099442,0.0,38716652.307692,1.0,1.0,120.0,0.0,0.0,0.0,0.0,0.0,0.0,0.0,3.099442,3.099442,3.099442,3.099442,0.0,0.0,0.0,0.0,0.0,0.0,64,0,64,DOS_SYN_Hping
T0330,47559,1883,tcp,mqtt,31.992297,9,5,3,3,0.281318,0.156288,0.437605,0.555556,296,32,40,168,32,40,0,2,1,3,3,13,0,0,0,0,0.0,33.0,74.0,8.222222,12.852799,0.0,21.0,30.0,6.0,8.689074,0.0,33.0,104.0,7.428571000000002,11.229866,256.061554,29873574.018478,31992296.934128,3999037.116766,10465880.446267,4878.997803,1621941.0896299996,1930549.144745,482637.286186,762700.641278,256.061554,29873574.018478,31992296.934128,2460945.91801,8245945.596953998,3.250783,3.0,1.666667,24.666667,10.0,0.0,0.0,0.0,0.0,0.0,0.0,2118722.915649,2118722.915649,2118722.915649,2118722.915649,0.0,29873574.018478,29873574.018478,29873574.018478,29873574.018478,0.0,64240,26847,502,MQTT_Publish
T0331,18569,53,udp,dns,0.031287,1,1,1,1,31.962203,31.962203,63.92440600000001,1.0,8,8,8,8,8,8,0,0,0,0,0,0,0,0,0,0,31.0,31.0,31.0,31.0,0.0,153.0,153.0,153.0,153.0,0.0,31.0,153.0,184.0,92.0,86.267027,0.0,0.0,0.0,0.0,0.0,0.0,0.0,0.0,0.0,0.0,31286.95488,31286.95488,31286.95488,31286.95488,0.0,5881.045334,1.0,1.0,31.0,153.0,0.0,0.0,0.0,0.0,0.0,0.0,31286.95488,31286.95488,31286.95488,31286.95488,0.0,0.0,0.0,0.0,0.0,0.0,0,0,0,Wipro_bulb
T0332,35069,1883,tcp,mqtt,62.005781000000006,10,6,3,4,0.161275,0.096765,0.25804,0.6,328,32,40,200,32,40,0,2,1,3,4,15,0,0,0,0,0.0,33.0,78.0,7.8,12.934021,0.0,23.0,36.0,6.0,8.602325,0.0,33.0,114.0,7.125,11.218289,252.008438,59867815.971375,62005780.935287,6889531.215032001,19871956.524187,3859.996796,1608006.954193,1962589.979172,392517.995834,684748.320096,252.008438,59867815.971375,62005780.935287,4133718.729019,15422689.508896,1.838538,3.333333,2.0,26.0,12.0,0.0,0.0,0.0,0.0,0.0,0.0,2137964.963913,2137964.963913,2137964.963913,2137964.963913,0.0,59867815.971375,59867815.971375,59867815.971375,59867815.971375,0.0,64240,26847,502,MQTT_Publish
T0333,59247,65000,tcp,-,6e-06,1,1,0,0,167772.16,167772.16,335544.32,1.0,20,20,20,20,20,20,1,0,1,1,0,1,1,0,0,0,0.0,0.0,0.0,0.0,0.0,0.0,0.0,0.0,0.0,0.0,0.0,0.0,0.0,0.0,0.0,0.0,0.0,0.0,0.0,0.0,0.0,0.0,0.0,0.0,0.0,5.960464,5.960464,5.960464,5.960464,0.0,0.0,1.0,1.0,0.0,0.0,0.0,0.0,0.0,0.0,0.0,0.0,5.960464,5.960464,5.960464,5.960464,0.0,0.0,0.0,0.0,0.0,0.0,1024,0,1024,NMAP_XMAS_TREE_SCAN
T0334,43074,80,tcp,http,0.847037,7,5,2,1,8.264103,5.902931,14.167034,0.714286,232,32,40,168,32,40,2,2,0,2,1,11,0,0,0,0,0.0,169.0,203.0,29.0,63.02116,0.0,539.0,539.0,107.8,241.048128,0.0,539.0,742.0,61.833333,157.929117,91.791153,294710.1593,848882.9136,141480.4856,154131.6438,75.10185200000001,277845.8595,572918.8919,143229.723,155281.3206,75.10185200000001,275130.0335,848882.9136,77171.17396,126731.7222,875.994958,7.0,5.0,203.0,539.0,0.0,0.0,0.0,0.0,0.0,0.0,848882.9136,848882.9136,848882.9136,848882.9136,0.0,0.0,0.0,0.0,0.0,0.0,64240,26847,501,Thing_Speak
T0335,49116,259,tcp,-,4e-06,1,1,0,0,246723.764706,246723.764706,493447.529412,1.0,40,40,40,20,20,20,0,1,1,0,0,1,0,0,0,0,0.0,0.0,0.0,0.0,0.0,0.0,0.0,0.0,0.0,0.0,0.0,0.0,0.0,0.0,0.0,0.0,0.0,0.0,0.0,0.0,0.0,0.0,0.0,0.0,0.0,4.053116,4.053116,4.053116,4.053116,0.0,0.0,1.0,1.0,0.0,0.0,0.0,0.0,0.0,0.0,0.0,0.0,4.053116,4.053116,4.053116,4.053116,0.0,0.0,0.0,0.0,0.0,0.0,64240,0,64240,NMAP_TCP_scan
T0336,60839,53,udp,dns,0.0277019999999999,2,2,2,2,72.196711,72.196711,144.393421,1.0,16,8,8,16,8,8,0,0,0,0,0,0,0,0,0,0,32.0,32.0,64.0,32.0,0.0,32.0,64.0,96.0,48.0,22.627417,32.0,64.0,160.0,40.0,16.0,242.948532,242.948532,242.948532,242.948532,0.0,26721.95435,26721.95435,26721.95435,26721.95435,0.0,242.948532,26721.95435,27702.09312,9234.031041,15147.00184,5775.736847,2.0,2.0,64.0,96.0,0.0,0.0,0.0,0.0,0.0,0.0,27702.09312,27702.09312,27702.09312,27702.09312,0.0,0.0,0.0,0.0,0.0,0.0,0,0,0,Thing_Speak
T0337,43680,8045,tcp,-,3e-06,1,1,0,0,322638.769231,322638.769231,645277.538462,1.0,40,40,40,20,20,20,0,1,1,0,0,1,0,0,0,0,0.0,0.0,0.0,0.0,0.0,0.0,0.0,0.0,0.0,0.0,0.0,0.0,0.0,0.0,0.0,0.0,0.0,0.0,0.0,0.0,0.0,0.0,0.0,0.0,0.0,3.099442,3.099442,3.099442,3.099442,0.0,0.0,1.0,1.0,0.0,0.0,0.0,0.0,0.0,0.0,0.0,0.0,3.099442,3.099442,3.099442,3.099442,0.0,0.0,0.0,0.0,0.0,0.0,64240,0,64240,NMAP_TCP_scan
T0338,51066,7920,tcp,-,5e-06,1,1,0,0,199728.761905,199728.761905,399457.52381,1.0,40,40,40,20,20,20,0,1,1,0,0,1,0,0,0,0,0.0,0.0,0.0,0.0,0.0,0.0,0.0,0.0,0.0,0.0,0.0,0.0,0.0,0.0,0.0,0.0,0.0,0.0,0.0,0.0,0.0,0.0,0.0,0.0,0.0,5.0067900000000005,5.0067900000000005,5.0067900000000005,5.0067900000000005,0.0,0.0,1.0,1.0,0.0,0.0,0.0,0.0,0.0,0.0,0.0,0.0,5.0067900000000005,5.0067900000000005,5.0067900000000005,5.0067900000000005,0.0,0.0,0.0,0.0,0.0,0.0,64240,0,64240,NMAP_TCP_scan
T0339,46801,5353,udp,dns,0.0,1,0,1,0,0.0,0.0,0.0,0.0,8,8,8,0,0,0,0,0,0,0,0,0,0,0,0,0,50.0,50.0,50.0,50.0,0.0,0.0,0.0,0.0,0.0,0.0,50.0,50.0,50.0,50.0,0.0,0.0,0.0,0.0,0.0,0.0,0.0,0.0,0.0,0.0,0.0,0.0,0.0,0.0,0.0,0.0,0.0,1.0,0.0,50.0,0.0,0.0,0.0,0.0,0.0,0.0,0.0,0.0,0.0,0.0,0.0,0.0,0.0,0.0,0.0,0.0,0.0,0,0,0,ARP_poisioning
T0340,59247,1600,tcp,-,6e-06,1,1,0,0,167772.16,167772.16,335544.32,1.0,20,20,20,20,20,20,1,0,1,1,0,1,1,0,0,0,0.0,0.0,0.0,0.0,0.0,0.0,0.0,0.0,0.0,0.0,0.0,0.0,0.0,0.0,0.0,0.0,0.0,0.0,0.0,0.0,0.0,0.0,0.0,0.0,0.0,5.960464,5.960464,5.960464,5.960464,0.0,0.0,1.0,1.0,0.0,0.0,0.0,0.0,0.0,0.0,0.0,0.0,5.960464,5.960464,5.960464,5.960464,0.0,0.0,0.0,0.0,0.0,0.0,1024,0,1024,NMAP_XMAS_TREE_SCAN
T0341,39200,80,tcp,http,0.711392,7,5,2,1,9.839864,7.028474,16.868339000000002,0.714286,232,32,40,168,32,40,2,2,0,2,1,11,0,0,0,0,0.0,169.0,203.0,29.0,63.02116,0.0,539.0,539.0,107.8,241.048128,0.0,539.0,742.0,61.833333,157.929117,91.791153,265259.9812,714397.9073,119066.3179,130865.6734,72.002411,228168.0107,492286.9205,123071.7301,120025.6343,72.002411,223578.9299,714397.9073,64945.2643,101075.6959,1043.025614,7.0,5.0,203.0,539.0,0.0,0.0,0.0,0.0,0.0,0.0,714397.9073,714397.9073,714397.9073,714397.9073,0.0,0.0,0.0,0.0,0.0,0.0,64240,26847,501,Thing_Speak
T0342,37085,1883,tcp,mqtt,57.096473,10,6,3,4,0.175142,0.1050849999999999,0.280227,0.6,328,32,40,200,32,40,0,2,1,3,4,15,0,0,0,0,0.0,33.0,78.0,7.8,12.934021,0.0,23.0,36.0,6.0,8.602325,0.0,33.0,114.0,7.125,11.218289,351.905823,54783586.978912,57096472.978592,6344052.553177,18168634.189944,1389.026642,1489121.91391,2039356.946945,407871.389389,619536.305711,195.026398,54783586.978912,57096472.978592,3806431.531906,14105923.927725,1.996621,3.333333,2.0,26.0,12.0,0.0,0.0,0.0,0.0,0.0,0.0,2312885.99968,2312885.99968,2312885.99968,2312885.99968,0.0,54783586.978912,54783586.978912,54783586.978912,54783586.978912,0.0,64240,26847,502,MQTT_Publish
T0343,18075,21,tcp,-,0.0,1,1,1,0,0.0,0.0,0.0,1.0,20,20,20,20,20,20,0,1,1,0,0,1,0,0,0,0,120.0,120.0,120.0,120.0,0.0,0.0,0.0,0.0,0.0,0.0,0.0,120.0,120.0,60.0,84.852814,0.0,0.0,0.0,0.0,0.0,0.0,0.0,0.0,0.0,0.0,0.0,0.0,0.0,0.0,0.0,0.0,1.0,1.0,120.0,0.0,0.0,0.0,0.0,0.0,0.0,0.0,0.0,0.0,0.0,0.0,0.0,0.0,0.0,0.0,0.0,0.0,64,0,64,DOS_SYN_Hping
T0344,36242,10628,tcp,-,7.000000000000001e-06,1,1,0,0,139810.133333,139810.133333,279620.266667,1.0,20,20,20,20,20,20,1,0,1,1,0,1,1,0,0,0,0.0,0.0,0.0,0.0,0.0,0.0,0.0,0.0,0.0,0.0,0.0,0.0,0.0,0.0,0.0,0.0,0.0,0.0,0.0,0.0,0.0,0.0,0.0,0.0,0.0,7.152557000000001,7.152557000000001,7.152557000000001,7.152557000000001,0.0,0.0,1.0,1.0,0.0,0.0,0.0,0.0,0.0,0.0,0.0,0.0,7.152557000000001,7.152557000000001,7.152557000000001,7.152557000000001,0.0,0.0,0.0,0.0,0.0,0.0,1024,0,1024,NMAP_XMAS_TREE_SCAN
T0345,32239,21,tcp,-,4e-06,1,1,1,0,246723.764706,246723.764706,493447.529412,1.0,20,20,20,20,20,20,0,1,1,0,0,1,0,0,0,0,120.0,120.0,120.0,120.0,0.0,0.0,0.0,0.0,0.0,0.0,0.0,120.0,120.0,60.0,84.852814,0.0,0.0,0.0,0.0,0.0,0.0,0.0,0.0,0.0,0.0,4.053116,4.053116,4.053116,4.053116,0.0,29606851.764706,1.0,1.0,120.0,0.0,0.0,0.0,0.0,0.0,0.0,0.0,4.053116,4.053116,4.053116,4.053116,0.0,0.0,0.0,0.0,0.0,0.0,64,0,64,DOS_SYN_Hping
T0346,44403,1883,tcp,mqtt,45.952782,9,5,3,3,0.195853,0.108807,0.304661,0.555556,296,32,40,168,32,40,0,2,1,3,3,13,0,0,0,0,0.0,33.0,76.0,8.444444,13.115935999999998,0.0,23.0,32.0,6.4,9.555103,0.0,33.0,108.0,7.714286,11.618477,249.147415,43853919.029236,45952781.915665,5744097.739458,15405595.075631,735.998154,1610441.923141,1940294.981003,485073.745251,754219.189272,249.147415,43853919.029236,45952781.915665,3534829.378128,12120389.679252,2.350239,3.0,1.666667,25.333333,10.666667,0.0,0.0,0.0,0.0,0.0,0.0,2098862.886429,2098862.886429,2098862.886429,2098862.886429,0.0,43853919.029236,43853919.029236,43853919.029236,43853919.029236,0.0,64240,26847,502,MQTT_Publish
T0347,55028,80,tcp,http,30.859646,8,12,4,5,0.259238,0.388857,0.648096,1.5,276,32,44,380,20,40,6,2,1,4,5,18,0,0,0,0,0.0,168.0,211.0,26.375,57.745594,0.0,482.0,2410.0,200.833333,248.19561,0.0,482.0,2621.0,131.05,211.14287400000003,1223.087311,15157670.021057,30859642.028809004,4408520.28983,6422701.041294999,183.820724,11767835.140228,30859614.849091,2805419.531736,4263798.518641001,3.814697,11767828.941345,30859645.843506,1624191.8865,3272251.726774,84.932925,1.333333,2.0,35.166667,401.666667,0.0,0.0,0.0,0.0,0.0,0.0,6.198883,10444914.81781,10455787.89711,3485262.63237,6027238.040374,8636029.005051,11767828.941345,20403857.946396,10201928.973198,2214516.972273,64240,65160,501,DDOS_Slowloris
T0348,3050,21,tcp,-,0.0,1,0,1,0,0.0,0.0,0.0,0.0,20,20,20,0,0,0,0,1,0,0,0,0,0,0,0,0,120.0,120.0,120.0,120.0,0.0,0.0,0.0,0.0,0.0,0.0,120.0,120.0,120.0,120.0,0.0,0.0,0.0,0.0,0.0,0.0,0.0,0.0,0.0,0.0,0.0,0.0,0.0,0.0,0.0,0.0,0.0,1.0,0.0,120.0,0.0,0.0,0.0,0.0,0.0,0.0,0.0,0.0,0.0,0.0,0.0,0.0,0.0,0.0,0.0,0.0,0.0,64,0,64,DOS_SYN_Hping
T0349,47581,1883,tcp,mqtt,53.02464000000001,9,5,3,3,0.169732,0.094296,0.264028,0.555556,296,32,40,168,32,40,0,2,1,3,3,13,0,0,0,0,0.0,33.0,78.0,8.666667,13.407088,0.0,27.0,36.0,7.2,11.300442,0.0,33.0,114.0,8.142857000000001,12.265381,236.98806800000003,50903655.052185,53024640.083313,6628080.010414,17896870.28751,61.98883100000001,1655905.96199,1971538.066864,492884.516716,778905.7045539998,61.98883100000001,50903655.052185,53024640.083313,4078818.467947,14074967.105266,2.149944,3.0,1.666667,26.0,12.0,0.0,0.0,0.0,0.0,0.0,0.0,2120985.031128,2120985.031128,2120985.031128,2120985.031128,0.0,50903655.052185,50903655.052185,50903655.052185,50903655.052185,0.0,64240,26847,502,MQTT_Publish
T0350,40922,1106,tcp,-,1e-06,1,1,0,0,838860.8,838860.8,1677721.6,1.0,40,40,40,20,20,20,0,1,1,0,0,1,0,0,0,0,0.0,0.0,0.0,0.0,0.0,0.0,0.0,0.0,0.0,0.0,0.0,0.0,0.0,0.0,0.0,0.0,0.0,0.0,0.0,0.0,0.0,0.0,0.0,0.0,0.0,1.192093,1.192093,1.192093,1.192093,0.0,0.0,1.0,1.0,0.0,0.0,0.0,0.0,0.0,0.0,0.0,0.0,1.192093,1.192093,1.192093,1.192093,0.0,0.0,0.0,0.0,0.0,0.0,64240,0,64240,NMAP_TCP_scan
T0351,49707,21,tcp,-,4e-06,1,1,1,0,262144.0,262144.0,524288.0,1.0,20,20,20,20,20,20,0,1,1,0,0,1,0,0,0,0,120.0,120.0,120.0,120.0,0.0,0.0,0.0,0.0,0.0,0.0,0.0,120.0,120.0,60.0,84.852814,0.0,0.0,0.0,0.0,0.0,0.0,0.0,0.0,0.0,0.0,3.814697,3.814697,3.814697,3.814697,0.0,31457280.0,1.0,1.0,120.0,0.0,0.0,0.0,0.0,0.0,0.0,0.0,3.814697,3.814697,3.814697,3.814697,0.0,0.0,0.0,0.0,0.0,0.0,64,0,64,DOS_SYN_Hping
T0352,52085,1883,tcp,mqtt,31.950179,9,5,3,3,0.281689,0.156494,0.438182,0.555556,296,32,40,168,32,40,0,2,1,3,3,13,0,0,0,0,0.0,33.0,76.0,8.444444,13.115935999999998,0.0,23.0,32.0,6.4,9.555103,0.0,33.0,108.0,7.714286,11.618477,264.883041,29873291.015625,31950179.100037,3993772.387505001,10468254.720043,3737.926483,1635040.998459,1930577.993393,482644.498348,771183.014366,264.883041,29873291.015625,31950179.100037,2457706.084618,8247047.878589,3.380263,3.0,1.666667,25.333333,10.666667,0.0,0.0,0.0,0.0,0.0,0.0,2076888.084412,2076888.084412,2076888.084412,2076888.084412,0.0,29873291.015625,29873291.015625,29873291.015625,29873291.015625,0.0,64240,26847,502,MQTT_Publish
T0353,36242,5850,tcp,-,2.2e-05,1,1,0,0,45590.26087,45590.26087,91180.521739,1.0,20,20,20,20,20,20,1,0,1,1,0,1,1,0,0,0,0.0,0.0,0.0,0.0,0.0,0.0,0.0,0.0,0.0,0.0,0.0,0.0,0.0,0.0,0.0,0.0,0.0,0.0,0.0,0.0,0.0,0.0,0.0,0.0,0.0,21.934509,21.934509,21.934509,21.934509,0.0,0.0,1.0,1.0,0.0,0.0,0.0,0.0,0.0,0.0,0.0,0.0,21.934509,21.934509,21.934509,21.934509,0.0,0.0,0.0,0.0,0.0,0.0,1024,0,1024,NMAP_XMAS_TREE_SCAN
T0354,39815,53,udp,dns,0.028755,2,2,2,2,69.552666,69.552666,139.105333,1.0,16,8,8,16,8,8,0,0,0,0,0,0,0,0,0,0,36.0,36.0,72.0,36.0,0.0,36.0,68.0,104.0,52.0,22.627417,36.0,68.0,176.0,44.0,16.0,1104.11644,1104.11644,1104.11644,1104.11644,0.0,27382.13539,27382.13539,27382.13539,27382.13539,0.0,268.936157,27382.13539,28755.18799,9585.062663,15418.373119999998,6120.634650999999,2.0,2.0,72.0,104.0,0.0,0.0,0.0,0.0,0.0,0.0,28755.18799,28755.18799,28755.18799,28755.18799,0.0,0.0,0.0,0.0,0.0,0.0,0,0,0,Thing_Speak
T0355,20083,21,tcp,-,2e-06,1,1,1,0,466033.777778,466033.777778,932067.555556,1.0,20,20,20,20,20,20,0,1,1,0,0,1,0,0,0,0,120.0,120.0,120.0,120.0,0.0,0.0,0.0,0.0,0.0,0.0,0.0,120.0,120.0,60.0,84.852814,0.0,0.0,0.0,0.0,0.0,0.0,0.0,0.0,0.0,0.0,2.145767,2.145767,2.145767,2.145767,0.0,55924053.33333299,1.0,1.0,120.0,0.0,0.0,0.0,0.0,0.0,0.0,0.0,2.145767,2.145767,2.145767,2.145767,0.0,0.0,0.0,0.0,0.0,0.0,64,0,64,DOS_SYN_Hping
T0356,59356,7007,tcp,-,5e-06,1,1,0,0,199728.761905,199728.761905,399457.52381,1.0,40,40,40,20,20,20,0,1,1,0,0,1,0,0,0,0,0.0,0.0,0.0,0.0,0.0,0.0,0.0,0.0,0.0,0.0,0.0,0.0,0.0,0.0,0.0,0.0,0.0,0.0,0.0,0.0,0.0,0.0,0.0,0.0,0.0,5.0067900000000005,5.0067900000000005,5.0067900000000005,5.0067900000000005,0.0,0.0,1.0,1.0,0.0,0.0,0.0,0.0,0.0,0.0,0.0,0.0,5.0067900000000005,5.0067900000000005,5.0067900000000005,5.0067900000000005,0.0,0.0,0.0,0.0,0.0,0.0,64240,0,64240,NMAP_TCP_scan
T0357,49817,80,tcp,http,99.113134,6,12,3,2,0.060537,0.121074,0.181611,2.0,132,20,32,252,20,32,7,2,0,2,1,17,0,0,0,0,0.0,1420.0,2543.0,423.833333,577.6103929999999,0.0,1420.0,2098.0,174.833333,437.896176,0.0,1420.0,4641.0,257.833333,486.612329,94.175339,246794.939,489119.0529,97823.81058,132940.5191,19.073486,76865404.84,98868847.13,8988077.012,22811014.01,19.073486,76863318.92,99113134.15,5830184.362000001,18563999.63,46.825277,1.0,2.0,423.833333,349.666667,0.0,0.0,0.0,0.0,0.0,0.0,489119.0529,4095957.994,4585077.047,2292538.524,2550420.274,5888136.147999999,76863318.92,94528057.1,31509352.37,39387881.63,64240,64240,260,Thing_Speak
T0358,54703,53,udp,dns,0.003087,1,1,1,1,323.934507,323.934507,647.869015,1.0,8,8,8,8,8,8,0,0,0,0,0,0,0,0,0,0,57.0,57.0,57.0,57.0,0.0,73.0,73.0,73.0,73.0,0.0,57.0,73.0,130.0,65.0,11.313708,0.0,0.0,0.0,0.0,0.0,0.0,0.0,0.0,0.0,0.0,3087.043762,3087.043762,3087.043762,3087.043762,0.0,42111.485944,1.0,1.0,57.0,73.0,0.0,0.0,0.0,0.0,0.0,0.0,3087.043762,3087.043762,3087.043762,3087.043762,0.0,0.0,0.0,0.0,0.0,0.0,0,0,0,ARP_poisioning
T0359,54945,53,udp,dns,0.0003129999999999,2,2,2,2,6393.756098,6393.756098,12787.512195,1.0,16,8,8,16,8,8,0,0,0,0,0,0,0,0,0,0,39.0,39.0,78.0,39.0,0.0,108.0,124.0,232.0,116.0,11.313708,39.0,124.0,310.0,77.5,44.933284,7.867813000000001,7.867813000000001,7.867813000000001,7.867813000000001,0.0,121.831894,121.831894,121.831894,121.831894,0.0,7.867813000000001,183.105469,312.805176,104.268392,88.929278,991032.195122,2.0,2.0,78.0,232.0,0.0,0.0,0.0,0.0,0.0,0.0,312.805176,312.805176,312.805176,312.805176,0.0,0.0,0.0,0.0,0.0,0.0,0,0,0,ARP_poisioning
T0360,53396,212,tcp,-,4e-06,1,1,0,0,246723.764706,246723.764706,493447.529412,1.0,40,40,40,20,20,20,0,1,1,0,0,1,0,0,0,0,0.0,0.0,0.0,0.0,0.0,0.0,0.0,0.0,0.0,0.0,0.0,0.0,0.0,0.0,0.0,0.0,0.0,0.0,0.0,0.0,0.0,0.0,0.0,0.0,0.0,4.053116,4.053116,4.053116,4.053116,0.0,0.0,1.0,1.0,0.0,0.0,0.0,0.0,0.0,0.0,0.0,0.0,4.053116,4.053116,4.053116,4.053116,0.0,0.0,0.0,0.0,0.0,0.0,64240,0,64240,NMAP_TCP_scan
T0361,43301,53,udp,dns,0.316013,2,2,2,2,6.328856,6.328856,12.657713,1.0,16,8,8,16,8,8,0,0,0,0,0,0,0,0,0,0,53.0,53.0,106.0,53.0,0.0,103.0,119.0,222.0,111.0,11.313708,53.0,119.0,328.0,82.0,34.117444,5.0067900000000005,5.0067900000000005,5.0067900000000005,5.0067900000000005,0.0,206524.848938,206524.848938,206524.848938,206524.848938,0.0,5.0067900000000005,206524.848938,316012.859344,105337.619781,103322.308605,1037.932446,2.0,2.0,106.0,222.0,0.0,0.0,0.0,0.0,0.0,0.0,316012.859344,316012.859344,316012.859344,316012.859344,0.0,0.0,0.0,0.0,0.0,0.0,0,0,0,ARP_poisioning
T0362,64177,9370,udp,-,0.0,1,0,0,0,0.0,0.0,0.0,0.0,8,8,8,0,0,0,0,0,0,0,0,0,0,0,0,0,0.0,0.0,0.0,0.0,0.0,0.0,0.0,0.0,0.0,0.0,0.0,0.0,0.0,0.0,0.0,0.0,0.0,0.0,0.0,0.0,0.0,0.0,0.0,0.0,0.0,0.0,0.0,0.0,0.0,0.0,0.0,1.0,0.0,0.0,0.0,0.0,0.0,0.0,0.0,0.0,0.0,0.0,0.0,0.0,0.0,0.0,0.0,0.0,0.0,0.0,0.0,0,0,0,NMAP_UDP_SCAN
T0363,12910,21,tcp,-,1e-06,1,1,1,0,1048576.0,1048576.0,2097152.0,1.0,20,20,20,20,20,20,0,1,1,0,0,1,0,0,0,0,120.0,120.0,120.0,120.0,0.0,0.0,0.0,0.0,0.0,0.0,0.0,120.0,120.0,60.0,84.852814,0.0,0.0,0.0,0.0,0.0,0.0,0.0,0.0,0.0,0.0,0.953674,0.953674,0.953674,0.953674,0.0,125829120.0,1.0,1.0,120.0,0.0,0.0,0.0,0.0,0.0,0.0,0.0,0.953674,0.953674,0.953674,0.953674,0.0,0.0,0.0,0.0,0.0,0.0,64,0,64,DOS_SYN_Hping
T0364,51316,80,tcp,http,0.000551,8,0,2,0,14519.442666,0.0,14519.442666,0.0,260,20,40,0,0,0,1,2,1,2,0,6,0,0,0,0,0.0,126.0,212.0,26.5,50.219518,0.0,0.0,0.0,0.0,0.0,0.0,126.0,212.0,26.5,50.219518,20.027161,325.918198,550.9853360000001,78.712191,111.738679,0.0,0.0,0.0,0.0,0.0,20.027161,325.918198,550.9853360000001,78.712191,111.738679,384765.230636,8.0,0.0,212.0,0.0,0.0,0.0,0.0,0.0,0.0,0.0,550.9853360000001,550.9853360000001,550.9853360000001,550.9853360000001,0.0,0.0,0.0,0.0,0.0,0.0,65476,0,0,DDOS_Slowloris
T0365,51036,8654,tcp,-,6e-06,1,1,0,0,161319.38461500002,161319.38461500002,322638.769231,1.0,20,20,20,20,20,20,0,0,1,0,0,1,0,0,0,0,0.0,0.0,0.0,0.0,0.0,0.0,0.0,0.0,0.0,0.0,0.0,0.0,0.0,0.0,0.0,0.0,0.0,0.0,0.0,0.0,0.0,0.0,0.0,0.0,0.0,6.198883,6.198883,6.198883,6.198883,0.0,0.0,1.0,1.0,0.0,0.0,0.0,0.0,0.0,0.0,0.0,0.0,6.198883,6.198883,6.198883,6.198883,0.0,0.0,0.0,0.0,0.0,0.0,1024,0,1024,NMAP_OS_DETECTION
T0366,56562,3801,tcp,-,2e-06,1,1,0,0,466033.777778,466033.777778,932067.555556,1.0,40,40,40,20,20,20,0,1,1,0,0,1,0,0,0,0,0.0,0.0,0.0,0.0,0.0,0.0,0.0,0.0,0.0,0.0,0.0,0.0,0.0,0.0,0.0,0.0,0.0,0.0,0.0,0.0,0.0,0.0,0.0,0.0,0.0,2.145767,2.145767,2.145767,2.145767,0.0,0.0,1.0,1.0,0.0,0.0,0.0,0.0,0.0,0.0,0.0,0.0,2.145767,2.145767,2.145767,2.145767,0.0,0.0,0.0,0.0,0.0,0.0,64240,0,64240,NMAP_TCP_scan
T0367,51036,10616,tcp,-,7.000000000000001e-06,1,1,0,0,144631.172414,144631.172414,289262.344828,1.0,20,20,20,20,20,20,0,0,1,0,0,1,0,0,0,0,0.0,0.0,0.0,0.0,0.0,0.0,0.0,0.0,0.0,0.0,0.0,0.0,0.0,0.0,0.0,0.0,0.0,0.0,0.0,0.0,0.0,0.0,0.0,0.0,0.0,6.914139,6.914139,6.914139,6.914139,0.0,0.0,1.0,1.0,0.0,0.0,0.0,0.0,0.0,0.0,0.0,0.0,6.914139,6.914139,6.914139,6.914139,0.0,0.0,0.0,0.0,0.0,0.0,1024,0,1024,NMAP_OS_DETECTION
T0368,46827,1883,tcp,mqtt,62.041174,10,6,3,4,0.161183,0.09671,0.257893,0.6,328,32,40,200,32,40,0,2,1,3,4,15,0,0,0,0,0.0,33.0,78.0,7.8,12.934021,0.0,23.0,36.0,6.0,8.602325,0.0,33.0,114.0,7.125,11.218289,259.876251,59750149.965286,62041173.934937,6893463.770549,19824780.968306,1723.051071,1470176.935196,1974749.088287,394949.817657,613630.903829,259.876251,59750149.965286,62041173.934937,4136078.262329,15388330.189945,1.837489,3.333333,2.0,26.0,12.0,0.0,0.0,0.0,0.0,0.0,0.0,2291023.96965,2291023.96965,2291023.96965,2291023.96965,0.0,59750149.965286,59750149.965286,59750149.965286,59750149.965286,0.0,64240,26847,502,MQTT_Publish
T0369,43246,53,udp,dns,0.000265,2,2,2,2,7543.71223,7543.71223,15087.42446,1.0,16,8,8,16,8,8,0,0,0,0,0,0,0,0,0,0,55.0,55.0,110.0,55.0,0.0,55.0,119.0,174.0,87.0,45.254834,55.0,119.0,284.0,71.0,32.0,9.059906,9.059906,9.059906,9.059906,0.0,90.122223,90.122223,90.122223,90.122223,0.0,9.059906,165.939331,265.12146,88.37382,78.454325,1071207.136691,2.0,2.0,110.0,174.0,0.0,0.0,0.0,0.0,0.0,0.0,265.12146,265.12146,265.12146,265.12146,0.0,0.0,0.0,0.0,0.0,0.0,0,0,0,ARP_poisioning
T0370,60039,53,udp,dns,0.000188,2,2,2,2,10631.949303,10631.949303,21263.898606,1.0,16,8,8,16,8,8,0,0,0,0,0,0,0,0,0,0,58.0,58.0,116.0,58.0,0.0,74.0,86.0,160.0,80.0,8.485281,58.0,86.0,276.0,69.0,13.613719,10.967255,10.967255,10.967255,10.967255,0.0,67.94929499999999,67.94929499999999,67.94929499999999,67.94929499999999,0.0,10.967255,109.195709,188.112259,62.704086,49.323843,1467209.003802,2.0,2.0,116.0,160.0,0.0,0.0,0.0,0.0,0.0,0.0,188.112259,188.112259,188.112259,188.112259,0.0,0.0,0.0,0.0,0.0,0.0,0,0,0,ARP_poisioning
T0371,58587,1883,tcp,mqtt,61.931415,10,6,3,4,0.161469,0.096881,0.25835,0.6,328,32,40,200,32,40,0,2,1,3,4,15,0,0,0,0,0.0,33.0,78.0,7.8,12.934021,0.0,23.0,36.0,6.0,8.602325,0.0,33.0,114.0,7.125,11.218289,241.041183,59898590.803146,61931414.84260601,6881268.315845,19886463.614628,68.902969,1567959.070206,1876152.992249,375230.59845,670379.876955,68.902969,59898590.803146,61931414.84260601,4128760.989507,15432423.897023002,1.840746,3.333333,2.0,26.0,12.0,0.0,0.0,0.0,0.0,0.0,0.0,2032824.039459,2032824.039459,2032824.039459,2032824.039459,0.0,59898590.803146,59898590.803146,59898590.803146,59898590.803146,0.0,64240,26847,502,MQTT_Publish
T0372,47426,443,tcp,ssl,0.758238,13,9,4,7,17.145011,11.869623,29.014634,0.692308,412,20,40,296,32,40,1,2,1,4,4,20,0,0,0,0,0.0,517.0,868.0,66.769231,148.269548,0.0,1352.0,5720.0,635.5555559999999,671.61226,0.0,1352.0,6588.0,299.454545,516.0674309999999,8.106232,471190.214157,758238.077164,63186.50643,132632.891454,5.960464,569183.111191,701955.080032,87744.385004,196782.674842,2.861023,471190.214157,758238.077164,36106.575103,102290.455607,8688.56392,13.0,9.0,868.0,5720.0,0.0,0.0,0.0,0.0,0.0,0.0,758238.077164,758238.077164,758238.077164,758238.077164,0.0,0.0,0.0,0.0,0.0,0.0,64240,26847,0,ARP_poisioning
T0373,55159,53,udp,dns,0.020283,2,2,2,2,98.604822,98.604822,197.209643,1.0,16,8,8,16,8,8,0,0,0,0,0,0,0,0,0,0,36.0,36.0,72.0,36.0,0.0,36.0,68.0,104.0,52.0,22.627417,36.0,68.0,176.0,44.0,16.0,924.110413,924.110413,924.110413,924.110413,0.0,19124.98474,19124.98474,19124.98474,19124.98474,0.0,233.888626,19124.98474,20282.98378,6760.994593,10713.0897,8677.224312999999,2.0,2.0,72.0,104.0,0.0,0.0,0.0,0.0,0.0,0.0,20282.98378,20282.98378,20282.98378,20282.98378,0.0,0.0,0.0,0.0,0.0,0.0,0,0,0,Thing_Speak
T0374,51036,2126,tcp,-,6e-06,1,1,0,0,167772.16,167772.16,335544.32,1.0,20,20,20,20,20,20,0,0,1,0,0,1,0,0,0,0,0.0,0.0,0.0,0.0,0.0,0.0,0.0,0.0,0.0,0.0,0.0,0.0,0.0,0.0,0.0,0.0,0.0,0.0,0.0,0.0,0.0,0.0,0.0,0.0,0.0,5.960464,5.960464,5.960464,5.960464,0.0,0.0,1.0,1.0,0.0,0.0,0.0,0.0,0.0,0.0,0.0,0.0,5.960464,5.960464,5.960464,5.960464,0.0,0.0,0.0,0.0,0.0,0.0,1024,0,1024,NMAP_OS_DETECTION
T0375,38908,497,tcp,-,3e-06,1,1,0,0,349525.333333,349525.333333,699050.666667,1.0,40,40,40,20,20,20,0,1,1,0,0,1,0,0,0,0,0.0,0.0,0.0,0.0,0.0,0.0,0.0,0.0,0.0,0.0,0.0,0.0,0.0,0.0,0.0,0.0,0.0,0.0,0.0,0.0,0.0,0.0,0.0,0.0,0.0,2.861023,2.861023,2.861023,2.861023,0.0,0.0,1.0,1.0,0.0,0.0,0.0,0.0,0.0,0.0,0.0,0.0,2.861023,2.861023,2.861023,2.861023,0.0,0.0,0.0,0.0,0.0,0.0,64240,0,64240,NMAP_TCP_scan
T0376,41732,9009,tcp,-,5e-06,1,1,0,0,199728.761905,199728.761905,399457.52381,1.0,40,40,40,20,20,20,0,1,1,0,0,1,0,0,0,0,0.0,0.0,0.0,0.0,0.0,0.0,0.0,0.0,0.0,0.0,0.0,0.0,0.0,0.0,0.0,0.0,0.0,0.0,0.0,0.0,0.0,0.0,0.0,0.0,0.0,5.0067900000000005,5.0067900000000005,5.0067900000000005,5.0067900000000005,0.0,0.0,1.0,1.0,0.0,0.0,0.0,0.0,0.0,0.0,0.0,0.0,5.0067900000000005,5.0067900000000005,5.0067900000000005,5.0067900000000005,0.0,0.0,0.0,0.0,0.0,0.0,64240,0,64240,NMAP_TCP_scan
T0377,46600,787,tcp,-,6e-06,1,1,0,0,167772.16,167772.16,335544.32,1.0,20,20,20,20,20,20,0,0,1,0,0,1,0,0,0,0,0.0,0.0,0.0,0.0,0.0,0.0,0.0,0.0,0.0,0.0,0.0,0.0,0.0,0.0,0.0,0.0,0.0,0.0,0.0,0.0,0.0,0.0,0.0,0.0,0.0,5.960464,5.960464,5.960464,5.960464,0.0,0.0,1.0,1.0,0.0,0.0,0.0,0.0,0.0,0.0,0.0,0.0,5.960464,5.960464,5.960464,5.960464,0.0,0.0,0.0,0.0,0.0,0.0,1024,0,1024,NMAP_OS_DETECTION
T0378,60147,1883,tcp,mqtt,11.891586,10,6,3,4,0.840931,0.504558,1.345489,0.6,328,32,40,200,32,40,0,2,1,3,4,15,0,0,0,0,0.0,33.0,78.0,7.8,12.934021,0.0,23.0,36.0,6.0,8.602325,0.0,33.0,114.0,7.125,11.218289,236.98806800000003,9866873.025894,11891586.065292,1321287.340588,3236192.25332,65.088272,1583465.0993350004,1879940.986633,375988.197327,678847.655008,65.088272,9866873.025894,11891586.065292,792772.404353,2536386.7028860003,9.58661,3.333333,2.0,26.0,12.0,0.0,0.0,0.0,0.0,0.0,0.0,2024713.039398,2024713.039398,2024713.039398,2024713.039398,0.0,9866873.025894,9866873.025894,9866873.025894,9866873.025894,0.0,64240,26847,502,MQTT_Publish
T0379,46600,3052,tcp,-,5e-06,1,1,0,0,199728.761905,199728.761905,399457.52381,1.0,20,20,20,20,20,20,0,0,1,0,0,1,0,0,0,0,0.0,0.0,0.0,0.0,0.0,0.0,0.0,0.0,0.0,0.0,0.0,0.0,0.0,0.0,0.0,0.0,0.0,0.0,0.0,0.0,0.0,0.0,0.0,0.0,0.0,5.0067900000000005,5.0067900000000005,5.0067900000000005,5.0067900000000005,0.0,0.0,1.0,1.0,0.0,0.0,0.0,0.0,0.0,0.0,0.0,0.0,5.0067900000000005,5.0067900000000005,5.0067900000000005,5.0067900000000005,0.0,0.0,0.0,0.0,0.0,0.0,1024,0,1024,NMAP_OS_DETECTION
T0380,33817,1883,tcp,mqtt,61.974944,10,6,3,4,0.161356,0.096813,0.258169,0.6,328,32,40,200,32,40,0,2,1,3,4,15,0,0,0,0,0.0,33.0,76.0,7.6,12.650867,0.0,21.0,34.0,5.666667,7.814516,0.0,33.0,110.0,6.875,10.831282,232.934952,59893553.972244,61974943.876266,6886104.875141,19882652.36413,155.925751,1579311.132431,1919309.854507,383861.970901,673555.059453,44.107437,59893553.972244,61974943.876266,4131662.925084,15430171.61505,1.774911,3.333333,2.0,25.333333,11.333333,0.0,0.0,0.0,0.0,0.0,0.0,2081389.904022,2081389.904022,2081389.904022,2081389.904022,0.0,59893553.972244,59893553.972244,59893553.972244,59893553.972244,0.0,64240,26847,502,MQTT_Publish
T0381,52005,1883,tcp,mqtt,61.966451,10,6,3,4,0.161378,0.096827,0.258204,0.6,328,32,40,200,32,40,0,2,1,3,4,15,0,0,0,0,0.0,33.0,78.0,7.8,12.934021,0.0,23.0,36.0,6.0,8.602325,0.0,33.0,114.0,7.125,11.218289,262.97569300000004,59906726.837158,61966450.92964201,6885161.214405,19888257.627443,61.98883100000001,1599662.780762,1908298.969269,381659.793854,685026.147333,61.98883100000001,59906726.837158,61966450.92964201,4131096.728643,15434191.218886,1.839705,3.333333,2.0,26.0,12.0,0.0,0.0,0.0,0.0,0.0,0.0,2059724.092484,2059724.092484,2059724.092484,2059724.092484,0.0,59906726.837158,59906726.837158,59906726.837158,59906726.837158,0.0,64240,26847,502,MQTT_Publish
T0382,40147,53,udp,dns,0.114496,1,1,1,1,8.73393,8.73393,17.46786,1.0,8,8,8,8,8,8,0,0,0,0,0,0,0,0,0,0,41.0,41.0,41.0,41.0,0.0,288.0,288.0,288.0,288.0,0.0,41.0,288.0,329.0,164.5,174.655375,0.0,0.0,0.0,0.0,0.0,0.0,0.0,0.0,0.0,0.0,114495.992661,114495.992661,114495.992661,114495.992661,0.0,2873.463013,1.0,1.0,41.0,288.0,0.0,0.0,0.0,0.0,0.0,0.0,114495.992661,114495.992661,114495.992661,114495.992661,0.0,0.0,0.0,0.0,0.0,0.0,0,0,0,ARP_poisioning
T0383,39716,21,tcp,-,1e-06,1,1,1,0,1048576.0,1048576.0,2097152.0,1.0,20,20,20,20,20,20,0,1,1,0,0,1,0,0,0,0,120.0,120.0,120.0,120.0,0.0,0.0,0.0,0.0,0.0,0.0,0.0,120.0,120.0,60.0,84.852814,0.0,0.0,0.0,0.0,0.0,0.0,0.0,0.0,0.0,0.0,0.953674,0.953674,0.953674,0.953674,0.0,125829120.0,1.0,1.0,120.0,0.0,0.0,0.0,0.0,0.0,0.0,0.0,0.953674,0.953674,0.953674,0.953674,0.0,0.0,0.0,0.0,0.0,0.0,64,0,64,DOS_SYN_Hping
T0384,36242,6692,tcp,-,6e-06,1,1,0,0,167772.16,167772.16,335544.32,1.0,20,20,20,20,20,20,1,0,1,1,0,1,1,0,0,0,0.0,0.0,0.0,0.0,0.0,0.0,0.0,0.0,0.0,0.0,0.0,0.0,0.0,0.0,0.0,0.0,0.0,0.0,0.0,0.0,0.0,0.0,0.0,0.0,0.0,5.960464,5.960464,5.960464,5.960464,0.0,0.0,1.0,1.0,0.0,0.0,0.0,0.0,0.0,0.0,0.0,0.0,5.960464,5.960464,5.960464,5.960464,0.0,0.0,0.0,0.0,0.0,0.0,1024,0,1024,NMAP_XMAS_TREE_SCAN
T0385,52205,443,tcp,-,0.0,1,0,0,0,0.0,0.0,0.0,0.0,24,24,24,0,0,0,0,1,0,0,0,0,0,0,0,0,0.0,0.0,0.0,0.0,0.0,0.0,0.0,0.0,0.0,0.0,0.0,0.0,0.0,0.0,0.0,0.0,0.0,0.0,0.0,0.0,0.0,0.0,0.0,0.0,0.0,0.0,0.0,0.0,0.0,0.0,0.0,1.0,0.0,0.0,0.0,0.0,0.0,0.0,0.0,0.0,0.0,0.0,0.0,0.0,0.0,0.0,0.0,0.0,0.0,0.0,0.0,4380,0,4380,Wipro_bulb
T0386,44061,137,udp,dns,0.0,1,0,1,0,0.0,0.0,0.0,0.0,8,8,8,0,0,0,0,0,0,0,0,0,0,0,0,0,50.0,50.0,50.0,50.0,0.0,0.0,0.0,0.0,0.0,0.0,50.0,50.0,50.0,50.0,0.0,0.0,0.0,0.0,0.0,0.0,0.0,0.0,0.0,0.0,0.0,0.0,0.0,0.0,0.0,0.0,0.0,1.0,0.0,50.0,0.0,0.0,0.0,0.0,0.0,0.0,0.0,0.0,0.0,0.0,0.0,0.0,0.0,0.0,0.0,0.0,0.0,0,0,0,ARP_poisioning
T0387,49154,80,tcp,http,115.610346,18,16,1,2,0.155695,0.138396,0.294091,0.8888889999999999,584,32,40,520,32,40,2,2,0,1,1,33,0,0,0,0,0.0,421.0,421.0,23.388889,99.230652,0.0,1352.0,1957.0,122.3125,360.976771,0.0,1352.0,2378.0,69.941176,258.483332,55.074692000000006,10240167.140961,115610359.90715,6800609.406303,4816193.790688,56.982040000000005,10241007.089615,115560509.204865,7704033.946991,4376023.548884,3.099442,10190734.148026,115610359.90715,3503344.2396110003,4814906.112763,20.569093,1.384615,1.230769,32.384615000000004,150.538462,0.0,0.0,0.0,0.0,0.0,0.0,49432.992935,3135154.96254,3744276.52359,312023.043633,889226.0902959999,10000813.961029,10190734.148026,111866083.38356002,10169643.94396,57027.023185000005,64240,65160,501,ARP_poisioning
T0388,56583,53,udp,dns,0.02033,2,2,2,2,98.377014,98.377014,196.754028,1.0,16,8,8,16,8,8,0,0,0,0,0,0,0,0,0,0,36.0,36.0,72.0,36.0,0.0,36.0,68.0,104.0,52.0,22.627417,36.0,68.0,176.0,44.0,16.0,1024.007797,1024.007797,1024.007797,1024.007797,0.0,19029.855730000003,19029.855730000003,19029.855730000003,19029.855730000003,0.0,276.088715,19029.855730000003,20329.95224,6776.650747,10618.17404,8657.177249,2.0,2.0,72.0,104.0,0.0,0.0,0.0,0.0,0.0,0.0,20329.95224,20329.95224,20329.95224,20329.95224,0.0,0.0,0.0,0.0,0.0,0.0,0,0,0,Thing_Speak
T0389,64177,31195,udp,-,0.0,1,0,0,0,0.0,0.0,0.0,0.0,8,8,8,0,0,0,0,0,0,0,0,0,0,0,0,0,0.0,0.0,0.0,0.0,0.0,0.0,0.0,0.0,0.0,0.0,0.0,0.0,0.0,0.0,0.0,0.0,0.0,0.0,0.0,0.0,0.0,0.0,0.0,0.0,0.0,0.0,0.0,0.0,0.0,0.0,0.0,1.0,0.0,0.0,0.0,0.0,0.0,0.0,0.0,0.0,0.0,0.0,0.0,0.0,0.0,0.0,0.0,0.0,0.0,0.0,0.0,0,0,0,NMAP_UDP_SCAN
T0390,53903,21,tcp,-,3e-06,1,1,1,0,322638.769231,322638.769231,645277.538462,1.0,20,20,20,20,20,20,0,1,1,0,0,1,0,0,0,0,120.0,120.0,120.0,120.0,0.0,0.0,0.0,0.0,0.0,0.0,0.0,120.0,120.0,60.0,84.852814,0.0,0.0,0.0,0.0,0.0,0.0,0.0,0.0,0.0,0.0,3.099442,3.099442,3.099442,3.099442,0.0,38716652.307692,1.0,1.0,120.0,0.0,0.0,0.0,0.0,0.0,0.0,0.0,3.099442,3.099442,3.099442,3.099442,0.0,0.0,0.0,0.0,0.0,0.0,64,0,64,DOS_SYN_Hping
T0391,51036,10004,tcp,-,6e-06,1,1,0,0,167772.16,167772.16,335544.32,1.0,20,20,20,20,20,20,0,0,1,0,0,1,0,0,0,0,0.0,0.0,0.0,0.0,0.0,0.0,0.0,0.0,0.0,0.0,0.0,0.0,0.0,0.0,0.0,0.0,0.0,0.0,0.0,0.0,0.0,0.0,0.0,0.0,0.0,5.960464,5.960464,5.960464,5.960464,0.0,0.0,1.0,1.0,0.0,0.0,0.0,0.0,0.0,0.0,0.0,0.0,5.960464,5.960464,5.960464,5.960464,0.0,0.0,0.0,0.0,0.0,0.0,1024,0,1024,NMAP_OS_DETECTION
T0392,46600,20828,tcp,-,1e-06,1,1,0,0,838860.8,838860.8,1677721.6,1.0,20,20,20,20,20,20,0,0,1,0,0,1,0,0,0,0,0.0,0.0,0.0,0.0,0.0,0.0,0.0,0.0,0.0,0.0,0.0,0.0,0.0,0.0,0.0,0.0,0.0,0.0,0.0,0.0,0.0,0.0,0.0,0.0,0.0,1.192093,1.192093,1.192093,1.192093,0.0,0.0,1.0,1.0,0.0,0.0,0.0,0.0,0.0,0.0,0.0,0.0,1.192093,1.192093,1.192093,1.192093,0.0,0.0,0.0,0.0,0.0,0.0,1024,0,1024,NMAP_OS_DETECTION
T0393,42557,5353,udp,dns,0.0,1,0,1,0,0.0,0.0,0.0,0.0,8,8,8,0,0,0,0,0,0,0,0,0,0,0,0,0,39.0,39.0,39.0,39.0,0.0,0.0,0.0,0.0,0.0,0.0,39.0,39.0,39.0,39.0,0.0,0.0,0.0,0.0,0.0,0.0,0.0,0.0,0.0,0.0,0.0,0.0,0.0,0.0,0.0,0.0,0.0,1.0,0.0,39.0,0.0,0.0,0.0,0.0,0.0,0.0,0.0,0.0,0.0,0.0,0.0,0.0,0.0,0.0,0.0,0.0,0.0,0,0,0,ARP_poisioning
T0394,58315,21,tcp,-,1e-06,1,1,1,0,1048576.0,1048576.0,2097152.0,1.0,20,20,20,20,20,20,0,1,1,0,0,1,0,0,0,0,120.0,120.0,120.0,120.0,0.0,0.0,0.0,0.0,0.0,0.0,0.0,120.0,120.0,60.0,84.852814,0.0,0.0,0.0,0.0,0.0,0.0,0.0,0.0,0.0,0.0,0.953674,0.953674,0.953674,0.953674,0.0,125829120.0,1.0,1.0,120.0,0.0,0.0,0.0,0.0,0.0,0.0,0.0,0.953674,0.953674,0.953674,0.953674,0.0,0.0,0.0,0.0,0.0,0.0,64,0,64,DOS_SYN_Hping
T0395,56076,443,tcp,ssl,0.660284,10,11,5,4,15.144997,16.659497,31.804494,1.1,204,20,24,224,20,24,2,2,2,5,4,20,0,0,0,0,0.0,357.0,808.0,80.8,120.888194,0.0,405.0,717.0,65.181818,123.869139,0.0,405.0,1525.0,72.61904799999998,119.632553,262.97569300000004,113980.054855,717130.899429,79681.211048,44916.92634100001,50.067902,111927.986145,627974.9870300001,62797.498703,53433.785238,50.067902,73725.93879700001,717130.899429,35856.544971,26281.672813,2309.612079,10.0,11.0,808.0,717.0,0.0,0.0,0.0,0.0,0.0,0.0,717130.899429,717130.899429,717130.899429,717130.899429,0.0,0.0,0.0,0.0,0.0,0.0,4380,65535,4380,Wipro_bulb
T0396,47321,21,tcp,-,4e-06,1,1,1,0,246723.764706,246723.764706,493447.529412,1.0,20,20,20,20,20,20,0,1,1,0,0,1,0,0,0,0,120.0,120.0,120.0,120.0,0.0,0.0,0.0,0.0,0.0,0.0,0.0,120.0,120.0,60.0,84.852814,0.0,0.0,0.0,0.0,0.0,0.0,0.0,0.0,0.0,0.0,4.053116,4.053116,4.053116,4.053116,0.0,29606851.764706,1.0,1.0,120.0,0.0,0.0,0.0,0.0,0.0,0.0,0.0,4.053116,4.053116,4.053116,4.053116,0.0,0.0,0.0,0.0,0.0,0.0,64,0,64,DOS_SYN_Hping
T0397,38220,80,tcp,http,0.706292,8,6,2,2,11.326761,8.495071000000001,19.821832,0.75,264,32,40,200,32,40,2,2,0,2,2,13,0,0,0,0,0.0,169.0,215.0,26.875,59.640440000000005,0.0,535.0,538.0,89.666667,218.171187,0.0,535.0,753.0,53.785714,145.8161,90.122223,255471.9448,739717.9604,105673.9943,129751.5122,34.093857,223903.8944,483819.0079,96763.80158,116498.9868,34.093857,222472.9061,739717.9604,56901.381570000005,94783.41573,1066.131418,8.0,6.0,215.0,538.0,0.0,0.0,0.0,0.0,0.0,0.0,739717.9604,739717.9604,739717.9604,739717.9604,0.0,0.0,0.0,0.0,0.0,0.0,64240,26847,501,Thing_Speak
T0398,43457,21,tcp,-,4e-06,1,1,1,0,246723.764706,246723.764706,493447.529412,1.0,20,20,20,20,20,20,0,1,1,0,0,1,0,0,0,0,120.0,120.0,120.0,120.0,0.0,0.0,0.0,0.0,0.0,0.0,0.0,120.0,120.0,60.0,84.852814,0.0,0.0,0.0,0.0,0.0,0.0,0.0,0.0,0.0,0.0,4.053116,4.053116,4.053116,4.053116,0.0,29606851.764706,1.0,1.0,120.0,0.0,0.0,0.0,0.0,0.0,0.0,0.0,4.053116,4.053116,4.053116,4.053116,0.0,0.0,0.0,0.0,0.0,0.0,64,0,64,DOS_SYN_Hping
T0399,48207,1883,tcp,mqtt,20.942647,10,6,3,4,0.477495,0.286497,0.763991,0.6,328,32,40,200,32,40,0,2,1,3,4,15,0,0,0,0,0.0,33.0,78.0,7.8,12.934021,0.0,23.0,36.0,6.0,8.602325,0.0,33.0,114.0,7.125,11.218289,246.763229,18849272.966385,20942646.980286,2326960.775587,6212123.919646,3322.124481,1600796.937943,1932157.993317,386431.598663,683447.31452,246.763229,18849272.966385,20942646.980286,1396176.465352,4841889.39014,5.443438,3.333333,2.0,26.0,12.0,0.0,0.0,0.0,0.0,0.0,0.0,2093374.013901,2093374.013901,2093374.013901,2093374.013901,0.0,18849272.966385,18849272.966385,18849272.966385,18849272.966385,0.0,64240,26847,502,MQTT_Publish
T0400,55274,80,tcp,http,30.566202,7,10,4,3,0.229011,0.327159,0.5561699999999999,1.4285709999999998,232,32,40,316,20,40,4,2,1,4,3,15,0,0,0,0,0.0,168.0,210.0,30.0,61.326992,0.0,482.0,1446.0,144.6,232.82812,0.0,482.0,1656.0,97.411765,187.83705,10.967255,15443079.948425,30566197.872162,5094366.312027,6750948.702315,71.048737,14730467.08107,30566184.997559004,3396242.777507,5688498.871877,0.953674,14730467.08107,30566201.925278004,1910387.62033,4501359.619030001,54.177487,1.75,2.5,52.5,361.5,0.0,0.0,0.0,0.0,0.0,0.0,0.953674,4348176.002502,4351607.79953,1450535.933177,2509430.497057,11484127.044678,14730467.08107,26214594.125748,13107297.062874,2295509.05377,64240,65160,501,DDOS_Slowloris
T0401,40858,80,tcp,http,0.701232,7,5,2,1,9.982432,7.130308,17.11274,0.714286,232,32,40,168,32,40,2,2,0,2,1,11,0,0,0,0,0.0,169.0,203.0,29.0,63.02116,0.0,539.0,539.0,107.8,241.048128,0.0,539.0,742.0,61.833333,157.929117,229.83551,245335.1021,703146.9345,117191.1558,127554.2803,60.081482,231652.9751,476085.9013,119021.4753,126223.3918,60.081482,226347.9233,703146.9345,63922.44859,103226.6337,1058.137743,7.0,5.0,203.0,539.0,0.0,0.0,0.0,0.0,0.0,0.0,703146.9345,703146.9345,703146.9345,703146.9345,0.0,0.0,0.0,0.0,0.0,0.0,64240,26847,501,Thing_Speak
T0402,40125,1883,tcp,mqtt,32.074427,9,5,3,3,0.280597,0.155887,0.436485,0.555556,296,32,40,168,32,40,0,2,1,3,3,13,0,0,0,0,0.0,33.0,76.0,8.444444,13.115935999999998,0.0,23.0,32.0,6.4,9.555103,0.0,33.0,108.0,7.714286,11.618477,239.133835,29773830.890656,32074426.889420006,4009303.361177,10417104.941533,3710.031509,1451716.899872,1989856.958389,497464.239597,648252.350821,239.133835,29773830.890656,32074426.889420006,2467263.606878,8211106.407198,3.367169,3.0,1.666667,25.333333,10.666667,0.0,0.0,0.0,0.0,0.0,0.0,2300595.998764,2300595.998764,2300595.998764,2300595.998764,0.0,29773830.890656,29773830.890656,29773830.890656,29773830.890656,0.0,64240,26847,502,MQTT_Publish
T0403,33952,2381,tcp,-,1e-06,1,1,0,0,1048576.0,1048576.0,2097152.0,1.0,40,40,40,20,20,20,0,1,1,0,0,1,0,0,0,0,0.0,0.0,0.0,0.0,0.0,0.0,0.0,0.0,0.0,0.0,0.0,0.0,0.0,0.0,0.0,0.0,0.0,0.0,0.0,0.0,0.0,0.0,0.0,0.0,0.0,0.953674,0.953674,0.953674,0.953674,0.0,0.0,1.0,1.0,0.0,0.0,0.0,0.0,0.0,0.0,0.0,0.0,0.953674,0.953674,0.953674,0.953674,0.0,0.0,0.0,0.0,0.0,0.0,64240,0,64240,NMAP_TCP_scan
T0404,60202,137,udp,dns,0.0,1,0,1,0,0.0,0.0,0.0,0.0,8,8,8,0,0,0,0,0,0,0,0,0,0,0,0,0,50.0,50.0,50.0,50.0,0.0,0.0,0.0,0.0,0.0,0.0,50.0,50.0,50.0,50.0,0.0,0.0,0.0,0.0,0.0,0.0,0.0,0.0,0.0,0.0,0.0,0.0,0.0,0.0,0.0,0.0,0.0,1.0,0.0,50.0,0.0,0.0,0.0,0.0,0.0,0.0,0.0,0.0,0.0,0.0,0.0,0.0,0.0,0.0,0.0,0.0,0.0,0,0,0,ARP_poisioning
T0405,36242,10002,tcp,-,2.9e-05,1,1,0,0,34379.540984,34379.540984,68759.08196699999,1.0,20,20,20,20,20,20,1,0,1,1,0,1,1,0,0,0,0.0,0.0,0.0,0.0,0.0,0.0,0.0,0.0,0.0,0.0,0.0,0.0,0.0,0.0,0.0,0.0,0.0,0.0,0.0,0.0,0.0,0.0,0.0,0.0,0.0,29.087067,29.087067,29.087067,29.087067,0.0,0.0,1.0,1.0,0.0,0.0,0.0,0.0,0.0,0.0,0.0,0.0,29.087067,29.087067,29.087067,29.087067,0.0,0.0,0.0,0.0,0.0,0.0,1024,0,1024,NMAP_XMAS_TREE_SCAN
T0406,46600,8045,tcp,-,6e-06,1,1,0,0,167772.16,167772.16,335544.32,1.0,20,20,20,20,20,20,0,0,1,0,0,1,0,0,0,0,0.0,0.0,0.0,0.0,0.0,0.0,0.0,0.0,0.0,0.0,0.0,0.0,0.0,0.0,0.0,0.0,0.0,0.0,0.0,0.0,0.0,0.0,0.0,0.0,0.0,5.960464,5.960464,5.960464,5.960464,0.0,0.0,1.0,1.0,0.0,0.0,0.0,0.0,0.0,0.0,0.0,0.0,5.960464,5.960464,5.960464,5.960464,0.0,0.0,0.0,0.0,0.0,0.0,1024,0,1024,NMAP_OS_DETECTION
T0407,605,21,tcp,-,2e-06,1,1,1,0,524288.0,524288.0,1048576.0,1.0,20,20,20,20,20,20,0,1,1,0,0,1,0,0,0,0,120.0,120.0,120.0,120.0,0.0,0.0,0.0,0.0,0.0,0.0,0.0,120.0,120.0,60.0,84.852814,0.0,0.0,0.0,0.0,0.0,0.0,0.0,0.0,0.0,0.0,1.907349,1.907349,1.907349,1.907349,0.0,62914560.0,1.0,1.0,120.0,0.0,0.0,0.0,0.0,0.0,0.0,0.0,1.907349,1.907349,1.907349,1.907349,0.0,0.0,0.0,0.0,0.0,0.0,64,0,64,DOS_SYN_Hping
T0408,46600,1151,tcp,-,8e-06,1,1,0,0,123361.882353,123361.882353,246723.764706,1.0,20,20,20,20,20,20,0,0,1,0,0,1,0,0,0,0,0.0,0.0,0.0,0.0,0.0,0.0,0.0,0.0,0.0,0.0,0.0,0.0,0.0,0.0,0.0,0.0,0.0,0.0,0.0,0.0,0.0,0.0,0.0,0.0,0.0,8.106232,8.106232,8.106232,8.106232,0.0,0.0,1.0,1.0,0.0,0.0,0.0,0.0,0.0,0.0,0.0,0.0,8.106232,8.106232,8.106232,8.106232,0.0,0.0,0.0,0.0,0.0,0.0,1024,0,1024,NMAP_OS_DETECTION
T0409,2686,21,tcp,-,1e-06,1,1,1,0,1048576.0,1048576.0,2097152.0,1.0,20,20,20,20,20,20,0,1,1,0,0,1,0,0,0,0,120.0,120.0,120.0,120.0,0.0,0.0,0.0,0.0,0.0,0.0,0.0,120.0,120.0,60.0,84.852814,0.0,0.0,0.0,0.0,0.0,0.0,0.0,0.0,0.0,0.0,0.953674,0.953674,0.953674,0.953674,0.0,125829120.0,1.0,1.0,120.0,0.0,0.0,0.0,0.0,0.0,0.0,0.0,0.953674,0.953674,0.953674,0.953674,0.0,0.0,0.0,0.0,0.0,0.0,64,0,64,DOS_SYN_Hping
T0410,46600,33899,tcp,-,7.000000000000001e-06,1,1,0,0,139810.133333,139810.133333,279620.266667,1.0,20,20,20,20,20,20,0,0,1,0,0,1,0,0,0,0,0.0,0.0,0.0,0.0,0.0,0.0,0.0,0.0,0.0,0.0,0.0,0.0,0.0,0.0,0.0,0.0,0.0,0.0,0.0,0.0,0.0,0.0,0.0,0.0,0.0,7.152557000000001,7.152557000000001,7.152557000000001,7.152557000000001,0.0,0.0,1.0,1.0,0.0,0.0,0.0,0.0,0.0,0.0,0.0,0.0,7.152557000000001,7.152557000000001,7.152557000000001,7.152557000000001,0.0,0.0,0.0,0.0,0.0,0.0,1024,0,1024,NMAP_OS_DETECTION
T0411,56416,443,tcp,ssl,0.097462,12,12,4,8,123.124987,123.124987,246.249975,1.0,392,32,40,380,20,40,2,2,1,4,6,22,0,0,0,0,0.0,517.0,792.0,66.0,152.15363,0.0,1392.0,5840.0,486.666667,613.1224599999999,0.0,1392.0,6632.0,276.333333,486.850184,20.980835,26273.012161,97461.938858,8860.17626,11334.381362,11.205673,37142.99202,97021.102905,8820.100264,14927.016826,8.106232,25066.85257,120738.02948,5249.479543,9189.137609,68047.07640399999,12.0,12.0,792.0,5840.0,0.0,0.0,0.0,0.0,0.0,0.0,120738.02948,120738.02948,120738.02948,120738.02948,0.0,0.0,0.0,0.0,0.0,0.0,64240,28960,501,ARP_poisioning
T0412,40520,1755,tcp,-,6e-06,1,1,0,0,167772.16,167772.16,335544.32,1.0,40,40,40,20,20,20,0,1,1,0,0,1,0,0,0,0,0.0,0.0,0.0,0.0,0.0,0.0,0.0,0.0,0.0,0.0,0.0,0.0,0.0,0.0,0.0,0.0,0.0,0.0,0.0,0.0,0.0,0.0,0.0,0.0,0.0,5.960464,5.960464,5.960464,5.960464,0.0,0.0,1.0,1.0,0.0,0.0,0.0,0.0,0.0,0.0,0.0,0.0,5.960464,5.960464,5.960464,5.960464,0.0,0.0,0.0,0.0,0.0,0.0,64240,0,64240,NMAP_TCP_scan
T0413,64244,17417,udp,-,0.0,1,0,0,0,0.0,0.0,0.0,0.0,8,8,8,0,0,0,0,0,0,0,0,0,0,0,0,0,0.0,0.0,0.0,0.0,0.0,0.0,0.0,0.0,0.0,0.0,0.0,0.0,0.0,0.0,0.0,0.0,0.0,0.0,0.0,0.0,0.0,0.0,0.0,0.0,0.0,0.0,0.0,0.0,0.0,0.0,0.0,1.0,0.0,0.0,0.0,0.0,0.0,0.0,0.0,0.0,0.0,0.0,0.0,0.0,0.0,0.0,0.0,0.0,0.0,0.0,0.0,0,0,0,NMAP_UDP_SCAN
T0414,55088,80,tcp,http,30.771541,7,13,4,6,0.227483,0.422468,0.6499510000000001,1.857143,232,32,40,412,20,40,7,2,1,4,6,18,0,0,0,0,0.0,168.0,209.0,29.857143,61.37976999999999,0.0,482.0,2892.0,222.461538,250.097519,0.0,482.0,3101.0,155.05,222.660817,315.904617,16398102.998734,30771529.912949,5128588.318825,7140820.99252,138.04435700000002,11692098.140717,30771510.124207,2564292.510351,3988615.83872,2.145767,11692095.994949,30771541.118622,1619554.795717,3364855.998942,100.774933,1.166667,2.166667,34.833333,482.0,0.0,0.0,0.0,0.0,0.0,0.0,2.145767,9370552.062988,9374621.152878,3124873.717626,5408916.492787001,9704823.970795,11692095.994949,21396919.965744,10698459.982872,1405213.524342,64240,65160,501,DDOS_Slowloris
T0415,64178,33354,udp,-,0.0,1,0,1,0,0.0,0.0,0.0,0.0,8,8,8,0,0,0,0,0,0,0,0,0,0,0,0,0,40.0,40.0,40.0,40.0,0.0,0.0,0.0,0.0,0.0,0.0,40.0,40.0,40.0,40.0,0.0,0.0,0.0,0.0,0.0,0.0,0.0,0.0,0.0,0.0,0.0,0.0,0.0,0.0,0.0,0.0,0.0,1.0,0.0,40.0,0.0,0.0,0.0,0.0,0.0,0.0,0.0,0.0,0.0,0.0,0.0,0.0,0.0,0.0,0.0,0.0,0.0,0,0,0,NMAP_UDP_SCAN
T0416,44163,1883,tcp,mqtt,6.919285,10,6,3,4,1.445236,0.867142,2.312378,0.6,328,32,40,200,32,40,0,2,1,3,4,15,0,0,0,0,0.0,33.0,78.0,7.8,12.934021,0.0,23.0,36.0,6.0,8.602325,0.0,33.0,114.0,7.125,11.218289,190.019608,4854655.981064,6919284.820557001,768809.424506,1597891.102074,70.095062,1595908.880234,1912456.989288,382491.397858,682901.891615,70.095062,4854655.981064,6919284.820557001,461285.654704,1269168.081606,16.475691,3.333333,2.0,26.0,12.0,0.0,0.0,0.0,0.0,0.0,0.0,6919284.820557001,6919284.820557001,6919284.820557001,6919284.820557001,0.0,0.0,0.0,0.0,0.0,0.0,64240,26847,502,MQTT_Publish
T0417,59291,443,udp,-,0.252947,6,10,6,10,23.720398,39.533996,63.254394,1.666667,48,8,8,80,8,8,0,0,0,0,0,0,0,0,0,0,31.0,1357.0,1775.0,295.833333,524.472846,28.0,1357.0,5419.0,541.9,589.611633,28.0,1357.0,7194.0,449.625,561.6163429999999,16.927719,118834.018707,203058.958054,40611.791611,48669.37188,3.099442,70601.94015499999,179197.072983,19910.785887,28376.388438,3.099442,73732.852936,252946.853638,16863.123575999998,24626.862445,28440.757007,6.0,10.0,1775.0,5419.0,0.0,0.0,0.0,0.0,0.0,0.0,252946.853638,252946.853638,252946.853638,252946.853638,0.0,0.0,0.0,0.0,0.0,0.0,0,0,0,ARP_poisioning
T0418,40995,1883,tcp,mqtt,62.054224,10,6,3,4,0.161149,0.09669,0.257839,0.6,328,32,40,200,32,40,0,2,1,3,4,15,0,0,0,0,0.0,33.0,78.0,7.8,12.934021,0.0,23.0,36.0,6.0,8.602325,0.0,33.0,114.0,7.125,11.218289,270.843506,59651781.082153,62054224.014282,6894913.779364998,19787873.333837,504.016876,1552351.951599,2055187.940598,411037.58812,650069.5499069999,227.928162,59651781.082153,62054224.014282,4136948.267619,15361293.354239002,1.837103,3.333333,2.0,26.0,12.0,0.0,0.0,0.0,0.0,0.0,0.0,2402442.9321290003,2402442.9321290003,2402442.9321290003,2402442.9321290003,0.0,59651781.082153,59651781.082153,59651781.082153,59651781.082153,0.0,64240,26847,502,MQTT_Publish
T0419,36242,3300,tcp,-,8e-06,1,1,0,0,123361.882353,123361.882353,246723.764706,1.0,20,20,20,20,20,20,1,0,1,1,0,1,1,0,0,0,0.0,0.0,0.0,0.0,0.0,0.0,0.0,0.0,0.0,0.0,0.0,0.0,0.0,0.0,0.0,0.0,0.0,0.0,0.0,0.0,0.0,0.0,0.0,0.0,0.0,8.106232,8.106232,8.106232,8.106232,0.0,0.0,1.0,1.0,0.0,0.0,0.0,0.0,0.0,0.0,0.0,0.0,8.106232,8.106232,8.106232,8.106232,0.0,0.0,0.0,0.0,0.0,0.0,1024,0,1024,NMAP_XMAS_TREE_SCAN
T0420,50079,19660,udp,-,0.0,1,0,0,0,0.0,0.0,0.0,0.0,8,8,8,0,0,0,0,0,0,0,0,0,0,0,0,0,0.0,0.0,0.0,0.0,0.0,0.0,0.0,0.0,0.0,0.0,0.0,0.0,0.0,0.0,0.0,0.0,0.0,0.0,0.0,0.0,0.0,0.0,0.0,0.0,0.0,0.0,0.0,0.0,0.0,0.0,0.0,1.0,0.0,0.0,0.0,0.0,0.0,0.0,0.0,0.0,0.0,0.0,0.0,0.0,0.0,0.0,0.0,0.0,0.0,0.0,0.0,0,0,0,NMAP_UDP_SCAN
T0421,50078,9,udp,-,0.0,1,0,0,0,0.0,0.0,0.0,0.0,8,8,8,0,0,0,0,0,0,0,0,0,0,0,0,0,0.0,0.0,0.0,0.0,0.0,0.0,0.0,0.0,0.0,0.0,0.0,0.0,0.0,0.0,0.0,0.0,0.0,0.0,0.0,0.0,0.0,0.0,0.0,0.0,0.0,0.0,0.0,0.0,0.0,0.0,0.0,1.0,0.0,0.0,0.0,0.0,0.0,0.0,0.0,0.0,0.0,0.0,0.0,0.0,0.0,0.0,0.0,0.0,0.0,0.0,0.0,0,0,0,NMAP_UDP_SCAN
T0422,50078,34892,udp,-,0.0,1,0,1,0,0.0,0.0,0.0,0.0,8,8,8,0,0,0,0,0,0,0,0,0,0,0,0,0,40.0,40.0,40.0,40.0,0.0,0.0,0.0,0.0,0.0,0.0,40.0,40.0,40.0,40.0,0.0,0.0,0.0,0.0,0.0,0.0,0.0,0.0,0.0,0.0,0.0,0.0,0.0,0.0,0.0,0.0,0.0,1.0,0.0,40.0,0.0,0.0,0.0,0.0,0.0,0.0,0.0,0.0,0.0,0.0,0.0,0.0,0.0,0.0,0.0,0.0,0.0,0,0,0,NMAP_UDP_SCAN
T0423,51036,8222,tcp,-,8e-06,1,1,0,0,127100.12121199998,127100.12121199998,254200.242424,1.0,20,20,20,20,20,20,0,0,1,0,0,1,0,0,0,0,0.0,0.0,0.0,0.0,0.0,0.0,0.0,0.0,0.0,0.0,0.0,0.0,0.0,0.0,0.0,0.0,0.0,0.0,0.0,0.0,0.0,0.0,0.0,0.0,0.0,7.867813000000001,7.867813000000001,7.867813000000001,7.867813000000001,0.0,0.0,1.0,1.0,0.0,0.0,0.0,0.0,0.0,0.0,0.0,0.0,7.867813000000001,7.867813000000001,7.867813000000001,7.867813000000001,0.0,0.0,0.0,0.0,0.0,0.0,1024,0,1024,NMAP_OS_DETECTION
T0424,43573,21,tcp,-,4e-06,1,1,1,0,246723.764706,246723.764706,493447.529412,1.0,20,20,20,20,20,20,0,1,1,0,0,1,0,0,0,0,120.0,120.0,120.0,120.0,0.0,0.0,0.0,0.0,0.0,0.0,0.0,120.0,120.0,60.0,84.852814,0.0,0.0,0.0,0.0,0.0,0.0,0.0,0.0,0.0,0.0,4.053116,4.053116,4.053116,4.053116,0.0,29606851.764706,1.0,1.0,120.0,0.0,0.0,0.0,0.0,0.0,0.0,0.0,4.053116,4.053116,4.053116,4.053116,0.0,0.0,0.0,0.0,0.0,0.0,64,0,64,DOS_SYN_Hping
T0425,32827,1883,tcp,mqtt,29.054163,10,6,3,4,0.344185,0.206511,0.550696,0.6,328,32,40,200,32,40,0,2,1,3,4,15,0,0,0,0,0.0,33.0,78.0,7.8,12.934021,0.0,23.0,36.0,6.0,8.602325,0.0,33.0,114.0,7.125,11.218289,256.061554,26758911.132812,29054162.979126006,3228240.331014,8831693.400367,201.940536,1476026.0581969996,2022796.869278,404559.373856,614128.268872,54.836273,26758911.132812,29054162.979126006,1936944.1986080003,6873879.44487,3.923706,3.333333,2.0,26.0,12.0,0.0,0.0,0.0,0.0,0.0,0.0,2295251.846313,2295251.846313,2295251.846313,2295251.846313,0.0,26758911.132812,26758911.132812,26758911.132812,26758911.132812,0.0,64240,26847,502,MQTT_Publish
T0426,49912,80,tcp,http,0.003436,4,3,2,0,1164.195129,873.1463470000001,2037.341475,0.75,136,32,40,104,32,40,0,2,0,2,0,6,0,0,0,0,0.0,168.0,189.0,47.25,81.106412,0.0,0.0,0.0,0.0,0.0,0.0,168.0,189.0,27.0,62.665780000000005,10.967255,1709.938049,3401.994705,1133.998235,972.680317,1680.8509829999998,1738.0714420000002,3418.9224240000003,1709.4612120000002,40.460975,10.967255,1693.01033,3435.850143,572.641691,850.1861769999999,55008.219832,4.0,3.0,189.0,0.0,0.0,0.0,0.0,0.0,0.0,0.0,3435.850143,3435.850143,3435.850143,3435.850143,0.0,0.0,0.0,0.0,0.0,0.0,64240,65160,502,DDOS_Slowloris
T0427,51036,3814,tcp,-,8e-06,1,1,0,0,127100.12121199998,127100.12121199998,254200.242424,1.0,20,20,20,20,20,20,0,0,1,0,0,1,0,0,0,0,0.0,0.0,0.0,0.0,0.0,0.0,0.0,0.0,0.0,0.0,0.0,0.0,0.0,0.0,0.0,0.0,0.0,0.0,0.0,0.0,0.0,0.0,0.0,0.0,0.0,7.867813000000001,7.867813000000001,7.867813000000001,7.867813000000001,0.0,0.0,1.0,1.0,0.0,0.0,0.0,0.0,0.0,0.0,0.0,0.0,7.867813000000001,7.867813000000001,7.867813000000001,7.867813000000001,0.0,0.0,0.0,0.0,0.0,0.0,1024,0,1024,NMAP_OS_DETECTION
T0428,36242,666,tcp,-,7.000000000000001e-06,1,1,0,0,144631.172414,144631.172414,289262.344828,1.0,20,20,20,20,20,20,1,0,1,1,0,1,1,0,0,0,0.0,0.0,0.0,0.0,0.0,0.0,0.0,0.0,0.0,0.0,0.0,0.0,0.0,0.0,0.0,0.0,0.0,0.0,0.0,0.0,0.0,0.0,0.0,0.0,0.0,6.914139,6.914139,6.914139,6.914139,0.0,0.0,1.0,1.0,0.0,0.0,0.0,0.0,0.0,0.0,0.0,0.0,6.914139,6.914139,6.914139,6.914139,0.0,0.0,0.0,0.0,0.0,0.0,1024,0,1024,NMAP_XMAS_TREE_SCAN
T0429,49664,80,tcp,http,0.010869,4,3,2,0,368.01825,276.013688,644.031938,0.75,136,32,40,104,32,40,0,2,0,2,0,6,0,0,0,0,0.0,168.0,188.0,47.0,81.215762,0.0,0.0,0.0,0.0,0.0,0.0,168.0,188.0,26.857143,62.682875,1340.150833,7623.910904,10848.045349,3616.015116,3481.574357,1295.0897220000002,9557.962418,10853.052139,5426.52607,5842.733315,15.974045000000002,7623.910904,10869.026184,1811.504364,2951.358982,17296.85777,4.0,3.0,188.0,0.0,0.0,0.0,0.0,0.0,0.0,0.0,10869.026184,10869.026184,10869.026184,10869.026184,0.0,0.0,0.0,0.0,0.0,0.0,64240,65160,502,DDOS_Slowloris
T0430,44476,80,tcp,http,4.423597,10,3,5,1,2.2606040000000003,0.678181,2.938785,0.3,328,32,40,104,32,40,2,2,0,5,1,12,0,0,0,0,0.0,202.0,639.0,63.9,89.1409,0.0,539.0,539.0,179.666667,311.191795,0.0,539.0,1178.0,90.615385,157.088902,95.129013,1760032.177,4425431.013,491714.557,571182.1754,283682.8232,3860296.965,4143979.788,2071989.894,2529048.113,95.129013,1760032.177,4425431.013,368785.9178,535087.6924,266.299131,5.0,1.5,319.5,269.5,0.0,0.0,0.0,0.0,0.0,0.0,4425431.013,4425431.013,4425431.013,4425431.013,0.0,0.0,0.0,0.0,0.0,0.0,64240,26847,501,Thing_Speak
T0431,38592,53,udp,dns,0.019646,2,2,2,2,101.801024,101.801024,203.602048,1.0,16,8,8,16,8,8,0,0,0,0,0,0,0,0,0,0,36.0,36.0,72.0,36.0,0.0,36.0,68.0,104.0,52.0,22.627417,36.0,68.0,176.0,44.0,16.0,1085.042953,1085.042953,1085.042953,1085.042953,0.0,18365.14473,18365.14473,18365.14473,18365.14473,0.0,195.980072,18365.14473,19646.16776,6548.722585,10242.97234,8958.490134,2.0,2.0,72.0,104.0,0.0,0.0,0.0,0.0,0.0,0.0,19646.16776,19646.16776,19646.16776,19646.16776,0.0,0.0,0.0,0.0,0.0,0.0,0,0,0,Thing_Speak
T0432,13794,21,tcp,-,2e-06,1,1,1,0,524288.0,524288.0,1048576.0,1.0,20,20,20,20,20,20,0,1,1,0,0,1,0,0,0,0,120.0,120.0,120.0,120.0,0.0,0.0,0.0,0.0,0.0,0.0,0.0,120.0,120.0,60.0,84.852814,0.0,0.0,0.0,0.0,0.0,0.0,0.0,0.0,0.0,0.0,1.907349,1.907349,1.907349,1.907349,0.0,62914560.0,1.0,1.0,120.0,0.0,0.0,0.0,0.0,0.0,0.0,0.0,1.907349,1.907349,1.907349,1.907349,0.0,0.0,0.0,0.0,0.0,0.0,64,0,64,DOS_SYN_Hping
T0433,39550,80,tcp,http,1.028886,7,5,2,1,6.8034740000000005,4.859624,11.663099,0.714286,232,32,40,168,32,40,2,2,0,2,1,11,0,0,0,0,0.0,169.0,215.0,30.714286,63.34223000000001,0.0,538.0,538.0,107.6,240.600914,0.0,538.0,753.0,62.75,157.50043300000002,100.135803,438555.9559,1153940.916,192323.486,213392.5629,87.02278100000001,378459.2152,715370.1782,178842.5446,196526.5186,87.02278100000001,313607.9311,1153940.916,104903.7196,139239.4548,731.85945,7.0,5.0,215.0,538.0,0.0,0.0,0.0,0.0,0.0,0.0,1153940.916,1153940.916,1153940.916,1153940.916,0.0,0.0,0.0,0.0,0.0,0.0,64240,26847,501,Thing_Speak
T0434,36242,9010,tcp,-,7.000000000000001e-06,1,1,0,0,144631.172414,144631.172414,289262.344828,1.0,20,20,20,20,20,20,1,0,1,1,0,1,1,0,0,0,0.0,0.0,0.0,0.0,0.0,0.0,0.0,0.0,0.0,0.0,0.0,0.0,0.0,0.0,0.0,0.0,0.0,0.0,0.0,0.0,0.0,0.0,0.0,0.0,0.0,6.914139,6.914139,6.914139,6.914139,0.0,0.0,1.0,1.0,0.0,0.0,0.0,0.0,0.0,0.0,0.0,0.0,6.914139,6.914139,6.914139,6.914139,0.0,0.0,0.0,0.0,0.0,0.0,1024,0,1024,NMAP_XMAS_TREE_SCAN
T0435,64177,20389,udp,-,0.0,1,0,0,0,0.0,0.0,0.0,0.0,8,8,8,0,0,0,0,0,0,0,0,0,0,0,0,0,0.0,0.0,0.0,0.0,0.0,0.0,0.0,0.0,0.0,0.0,0.0,0.0,0.0,0.0,0.0,0.0,0.0,0.0,0.0,0.0,0.0,0.0,0.0,0.0,0.0,0.0,0.0,0.0,0.0,0.0,0.0,1.0,0.0,0.0,0.0,0.0,0.0,0.0,0.0,0.0,0.0,0.0,0.0,0.0,0.0,0.0,0.0,0.0,0.0,0.0,0.0,0,0,0,NMAP_UDP_SCAN
T0436,58836,443,tcp,ssl,1.273115,14,11,3,8,10.996651,8.640226,19.636876,0.785714,432,20,40,360,32,40,2,2,2,3,6,22,0,0,0,0,0.0,517.0,840.0,60.0,144.534798,0.0,1408.0,6121.0,556.454545,606.511066,0.0,1408.0,6961.0,278.44,477.33497,223.875046,241841.0778,1275281.906,98098.60816,112344.466,44.107437,323922.8725,1047885.895,104788.5895,137253.8102,44.107437,239684.1049,1275281.906,53136.74609,94195.42502,5467.691795000001,14.0,11.0,840.0,6121.0,0.0,0.0,0.0,0.0,0.0,0.0,1275281.906,1275281.906,1275281.906,1275281.906,0.0,0.0,0.0,0.0,0.0,0.0,64240,26847,0,Thing_Speak
T0437,55112,80,tcp,http,30.736714000000003,7,13,4,6,0.227741,0.422947,0.650688,1.857143,232,32,40,412,20,40,7,2,1,4,6,18,0,0,0,0,0.0,168.0,210.0,30.0,61.326992,0.0,482.0,2892.0,222.461538,250.097519,0.0,482.0,3102.0,155.1,222.62664,405.073166,18433171.987534,30736704.111099,5122784.018517,7982434.737536999,138.998032,11711024.045944,30736695.051193,2561391.254266,4375006.032195,0.953674,11711024.045944,30736714.12468,1617721.796036,3647657.105669,100.921653,1.4,2.6,42.0,578.4,0.0,0.0,0.0,0.0,0.0,0.0,0.953674,7361423.969269,7369684.934616,2456561.644872,4247737.382298,11656005.144119,11711024.045944,23367029.190063,11683514.595032,38904.238574,64240,65160,501,DDOS_Slowloris
T0438,57069,6667,udp,-,5676.684995000001,1136,0,1136,0,0.200117,0.0,0.200117,0.0,9088,8,8,0,0,0,0,0,0,0,0,0,0,0,0,0,172.0,172.0,195392.0,172.0,0.0,0.0,0.0,0.0,0.0,0.0,172.0,172.0,195392.0,172.0,0.0,3987132.787704,5315002.202988,5676684995.174408,5001484.577246,35256.253175,0.0,0.0,0.0,0.0,0.0,3987132.787704,5315002.202988,5676684995.174408,5001484.577246,35256.253175,34.420089000000004,1.0,0.0,172.0,0.0,0.0,0.0,0.0,0.0,0.0,0.0,3987132.787704,9999598.97995,248069067.955017,5278065.275639,1245999.279322,5000022.888184,5315002.202988,5428615927.219391,5003332.651815,14540.954047,0,0,0,Wipro_bulb
T0439,51036,8045,tcp,-,5e-06,1,1,0,0,199728.761905,199728.761905,399457.52381,1.0,20,20,20,20,20,20,0,0,1,0,0,1,0,0,0,0,0.0,0.0,0.0,0.0,0.0,0.0,0.0,0.0,0.0,0.0,0.0,0.0,0.0,0.0,0.0,0.0,0.0,0.0,0.0,0.0,0.0,0.0,0.0,0.0,0.0,5.0067900000000005,5.0067900000000005,5.0067900000000005,5.0067900000000005,0.0,0.0,1.0,1.0,0.0,0.0,0.0,0.0,0.0,0.0,0.0,0.0,5.0067900000000005,5.0067900000000005,5.0067900000000005,5.0067900000000005,0.0,0.0,0.0,0.0,0.0,0.0,1024,0,1024,NMAP_OS_DETECTION
T0440,55316,80,tcp,http,30.520014,8,7,4,1,0.262123,0.229358,0.491481,0.875,264,32,40,220,20,40,1,2,1,4,1,13,0,0,0,0,0.0,168.0,209.0,26.125,57.79875799999999,0.0,482.0,482.0,68.85714300000001,182.178876,0.0,482.0,691.0,46.066667,127.989099,10.01358,15750803.947449,30520009.994507,4360001.427787,6540907.479927,97.990036,15740367.889404,30519999.027252004,5086666.504542,6849059.303061,2.145767,15740367.889404,30520014.047623,2180001.003402,4983859.795519,22.640881,2.0,1.75,52.25,120.5,0.0,0.0,0.0,0.0,0.0,0.0,2.145767,3335498.094559,3338099.241257,1112699.7470860002,1925000.274302,11441546.916962,15740367.889404,27181914.806366,13590957.403183,3039725.460721,64240,65160,501,DDOS_Slowloris
T0441,43210,6005,tcp,-,2e-06,1,1,0,0,524288.0,524288.0,1048576.0,1.0,40,40,40,20,20,20,0,1,1,0,0,1,0,0,0,0,0.0,0.0,0.0,0.0,0.0,0.0,0.0,0.0,0.0,0.0,0.0,0.0,0.0,0.0,0.0,0.0,0.0,0.0,0.0,0.0,0.0,0.0,0.0,0.0,0.0,1.907349,1.907349,1.907349,1.907349,0.0,0.0,1.0,1.0,0.0,0.0,0.0,0.0,0.0,0.0,0.0,0.0,1.907349,1.907349,1.907349,1.907349,0.0,0.0,0.0,0.0,0.0,0.0,64240,0,64240,NMAP_TCP_scan
T0442,50078,16786,udp,-,0.0,1,0,0,0,0.0,0.0,0.0,0.0,8,8,8,0,0,0,0,0,0,0,0,0,0,0,0,0,0.0,0.0,0.0,0.0,0.0,0.0,0.0,0.0,0.0,0.0,0.0,0.0,0.0,0.0,0.0,0.0,0.0,0.0,0.0,0.0,0.0,0.0,0.0,0.0,0.0,0.0,0.0,0.0,0.0,0.0,0.0,1.0,0.0,0.0,0.0,0.0,0.0,0.0,0.0,0.0,0.0,0.0,0.0,0.0,0.0,0.0,0.0,0.0,0.0,0.0,0.0,0,0,0,NMAP_UDP_SCAN
T0443,54548,1247,tcp,-,2e-06,1,1,0,0,466033.777778,466033.777778,932067.555556,1.0,40,40,40,20,20,20,0,1,1,0,0,1,0,0,0,0,0.0,0.0,0.0,0.0,0.0,0.0,0.0,0.0,0.0,0.0,0.0,0.0,0.0,0.0,0.0,0.0,0.0,0.0,0.0,0.0,0.0,0.0,0.0,0.0,0.0,2.145767,2.145767,2.145767,2.145767,0.0,0.0,1.0,1.0,0.0,0.0,0.0,0.0,0.0,0.0,0.0,0.0,2.145767,2.145767,2.145767,2.145767,0.0,0.0,0.0,0.0,0.0,0.0,64240,0,64240,NMAP_TCP_scan
T0444,50163,443,tcp,ssl,1.659586,12,16,5,6,7.2307190000000015,9.640959,16.871678,1.333333,244,20,24,324,20,24,2,2,2,5,5,27,0,0,0,0,0.0,805.0,1368.0,114.0,238.418273,0.0,1420.0,2839.0,177.4375,427.67947,0.0,1420.0,4207.0,150.25,354.678636,376.939774,821174.1447449998,1687815.904617,153437.809511,238362.552934,23.841858,496790.17067,1624121.904373,108274.793625,135606.477677,23.841858,496790.17067,1687815.904617,62511.700171,107886.139418,2534.969637,12.0,16.0,1368.0,2839.0,0.0,0.0,0.0,0.0,0.0,0.0,1687815.904617,1687815.904617,1687815.904617,1687815.904617,0.0,0.0,0.0,0.0,0.0,0.0,4380,65535,4380,Wipro_bulb
T0445,54116,53,udp,dns,0.0002029999999999,2,2,2,2,9857.353702,9857.353702,19714.707403,1.0,16,8,8,16,8,8,0,0,0,0,0,0,0,0,0,0,45.0,45.0,90.0,45.0,0.0,45.0,61.0,106.0,53.0,11.313708,45.0,61.0,196.0,49.0,8.0,8.821487,8.821487,8.821487,8.821487,0.0,71.048737,71.048737,71.048737,71.048737,0.0,8.821487,123.023987,202.894211,67.631404,57.17789200000001,966020.66275,2.0,2.0,90.0,106.0,0.0,0.0,0.0,0.0,0.0,0.0,202.894211,202.894211,202.894211,202.894211,0.0,0.0,0.0,0.0,0.0,0.0,0,0,0,ARP_poisioning
T0446,56089,443,tcp,ssl,0.670233,10,11,5,4,14.920184,16.412203,31.332387,1.1,204,20,24,224,20,24,2,2,2,5,4,20,0,0,0,0,0.0,357.0,808.0,80.8,120.888194,0.0,421.0,733.0,66.636364,128.274138,0.0,421.0,1541.0,73.38095200000002,121.884977,279.188156,109725.952148,723192.2149659998,80354.690552,45384.290915,36.001205,112020.015717,619954.8244479999,61995.482445,52749.924239,36.001205,59808.969498,723192.2149659998,36159.610748,24027.757024,2299.200389,10.0,11.0,808.0,733.0,0.0,0.0,0.0,0.0,0.0,0.0,723192.2149659998,723192.2149659998,723192.2149659998,723192.2149659998,0.0,0.0,0.0,0.0,0.0,0.0,4380,65535,4380,Wipro_bulb
T0447,49848,80,tcp,http,0.0066709999999999,4,3,2,0,599.614582,449.71093600000006,1049.325518,0.75,136,32,40,104,32,40,0,2,0,2,0,6,0,0,0,0,0.0,168.0,189.0,47.25,81.106412,0.0,0.0,0.0,0.0,0.0,0.0,168.0,189.0,27.0,62.665780000000005,0.953674,4963.874817,6656.885147,2218.961716,2523.067235,1668.930054,4972.934722999999,6641.864777000001,3320.932388,2336.284107,0.953674,4958.868027,6670.951843,1111.825307,1996.996584,28331.788992,4.0,3.0,189.0,0.0,0.0,0.0,0.0,0.0,0.0,0.0,6670.951843,6670.951843,6670.951843,6670.951843,0.0,0.0,0.0,0.0,0.0,0.0,64240,65160,502,DDOS_Slowloris
T0448,51590,80,tcp,http,0.000576,8,0,2,0,13888.423841,0.0,13888.423841,0.0,260,20,40,0,0,0,1,2,1,2,0,6,0,0,0,0,0.0,126.0,212.0,26.5,50.219518,0.0,0.0,0.0,0.0,0.0,0.0,126.0,212.0,26.5,50.219518,19.073486,366.210938,576.019287,82.28846999999999,126.914058,0.0,0.0,0.0,0.0,0.0,19.073486,366.210938,576.019287,82.28846999999999,126.914058,368043.231788,8.0,0.0,212.0,0.0,0.0,0.0,0.0,0.0,0.0,0.0,576.019287,576.019287,576.019287,576.019287,0.0,0.0,0.0,0.0,0.0,0.0,65476,0,0,NMAP_UDP_SCAN
T0449,51347,1883,tcp,mqtt,27.946553,10,6,3,4,0.357826,0.214696,0.5725210000000001,0.6,328,32,40,200,32,40,0,2,1,3,4,15,0,0,0,0,0.0,33.0,78.0,7.8,12.934021,0.0,23.0,36.0,6.0,8.602325,0.0,33.0,114.0,7.125,11.218289,233.17337,25881108.999252,27946552.991867,3105172.554652,8552216.736416,64.84985400000001,1555901.050568,1911972.999573,382394.599915,661763.1563949999,64.84985400000001,25881108.999252,27946552.991867,1863103.532791,6653781.23092,4.0792150000000005,3.333333,2.0,26.0,12.0,0.0,0.0,0.0,0.0,0.0,0.0,2065443.992615,2065443.992615,2065443.992615,2065443.992615,0.0,25881108.999252,25881108.999252,25881108.999252,25881108.999252,0.0,64240,26847,502,MQTT_Publish
T0450,58100,32775,tcp,-,5e-06,1,1,0,0,199728.761905,199728.761905,399457.52381,1.0,40,40,40,20,20,20,0,1,1,0,0,1,0,0,0,0,0.0,0.0,0.0,0.0,0.0,0.0,0.0,0.0,0.0,0.0,0.0,0.0,0.0,0.0,0.0,0.0,0.0,0.0,0.0,0.0,0.0,0.0,0.0,0.0,0.0,5.0067900000000005,5.0067900000000005,5.0067900000000005,5.0067900000000005,0.0,0.0,1.0,1.0,0.0,0.0,0.0,0.0,0.0,0.0,0.0,0.0,5.0067900000000005,5.0067900000000005,5.0067900000000005,5.0067900000000005,0.0,0.0,0.0,0.0,0.0,0.0,64240,0,64240,NMAP_TCP_scan
T0451,49822,80,tcp,http,0.003709,4,3,2,0,1078.5045,808.878375,1887.382875,0.75,136,32,40,104,32,40,0,2,0,2,0,6,0,0,0,0,0.0,168.0,188.0,47.0,81.215762,0.0,0.0,0.0,0.0,0.0,0.0,168.0,188.0,26.857143,62.682875,10.01358,1999.855042,3685.951233,1228.6504109999998,1067.7143529999998,1665.830612,2024.173737,3690.004349,1845.002174,253.386853,10.01358,1981.019974,3708.839417,618.139903,930.93453,50689.711494,4.0,3.0,188.0,0.0,0.0,0.0,0.0,0.0,0.0,0.0,3708.839417,3708.839417,3708.839417,3708.839417,0.0,0.0,0.0,0.0,0.0,0.0,64240,65160,502,DDOS_Slowloris
T0452,63011,21,tcp,-,4e-06,1,1,1,0,246723.764706,246723.764706,493447.529412,1.0,20,20,20,20,20,20,0,1,1,0,0,1,0,0,0,0,120.0,120.0,120.0,120.0,0.0,0.0,0.0,0.0,0.0,0.0,0.0,120.0,120.0,60.0,84.852814,0.0,0.0,0.0,0.0,0.0,0.0,0.0,0.0,0.0,0.0,4.053116,4.053116,4.053116,4.053116,0.0,29606851.764706,1.0,1.0,120.0,0.0,0.0,0.0,0.0,0.0,0.0,0.0,4.053116,4.053116,4.053116,4.053116,0.0,0.0,0.0,0.0,0.0,0.0,64,0,64,DOS_SYN_Hping
T0453,60146,17,tcp,-,4e-06,1,1,0,0,246723.764706,246723.764706,493447.529412,1.0,40,40,40,20,20,20,0,1,1,0,0,1,0,0,0,0,0.0,0.0,0.0,0.0,0.0,0.0,0.0,0.0,0.0,0.0,0.0,0.0,0.0,0.0,0.0,0.0,0.0,0.0,0.0,0.0,0.0,0.0,0.0,0.0,0.0,4.053116,4.053116,4.053116,4.053116,0.0,0.0,1.0,1.0,0.0,0.0,0.0,0.0,0.0,0.0,0.0,0.0,4.053116,4.053116,4.053116,4.053116,0.0,0.0,0.0,0.0,0.0,0.0,64240,0,64240,NMAP_TCP_scan
T0454,51036,13782,tcp,-,8e-06,1,1,0,0,127100.12121199998,127100.12121199998,254200.242424,1.0,20,20,20,20,20,20,0,0,1,0,0,1,0,0,0,0,0.0,0.0,0.0,0.0,0.0,0.0,0.0,0.0,0.0,0.0,0.0,0.0,0.0,0.0,0.0,0.0,0.0,0.0,0.0,0.0,0.0,0.0,0.0,0.0,0.0,7.867813000000001,7.867813000000001,7.867813000000001,7.867813000000001,0.0,0.0,1.0,1.0,0.0,0.0,0.0,0.0,0.0,0.0,0.0,0.0,7.867813000000001,7.867813000000001,7.867813000000001,7.867813000000001,0.0,0.0,0.0,0.0,0.0,0.0,1024,0,1024,NMAP_OS_DETECTION
T0455,46600,6692,tcp,-,7.000000000000001e-06,1,1,0,0,139810.133333,139810.133333,279620.266667,1.0,20,20,20,20,20,20,0,0,1,0,0,1,0,0,0,0,0.0,0.0,0.0,0.0,0.0,0.0,0.0,0.0,0.0,0.0,0.0,0.0,0.0,0.0,0.0,0.0,0.0,0.0,0.0,0.0,0.0,0.0,0.0,0.0,0.0,7.152557000000001,7.152557000000001,7.152557000000001,7.152557000000001,0.0,0.0,1.0,1.0,0.0,0.0,0.0,0.0,0.0,0.0,0.0,0.0,7.152557000000001,7.152557000000001,7.152557000000001,7.152557000000001,0.0,0.0,0.0,0.0,0.0,0.0,1024,0,1024,NMAP_OS_DETECTION
T0456,52389,53,udp,dns,0.001784,1,1,1,1,560.511025,560.511025,1121.02205,1.0,8,8,8,8,8,8,0,0,0,0,0,0,0,0,0,0,72.0,72.0,72.0,72.0,0.0,161.0,161.0,161.0,161.0,0.0,72.0,161.0,233.0,116.5,62.932504,0.0,0.0,0.0,0.0,0.0,0.0,0.0,0.0,0.0,0.0,1784.086227,1784.086227,1784.086227,1784.086227,0.0,130599.0688,1.0,1.0,72.0,161.0,0.0,0.0,0.0,0.0,0.0,0.0,1784.086227,1784.086227,1784.086227,1784.086227,0.0,0.0,0.0,0.0,0.0,0.0,0,0,0,Thing_Speak
T0457,65035,22,tcp,-,0.0,1,0,0,0,0.0,0.0,0.0,0.0,20,20,20,0,0,0,1,0,0,0,0,0,0,0,0,0,0.0,0.0,0.0,0.0,0.0,0.0,0.0,0.0,0.0,0.0,0.0,0.0,0.0,0.0,0.0,0.0,0.0,0.0,0.0,0.0,0.0,0.0,0.0,0.0,0.0,0.0,0.0,0.0,0.0,0.0,0.0,1.0,0.0,0.0,0.0,0.0,0.0,0.0,0.0,0.0,0.0,0.0,0.0,0.0,0.0,0.0,0.0,0.0,0.0,0.0,0.0,1024,0,1024,NMAP_FIN_SCAN
T0458,50078,3052,udp,-,0.0,1,0,0,0,0.0,0.0,0.0,0.0,8,8,8,0,0,0,0,0,0,0,0,0,0,0,0,0,0.0,0.0,0.0,0.0,0.0,0.0,0.0,0.0,0.0,0.0,0.0,0.0,0.0,0.0,0.0,0.0,0.0,0.0,0.0,0.0,0.0,0.0,0.0,0.0,0.0,0.0,0.0,0.0,0.0,0.0,0.0,1.0,0.0,0.0,0.0,0.0,0.0,0.0,0.0,0.0,0.0,0.0,0.0,0.0,0.0,0.0,0.0,0.0,0.0,0.0,0.0,0,0,0,NMAP_UDP_SCAN
T0459,64252,17417,udp,-,0.0,1,0,0,0,0.0,0.0,0.0,0.0,8,8,8,0,0,0,0,0,0,0,0,0,0,0,0,0,0.0,0.0,0.0,0.0,0.0,0.0,0.0,0.0,0.0,0.0,0.0,0.0,0.0,0.0,0.0,0.0,0.0,0.0,0.0,0.0,0.0,0.0,0.0,0.0,0.0,0.0,0.0,0.0,0.0,0.0,0.0,1.0,0.0,0.0,0.0,0.0,0.0,0.0,0.0,0.0,0.0,0.0,0.0,0.0,0.0,0.0,0.0,0.0,0.0,0.0,0.0,0,0,0,NMAP_UDP_SCAN
T0460,46600,636,tcp,-,7.000000000000001e-06,1,1,0,0,139810.133333,139810.133333,279620.266667,1.0,20,20,20,20,20,20,0,0,1,0,0,1,0,0,0,0,0.0,0.0,0.0,0.0,0.0,0.0,0.0,0.0,0.0,0.0,0.0,0.0,0.0,0.0,0.0,0.0,0.0,0.0,0.0,0.0,0.0,0.0,0.0,0.0,0.0,7.152557000000001,7.152557000000001,7.152557000000001,7.152557000000001,0.0,0.0,1.0,1.0,0.0,0.0,0.0,0.0,0.0,0.0,0.0,0.0,7.152557000000001,7.152557000000001,7.152557000000001,7.152557000000001,0.0,0.0,0.0,0.0,0.0,0.0,1024,0,1024,NMAP_OS_DETECTION
T0461,41888,53,udp,dns,0.067277,2,2,2,2,29.727862,29.727862,59.455723,1.0,16,8,8,16,8,8,0,0,0,0,0,0,0,0,0,0,36.0,36.0,72.0,36.0,0.0,36.0,68.0,104.0,52.0,22.627417,36.0,68.0,176.0,44.0,16.0,67001.81961,67001.81961,67001.81961,67001.81961,0.0,2357.959747,2357.959747,2357.959747,2357.959747,0.0,275.13504,64918.9949,67276.95465,22425.65155,36811.41273,2616.051825,2.0,2.0,72.0,104.0,0.0,0.0,0.0,0.0,0.0,0.0,67276.95465,67276.95465,67276.95465,67276.95465,0.0,0.0,0.0,0.0,0.0,0.0,0,0,0,Thing_Speak
T0462,48033,53,udp,dns,0.032691,2,2,2,2,61.178914,61.178914,122.357828,1.0,16,8,8,16,8,8,0,0,0,0,0,0,0,0,0,0,58.0,58.0,116.0,58.0,0.0,58.0,90.0,148.0,74.0,22.627417,58.0,90.0,264.0,66.0,16.0,29.087067,29.087067,29.087067,29.087067,0.0,30493.974686,30493.974686,30493.974686,30493.974686,0.0,29.087067,30493.974686,32691.001892,10897.000631,17005.137965,8075.616675,2.0,2.0,116.0,148.0,0.0,0.0,0.0,0.0,0.0,0.0,32691.001892,32691.001892,32691.001892,32691.001892,0.0,0.0,0.0,0.0,0.0,0.0,0,0,0,NMAP_UDP_SCAN
T0463,50166,443,tcp,ssl,0.615631,10,11,5,4,16.2435,17.86785,34.11135,1.1,204,20,24,224,20,24,2,2,2,5,4,20,0,0,0,0,0.0,373.0,728.0,72.8,115.826307,0.0,293.0,605.0,55.0,94.191295,0.0,373.0,1333.0,63.47619,102.742698,248.90899700000003,137945.890427,664697.885513,73855.320613,50377.861941,42.915344,134698.152542,598064.899445,59806.48994400001,55882.858004,42.915344,116748.094559,664697.885513,33234.894276,38186.35146000001,2165.258559,10.0,11.0,728.0,605.0,0.0,0.0,0.0,0.0,0.0,0.0,664697.885513,664697.885513,664697.885513,664697.885513,0.0,0.0,0.0,0.0,0.0,0.0,4380,65535,4380,Wipro_bulb
T0464,48860,5050,tcp,-,2e-06,1,1,0,0,466033.777778,466033.777778,932067.555556,1.0,40,40,40,20,20,20,0,1,1,0,0,1,0,0,0,0,0.0,0.0,0.0,0.0,0.0,0.0,0.0,0.0,0.0,0.0,0.0,0.0,0.0,0.0,0.0,0.0,0.0,0.0,0.0,0.0,0.0,0.0,0.0,0.0,0.0,2.145767,2.145767,2.145767,2.145767,0.0,0.0,1.0,1.0,0.0,0.0,0.0,0.0,0.0,0.0,0.0,0.0,2.145767,2.145767,2.145767,2.145767,0.0,0.0,0.0,0.0,0.0,0.0,64240,0,64240,NMAP_TCP_scan
T0465,57566,1688,tcp,-,4e-06,1,1,0,0,262144.0,262144.0,524288.0,1.0,40,40,40,20,20,20,0,1,1,0,0,1,0,0,0,0,0.0,0.0,0.0,0.0,0.0,0.0,0.0,0.0,0.0,0.0,0.0,0.0,0.0,0.0,0.0,0.0,0.0,0.0,0.0,0.0,0.0,0.0,0.0,0.0,0.0,3.814697,3.814697,3.814697,3.814697,0.0,0.0,1.0,1.0,0.0,0.0,0.0,0.0,0.0,0.0,0.0,0.0,3.814697,3.814697,3.814697,3.814697,0.0,0.0,0.0,0.0,0.0,0.0,64240,0,64240,NMAP_TCP_scan
T0466,51638,80,tcp,http,0.00052,8,0,2,0,15384.883998,0.0,15384.883998,0.0,260,20,40,0,0,0,1,2,1,2,0,6,0,0,0,0,0.0,126.0,212.0,26.5,50.219518,0.0,0.0,0.0,0.0,0.0,0.0,126.0,212.0,26.5,50.219518,20.027161,294.923782,519.990921,74.284417,101.110361,0.0,0.0,0.0,0.0,0.0,20.027161,294.923782,519.990921,74.284417,101.110361,407699.425951,8.0,0.0,212.0,0.0,0.0,0.0,0.0,0.0,0.0,0.0,519.990921,519.990921,519.990921,519.990921,0.0,0.0,0.0,0.0,0.0,0.0,65476,0,0,NMAP_UDP_SCAN
T0467,52696,53,udp,dns,0.032456,1,1,1,1,30.810793,30.810793,61.621585,1.0,8,8,8,8,8,8,0,0,0,0,0,0,0,0,0,0,58.0,58.0,58.0,58.0,0.0,58.0,58.0,58.0,58.0,0.0,58.0,58.0,116.0,58.0,0.0,0.0,0.0,0.0,0.0,0.0,0.0,0.0,0.0,0.0,0.0,32456.15959,32456.15959,32456.15959,32456.15959,0.0,3574.051935,1.0,1.0,58.0,58.0,0.0,0.0,0.0,0.0,0.0,0.0,32456.15959,32456.15959,32456.15959,32456.15959,0.0,0.0,0.0,0.0,0.0,0.0,0,0,0,Thing_Speak
T0468,59673,1883,tcp,mqtt,61.96451500000001,10,6,3,4,0.161383,0.09683,0.258212,0.6,328,32,40,200,32,40,0,2,1,3,4,15,0,0,0,0,0.0,33.0,78.0,7.8,12.934021,0.0,23.0,36.0,6.0,8.602325,0.0,33.0,114.0,7.125,11.218289,262.022018,59901189.08882099,61964514.970779,6884946.107864,19885961.414388,57.935715,1568425.178528,1896255.016327,379251.003265,669794.339529,57.935715,59901189.08882099,61964514.970779,4130967.664719001,15432473.512693,1.839763,3.333333,2.0,26.0,12.0,0.0,0.0,0.0,0.0,0.0,0.0,2063325.881958,2063325.881958,2063325.881958,2063325.881958,0.0,59901189.08882099,59901189.08882099,59901189.08882099,59901189.08882099,0.0,64240,26847,502,MQTT_Publish
T0469,68,67,udp,dhcp,82.70902099999999,5,0,5,0,0.060453,0.0,0.060453,0.0,40,8,8,0,0,0,0,0,0,0,0,0,0,0,0,0,288.0,288.0,1440.0,288.0,0.0,0.0,0.0,0.0,0.0,0.0,288.0,288.0,1440.0,288.0,0.0,8107945.203780999,32780496.120453004,82709021.091461,20677255.272865,10681704.869288,0.0,0.0,0.0,0.0,0.0,8107945.203780999,32780496.120453004,82709021.091461,20677255.272865,10681704.869288,17.410435,1.0,0.0,288.0,0.0,0.0,0.0,0.0,0.0,0.0,0.0,0.0,0.0,0.0,0.0,0.0,8107945.203780999,32780496.120453004,82709021.091461,20677255.272865,10681704.869288,0,0,0,NMAP_UDP_SCAN
T0470,41664,53,udp,dns,0.019843,2,2,2,2,100.791906,100.791906,201.583813,1.0,16,8,8,16,8,8,0,0,0,0,0,0,0,0,0,0,36.0,36.0,72.0,36.0,0.0,36.0,68.0,104.0,52.0,22.627417,36.0,68.0,176.0,44.0,16.0,232.934952,232.934952,232.934952,232.934952,0.0,18632.88879,18632.88879,18632.88879,18632.88879,0.0,232.934952,18632.88879,19842.863080000003,6614.287694,10415.06131,8869.68777,2.0,2.0,72.0,104.0,0.0,0.0,0.0,0.0,0.0,0.0,19842.863080000003,19842.863080000003,19842.863080000003,19842.863080000003,0.0,0.0,0.0,0.0,0.0,0.0,0,0,0,Thing_Speak
T0471,64177,54094,udp,-,0.0,1,0,1,0,0.0,0.0,0.0,0.0,8,8,8,0,0,0,0,0,0,0,0,0,0,0,0,0,40.0,40.0,40.0,40.0,0.0,0.0,0.0,0.0,0.0,0.0,40.0,40.0,40.0,40.0,0.0,0.0,0.0,0.0,0.0,0.0,0.0,0.0,0.0,0.0,0.0,0.0,0.0,0.0,0.0,0.0,0.0,1.0,0.0,40.0,0.0,0.0,0.0,0.0,0.0,0.0,0.0,0.0,0.0,0.0,0.0,0.0,0.0,0.0,0.0,0.0,0.0,0,0,0,NMAP_UDP_SCAN
T0472,49728,80,tcp,http,0.006369,4,3,2,0,628.030845,471.023134,1099.0539789999998,0.75,136,32,40,104,32,40,0,2,0,2,0,6,0,0,0,0,0.0,168.0,188.0,47.0,81.215762,0.0,0.0,0.0,0.0,0.0,0.0,168.0,188.0,26.857143,62.682875,2.861023,4109.144211,6353.1398770000005,2117.7132920000004,2055.921941,2243.995667,4118.919373,6362.915039,3181.45752,1325.771267,2.861023,4102.945328,6369.113922,1061.518987,1736.001329,29517.449727,4.0,3.0,188.0,0.0,0.0,0.0,0.0,0.0,0.0,0.0,6369.113922,6369.113922,6369.113922,6369.113922,0.0,0.0,0.0,0.0,0.0,0.0,64240,65160,502,DDOS_Slowloris
T0473,26987,21,tcp,-,4e-06,1,1,1,0,246723.764706,246723.764706,493447.529412,1.0,20,20,20,20,20,20,0,1,1,0,0,1,0,0,0,0,120.0,120.0,120.0,120.0,0.0,0.0,0.0,0.0,0.0,0.0,0.0,120.0,120.0,60.0,84.852814,0.0,0.0,0.0,0.0,0.0,0.0,0.0,0.0,0.0,0.0,4.053116,4.053116,4.053116,4.053116,0.0,29606851.764706,1.0,1.0,120.0,0.0,0.0,0.0,0.0,0.0,0.0,0.0,4.053116,4.053116,4.053116,4.053116,0.0,0.0,0.0,0.0,0.0,0.0,64,0,64,DOS_SYN_Hping
T0474,64177,17683,udp,-,0.0,1,0,0,0,0.0,0.0,0.0,0.0,8,8,8,0,0,0,0,0,0,0,0,0,0,0,0,0,0.0,0.0,0.0,0.0,0.0,0.0,0.0,0.0,0.0,0.0,0.0,0.0,0.0,0.0,0.0,0.0,0.0,0.0,0.0,0.0,0.0,0.0,0.0,0.0,0.0,0.0,0.0,0.0,0.0,0.0,0.0,1.0,0.0,0.0,0.0,0.0,0.0,0.0,0.0,0.0,0.0,0.0,0.0,0.0,0.0,0.0,0.0,0.0,0.0,0.0,0.0,0,0,0,NMAP_UDP_SCAN
T0475,36242,1782,tcp,-,7.000000000000001e-06,1,1,0,0,139810.133333,139810.133333,279620.266667,1.0,20,20,20,20,20,20,1,0,1,1,0,1,1,0,0,0,0.0,0.0,0.0,0.0,0.0,0.0,0.0,0.0,0.0,0.0,0.0,0.0,0.0,0.0,0.0,0.0,0.0,0.0,0.0,0.0,0.0,0.0,0.0,0.0,0.0,7.152557000000001,7.152557000000001,7.152557000000001,7.152557000000001,0.0,0.0,1.0,1.0,0.0,0.0,0.0,0.0,0.0,0.0,0.0,0.0,7.152557000000001,7.152557000000001,7.152557000000001,7.152557000000001,0.0,0.0,0.0,0.0,0.0,0.0,1024,0,1024,NMAP_XMAS_TREE_SCAN
T0476,55056,80,tcp,http,30.812575,7,13,4,6,0.22718,0.421906,0.6490859999999999,1.857143,232,32,40,412,20,40,7,2,1,4,6,18,0,0,0,0,0.0,168.0,210.0,30.0,61.326992,0.0,482.0,2892.0,222.461538,250.097519,0.0,482.0,3102.0,155.1,222.62664,10.01358,15378113.031387,30812570.095062,5135428.349177,6775268.013343,99.182129,11728956.93779,30812560.081482,2567713.340123,3853092.837008,5.0067900000000005,11728950.977325,30812575.101852003,1621714.4790450002,3267099.9482380003,100.673183,1.166667,2.166667,35.0,482.0,0.0,0.0,0.0,0.0,0.0,0.0,5.960464,10405661.10611,10409603.118896,3469867.706299,6006573.601068,8674021.00563,11728950.977325,20402971.982956,10201485.991478,2160161.699036,64240,65160,501,DDOS_Slowloris
T0477,36242,2492,tcp,-,6e-06,1,1,0,0,167772.16,167772.16,335544.32,1.0,20,20,20,20,20,20,1,0,1,1,0,1,1,0,0,0,0.0,0.0,0.0,0.0,0.0,0.0,0.0,0.0,0.0,0.0,0.0,0.0,0.0,0.0,0.0,0.0,0.0,0.0,0.0,0.0,0.0,0.0,0.0,0.0,0.0,5.960464,5.960464,5.960464,5.960464,0.0,0.0,1.0,1.0,0.0,0.0,0.0,0.0,0.0,0.0,0.0,0.0,5.960464,5.960464,5.960464,5.960464,0.0,0.0,0.0,0.0,0.0,0.0,1024,0,1024,NMAP_XMAS_TREE_SCAN
T0478,40855,53,udp,dns,0.000171,2,2,2,2,11699.592748,11699.592748,23399.185495,1.0,16,8,8,16,8,8,0,0,0,0,0,0,0,0,0,0,45.0,45.0,90.0,45.0,0.0,45.0,77.0,122.0,61.0,22.627417,45.0,77.0,212.0,53.0,16.0,6.914139,6.914139,6.914139,6.914139,0.0,49.114227,49.114227,49.114227,49.114227,0.0,6.914139,114.917755,170.946121,56.982040000000005,54.429975,1240156.831241,2.0,2.0,90.0,122.0,0.0,0.0,0.0,0.0,0.0,0.0,170.946121,170.946121,170.946121,170.946121,0.0,0.0,0.0,0.0,0.0,0.0,0,0,0,ARP_poisioning
T0479,55144,80,tcp,http,30.704233,7,12,4,5,0.227982,0.390826,0.618807,1.714286,232,32,40,380,20,40,6,2,1,4,5,17,0,0,0,0,0.0,168.0,210.0,30.0,61.326992,0.0,482.0,2410.0,200.833333,248.19561,0.0,482.0,2620.0,137.89473700000002,214.63169900000003,8.106232,16004307.985306,30704221.963882,5117370.327314,6980229.199302,118.970871,12720001.935959,30704216.003418,2791292.3639470004,4742234.826216999,0.953674,12720001.935959,30704232.931137,1705790.718397,3894915.514079,85.33025400000001,1.4,2.4,42.0,482.0,0.0,0.0,0.0,0.0,0.0,0.0,0.953674,6354984.045029,6357729.911804,2119243.303935,3668259.342202,11626501.083374,12720001.935959,24346503.019333,12173251.509666,773221.868096,64240,65160,501,DDOS_Slowloris
T0480,47238,21,tcp,-,3e-06,1,1,1,0,322638.769231,322638.769231,645277.538462,1.0,20,20,20,20,20,20,0,1,1,0,0,1,0,0,0,0,120.0,120.0,120.0,120.0,0.0,0.0,0.0,0.0,0.0,0.0,0.0,120.0,120.0,60.0,84.852814,0.0,0.0,0.0,0.0,0.0,0.0,0.0,0.0,0.0,0.0,3.099442,3.099442,3.099442,3.099442,0.0,38716652.307692,1.0,1.0,120.0,0.0,0.0,0.0,0.0,0.0,0.0,0.0,3.099442,3.099442,3.099442,3.099442,0.0,0.0,0.0,0.0,0.0,0.0,64,0,64,DOS_SYN_Hping
T0481,50078,19193,udp,-,0.0,1,0,0,0,0.0,0.0,0.0,0.0,8,8,8,0,0,0,0,0,0,0,0,0,0,0,0,0,0.0,0.0,0.0,0.0,0.0,0.0,0.0,0.0,0.0,0.0,0.0,0.0,0.0,0.0,0.0,0.0,0.0,0.0,0.0,0.0,0.0,0.0,0.0,0.0,0.0,0.0,0.0,0.0,0.0,0.0,0.0,1.0,0.0,0.0,0.0,0.0,0.0,0.0,0.0,0.0,0.0,0.0,0.0,0.0,0.0,0.0,0.0,0.0,0.0,0.0,0.0,0,0,0,NMAP_UDP_SCAN
T0482,53425,53,udp,dns,0.020575,1,1,1,1,48.602563,48.602563,97.205126,1.0,8,8,8,8,8,8,0,0,0,0,0,0,0,0,0,0,58.0,58.0,58.0,58.0,0.0,58.0,58.0,58.0,58.0,0.0,58.0,58.0,116.0,58.0,0.0,0.0,0.0,0.0,0.0,0.0,0.0,0.0,0.0,0.0,0.0,20575.04654,20575.04654,20575.04654,20575.04654,0.0,5637.8973320000005,1.0,1.0,58.0,58.0,0.0,0.0,0.0,0.0,0.0,0.0,20575.04654,20575.04654,20575.04654,20575.04654,0.0,0.0,0.0,0.0,0.0,0.0,0,0,0,Thing_Speak
T0483,50159,829,udp,-,0.0,1,0,0,0,0.0,0.0,0.0,0.0,8,8,8,0,0,0,0,0,0,0,0,0,0,0,0,0,0.0,0.0,0.0,0.0,0.0,0.0,0.0,0.0,0.0,0.0,0.0,0.0,0.0,0.0,0.0,0.0,0.0,0.0,0.0,0.0,0.0,0.0,0.0,0.0,0.0,0.0,0.0,0.0,0.0,0.0,0.0,1.0,0.0,0.0,0.0,0.0,0.0,0.0,0.0,0.0,0.0,0.0,0.0,0.0,0.0,0.0,0.0,0.0,0.0,0.0,0.0,0,0,0,NMAP_UDP_SCAN
T0484,41676,19801,tcp,-,1e-06,1,1,0,0,1048576.0,1048576.0,2097152.0,1.0,40,40,40,20,20,20,0,1,1,0,0,1,0,0,0,0,0.0,0.0,0.0,0.0,0.0,0.0,0.0,0.0,0.0,0.0,0.0,0.0,0.0,0.0,0.0,0.0,0.0,0.0,0.0,0.0,0.0,0.0,0.0,0.0,0.0,0.953674,0.953674,0.953674,0.953674,0.0,0.0,1.0,1.0,0.0,0.0,0.0,0.0,0.0,0.0,0.0,0.0,0.953674,0.953674,0.953674,0.953674,0.0,0.0,0.0,0.0,0.0,0.0,64240,0,64240,NMAP_TCP_scan
T0485,60994,53,udp,dns,0.134299,2,2,2,2,14.892139000000002,14.892139000000002,29.784278000000004,1.0,16,8,8,16,8,8,0,0,0,0,0,0,0,0,0,0,39.0,39.0,78.0,39.0,0.0,108.0,124.0,232.0,116.0,11.313708,39.0,124.0,310.0,77.5,44.933284,5.0067900000000005,5.0067900000000005,5.0067900000000005,5.0067900000000005,0.0,134038.209915,134038.209915,134038.209915,134038.209915,0.0,5.0067900000000005,134038.209915,134299.03984100002,44766.346614,77311.803175,2308.281581,2.0,2.0,78.0,232.0,0.0,0.0,0.0,0.0,0.0,0.0,134299.03984100002,134299.03984100002,134299.03984100002,134299.03984100002,0.0,0.0,0.0,0.0,0.0,0.0,0,0,0,ARP_poisioning
T0486,51036,2103,tcp,-,6e-06,1,1,0,0,167772.16,167772.16,335544.32,1.0,20,20,20,20,20,20,0,0,1,0,0,1,0,0,0,0,0.0,0.0,0.0,0.0,0.0,0.0,0.0,0.0,0.0,0.0,0.0,0.0,0.0,0.0,0.0,0.0,0.0,0.0,0.0,0.0,0.0,0.0,0.0,0.0,0.0,5.960464,5.960464,5.960464,5.960464,0.0,0.0,1.0,1.0,0.0,0.0,0.0,0.0,0.0,0.0,0.0,0.0,5.960464,5.960464,5.960464,5.960464,0.0,0.0,0.0,0.0,0.0,0.0,1024,0,1024,NMAP_OS_DETECTION
T0487,51444,80,tcp,http,0.00055,8,0,2,0,14544.617252000002,0.0,14544.617252000002,0.0,260,20,40,0,0,0,1,2,1,2,0,6,0,0,0,0,0.0,126.0,212.0,26.5,50.219518,0.0,0.0,0.0,0.0,0.0,0.0,126.0,212.0,26.5,50.219518,20.027161,354.05159,550.031662,78.575952,122.543969,0.0,0.0,0.0,0.0,0.0,20.027161,354.05159,550.031662,78.575952,122.543969,385432.357174,8.0,0.0,212.0,0.0,0.0,0.0,0.0,0.0,0.0,0.0,550.031662,550.031662,550.031662,550.031662,0.0,0.0,0.0,0.0,0.0,0.0,65476,0,0,DDOS_Slowloris
T0488,36242,880,tcp,-,7.000000000000001e-06,1,1,0,0,144631.172414,144631.172414,289262.344828,1.0,20,20,20,20,20,20,1,0,1,1,0,1,1,0,0,0,0.0,0.0,0.0,0.0,0.0,0.0,0.0,0.0,0.0,0.0,0.0,0.0,0.0,0.0,0.0,0.0,0.0,0.0,0.0,0.0,0.0,0.0,0.0,0.0,0.0,6.914139,6.914139,6.914139,6.914139,0.0,0.0,1.0,1.0,0.0,0.0,0.0,0.0,0.0,0.0,0.0,0.0,6.914139,6.914139,6.914139,6.914139,0.0,0.0,0.0,0.0,0.0,0.0,1024,0,1024,NMAP_XMAS_TREE_SCAN
T0489,46600,3370,tcp,-,2.9e-05,1,1,0,0,34379.540984,34379.540984,68759.08196699999,1.0,20,20,20,20,20,20,0,0,1,0,0,1,0,0,0,0,0.0,0.0,0.0,0.0,0.0,0.0,0.0,0.0,0.0,0.0,0.0,0.0,0.0,0.0,0.0,0.0,0.0,0.0,0.0,0.0,0.0,0.0,0.0,0.0,0.0,29.087067,29.087067,29.087067,29.087067,0.0,0.0,1.0,1.0,0.0,0.0,0.0,0.0,0.0,0.0,0.0,0.0,29.087067,29.087067,29.087067,29.087067,0.0,0.0,0.0,0.0,0.0,0.0,1024,0,1024,NMAP_OS_DETECTION
T0490,50078,1105,udp,-,0.0,1,0,1,0,0.0,0.0,0.0,0.0,8,8,8,0,0,0,0,0,0,0,0,0,0,0,0,0,72.0,72.0,72.0,72.0,0.0,0.0,0.0,0.0,0.0,0.0,72.0,72.0,72.0,72.0,0.0,0.0,0.0,0.0,0.0,0.0,0.0,0.0,0.0,0.0,0.0,0.0,0.0,0.0,0.0,0.0,0.0,1.0,0.0,72.0,0.0,0.0,0.0,0.0,0.0,0.0,0.0,0.0,0.0,0.0,0.0,0.0,0.0,0.0,0.0,0.0,0.0,0,0,0,NMAP_UDP_SCAN
T0491,38361,21,tcp,-,2e-06,1,1,1,0,466033.777778,466033.777778,932067.555556,1.0,20,20,20,20,20,20,0,1,1,0,0,1,0,0,0,0,120.0,120.0,120.0,120.0,0.0,0.0,0.0,0.0,0.0,0.0,0.0,120.0,120.0,60.0,84.852814,0.0,0.0,0.0,0.0,0.0,0.0,0.0,0.0,0.0,0.0,2.145767,2.145767,2.145767,2.145767,0.0,55924053.33333299,1.0,1.0,120.0,0.0,0.0,0.0,0.0,0.0,0.0,0.0,2.145767,2.145767,2.145767,2.145767,0.0,0.0,0.0,0.0,0.0,0.0,64,0,64,DOS_SYN_Hping
T0492,43219,1883,tcp,mqtt,3.938786,10,6,3,4,2.538853,1.523312,4.062165,0.6,328,32,40,200,32,40,0,2,1,3,4,15,0,0,0,0,0.0,33.0,76.0,7.6,12.650867,0.0,21.0,34.0,5.666667,7.814516,0.0,33.0,110.0,6.875,10.831282,238.895416,1837006.092072,3938786.029816,437642.892202,689855.381243,74.148178,1595715.999603,1936130.046844,387226.009369,680663.032973,74.148178,1837006.092072,3938786.029816,262585.735321,566586.349427,27.927387,3.333333,2.0,25.333333,11.333333,0.0,0.0,0.0,0.0,0.0,0.0,3938786.029816,3938786.029816,3938786.029816,3938786.029816,0.0,0.0,0.0,0.0,0.0,0.0,64240,26847,502,MQTT_Publish
T0493,59247,425,tcp,-,8e-06,1,1,0,0,123361.882353,123361.882353,246723.764706,1.0,20,20,20,20,20,20,1,0,1,1,0,1,1,0,0,0,0.0,0.0,0.0,0.0,0.0,0.0,0.0,0.0,0.0,0.0,0.0,0.0,0.0,0.0,0.0,0.0,0.0,0.0,0.0,0.0,0.0,0.0,0.0,0.0,0.0,8.106232,8.106232,8.106232,8.106232,0.0,0.0,1.0,1.0,0.0,0.0,0.0,0.0,0.0,0.0,0.0,0.0,8.106232,8.106232,8.106232,8.106232,0.0,0.0,0.0,0.0,0.0,0.0,1024,0,1024,NMAP_XMAS_TREE_SCAN
T0494,64178,944,udp,-,0.0,1,0,0,0,0.0,0.0,0.0,0.0,8,8,8,0,0,0,0,0,0,0,0,0,0,0,0,0,0.0,0.0,0.0,0.0,0.0,0.0,0.0,0.0,0.0,0.0,0.0,0.0,0.0,0.0,0.0,0.0,0.0,0.0,0.0,0.0,0.0,0.0,0.0,0.0,0.0,0.0,0.0,0.0,0.0,0.0,0.0,1.0,0.0,0.0,0.0,0.0,0.0,0.0,0.0,0.0,0.0,0.0,0.0,0.0,0.0,0.0,0.0,0.0,0.0,0.0,0.0,0,0,0,NMAP_UDP_SCAN
T0495,51036,7999,tcp,-,6e-06,1,1,0,0,167772.16,167772.16,335544.32,1.0,20,20,20,20,20,20,0,0,1,0,0,1,0,0,0,0,0.0,0.0,0.0,0.0,0.0,0.0,0.0,0.0,0.0,0.0,0.0,0.0,0.0,0.0,0.0,0.0,0.0,0.0,0.0,0.0,0.0,0.0,0.0,0.0,0.0,5.960464,5.960464,5.960464,5.960464,0.0,0.0,1.0,1.0,0.0,0.0,0.0,0.0,0.0,0.0,0.0,0.0,5.960464,5.960464,5.960464,5.960464,0.0,0.0,0.0,0.0,0.0,0.0,1024,0,1024,NMAP_OS_DETECTION
T0496,133,134,icmp,-,0.0,1,0,0,0,0.0,0.0,0.0,0.0,8,8,8,0,0,0,0,0,0,0,0,0,0,0,0,0,0.0,0.0,0.0,0.0,0.0,0.0,0.0,0.0,0.0,0.0,0.0,0.0,0.0,0.0,0.0,0.0,0.0,0.0,0.0,0.0,0.0,0.0,0.0,0.0,0.0,0.0,0.0,0.0,0.0,0.0,0.0,1.0,0.0,0.0,0.0,0.0,0.0,0.0,0.0,0.0,0.0,0.0,0.0,0.0,0.0,0.0,0.0,0.0,0.0,0.0,0.0,0,0,0,Thing_Speak
T0497,54843,53,udp,dns,0.036807,2,2,2,2,54.337753,54.337753,108.675506,1.0,16,8,8,16,8,8,0,0,0,0,0,0,0,0,0,0,36.0,36.0,72.0,36.0,0.0,36.0,68.0,104.0,52.0,22.627417,36.0,68.0,176.0,44.0,16.0,230.789185,230.789185,230.789185,230.789185,0.0,35571.81358,35571.81358,35571.81358,35571.81358,0.0,230.789185,35571.81358,36806.82182,12268.94061,20184.58484,4781.722281,2.0,2.0,72.0,104.0,0.0,0.0,0.0,0.0,0.0,0.0,36806.82182,36806.82182,36806.82182,36806.82182,0.0,0.0,0.0,0.0,0.0,0.0,0,0,0,Thing_Speak
T0498,59247,1117,tcp,-,6e-06,1,1,0,0,161319.38461500002,161319.38461500002,322638.769231,1.0,20,20,20,20,20,20,1,0,1,1,0,1,1,0,0,0,0.0,0.0,0.0,0.0,0.0,0.0,0.0,0.0,0.0,0.0,0.0,0.0,0.0,0.0,0.0,0.0,0.0,0.0,0.0,0.0,0.0,0.0,0.0,0.0,0.0,6.198883,6.198883,6.198883,6.198883,0.0,0.0,1.0,1.0,0.0,0.0,0.0,0.0,0.0,0.0,0.0,0.0,6.198883,6.198883,6.198883,6.198883,0.0,0.0,0.0,0.0,0.0,0.0,1024,0,1024,NMAP_XMAS_TREE_SCAN
T0499,57299,53,udp,dns,0.04873,1,1,1,1,20.521283,20.521283,41.042566,1.0,8,8,8,8,8,8,0,0,0,0,0,0,0,0,0,0,41.0,41.0,41.0,41.0,0.0,209.0,209.0,209.0,209.0,0.0,41.0,209.0,250.0,125.0,118.793939,0.0,0.0,0.0,0.0,0.0,0.0,0.0,0.0,0.0,0.0,48729.896545,48729.896545,48729.896545,48729.896545,0.0,5130.320761999999,1.0,1.0,41.0,209.0,0.0,0.0,0.0,0.0,0.0,0.0,48729.896545,48729.896545,48729.896545,48729.896545,0.0,0.0,0.0,0.0,0.0,0.0,0,0,0,ARP_poisioning
T0500,55201,1883,tcp,mqtt,48.992049,10,6,3,4,0.204115,0.122469,0.326584,0.6,328,32,40,200,32,40,0,2,1,3,4,15,0,0,0,0,0.0,33.0,76.0,7.6,12.650867,0.0,21.0,34.0,5.666667,7.814516,0.0,33.0,110.0,6.875,10.831282,236.98806800000003,46895315.885544,48992048.978806,5443560.997645,15551260.015068,277.042389,1627027.03476,1939914.941788,387982.988358,696808.2126430001,236.98806800000003,46895315.885544,48992048.978806,3266136.598587,12075380.57684,2.245262,3.333333,2.0,25.333333,11.333333,0.0,0.0,0.0,0.0,0.0,0.0,2096733.093262,2096733.093262,2096733.093262,2096733.093262,0.0,46895315.885544,46895315.885544,46895315.885544,46895315.885544,0.0,64240,26847,502,MQTT_Publish
T0501,34679,1883,tcp,mqtt,61.988547,10,6,3,4,0.16132,0.096792,0.258112,0.6,328,32,40,200,32,40,0,2,1,3,4,15,0,0,0,0,0.0,33.0,78.0,7.8,12.934021,0.0,23.0,36.0,6.0,8.602325,0.0,33.0,114.0,7.125,11.218289,246.047974,59886717.08107,61988547.086716,6887616.342967999,19879614.049449,235.795975,1588340.997696,1928431.987762,385686.397552,677382.049151,235.795975,59886717.08107,61988547.086716,4132569.805781,15428107.968149,1.839049,3.333333,2.0,26.0,12.0,0.0,0.0,0.0,0.0,0.0,0.0,2101830.005646,2101830.005646,2101830.005646,2101830.005646,0.0,59886717.08107,59886717.08107,59886717.08107,59886717.08107,0.0,64240,26847,502,MQTT_Publish
T0502,54601,1883,tcp,mqtt,62.061751,10,6,3,4,0.16113,0.096678,0.257808,0.6,328,32,40,200,32,40,0,2,1,3,4,15,0,0,0,0,0.0,33.0,78.0,7.8,12.934021,0.0,23.0,36.0,6.0,8.602325,0.0,33.0,114.0,7.125,11.218289,244.855881,59810574.054718,62061750.888824,6895750.098758,19846687.081729,78.91655,1491183.042526,1997948.884964,399589.776993,622829.610032,78.91655,59810574.054718,62061750.888824,4137450.059255,15404798.060636,1.83688,3.333333,2.0,26.0,12.0,0.0,0.0,0.0,0.0,0.0,0.0,2251176.834106,2251176.834106,2251176.834106,2251176.834106,0.0,59810574.054718,59810574.054718,59810574.054718,59810574.054718,0.0,64240,26847,502,MQTT_Publish
T0503,34791,21,tcp,-,2e-06,1,1,1,0,466033.777778,466033.777778,932067.555556,1.0,20,20,20,20,20,20,0,1,1,0,0,1,0,0,0,0,120.0,120.0,120.0,120.0,0.0,0.0,0.0,0.0,0.0,0.0,0.0,120.0,120.0,60.0,84.852814,0.0,0.0,0.0,0.0,0.0,0.0,0.0,0.0,0.0,0.0,2.145767,2.145767,2.145767,2.145767,0.0,55924053.33333299,1.0,1.0,120.0,0.0,0.0,0.0,0.0,0.0,0.0,0.0,2.145767,2.145767,2.145767,2.145767,0.0,0.0,0.0,0.0,0.0,0.0,64,0,64,DOS_SYN_Hping
T0504,59247,3869,tcp,-,7.000000000000001e-06,1,1,0,0,144631.172414,144631.172414,289262.344828,1.0,20,20,20,20,20,20,1,0,1,1,0,1,1,0,0,0,0.0,0.0,0.0,0.0,0.0,0.0,0.0,0.0,0.0,0.0,0.0,0.0,0.0,0.0,0.0,0.0,0.0,0.0,0.0,0.0,0.0,0.0,0.0,0.0,0.0,6.914139,6.914139,6.914139,6.914139,0.0,0.0,1.0,1.0,0.0,0.0,0.0,0.0,0.0,0.0,0.0,0.0,6.914139,6.914139,6.914139,6.914139,0.0,0.0,0.0,0.0,0.0,0.0,1024,0,1024,NMAP_XMAS_TREE_SCAN
T0505,59044,22,tcp,-,0.0,1,0,0,0,0.0,0.0,0.0,0.0,20,20,20,0,0,0,1,0,0,0,0,0,0,0,0,0,0.0,0.0,0.0,0.0,0.0,0.0,0.0,0.0,0.0,0.0,0.0,0.0,0.0,0.0,0.0,0.0,0.0,0.0,0.0,0.0,0.0,0.0,0.0,0.0,0.0,0.0,0.0,0.0,0.0,0.0,0.0,1.0,0.0,0.0,0.0,0.0,0.0,0.0,0.0,0.0,0.0,0.0,0.0,0.0,0.0,0.0,0.0,0.0,0.0,0.0,0.0,1024,0,1024,NMAP_FIN_SCAN
T0506,59247,5440,tcp,-,2e-06,1,1,0,0,466033.777778,466033.777778,932067.555556,1.0,20,20,20,20,20,20,1,0,1,1,0,1,1,0,0,0,0.0,0.0,0.0,0.0,0.0,0.0,0.0,0.0,0.0,0.0,0.0,0.0,0.0,0.0,0.0,0.0,0.0,0.0,0.0,0.0,0.0,0.0,0.0,0.0,0.0,2.145767,2.145767,2.145767,2.145767,0.0,0.0,1.0,1.0,0.0,0.0,0.0,0.0,0.0,0.0,0.0,0.0,2.145767,2.145767,2.145767,2.145767,0.0,0.0,0.0,0.0,0.0,0.0,1024,0,1024,NMAP_XMAS_TREE_SCAN
T0507,36242,1163,tcp,-,6e-06,1,1,0,0,161319.38461500002,161319.38461500002,322638.769231,1.0,20,20,20,20,20,20,1,0,1,1,0,1,1,0,0,0,0.0,0.0,0.0,0.0,0.0,0.0,0.0,0.0,0.0,0.0,0.0,0.0,0.0,0.0,0.0,0.0,0.0,0.0,0.0,0.0,0.0,0.0,0.0,0.0,0.0,6.198883,6.198883,6.198883,6.198883,0.0,0.0,1.0,1.0,0.0,0.0,0.0,0.0,0.0,0.0,0.0,0.0,6.198883,6.198883,6.198883,6.198883,0.0,0.0,0.0,0.0,0.0,0.0,1024,0,1024,NMAP_XMAS_TREE_SCAN
T0508,51036,17877,tcp,-,5e-06,1,1,0,0,199728.761905,199728.761905,399457.52381,1.0,20,20,20,20,20,20,0,0,1,0,0,1,0,0,0,0,0.0,0.0,0.0,0.0,0.0,0.0,0.0,0.0,0.0,0.0,0.0,0.0,0.0,0.0,0.0,0.0,0.0,0.0,0.0,0.0,0.0,0.0,0.0,0.0,0.0,5.0067900000000005,5.0067900000000005,5.0067900000000005,5.0067900000000005,0.0,0.0,1.0,1.0,0.0,0.0,0.0,0.0,0.0,0.0,0.0,0.0,5.0067900000000005,5.0067900000000005,5.0067900000000005,5.0067900000000005,0.0,0.0,0.0,0.0,0.0,0.0,1024,0,1024,NMAP_OS_DETECTION
T0509,50171,6668,tcp,irc,30.13236,19,13,5,4,0.630551,0.43143,1.0619809999999998,0.684211,428,20,44,268,20,24,2,4,0,5,4,30,0,0,1,1,0.0,104.0,280.0,14.736842,32.6885,0.0,156.0,240.0,18.461538,43.067032,0.0,156.0,520.0,16.25,36.631557,23.126602,8677509.069442999,30137775.182724,1674320.843485,2588733.171369,6170.988083,8591056.823730001,28285120.96405,2357093.413671,2954235.817424,23.126602,8553133.010864,30137775.182724,972186.296217,2091977.602281,17.257195,1.9,1.3,28.0,24.0,0.0,0.0,0.0,0.0,0.0,0.0,1682375.907898,8820489.168167,13261949.062347,4420649.687449,3848215.90657,8322693.1095119985,8553133.010864,16875826.120377,8437913.060188001,162945.616902,65535,4380,65535,Wipro_bulb
T0510,52150,443,tcp,ssl,0.616153,10,11,5,4,16.229735,17.852709,34.082444,1.1,204,20,24,224,20,24,2,2,2,5,4,20,0,0,0,0,0.0,245.0,680.0,68.0,91.939594,0.0,565.0,877.0,79.727273,168.95271,0.0,565.0,1557.0,74.14285699999998,134.582051,248.90899700000003,200071.09642,799335.002899,88815.000322,61936.482174,50.067902,128623.008728,598330.020905,59833.00209,53285.363142,50.067902,182933.092117,799335.002899,39966.750145,49307.264833,2526.969755,10.0,11.0,680.0,877.0,0.0,0.0,0.0,0.0,0.0,0.0,799335.002899,799335.002899,799335.002899,799335.002899,0.0,0.0,0.0,0.0,0.0,0.0,4380,65535,4380,Wipro_bulb
T0511,55434,80,tcp,http,24.250119,6,5,4,0,0.247421,0.2061849999999999,0.453606,0.833333,200,32,40,168,32,40,0,2,0,4,0,10,0,0,0,0,0.0,168.0,210.0,35.0,65.629262,0.0,0.0,0.0,0.0,0.0,0.0,168.0,210.0,19.090909,49.876757,516.891479,19068349.838257,24250113.964081,4850022.792816,8256668.063068,3118.038177,19068353.891373,24250095.844269,6062523.961067,9005315.858616,0.953674,19068348.884583,24250118.970871,2425011.897087,6069018.749035,8.659751,2.0,1.666667,70.0,0.0,0.0,0.0,0.0,0.0,0.0,0.0,0.953674,14399.051666,14405.012131,4801.67071,8311.575965,5167365.074158,19068348.884583,24235713.95874,12117856.97937,9829479.917516,64240,65160,502,DDOS_Slowloris
T0512,51344,80,tcp,http,0.000538,8,0,2,0,14866.828533000002,0.0,14866.828533000002,0.0,260,20,40,0,0,0,1,2,1,2,0,6,0,0,0,0,0.0,126.0,212.0,26.5,50.219518,0.0,0.0,0.0,0.0,0.0,0.0,126.0,212.0,26.5,50.219518,20.027161,322.1035,538.110733,76.872962,110.630233,0.0,0.0,0.0,0.0,0.0,20.027161,322.1035,538.110733,76.872962,110.630233,393970.956136,8.0,0.0,212.0,0.0,0.0,0.0,0.0,0.0,0.0,0.0,538.110733,538.110733,538.110733,538.110733,0.0,0.0,0.0,0.0,0.0,0.0,65476,0,0,DDOS_Slowloris
T0513,51165,1883,tcp,mqtt,34.132317,9,5,3,3,0.26368,0.146489,0.410168,0.555556,296,32,40,168,32,40,0,2,1,3,3,13,0,0,0,0,0.0,33.0,76.0,8.444444,13.115935999999998,0.0,23.0,32.0,6.4,9.555103,0.0,33.0,108.0,7.714286,11.618477,398.874283,31711519.002914,34132317.066193,4266539.633274,11094299.087236,3430.843353,1390783.071518,2100809.09729,525202.274323,600171.397044,398.874283,31711519.002914,34132317.066193,2625562.851246,8744474.153614,3.164157,3.0,1.666667,25.333333,10.666667,0.0,0.0,0.0,0.0,0.0,0.0,2420798.063278,2420798.063278,2420798.063278,2420798.063278,0.0,31711519.002914,31711519.002914,31711519.002914,31711519.002914,0.0,64240,26847,502,MQTT_Publish
T0514,51466,80,tcp,http,0.000513,8,0,2,0,15599.456997,0.0,15599.456997,0.0,260,20,40,0,0,0,1,2,1,2,0,6,0,0,0,0,0.0,126.0,212.0,26.5,50.219518,0.0,0.0,0.0,0.0,0.0,0.0,126.0,212.0,26.5,50.219518,20.027161,323.057175,512.838364,73.262623,111.058001,0.0,0.0,0.0,0.0,0.0,20.027161,323.057175,512.838364,73.262623,111.058001,413385.610414,8.0,0.0,212.0,0.0,0.0,0.0,0.0,0.0,0.0,0.0,512.838364,512.838364,512.838364,512.838364,0.0,0.0,0.0,0.0,0.0,0.0,65476,0,0,DDOS_Slowloris
T0515,51036,4005,tcp,-,1.9e-05,1,1,0,0,52428.8,52428.8,104857.6,1.0,20,20,20,20,20,20,0,0,1,0,0,1,0,0,0,0,0.0,0.0,0.0,0.0,0.0,0.0,0.0,0.0,0.0,0.0,0.0,0.0,0.0,0.0,0.0,0.0,0.0,0.0,0.0,0.0,0.0,0.0,0.0,0.0,0.0,19.073486,19.073486,19.073486,19.073486,0.0,0.0,1.0,1.0,0.0,0.0,0.0,0.0,0.0,0.0,0.0,0.0,19.073486,19.073486,19.073486,19.073486,0.0,0.0,0.0,0.0,0.0,0.0,1024,0,1024,NMAP_OS_DETECTION
T0516,44000,137,udp,dns,0.0,1,0,1,0,0.0,0.0,0.0,0.0,8,8,8,0,0,0,0,0,0,0,0,0,0,0,0,0,50.0,50.0,50.0,50.0,0.0,0.0,0.0,0.0,0.0,0.0,50.0,50.0,50.0,50.0,0.0,0.0,0.0,0.0,0.0,0.0,0.0,0.0,0.0,0.0,0.0,0.0,0.0,0.0,0.0,0.0,0.0,1.0,0.0,50.0,0.0,0.0,0.0,0.0,0.0,0.0,0.0,0.0,0.0,0.0,0.0,0.0,0.0,0.0,0.0,0.0,0.0,0,0,0,ARP_poisioning
T0517,47018,53,udp,dns,0.024079,1,1,1,1,41.529818,41.529818,83.059637,1.0,8,8,8,8,8,8,0,0,0,0,0,0,0,0,0,0,31.0,31.0,31.0,31.0,0.0,156.0,156.0,156.0,156.0,0.0,31.0,156.0,187.0,93.5,88.388348,0.0,0.0,0.0,0.0,0.0,0.0,0.0,0.0,0.0,0.0,24079.084396,24079.084396,24079.084396,24079.084396,0.0,7766.076023999999,1.0,1.0,31.0,156.0,0.0,0.0,0.0,0.0,0.0,0.0,24079.084396,24079.084396,24079.084396,24079.084396,0.0,0.0,0.0,0.0,0.0,0.0,0,0,0,Wipro_bulb
T0518,49736,80,tcp,http,0.006134,4,3,2,0,652.0995019999999,489.074627,1141.174129,0.75,136,32,40,104,32,40,0,2,0,2,0,6,0,0,0,0,0.0,168.0,188.0,47.0,81.215762,0.0,0.0,0.0,0.0,0.0,0.0,168.0,188.0,26.857143,62.682875,30.040741,3968.000412,6098.985672,2032.995224,1969.858985,2128.839493,3976.106644,6104.946136,3052.473068,1306.215129,26.941299,3941.059113,6134.033203,1022.338867,1646.644002,30648.676617,4.0,3.0,188.0,0.0,0.0,0.0,0.0,0.0,0.0,0.0,6134.033203,6134.033203,6134.033203,6134.033203,0.0,0.0,0.0,0.0,0.0,0.0,64240,65160,502,DDOS_Slowloris
T0519,51036,8080,tcp,-,8e-06,1,1,0,0,127100.12121199998,127100.12121199998,254200.242424,1.0,20,20,20,20,20,20,0,0,1,0,0,1,0,0,0,0,0.0,0.0,0.0,0.0,0.0,0.0,0.0,0.0,0.0,0.0,0.0,0.0,0.0,0.0,0.0,0.0,0.0,0.0,0.0,0.0,0.0,0.0,0.0,0.0,0.0,7.867813000000001,7.867813000000001,7.867813000000001,7.867813000000001,0.0,0.0,1.0,1.0,0.0,0.0,0.0,0.0,0.0,0.0,0.0,0.0,7.867813000000001,7.867813000000001,7.867813000000001,7.867813000000001,0.0,0.0,0.0,0.0,0.0,0.0,1024,0,1024,NMAP_OS_DETECTION
T0520,59247,55055,tcp,-,6e-06,1,1,0,0,167772.16,167772.16,335544.32,1.0,20,20,20,20,20,20,1,0,1,1,0,1,1,0,0,0,0.0,0.0,0.0,0.0,0.0,0.0,0.0,0.0,0.0,0.0,0.0,0.0,0.0,0.0,0.0,0.0,0.0,0.0,0.0,0.0,0.0,0.0,0.0,0.0,0.0,5.960464,5.960464,5.960464,5.960464,0.0,0.0,1.0,1.0,0.0,0.0,0.0,0.0,0.0,0.0,0.0,0.0,5.960464,5.960464,5.960464,5.960464,0.0,0.0,0.0,0.0,0.0,0.0,1024,0,1024,NMAP_XMAS_TREE_SCAN
T0521,45312,21,tcp,-,1e-06,1,1,1,0,838860.8,838860.8,1677721.6,1.0,20,20,20,20,20,20,0,1,1,0,0,1,0,0,0,0,120.0,120.0,120.0,120.0,0.0,0.0,0.0,0.0,0.0,0.0,0.0,120.0,120.0,60.0,84.852814,0.0,0.0,0.0,0.0,0.0,0.0,0.0,0.0,0.0,0.0,1.192093,1.192093,1.192093,1.192093,0.0,100663296.0,1.0,1.0,120.0,0.0,0.0,0.0,0.0,0.0,0.0,0.0,1.192093,1.192093,1.192093,1.192093,0.0,0.0,0.0,0.0,0.0,0.0,64,0,64,DOS_SYN_Hping
T0522,52698,443,tcp,-,3.025701,3,0,0,0,0.991506,0.0,0.991506,0.0,120,40,40,0,0,0,0,3,0,0,0,0,0,0,0,0,0.0,0.0,0.0,0.0,0.0,0.0,0.0,0.0,0.0,0.0,0.0,0.0,0.0,0.0,0.0,1009669.780731,2016031.02684,3025700.807571,1512850.403786,711604.8614470001,0.0,0.0,0.0,0.0,0.0,1009669.780731,2016031.02684,3025700.807571,1512850.403786,711604.8614470001,0.0,1.0,0.0,0.0,0.0,0.0,0.0,0.0,0.0,0.0,0.0,3025700.807571,3025700.807571,3025700.807571,3025700.807571,0.0,0.0,0.0,0.0,0.0,0.0,64240,0,64240,ARP_poisioning
T0523,55092,80,tcp,http,30.76565,7,13,4,6,0.227526,0.4225489999999999,0.650076,1.857143,232,32,40,412,20,40,7,2,1,4,6,18,0,0,0,0,0.0,168.0,210.0,30.0,61.326992,0.0,482.0,2892.0,222.461538,250.097519,0.0,482.0,3102.0,155.1,222.62664,145.91217,17413975.000381,30765640.020370003,5127606.670062,7545770.42743,177.145004,11680870.056152,30765620.946884003,2563801.7455740003,4165115.190535,0.953674,11680869.102478,30765650.033951,1619244.738629,3494012.925281,100.826734,1.166667,2.166667,35.0,482.0,0.0,0.0,0.0,0.0,0.0,0.0,0.953674,8360970.020294,8371166.944503999,2790388.981501,4824267.386548,10713613.986969,11680869.102478,22394483.089447,11197241.544724,683952.651314,64240,65160,501,DDOS_Slowloris
T0524,27696,21,tcp,-,0.0,1,0,1,0,0.0,0.0,0.0,0.0,20,20,20,0,0,0,0,1,0,0,0,0,0,0,0,0,120.0,120.0,120.0,120.0,0.0,0.0,0.0,0.0,0.0,0.0,120.0,120.0,120.0,120.0,0.0,0.0,0.0,0.0,0.0,0.0,0.0,0.0,0.0,0.0,0.0,0.0,0.0,0.0,0.0,0.0,0.0,1.0,0.0,120.0,0.0,0.0,0.0,0.0,0.0,0.0,0.0,0.0,0.0,0.0,0.0,0.0,0.0,0.0,0.0,0.0,0.0,64,0,64,DOS_SYN_Hping
T0525,46600,2068,tcp,-,2e-05,1,1,0,0,49932.190476,49932.190476,99864.380952,1.0,20,20,20,20,20,20,0,0,1,0,0,1,0,0,0,0,0.0,0.0,0.0,0.0,0.0,0.0,0.0,0.0,0.0,0.0,0.0,0.0,0.0,0.0,0.0,0.0,0.0,0.0,0.0,0.0,0.0,0.0,0.0,0.0,0.0,20.027161,20.027161,20.027161,20.027161,0.0,0.0,1.0,1.0,0.0,0.0,0.0,0.0,0.0,0.0,0.0,0.0,20.027161,20.027161,20.027161,20.027161,0.0,0.0,0.0,0.0,0.0,0.0,1024,0,1024,NMAP_OS_DETECTION
T0526,61643,21,tcp,-,4e-06,1,1,1,0,246723.764706,246723.764706,493447.529412,1.0,20,20,20,20,20,20,0,1,1,0,0,1,0,0,0,0,120.0,120.0,120.0,120.0,0.0,0.0,0.0,0.0,0.0,0.0,0.0,120.0,120.0,60.0,84.852814,0.0,0.0,0.0,0.0,0.0,0.0,0.0,0.0,0.0,0.0,4.053116,4.053116,4.053116,4.053116,0.0,29606851.764706,1.0,1.0,120.0,0.0,0.0,0.0,0.0,0.0,0.0,0.0,4.053116,4.053116,4.053116,4.053116,0.0,0.0,0.0,0.0,0.0,0.0,64,0,64,DOS_SYN_Hping
T0527,36242,9595,tcp,-,7.000000000000001e-06,1,1,0,0,144631.172414,144631.172414,289262.344828,1.0,20,20,20,20,20,20,1,0,1,1,0,1,1,0,0,0,0.0,0.0,0.0,0.0,0.0,0.0,0.0,0.0,0.0,0.0,0.0,0.0,0.0,0.0,0.0,0.0,0.0,0.0,0.0,0.0,0.0,0.0,0.0,0.0,0.0,6.914139,6.914139,6.914139,6.914139,0.0,0.0,1.0,1.0,0.0,0.0,0.0,0.0,0.0,0.0,0.0,0.0,6.914139,6.914139,6.914139,6.914139,0.0,0.0,0.0,0.0,0.0,0.0,1024,0,1024,NMAP_XMAS_TREE_SCAN
T0528,51036,2701,tcp,-,3e-06,1,1,0,0,322638.769231,322638.769231,645277.538462,1.0,20,20,20,20,20,20,0,0,1,0,0,1,0,0,0,0,0.0,0.0,0.0,0.0,0.0,0.0,0.0,0.0,0.0,0.0,0.0,0.0,0.0,0.0,0.0,0.0,0.0,0.0,0.0,0.0,0.0,0.0,0.0,0.0,0.0,3.099442,3.099442,3.099442,3.099442,0.0,0.0,1.0,1.0,0.0,0.0,0.0,0.0,0.0,0.0,0.0,0.0,3.099442,3.099442,3.099442,3.099442,0.0,0.0,0.0,0.0,0.0,0.0,1024,0,1024,NMAP_OS_DETECTION
T0529,59247,14442,tcp,-,1e-06,1,1,0,0,1048576.0,1048576.0,2097152.0,1.0,20,20,20,20,20,20,1,0,1,1,0,1,1,0,0,0,0.0,0.0,0.0,0.0,0.0,0.0,0.0,0.0,0.0,0.0,0.0,0.0,0.0,0.0,0.0,0.0,0.0,0.0,0.0,0.0,0.0,0.0,0.0,0.0,0.0,0.953674,0.953674,0.953674,0.953674,0.0,0.0,1.0,1.0,0.0,0.0,0.0,0.0,0.0,0.0,0.0,0.0,0.953674,0.953674,0.953674,0.953674,0.0,0.0,0.0,0.0,0.0,0.0,1024,0,1024,NMAP_XMAS_TREE_SCAN
T0530,54141,53,udp,dns,0.031685,2,2,2,2,63.121599,63.121599,126.243198,1.0,16,8,8,16,8,8,0,0,0,0,0,0,0,0,0,0,32.0,32.0,64.0,32.0,0.0,32.0,64.0,96.0,48.0,22.627417,32.0,64.0,160.0,40.0,16.0,966.787338,966.787338,966.787338,966.787338,0.0,30479.90799,30479.90799,30479.90799,30479.90799,0.0,238.180161,30479.90799,31684.87549,10561.62516,17253.585430000003,5049.727908,2.0,2.0,64.0,96.0,0.0,0.0,0.0,0.0,0.0,0.0,31684.87549,31684.87549,31684.87549,31684.87549,0.0,0.0,0.0,0.0,0.0,0.0,0,0,0,Thing_Speak
T0531,51036,1110,tcp,-,2e-05,1,1,0,0,49932.190476,49932.190476,99864.380952,1.0,20,20,20,20,20,20,0,0,1,0,0,1,0,0,0,0,0.0,0.0,0.0,0.0,0.0,0.0,0.0,0.0,0.0,0.0,0.0,0.0,0.0,0.0,0.0,0.0,0.0,0.0,0.0,0.0,0.0,0.0,0.0,0.0,0.0,20.027161,20.027161,20.027161,20.027161,0.0,0.0,1.0,1.0,0.0,0.0,0.0,0.0,0.0,0.0,0.0,0.0,20.027161,20.027161,20.027161,20.027161,0.0,0.0,0.0,0.0,0.0,0.0,1024,0,1024,NMAP_OS_DETECTION
T0532,61139,21,tcp,-,0.0,1,0,1,0,0.0,0.0,0.0,0.0,20,20,20,0,0,0,0,1,0,0,0,0,0,0,0,0,120.0,120.0,120.0,120.0,0.0,0.0,0.0,0.0,0.0,0.0,120.0,120.0,120.0,120.0,0.0,0.0,0.0,0.0,0.0,0.0,0.0,0.0,0.0,0.0,0.0,0.0,0.0,0.0,0.0,0.0,0.0,1.0,0.0,120.0,0.0,0.0,0.0,0.0,0.0,0.0,0.0,0.0,0.0,0.0,0.0,0.0,0.0,0.0,0.0,0.0,0.0,64,0,64,DOS_SYN_Hping
T0533,64178,22055,udp,-,0.0,1,0,0,0,0.0,0.0,0.0,0.0,8,8,8,0,0,0,0,0,0,0,0,0,0,0,0,0,0.0,0.0,0.0,0.0,0.0,0.0,0.0,0.0,0.0,0.0,0.0,0.0,0.0,0.0,0.0,0.0,0.0,0.0,0.0,0.0,0.0,0.0,0.0,0.0,0.0,0.0,0.0,0.0,0.0,0.0,0.0,1.0,0.0,0.0,0.0,0.0,0.0,0.0,0.0,0.0,0.0,0.0,0.0,0.0,0.0,0.0,0.0,0.0,0.0,0.0,0.0,0,0,0,NMAP_UDP_SCAN
T0534,55128,80,tcp,http,30.71382,7,12,4,5,0.22791,0.390704,0.618614,1.714286,232,32,40,380,20,40,6,2,1,4,5,17,0,0,0,0,0.0,168.0,208.0,29.714286,61.432115,0.0,482.0,2410.0,200.833333,248.19561,0.0,482.0,2618.0,137.789474,214.697611,15.020370000000002,15973021.030426,30713809.967041,5118968.32784,6971319.8310050005,140.190125,12709673.881531,30713804.960251,2792164.087296,4743665.423254,0.953674,12709673.881531,30713819.980621003,1706323.332257,3896157.608629,85.238502,1.4,2.4,41.6,482.0,0.0,0.0,0.0,0.0,0.0,0.0,0.953674,6361572.027206,6364442.110062,2121480.703354,3672027.080859,11639703.989029,12709673.881531,24349377.87056,12174688.93528,756582.966653,64240,65160,501,DDOS_Slowloris
T0535,34812,5353,udp,dns,0.0,1,0,1,0,0.0,0.0,0.0,0.0,8,8,8,0,0,0,0,0,0,0,0,0,0,0,0,0,29.0,29.0,29.0,29.0,0.0,0.0,0.0,0.0,0.0,0.0,29.0,29.0,29.0,29.0,0.0,0.0,0.0,0.0,0.0,0.0,0.0,0.0,0.0,0.0,0.0,0.0,0.0,0.0,0.0,0.0,0.0,1.0,0.0,29.0,0.0,0.0,0.0,0.0,0.0,0.0,0.0,0.0,0.0,0.0,0.0,0.0,0.0,0.0,0.0,0.0,0.0,0,0,0,ARP_poisioning
T0536,46600,801,tcp,-,7.000000000000001e-06,1,1,0,0,139810.133333,139810.133333,279620.266667,1.0,20,20,20,20,20,20,0,0,1,0,0,1,0,0,0,0,0.0,0.0,0.0,0.0,0.0,0.0,0.0,0.0,0.0,0.0,0.0,0.0,0.0,0.0,0.0,0.0,0.0,0.0,0.0,0.0,0.0,0.0,0.0,0.0,0.0,7.152557000000001,7.152557000000001,7.152557000000001,7.152557000000001,0.0,0.0,1.0,1.0,0.0,0.0,0.0,0.0,0.0,0.0,0.0,0.0,7.152557000000001,7.152557000000001,7.152557000000001,7.152557000000001,0.0,0.0,0.0,0.0,0.0,0.0,1024,0,1024,NMAP_OS_DETECTION
T0537,55406,80,tcp,http,26.334848,7,5,4,0,0.265807,0.1898619999999999,0.4556699999999999,0.714286,240,32,40,168,32,40,0,3,0,4,0,10,0,0,0,0,0.0,168.0,211.0,30.142857,61.300975,0.0,0.0,0.0,0.0,0.0,0.0,168.0,211.0,17.583333,47.860514,15.974045000000002,19071902.990341,26334842.920303,4389140.486717,7590123.085927,2920.150757,19071903.944016,25314016.103745,6328504.025936,8988792.169892998,4.053116,19071898.937225,26334847.927094,2394077.0842810003,5836001.257204,8.012197,1.75,1.25,52.75,0.0,0.0,0.0,0.0,0.0,0.0,0.0,4.053116,1029369.831085,1029378.890991,343126.296997,594304.333703,6233570.098877,19071898.937225,25305469.036102,12652734.518051,9078069.380699,64240,65160,502,DDOS_Slowloris
T0538,59052,139,tcp,-,5e-06,1,1,0,0,199728.761905,199728.761905,399457.52381,1.0,40,40,40,20,20,20,0,1,1,0,0,1,0,0,0,0,0.0,0.0,0.0,0.0,0.0,0.0,0.0,0.0,0.0,0.0,0.0,0.0,0.0,0.0,0.0,0.0,0.0,0.0,0.0,0.0,0.0,0.0,0.0,0.0,0.0,5.0067900000000005,5.0067900000000005,5.0067900000000005,5.0067900000000005,0.0,0.0,1.0,1.0,0.0,0.0,0.0,0.0,0.0,0.0,0.0,0.0,5.0067900000000005,5.0067900000000005,5.0067900000000005,5.0067900000000005,0.0,0.0,0.0,0.0,0.0,0.0,64240,0,64240,NMAP_TCP_scan
T0539,55370,80,tcp,http,27.411754,6,5,4,0,0.218884,0.1824039999999999,0.401288,0.833333,200,32,40,168,32,40,0,2,0,4,0,10,0,0,0,0,0.0,168.0,209.0,34.833333,65.645767,0.0,0.0,0.0,0.0,0.0,0.0,168.0,209.0,19.0,49.855792,15.020370000000002,19072014.093399,27411748.886108,5482349.777222,8410713.112422999,1349.9259949999998,19072016.954422,27411725.04425,6852931.261063,9044156.846282002,2.145767,19072011.947632,27411753.892899,2741175.3892900003,6307846.388472,7.624467,2.0,1.666667,69.666667,0.0,0.0,0.0,0.0,0.0,0.0,0.0,2.145767,3121.852875,3129.005432,1043.001811,1800.3384,8336612.939835001,19072011.947632,27408624.887466,13704312.443733,7591073.437157,64240,65160,502,DDOS_Slowloris
T0540,40826,6510,tcp,-,5e-06,1,1,0,0,199728.761905,199728.761905,399457.52381,1.0,40,40,40,20,20,20,0,1,1,0,0,1,0,0,0,0,0.0,0.0,0.0,0.0,0.0,0.0,0.0,0.0,0.0,0.0,0.0,0.0,0.0,0.0,0.0,0.0,0.0,0.0,0.0,0.0,0.0,0.0,0.0,0.0,0.0,5.0067900000000005,5.0067900000000005,5.0067900000000005,5.0067900000000005,0.0,0.0,1.0,1.0,0.0,0.0,0.0,0.0,0.0,0.0,0.0,0.0,5.0067900000000005,5.0067900000000005,5.0067900000000005,5.0067900000000005,0.0,0.0,0.0,0.0,0.0,0.0,64240,0,64240,NMAP_TCP_scan
T0541,49868,80,tcp,http,0.0034049999999999,4,3,2,0,1174.792802,881.094601,2055.887403,0.75,136,32,40,104,32,40,0,2,0,2,0,6,0,0,0,0,0.0,168.0,189.0,47.25,81.106412,0.0,0.0,0.0,0.0,0.0,0.0,168.0,189.0,27.0,62.665780000000005,5.0067900000000005,1825.809479,3394.842148,1131.614049,984.411296,1579.046249,1818.89534,3397.941589,1698.970795,169.598918,5.0067900000000005,1808.88176,3404.855728,567.475955,867.748366,55508.959877,4.0,3.0,189.0,0.0,0.0,0.0,0.0,0.0,0.0,0.0,3404.855728,3404.855728,3404.855728,3404.855728,0.0,0.0,0.0,0.0,0.0,0.0,64240,65160,502,DDOS_Slowloris
T0542,51036,8194,tcp,-,6e-06,1,1,0,0,167772.16,167772.16,335544.32,1.0,20,20,20,20,20,20,0,0,1,0,0,1,0,0,0,0,0.0,0.0,0.0,0.0,0.0,0.0,0.0,0.0,0.0,0.0,0.0,0.0,0.0,0.0,0.0,0.0,0.0,0.0,0.0,0.0,0.0,0.0,0.0,0.0,0.0,5.960464,5.960464,5.960464,5.960464,0.0,0.0,1.0,1.0,0.0,0.0,0.0,0.0,0.0,0.0,0.0,0.0,5.960464,5.960464,5.960464,5.960464,0.0,0.0,0.0,0.0,0.0,0.0,1024,0,1024,NMAP_OS_DETECTION
T0543,64177,25541,udp,-,0.0,1,0,0,0,0.0,0.0,0.0,0.0,8,8,8,0,0,0,0,0,0,0,0,0,0,0,0,0,0.0,0.0,0.0,0.0,0.0,0.0,0.0,0.0,0.0,0.0,0.0,0.0,0.0,0.0,0.0,0.0,0.0,0.0,0.0,0.0,0.0,0.0,0.0,0.0,0.0,0.0,0.0,0.0,0.0,0.0,0.0,1.0,0.0,0.0,0.0,0.0,0.0,0.0,0.0,0.0,0.0,0.0,0.0,0.0,0.0,0.0,0.0,0.0,0.0,0.0,0.0,0,0,0,NMAP_UDP_SCAN
T0544,59247,2010,tcp,-,1.9e-05,1,1,0,0,53092.455696,53092.455696,106184.911392,1.0,20,20,20,20,20,20,1,0,1,1,0,1,1,0,0,0,0.0,0.0,0.0,0.0,0.0,0.0,0.0,0.0,0.0,0.0,0.0,0.0,0.0,0.0,0.0,0.0,0.0,0.0,0.0,0.0,0.0,0.0,0.0,0.0,0.0,18.835068,18.835068,18.835068,18.835068,0.0,0.0,1.0,1.0,0.0,0.0,0.0,0.0,0.0,0.0,0.0,0.0,18.835068,18.835068,18.835068,18.835068,0.0,0.0,0.0,0.0,0.0,0.0,1024,0,1024,NMAP_XMAS_TREE_SCAN
T0545,46600,5902,tcp,-,6e-06,1,1,0,0,167772.16,167772.16,335544.32,1.0,20,20,20,20,20,20,0,0,1,0,0,1,0,0,0,0,0.0,0.0,0.0,0.0,0.0,0.0,0.0,0.0,0.0,0.0,0.0,0.0,0.0,0.0,0.0,0.0,0.0,0.0,0.0,0.0,0.0,0.0,0.0,0.0,0.0,5.960464,5.960464,5.960464,5.960464,0.0,0.0,1.0,1.0,0.0,0.0,0.0,0.0,0.0,0.0,0.0,0.0,5.960464,5.960464,5.960464,5.960464,0.0,0.0,0.0,0.0,0.0,0.0,1024,0,1024,NMAP_OS_DETECTION
T0546,53692,53,udp,dns,0.000159,2,2,2,2,12576.623688,12576.623688,25153.247376,1.0,16,8,8,16,8,8,0,0,0,0,0,0,0,0,0,0,55.0,55.0,110.0,55.0,0.0,55.0,119.0,174.0,87.0,45.254834,55.0,119.0,284.0,71.0,32.0,5.960464,5.960464,5.960464,5.960464,0.0,49.114227,49.114227,49.114227,49.114227,0.0,5.960464,103.9505,159.025192,53.008397,49.110948,1785880.563718,2.0,2.0,110.0,174.0,0.0,0.0,0.0,0.0,0.0,0.0,159.025192,159.025192,159.025192,159.025192,0.0,0.0,0.0,0.0,0.0,0.0,0,0,0,ARP_poisioning
T0547,59247,1524,tcp,-,6e-06,1,1,0,0,167772.16,167772.16,335544.32,1.0,20,20,20,20,20,20,1,0,1,1,0,1,1,0,0,0,0.0,0.0,0.0,0.0,0.0,0.0,0.0,0.0,0.0,0.0,0.0,0.0,0.0,0.0,0.0,0.0,0.0,0.0,0.0,0.0,0.0,0.0,0.0,0.0,0.0,5.960464,5.960464,5.960464,5.960464,0.0,0.0,1.0,1.0,0.0,0.0,0.0,0.0,0.0,0.0,0.0,0.0,5.960464,5.960464,5.960464,5.960464,0.0,0.0,0.0,0.0,0.0,0.0,1024,0,1024,NMAP_XMAS_TREE_SCAN
T0548,51845,21,tcp,-,5e-06,1,1,1,0,199728.761905,199728.761905,399457.52381,1.0,20,20,20,20,20,20,0,1,1,0,0,1,0,0,0,0,120.0,120.0,120.0,120.0,0.0,0.0,0.0,0.0,0.0,0.0,0.0,120.0,120.0,60.0,84.852814,0.0,0.0,0.0,0.0,0.0,0.0,0.0,0.0,0.0,0.0,5.0067900000000005,5.0067900000000005,5.0067900000000005,5.0067900000000005,0.0,23967451.428571,1.0,1.0,120.0,0.0,0.0,0.0,0.0,0.0,0.0,0.0,5.0067900000000005,5.0067900000000005,5.0067900000000005,5.0067900000000005,0.0,0.0,0.0,0.0,0.0,0.0,64,0,64,DOS_SYN_Hping
T0549,55130,80,tcp,http,30.712132,7,12,4,5,0.227923,0.390725,0.618648,1.714286,232,32,40,380,20,40,6,2,1,4,5,17,0,0,0,0,0.0,168.0,210.0,30.0,61.354163,0.0,482.0,2410.0,200.833333,248.19561,0.0,482.0,2620.0,137.89473700000002,214.634287,7.867813000000001,15999529.838562,30712126.970291,5118687.828382,6981121.344816,81.06231700000001,12718194.961548,30712115.049362,2792010.4590330003,4744019.123144,1.907349,12718194.961548,30712131.977081,1706229.554282,3896621.749745,85.308308,1.4,2.4,42.0,482.0,0.0,0.0,0.0,0.0,0.0,0.0,1.907349,6352303.028107,6354785.919189,2118261.973063,3666787.323844,11639151.096344,12718194.961548,24357346.057892,12178673.028946,762999.234283,64240,65160,501,DDOS_Slowloris
T0550,64177,19935,udp,-,0.0,1,0,0,0,0.0,0.0,0.0,0.0,8,8,8,0,0,0,0,0,0,0,0,0,0,0,0,0,0.0,0.0,0.0,0.0,0.0,0.0,0.0,0.0,0.0,0.0,0.0,0.0,0.0,0.0,0.0,0.0,0.0,0.0,0.0,0.0,0.0,0.0,0.0,0.0,0.0,0.0,0.0,0.0,0.0,0.0,0.0,1.0,0.0,0.0,0.0,0.0,0.0,0.0,0.0,0.0,0.0,0.0,0.0,0.0,0.0,0.0,0.0,0.0,0.0,0.0,0.0,0,0,0,NMAP_UDP_SCAN
T0551,55168,80,tcp,http,30.682725,7,11,4,4,0.2281409999999999,0.358508,0.586649,1.5714290000000002,232,32,40,348,20,40,5,2,1,4,4,16,0,0,0,0,0.0,168.0,211.0,30.142857,61.300975,0.0,482.0,1928.0,175.272727,243.18104,0.0,482.0,2139.0,118.833333,203.501481,416.994095,15294752.836227,30682718.992233,5113786.498706,6723500.379893,82.015991,13724719.047546,30682696.10405,3068269.610405,5213073.931139,1.907349,13724719.047546,30682724.952698,1804866.173688,4205423.138742,69.713495,1.75,2.75,52.75,482.0,0.0,0.0,0.0,0.0,0.0,0.0,1.907349,5347815.990448,5350655.794144,1783551.9313810002,3086743.546648,11607350.111008,13724719.047546,25332069.158554003,12666034.579277,1497205.9333,64240,65160,501,DDOS_Slowloris
T0552,40512,2190,tcp,-,1e-06,1,1,0,0,838860.8,838860.8,1677721.6,1.0,40,40,40,20,20,20,0,1,1,0,0,1,0,0,0,0,0.0,0.0,0.0,0.0,0.0,0.0,0.0,0.0,0.0,0.0,0.0,0.0,0.0,0.0,0.0,0.0,0.0,0.0,0.0,0.0,0.0,0.0,0.0,0.0,0.0,1.192093,1.192093,1.192093,1.192093,0.0,0.0,1.0,1.0,0.0,0.0,0.0,0.0,0.0,0.0,0.0,0.0,1.192093,1.192093,1.192093,1.192093,0.0,0.0,0.0,0.0,0.0,0.0,64240,0,64240,NMAP_TCP_scan
T0553,36242,49175,tcp,-,3e-05,1,1,0,0,33288.126983999995,33288.126983999995,66576.25396799999,1.0,20,20,20,20,20,20,1,0,1,1,0,1,1,0,0,0,0.0,0.0,0.0,0.0,0.0,0.0,0.0,0.0,0.0,0.0,0.0,0.0,0.0,0.0,0.0,0.0,0.0,0.0,0.0,0.0,0.0,0.0,0.0,0.0,0.0,30.040741,30.040741,30.040741,30.040741,0.0,0.0,1.0,1.0,0.0,0.0,0.0,0.0,0.0,0.0,0.0,0.0,30.040741,30.040741,30.040741,30.040741,0.0,0.0,0.0,0.0,0.0,0.0,1024,0,1024,NMAP_XMAS_TREE_SCAN
T0554,55476,80,tcp,http,24.18372,7,4,5,0,0.289451,0.165401,0.454851,0.571429,232,32,40,136,32,40,0,2,0,5,0,10,0,0,0,0,0.0,189.0,399.0,57.0,83.530434,0.0,0.0,0.0,0.0,0.0,0.0,189.0,399.0,36.272727,70.805495,8.106232,19068427.801132,24183713.912964,4030618.985494,7591388.227921001,432998.895645,19068433.046341,24183710.098267,8061236.699422,9766415.520724,0.953674,19068426.847458,24183720.111847,2418372.011185,6028964.459542,16.498701999999998,2.333333,1.333333,133.0,0.0,0.0,0.0,0.0,0.0,0.0,0.0,6.198883,5115287.065506,5115293.264389,2557646.632195,3617049.788463,19068426.847458,19068426.847458,19068426.847458,19068426.847458,0.0,64240,65160,502,DDOS_Slowloris
T0555,44276,53,udp,dns,0.000648,2,2,2,2,3086.316409,3086.316409,6172.632818,1.0,16,8,8,16,8,8,0,0,0,0,0,0,0,0,0,0,45.0,45.0,90.0,45.0,0.0,45.0,61.0,106.0,53.0,11.313708,45.0,61.0,196.0,49.0,8.0,30.994415000000004,30.994415000000004,30.994415000000004,30.994415000000004,0.0,231.981277,231.981277,231.981277,231.981277,0.0,30.994415000000004,385.046005,648.021698,216.007233,177.565508,302459.008094,2.0,2.0,90.0,106.0,0.0,0.0,0.0,0.0,0.0,0.0,648.021698,648.021698,648.021698,648.021698,0.0,0.0,0.0,0.0,0.0,0.0,0,0,0,ARP_poisioning
T0556,44735,53,udp,dns,0.000265,2,2,2,2,7543.71223,7543.71223,15087.42446,1.0,16,8,8,16,8,8,0,0,0,0,0,0,0,0,0,0,46.0,46.0,92.0,46.0,0.0,78.0,94.0,172.0,86.0,11.313708,46.0,94.0,264.0,66.0,24.0,10.01358,10.01358,10.01358,10.01358,0.0,87.02278100000001,87.02278100000001,87.02278100000001,87.02278100000001,0.0,10.01358,168.085098,265.12146,88.37382,79.04441899999999,995770.014388,2.0,2.0,92.0,172.0,0.0,0.0,0.0,0.0,0.0,0.0,265.12146,265.12146,265.12146,265.12146,0.0,0.0,0.0,0.0,0.0,0.0,0,0,0,ARP_poisioning
T0557,51598,80,tcp,http,0.000536,8,0,2,0,14926.348754,0.0,14926.348754,0.0,260,20,40,0,0,0,1,2,1,2,0,6,0,0,0,0,0.0,126.0,212.0,26.5,50.219518,0.0,0.0,0.0,0.0,0.0,0.0,126.0,212.0,26.5,50.219518,20.027161,333.070755,535.964966,76.566424,114.840518,0.0,0.0,0.0,0.0,0.0,20.027161,333.070755,535.964966,76.566424,114.840518,395548.241993,8.0,0.0,212.0,0.0,0.0,0.0,0.0,0.0,0.0,0.0,535.964966,535.964966,535.964966,535.964966,0.0,0.0,0.0,0.0,0.0,0.0,65476,0,0,NMAP_UDP_SCAN
T0558,51036,1687,tcp,-,9e-06,1,1,0,0,110376.421053,110376.421053,220752.842105,1.0,20,20,20,20,20,20,0,0,1,0,0,1,0,0,0,0,0.0,0.0,0.0,0.0,0.0,0.0,0.0,0.0,0.0,0.0,0.0,0.0,0.0,0.0,0.0,0.0,0.0,0.0,0.0,0.0,0.0,0.0,0.0,0.0,0.0,9.059906,9.059906,9.059906,9.059906,0.0,0.0,1.0,1.0,0.0,0.0,0.0,0.0,0.0,0.0,0.0,0.0,9.059906,9.059906,9.059906,9.059906,0.0,0.0,0.0,0.0,0.0,0.0,1024,0,1024,NMAP_OS_DETECTION
T0559,59247,49157,tcp,-,6e-06,1,1,0,0,167772.16,167772.16,335544.32,1.0,20,20,20,20,20,20,1,0,1,1,0,1,1,0,0,0,0.0,0.0,0.0,0.0,0.0,0.0,0.0,0.0,0.0,0.0,0.0,0.0,0.0,0.0,0.0,0.0,0.0,0.0,0.0,0.0,0.0,0.0,0.0,0.0,0.0,5.960464,5.960464,5.960464,5.960464,0.0,0.0,1.0,1.0,0.0,0.0,0.0,0.0,0.0,0.0,0.0,0.0,5.960464,5.960464,5.960464,5.960464,0.0,0.0,0.0,0.0,0.0,0.0,1024,0,1024,NMAP_XMAS_TREE_SCAN
T0560,51036,1048,tcp,-,6e-06,1,1,0,0,167772.16,167772.16,335544.32,1.0,20,20,20,20,20,20,0,0,1,0,0,1,0,0,0,0,0.0,0.0,0.0,0.0,0.0,0.0,0.0,0.0,0.0,0.0,0.0,0.0,0.0,0.0,0.0,0.0,0.0,0.0,0.0,0.0,0.0,0.0,0.0,0.0,0.0,5.960464,5.960464,5.960464,5.960464,0.0,0.0,1.0,1.0,0.0,0.0,0.0,0.0,0.0,0.0,0.0,0.0,5.960464,5.960464,5.960464,5.960464,0.0,0.0,0.0,0.0,0.0,0.0,1024,0,1024,NMAP_OS_DETECTION
T0561,41715,22,tcp,ssh,0.633988,33,35,17,21,52.051466,55.206101,107.257567,1.060606,1064,32,40,1128,32,40,0,2,0,17,21,67,0,0,0,0,0.0,800.0,2333.0,70.69697,141.027587,0.0,1080.0,4913.0,140.371429,211.186297,0.0,1080.0,7246.0,106.558824,182.653933,20.027161,177403.926849,633987.9035949999,19812.121987,35052.270602,93.93692,91822.862625,590873.9566800001,17378.645785,23378.270179,5.0067900000000005,91822.862625,633987.9035949999,9462.506024,17388.398944,11429.240146,33.0,35.0,2333.0,4913.0,0.0,0.0,0.0,0.0,0.0,0.0,633987.9035949999,633987.9035949999,633987.9035949999,633987.9035949999,0.0,0.0,0.0,0.0,0.0,0.0,64240,65160,501,Metasploit_Brute_Force_SSH
T0562,34042,53,udp,dns,0.000208,2,2,2,2,9619.963303,9619.963303,19239.926606,1.0,16,8,8,16,8,8,0,0,0,0,0,0,0,0,0,0,45.0,45.0,90.0,45.0,0.0,45.0,61.0,106.0,53.0,11.313708,45.0,61.0,196.0,49.0,8.0,7.867813000000001,7.867813000000001,7.867813000000001,7.867813000000001,0.0,71.048737,71.048737,71.048737,71.048737,0.0,7.867813000000001,128.984451,207.901001,69.30033399999999,60.577246,942756.40367,2.0,2.0,90.0,106.0,0.0,0.0,0.0,0.0,0.0,0.0,207.901001,207.901001,207.901001,207.901001,0.0,0.0,0.0,0.0,0.0,0.0,0,0,0,ARP_poisioning
T0563,55848,5080,tcp,-,3e-06,1,1,0,0,322638.769231,322638.769231,645277.538462,1.0,40,40,40,20,20,20,0,1,1,0,0,1,0,0,0,0,0.0,0.0,0.0,0.0,0.0,0.0,0.0,0.0,0.0,0.0,0.0,0.0,0.0,0.0,0.0,0.0,0.0,0.0,0.0,0.0,0.0,0.0,0.0,0.0,0.0,3.099442,3.099442,3.099442,3.099442,0.0,0.0,1.0,1.0,0.0,0.0,0.0,0.0,0.0,0.0,0.0,0.0,3.099442,3.099442,3.099442,3.099442,0.0,0.0,0.0,0.0,0.0,0.0,64240,0,64240,NMAP_TCP_scan
T0564,51036,1100,tcp,-,6e-06,1,1,0,0,167772.16,167772.16,335544.32,1.0,20,20,20,20,20,20,0,0,1,0,0,1,0,0,0,0,0.0,0.0,0.0,0.0,0.0,0.0,0.0,0.0,0.0,0.0,0.0,0.0,0.0,0.0,0.0,0.0,0.0,0.0,0.0,0.0,0.0,0.0,0.0,0.0,0.0,5.960464,5.960464,5.960464,5.960464,0.0,0.0,1.0,1.0,0.0,0.0,0.0,0.0,0.0,0.0,0.0,0.0,5.960464,5.960464,5.960464,5.960464,0.0,0.0,0.0,0.0,0.0,0.0,1024,0,1024,NMAP_OS_DETECTION
T0565,59422,53,udp,dns,0.0264329999999999,2,2,2,2,75.663023,75.663023,151.326045,1.0,16,8,8,16,8,8,0,0,0,0,0,0,0,0,0,0,36.0,36.0,72.0,36.0,0.0,36.0,68.0,104.0,52.0,22.627417,36.0,68.0,176.0,44.0,16.0,26185.989380000003,26185.989380000003,26185.989380000003,26185.989380000003,0.0,2132.892609,2132.892609,2132.892609,2132.892609,0.0,247.001648,24300.09842,26432.99103,8810.997009,13438.96151,6658.345996999999,2.0,2.0,72.0,104.0,0.0,0.0,0.0,0.0,0.0,0.0,26432.99103,26432.99103,26432.99103,26432.99103,0.0,0.0,0.0,0.0,0.0,0.0,0,0,0,Thing_Speak
T0566,50174,443,tcp,ssl,0.637126,10,11,5,4,15.695483,17.265032,32.960515,1.1,204,20,24,224,20,24,2,2,2,5,4,20,0,0,0,0,0.0,357.0,808.0,80.8,120.888194,0.0,405.0,717.0,65.181818,123.869139,0.0,405.0,1525.0,72.61904799999998,119.632553,257.96890299999995,108764.1716,721061.944962,80117.993885,45181.806918,41.007996,105863.09433,619770.050049,61977.00500499999,50380.496392,41.007996,87550.16326900001,721061.944962,36053.09724800001,36427.56984700001,2393.561202,10.0,11.0,808.0,717.0,0.0,0.0,0.0,0.0,0.0,0.0,721061.944962,721061.944962,721061.944962,721061.944962,0.0,0.0,0.0,0.0,0.0,0.0,4380,65535,4380,Wipro_bulb
T0567,52997,1883,tcp,mqtt,47.957955,10,6,3,4,0.208516,0.12511,0.333626,0.6,328,32,40,200,32,40,0,2,1,3,4,15,0,0,0,0,0.0,33.0,78.0,7.8,12.934021,0.0,23.0,36.0,6.0,8.602325,0.0,33.0,114.0,7.125,11.218289,251.054764,45885717.868805,47957954.883575,5328661.653731,15215338.701239,3849.983215,1576225.042343,1908453.941345,381690.788269,672412.7099949999,251.054764,45885717.868805,47957954.883575,3197196.992238,11814853.451983,2.377082,3.333333,2.0,26.0,12.0,0.0,0.0,0.0,0.0,0.0,0.0,2072237.014771,2072237.014771,2072237.014771,2072237.014771,0.0,45885717.868805,45885717.868805,45885717.868805,45885717.868805,0.0,64240,26847,502,MQTT_Publish
T0568,51722,80,tcp,http,0.0005059999999999,8,0,2,0,15805.196419999998,0.0,15805.196419999998,0.0,260,20,40,0,0,0,1,2,1,2,0,6,0,0,0,0,0.0,126.0,212.0,26.5,50.219518,0.0,0.0,0.0,0.0,0.0,0.0,126.0,212.0,26.5,50.219518,20.027161,322.1035,506.162643,72.308949,110.812048,0.0,0.0,0.0,0.0,0.0,20.027161,322.1035,506.162643,72.308949,110.812048,418837.705134,8.0,0.0,212.0,0.0,0.0,0.0,0.0,0.0,0.0,0.0,506.162643,506.162643,506.162643,506.162643,0.0,0.0,0.0,0.0,0.0,0.0,65476,0,0,NMAP_UDP_SCAN
T0569,36242,2041,tcp,-,6e-06,1,1,0,0,167772.16,167772.16,335544.32,1.0,20,20,20,20,20,20,1,0,1,1,0,1,1,0,0,0,0.0,0.0,0.0,0.0,0.0,0.0,0.0,0.0,0.0,0.0,0.0,0.0,0.0,0.0,0.0,0.0,0.0,0.0,0.0,0.0,0.0,0.0,0.0,0.0,0.0,5.960464,5.960464,5.960464,5.960464,0.0,0.0,1.0,1.0,0.0,0.0,0.0,0.0,0.0,0.0,0.0,0.0,5.960464,5.960464,5.960464,5.960464,0.0,0.0,0.0,0.0,0.0,0.0,1024,0,1024,NMAP_XMAS_TREE_SCAN
T0570,41201,1883,tcp,mqtt,24.047472,10,6,3,4,0.415844,0.249506,0.665351,0.6,328,32,40,200,32,40,0,2,1,3,4,15,0,0,0,0,0.0,33.0,78.0,7.8,12.934021,0.0,23.0,36.0,6.0,8.602325,0.0,33.0,114.0,7.125,11.218289,241.994858,21750607.967377,24047472.000122,2671941.333347,7163729.375964,177.86026,1466001.033783,2019948.959351,403989.79187,609057.690056,177.86026,21750607.967377,24047472.000122,1603164.800008,5582174.798005002,4.740623,3.333333,2.0,26.0,12.0,0.0,0.0,0.0,0.0,0.0,0.0,2296864.032745,2296864.032745,2296864.032745,2296864.032745,0.0,21750607.967377,21750607.967377,21750607.967377,21750607.967377,0.0,64240,26847,502,MQTT_Publish
T0571,44683,1883,tcp,mqtt,16.955033,10,6,3,4,0.589795,0.353877,0.943673,0.6,328,32,40,200,32,40,0,2,1,3,4,15,0,0,0,0,0.0,33.0,78.0,7.8,12.934021,0.0,23.0,36.0,6.0,8.602325,0.0,33.0,114.0,7.125,11.218289,252.008438,14856417.179108,16955033.063889,1883892.562654,4886323.179324,7963.180542,1619619.131088,1943950.891495,388790.178299,691939.738118,252.008438,14856417.179108,16955033.063889,1130335.537593,3815229.022687,6.723667,3.333333,2.0,26.0,12.0,0.0,0.0,0.0,0.0,0.0,0.0,2098615.884781,2098615.884781,2098615.884781,2098615.884781,0.0,14856417.179108,14856417.179108,14856417.179108,14856417.179108,0.0,64240,26847,502,MQTT_Publish
T0572,54328,21,tcp,-,5e-06,1,1,1,0,199728.761905,199728.761905,399457.52381,1.0,20,20,20,20,20,20,0,1,1,0,0,1,0,0,0,0,120.0,120.0,120.0,120.0,0.0,0.0,0.0,0.0,0.0,0.0,0.0,120.0,120.0,60.0,84.852814,0.0,0.0,0.0,0.0,0.0,0.0,0.0,0.0,0.0,0.0,5.0067900000000005,5.0067900000000005,5.0067900000000005,5.0067900000000005,0.0,23967451.428571,1.0,1.0,120.0,0.0,0.0,0.0,0.0,0.0,0.0,0.0,5.0067900000000005,5.0067900000000005,5.0067900000000005,5.0067900000000005,0.0,0.0,0.0,0.0,0.0,0.0,64,0,64,DOS_SYN_Hping
T0573,57966,113,tcp,-,5e-06,1,1,0,0,199728.761905,199728.761905,399457.52381,1.0,40,40,40,20,20,20,0,1,1,0,0,1,0,0,0,0,0.0,0.0,0.0,0.0,0.0,0.0,0.0,0.0,0.0,0.0,0.0,0.0,0.0,0.0,0.0,0.0,0.0,0.0,0.0,0.0,0.0,0.0,0.0,0.0,0.0,5.0067900000000005,5.0067900000000005,5.0067900000000005,5.0067900000000005,0.0,0.0,1.0,1.0,0.0,0.0,0.0,0.0,0.0,0.0,0.0,0.0,5.0067900000000005,5.0067900000000005,5.0067900000000005,5.0067900000000005,0.0,0.0,0.0,0.0,0.0,0.0,64240,0,64240,NMAP_TCP_scan
T0574,36242,6101,tcp,-,7.000000000000001e-06,1,1,0,0,144631.172414,144631.172414,289262.344828,1.0,20,20,20,20,20,20,1,0,1,1,0,1,1,0,0,0,0.0,0.0,0.0,0.0,0.0,0.0,0.0,0.0,0.0,0.0,0.0,0.0,0.0,0.0,0.0,0.0,0.0,0.0,0.0,0.0,0.0,0.0,0.0,0.0,0.0,6.914139,6.914139,6.914139,6.914139,0.0,0.0,1.0,1.0,0.0,0.0,0.0,0.0,0.0,0.0,0.0,0.0,6.914139,6.914139,6.914139,6.914139,0.0,0.0,0.0,0.0,0.0,0.0,1024,0,1024,NMAP_XMAS_TREE_SCAN
T0575,35925,1883,tcp,mqtt,28.056519,10,6,3,4,0.356423,0.213854,0.570277,0.6,328,32,40,200,32,40,0,2,1,3,4,15,0,0,0,0,0.0,33.0,78.0,7.8,12.934021,0.0,23.0,36.0,6.0,8.602325,0.0,33.0,114.0,7.125,11.218289,212.907791,25766766.07132,28056519.031525,3117391.003503,8502081.917066,167.131424,1505145.788193,2028564.929962,405712.985992,628322.095897,167.131424,25766766.07132,28056519.031525,1870434.602102,6618503.395966,4.063227,3.333333,2.0,26.0,12.0,0.0,0.0,0.0,0.0,0.0,0.0,2289752.960205,2289752.960205,2289752.960205,2289752.960205,0.0,25766766.07132,25766766.07132,25766766.07132,25766766.07132,0.0,64240,26847,502,MQTT_Publish
T0576,36387,1883,tcp,mqtt,36.920031,9,5,3,3,0.24377,0.135428,0.379198,0.555556,296,32,40,168,32,40,0,2,1,3,3,13,0,0,0,0,0.0,33.0,75.0,8.333333,12.980755,0.0,22.0,31.0,6.2,9.121403,0.0,33.0,106.0,7.571428999999998,11.420052,253.915787,34847492.933272995,36920031.07070901,4615003.883839,12224361.878833,3645.896912,1597110.033035,1913308.143616,478327.035904,749317.7347149998,253.915787,34847492.933272995,36920031.07070901,2840002.390055,9624516.444021,2.87107,3.0,1.666667,25.0,10.333333,0.0,0.0,0.0,0.0,0.0,0.0,2072538.137436,2072538.137436,2072538.137436,2072538.137436,0.0,34847492.933272995,34847492.933272995,34847492.933272995,34847492.933272995,0.0,64240,26847,502,MQTT_Publish
T0577,51412,80,tcp,http,0.0005269999999999,8,0,2,0,15183.000905,0.0,15183.000905,0.0,260,20,40,0,0,0,1,2,1,2,0,6,0,0,0,0,0.0,126.0,212.0,26.5,50.219518,0.0,0.0,0.0,0.0,0.0,0.0,126.0,212.0,26.5,50.219518,20.027161,325.918198,526.9050599999999,75.27215100000001,111.969761,0.0,0.0,0.0,0.0,0.0,20.027161,325.918198,526.9050599999999,75.27215100000001,111.969761,402349.523982,8.0,0.0,212.0,0.0,0.0,0.0,0.0,0.0,0.0,0.0,526.9050599999999,526.9050599999999,526.9050599999999,526.9050599999999,0.0,0.0,0.0,0.0,0.0,0.0,65476,0,0,DDOS_Slowloris
T0578,38375,5353,udp,dns,0.0,1,0,1,0,0.0,0.0,0.0,0.0,8,8,8,0,0,0,0,0,0,0,0,0,0,0,0,0,47.0,47.0,47.0,47.0,0.0,0.0,0.0,0.0,0.0,0.0,47.0,47.0,47.0,47.0,0.0,0.0,0.0,0.0,0.0,0.0,0.0,0.0,0.0,0.0,0.0,0.0,0.0,0.0,0.0,0.0,0.0,1.0,0.0,47.0,0.0,0.0,0.0,0.0,0.0,0.0,0.0,0.0,0.0,0.0,0.0,0.0,0.0,0.0,0.0,0.0,0.0,0,0,0,ARP_poisioning
T0579,59714,49160,tcp,-,4e-06,1,1,0,0,246723.764706,246723.764706,493447.529412,1.0,40,40,40,20,20,20,0,1,1,0,0,1,0,0,0,0,0.0,0.0,0.0,0.0,0.0,0.0,0.0,0.0,0.0,0.0,0.0,0.0,0.0,0.0,0.0,0.0,0.0,0.0,0.0,0.0,0.0,0.0,0.0,0.0,0.0,4.053116,4.053116,4.053116,4.053116,0.0,0.0,1.0,1.0,0.0,0.0,0.0,0.0,0.0,0.0,0.0,0.0,4.053116,4.053116,4.053116,4.053116,0.0,0.0,0.0,0.0,0.0,0.0,64240,0,64240,NMAP_TCP_scan
T0580,36242,24,tcp,-,7.000000000000001e-06,1,1,0,0,139810.133333,139810.133333,279620.266667,1.0,20,20,20,20,20,20,1,0,1,1,0,1,1,0,0,0,0.0,0.0,0.0,0.0,0.0,0.0,0.0,0.0,0.0,0.0,0.0,0.0,0.0,0.0,0.0,0.0,0.0,0.0,0.0,0.0,0.0,0.0,0.0,0.0,0.0,7.152557000000001,7.152557000000001,7.152557000000001,7.152557000000001,0.0,0.0,1.0,1.0,0.0,0.0,0.0,0.0,0.0,0.0,0.0,0.0,7.152557000000001,7.152557000000001,7.152557000000001,7.152557000000001,0.0,0.0,0.0,0.0,0.0,0.0,1024,0,1024,NMAP_XMAS_TREE_SCAN
T0581,55844,53,udp,dns,0.00112,2,2,2,2,1785.57003,1785.57003,3571.14006,1.0,16,8,8,16,8,8,0,0,0,0,0,0,0,0,0,0,52.0,52.0,104.0,52.0,0.0,138.0,186.0,324.0,162.0,33.941125,52.0,186.0,428.0,107.0,66.463022,25.987625,25.987625,25.987625,25.987625,0.0,482.082367,482.082367,482.082367,482.082367,0.0,25.987625,612.020493,1120.090485,373.363495,307.771791,382111.986377,2.0,2.0,104.0,324.0,0.0,0.0,0.0,0.0,0.0,0.0,1120.090485,1120.090485,1120.090485,1120.090485,0.0,0.0,0.0,0.0,0.0,0.0,0,0,0,ARP_poisioning
T0582,30869,21,tcp,-,5e-06,1,1,1,0,199728.761905,199728.761905,399457.52381,1.0,20,20,20,20,20,20,0,1,1,0,0,1,0,0,0,0,120.0,120.0,120.0,120.0,0.0,0.0,0.0,0.0,0.0,0.0,0.0,120.0,120.0,60.0,84.852814,0.0,0.0,0.0,0.0,0.0,0.0,0.0,0.0,0.0,0.0,5.0067900000000005,5.0067900000000005,5.0067900000000005,5.0067900000000005,0.0,23967451.428571,1.0,1.0,120.0,0.0,0.0,0.0,0.0,0.0,0.0,0.0,5.0067900000000005,5.0067900000000005,5.0067900000000005,5.0067900000000005,0.0,0.0,0.0,0.0,0.0,0.0,64,0,64,DOS_SYN_Hping
T0583,33390,80,tcp,http,0.707943,7,5,2,1,9.887802,7.062716,16.950518,0.714286,232,32,40,168,32,40,2,2,0,2,1,11,0,0,0,0,0.0,169.0,215.0,30.714286,63.34223000000001,0.0,538.0,538.0,107.6,240.600914,0.0,538.0,753.0,62.75,157.50043300000002,92.029572,247596.9791,709905.8628,118317.6438,128703.2152,45.061111,231619.1196,479792.1181,119948.0295,127017.651,45.061111,228150.8446,709905.8628,64536.89662000001,104484.3536,1063.6450109999998,7.0,5.0,215.0,538.0,0.0,0.0,0.0,0.0,0.0,0.0,709905.8628,709905.8628,709905.8628,709905.8628,0.0,0.0,0.0,0.0,0.0,0.0,64240,26847,501,Thing_Speak
T0584,48724,21,tcp,-,1e-06,1,1,1,0,1048576.0,1048576.0,2097152.0,1.0,20,20,20,20,20,20,0,1,1,0,0,1,0,0,0,0,120.0,120.0,120.0,120.0,0.0,0.0,0.0,0.0,0.0,0.0,0.0,120.0,120.0,60.0,84.852814,0.0,0.0,0.0,0.0,0.0,0.0,0.0,0.0,0.0,0.0,0.953674,0.953674,0.953674,0.953674,0.0,125829120.0,1.0,1.0,120.0,0.0,0.0,0.0,0.0,0.0,0.0,0.0,0.953674,0.953674,0.953674,0.953674,0.0,0.0,0.0,0.0,0.0,0.0,64,0,64,DOS_SYN_Hping
T0585,51656,80,tcp,http,0.000515,8,0,2,0,15534.459259,0.0,15534.459259,0.0,260,20,40,0,0,0,1,2,1,2,0,6,0,0,0,0,0.0,126.0,212.0,26.5,50.219518,0.0,0.0,0.0,0.0,0.0,0.0,126.0,212.0,26.5,50.219518,20.027161,319.004059,514.9841309999999,73.569162,109.478691,0.0,0.0,0.0,0.0,0.0,20.027161,319.004059,514.9841309999999,73.569162,109.478691,411663.17037,8.0,0.0,212.0,0.0,0.0,0.0,0.0,0.0,0.0,0.0,514.9841309999999,514.9841309999999,514.9841309999999,514.9841309999999,0.0,0.0,0.0,0.0,0.0,0.0,65476,0,0,NMAP_UDP_SCAN
T0586,37883,1883,tcp,mqtt,62.047142,9,5,3,3,0.145051,0.080584,0.225635,0.555556,296,32,40,168,32,40,0,2,1,3,3,13,0,0,0,0,0.0,33.0,77.0,8.555556,13.258121,0.0,26.0,35.0,7.0,10.86278,0.0,33.0,112.0,8.0,12.044788,266.79039,59798643.112183,62047142.028809,7755892.753601,21031729.513799,3195.047379,1453123.807907,1983776.807785,495944.201946,649831.757744,266.79039,59798643.112183,62047142.028809,4772857.079139,16536375.592908,1.805079,3.0,1.666667,25.666667,11.666667,0.0,0.0,0.0,0.0,0.0,0.0,2248498.916626,2248498.916626,2248498.916626,2248498.916626,0.0,59798643.112183,59798643.112183,59798643.112183,59798643.112183,0.0,64240,26847,502,MQTT_Publish
T0587,36189,53,udp,dns,0.02148,1,1,1,1,46.554754,46.554754,93.109508,1.0,8,8,8,8,8,8,0,0,0,0,0,0,0,0,0,0,31.0,31.0,31.0,31.0,0.0,153.0,153.0,153.0,153.0,0.0,31.0,153.0,184.0,92.0,86.267027,0.0,0.0,0.0,0.0,0.0,0.0,0.0,0.0,0.0,0.0,21480.083466,21480.083466,21480.083466,21480.083466,0.0,8566.074722,1.0,1.0,31.0,153.0,0.0,0.0,0.0,0.0,0.0,0.0,21480.083466,21480.083466,21480.083466,21480.083466,0.0,0.0,0.0,0.0,0.0,0.0,0,0,0,Wipro_bulb
T0588,33232,99,tcp,-,5e-06,1,1,0,0,199728.761905,199728.761905,399457.52381,1.0,40,40,40,20,20,20,0,1,1,0,0,1,0,0,0,0,0.0,0.0,0.0,0.0,0.0,0.0,0.0,0.0,0.0,0.0,0.0,0.0,0.0,0.0,0.0,0.0,0.0,0.0,0.0,0.0,0.0,0.0,0.0,0.0,0.0,5.0067900000000005,5.0067900000000005,5.0067900000000005,5.0067900000000005,0.0,0.0,1.0,1.0,0.0,0.0,0.0,0.0,0.0,0.0,0.0,0.0,5.0067900000000005,5.0067900000000005,5.0067900000000005,5.0067900000000005,0.0,0.0,0.0,0.0,0.0,0.0,64240,0,64240,NMAP_TCP_scan
T0589,38832,16993,tcp,-,5e-06,1,1,0,0,199728.761905,199728.761905,399457.52381,1.0,40,40,40,20,20,20,0,1,1,0,0,1,0,0,0,0,0.0,0.0,0.0,0.0,0.0,0.0,0.0,0.0,0.0,0.0,0.0,0.0,0.0,0.0,0.0,0.0,0.0,0.0,0.0,0.0,0.0,0.0,0.0,0.0,0.0,5.0067900000000005,5.0067900000000005,5.0067900000000005,5.0067900000000005,0.0,0.0,1.0,1.0,0.0,0.0,0.0,0.0,0.0,0.0,0.0,0.0,5.0067900000000005,5.0067900000000005,5.0067900000000005,5.0067900000000005,0.0,0.0,0.0,0.0,0.0,0.0,64240,0,64240,NMAP_TCP_scan
T0590,46600,1080,tcp,-,7.000000000000001e-06,1,1,0,0,144631.172414,144631.172414,289262.344828,1.0,20,20,20,20,20,20,0,0,1,0,0,1,0,0,0,0,0.0,0.0,0.0,0.0,0.0,0.0,0.0,0.0,0.0,0.0,0.0,0.0,0.0,0.0,0.0,0.0,0.0,0.0,0.0,0.0,0.0,0.0,0.0,0.0,0.0,6.914139,6.914139,6.914139,6.914139,0.0,0.0,1.0,1.0,0.0,0.0,0.0,0.0,0.0,0.0,0.0,0.0,6.914139,6.914139,6.914139,6.914139,0.0,0.0,0.0,0.0,0.0,0.0,1024,0,1024,NMAP_OS_DETECTION
T0591,50078,21834,udp,-,0.0,1,0,0,0,0.0,0.0,0.0,0.0,8,8,8,0,0,0,0,0,0,0,0,0,0,0,0,0,0.0,0.0,0.0,0.0,0.0,0.0,0.0,0.0,0.0,0.0,0.0,0.0,0.0,0.0,0.0,0.0,0.0,0.0,0.0,0.0,0.0,0.0,0.0,0.0,0.0,0.0,0.0,0.0,0.0,0.0,0.0,1.0,0.0,0.0,0.0,0.0,0.0,0.0,0.0,0.0,0.0,0.0,0.0,0.0,0.0,0.0,0.0,0.0,0.0,0.0,0.0,0,0,0,NMAP_UDP_SCAN
T0592,64177,34038,udp,-,0.0,1,0,1,0,0.0,0.0,0.0,0.0,8,8,8,0,0,0,0,0,0,0,0,0,0,0,0,0,40.0,40.0,40.0,40.0,0.0,0.0,0.0,0.0,0.0,0.0,40.0,40.0,40.0,40.0,0.0,0.0,0.0,0.0,0.0,0.0,0.0,0.0,0.0,0.0,0.0,0.0,0.0,0.0,0.0,0.0,0.0,1.0,0.0,40.0,0.0,0.0,0.0,0.0,0.0,0.0,0.0,0.0,0.0,0.0,0.0,0.0,0.0,0.0,0.0,0.0,0.0,0,0,0,NMAP_UDP_SCAN
T0593,45751,1883,tcp,mqtt,61.97214,10,8,3,4,0.161363,0.12909,0.290453,0.8,328,32,40,264,32,40,0,2,1,3,4,17,0,0,0,0,0.0,33.0,77.0,7.7,12.789318,0.0,22.0,35.0,4.375,7.4438369999999985,0.0,33.0,112.0,6.222222,10.5972,144.004822,59904718.875885,61972140.073776,6885793.341531,19885157.916144,19.073486,932085.990906,1899178.028107,271311.14687199995,367183.754301,19.073486,59904718.875885,61972140.073776,3645420.00434,14499687.452998,1.807264,5.0,4.0,38.5,17.5,0.0,0.0,0.0,0.0,0.0,0.0,2067421.197891,2067421.197891,2067421.197891,2067421.197891,0.0,59904718.875885,59904718.875885,59904718.875885,59904718.875885,0.0,64240,26847,502,MQTT_Publish
T0594,34365,1883,tcp,mqtt,22.965885,10,6,3,4,0.435428,0.261257,0.6966859999999999,0.6,328,32,40,200,32,40,0,2,1,3,4,15,0,0,0,0,0.0,33.0,78.0,7.8,12.934021,0.0,23.0,36.0,6.0,8.602325,0.0,33.0,114.0,7.125,11.218289,257.015228,20868226.051331,22965884.923935,2551764.991548,6884904.634303,91.075897,1651221.990585,1946943.998337,389388.799667,709041.565407,91.075897,20868226.051331,22965884.923935,1531058.994929,5362931.427973,4.963883999999998,3.333333,2.0,26.0,12.0,0.0,0.0,0.0,0.0,0.0,0.0,2097658.872604,2097658.872604,2097658.872604,2097658.872604,0.0,20868226.051331,20868226.051331,20868226.051331,20868226.051331,0.0,64240,26847,502,MQTT_Publish
T0595,64177,43370,udp,-,0.0,1,0,1,0,0.0,0.0,0.0,0.0,8,8,8,0,0,0,0,0,0,0,0,0,0,0,0,0,40.0,40.0,40.0,40.0,0.0,0.0,0.0,0.0,0.0,0.0,40.0,40.0,40.0,40.0,0.0,0.0,0.0,0.0,0.0,0.0,0.0,0.0,0.0,0.0,0.0,0.0,0.0,0.0,0.0,0.0,0.0,1.0,0.0,40.0,0.0,0.0,0.0,0.0,0.0,0.0,0.0,0.0,0.0,0.0,0.0,0.0,0.0,0.0,0.0,0.0,0.0,0,0,0,NMAP_UDP_SCAN
T0596,64177,800,udp,-,0.0,1,0,0,0,0.0,0.0,0.0,0.0,8,8,8,0,0,0,0,0,0,0,0,0,0,0,0,0,0.0,0.0,0.0,0.0,0.0,0.0,0.0,0.0,0.0,0.0,0.0,0.0,0.0,0.0,0.0,0.0,0.0,0.0,0.0,0.0,0.0,0.0,0.0,0.0,0.0,0.0,0.0,0.0,0.0,0.0,0.0,1.0,0.0,0.0,0.0,0.0,0.0,0.0,0.0,0.0,0.0,0.0,0.0,0.0,0.0,0.0,0.0,0.0,0.0,0.0,0.0,0,0,0,NMAP_UDP_SCAN
T0597,54203,1883,tcp,mqtt,43.06976,10,6,3,4,0.232181,0.139309,0.37149,0.6,328,32,40,200,32,40,0,2,1,3,4,15,0,0,0,0,0.0,33.0,77.0,7.7,12.789318,0.0,22.0,35.0,5.8333330000000005,8.20772,0.0,33.0,112.0,7.0,11.021192,249.862671,40802249.193192,43069760.08415201,4785528.898239,13512132.364157,79.870224,1537085.056305,2024260.997772,404852.199554,644417.1970350001,79.870224,40802249.193192,43069760.08415201,2871317.338943,10498512.61075,2.600432,3.333333,2.0,25.666667,11.666667,0.0,0.0,0.0,0.0,0.0,0.0,2267510.890961,2267510.890961,2267510.890961,2267510.890961,0.0,40802249.193192,40802249.193192,40802249.193192,40802249.193192,0.0,64240,26847,502,MQTT_Publish
T0598,57731,1883,tcp,mqtt,17.069604,10,6,3,4,0.5858369999999999,0.351502,0.937339,0.6,328,32,40,200,32,40,0,2,1,3,4,15,0,0,0,0,0.0,33.0,78.0,7.8,12.934021,0.0,23.0,36.0,6.0,8.602325,0.0,33.0,114.0,7.125,11.218289,288.009644,14759952.068329,17069603.919983,1896622.657776,4839653.544546,236.98806800000003,1534532.07016,2052084.922791,410416.984558,641452.9569550001,236.98806800000003,14759952.068329,17069603.919983,1137973.594666,3782701.095797,6.6785380000000005,3.333333,2.0,26.0,12.0,0.0,0.0,0.0,0.0,0.0,0.0,2309651.851654,2309651.851654,2309651.851654,2309651.851654,0.0,14759952.068329,14759952.068329,14759952.068329,14759952.068329,0.0,64240,26847,502,MQTT_Publish
T0599,50573,53,udp,dns,0.069357,2,2,2,2,28.836246000000003,28.836246000000003,57.672491,1.0,16,8,8,16,8,8,0,0,0,0,0,0,0,0,0,0,44.0,44.0,88.0,44.0,0.0,44.0,60.0,104.0,52.0,11.313708,44.0,60.0,192.0,48.0,8.0,5.0067900000000005,5.0067900000000005,5.0067900000000005,5.0067900000000005,0.0,68686.008453,68686.008453,68686.008453,68686.008453,0.0,5.0067900000000005,68686.008453,69357.156754,23119.052251,39463.526172000005,2768.2795690000003,2.0,2.0,88.0,104.0,0.0,0.0,0.0,0.0,0.0,0.0,69357.156754,69357.156754,69357.156754,69357.156754,0.0,0.0,0.0,0.0,0.0,0.0,0,0,0,ARP_poisioning
T0600,58192,443,tcp,ssl,1.246152,13,11,3,8,10.432113,8.827172000000001,19.259285,0.8461540000000001,400,20,40,360,32,40,2,2,2,3,6,21,0,0,0,0,0.0,517.0,840.0,64.615385,149.35892900000002,0.0,1408.0,6154.0,559.454545,609.16342,0.0,1408.0,6994.0,291.416667,486.22279,241.994858,237696.1708,1248656.988,104054.749,110963.7576,78.20129399999999,315868.8545,1027842.045,102784.2045,133095.0917,78.20129399999999,235594.9879,1248656.988,54289.434270000005,93204.04245,5612.476718,13.0,11.0,840.0,6154.0,0.0,0.0,0.0,0.0,0.0,0.0,1248656.988,1248656.988,1248656.988,1248656.988,0.0,0.0,0.0,0.0,0.0,0.0,64240,26847,0,Thing_Speak
T0601,51036,11110,tcp,-,4e-06,1,1,0,0,246723.764706,246723.764706,493447.529412,1.0,20,20,20,20,20,20,0,0,1,0,0,1,0,0,0,0,0.0,0.0,0.0,0.0,0.0,0.0,0.0,0.0,0.0,0.0,0.0,0.0,0.0,0.0,0.0,0.0,0.0,0.0,0.0,0.0,0.0,0.0,0.0,0.0,0.0,4.053116,4.053116,4.053116,4.053116,0.0,0.0,1.0,1.0,0.0,0.0,0.0,0.0,0.0,0.0,0.0,0.0,4.053116,4.053116,4.053116,4.053116,0.0,0.0,0.0,0.0,0.0,0.0,1024,0,1024,NMAP_OS_DETECTION
T0602,46348,2040,tcp,-,5e-06,1,1,0,0,199728.761905,199728.761905,399457.52381,1.0,40,40,40,20,20,20,0,1,1,0,0,1,0,0,0,0,0.0,0.0,0.0,0.0,0.0,0.0,0.0,0.0,0.0,0.0,0.0,0.0,0.0,0.0,0.0,0.0,0.0,0.0,0.0,0.0,0.0,0.0,0.0,0.0,0.0,5.0067900000000005,5.0067900000000005,5.0067900000000005,5.0067900000000005,0.0,0.0,1.0,1.0,0.0,0.0,0.0,0.0,0.0,0.0,0.0,0.0,5.0067900000000005,5.0067900000000005,5.0067900000000005,5.0067900000000005,0.0,0.0,0.0,0.0,0.0,0.0,64240,0,64240,NMAP_TCP_scan
T0603,39581,53,udp,dns,0.000387,2,2,2,2,5165.399015,5165.399015,10330.79803,1.0,16,8,8,16,8,8,0,0,0,0,0,0,0,0,0,0,61.0,61.0,122.0,61.0,0.0,151.0,199.0,350.0,175.0,33.941125,61.0,199.0,472.0,118.0,68.673139,7.152557000000001,7.152557000000001,7.152557000000001,7.152557000000001,0.0,142.097473,142.097473,142.097473,142.097473,0.0,7.152557000000001,237.941742,387.191772,129.063924,115.945319,1219034.167488,2.0,2.0,122.0,350.0,0.0,0.0,0.0,0.0,0.0,0.0,387.191772,387.191772,387.191772,387.191772,0.0,0.0,0.0,0.0,0.0,0.0,0,0,0,ARP_poisioning
T0604,40335,1883,tcp,mqtt,27.995254,10,6,3,4,0.357203,0.214322,0.571525,0.6,328,32,40,200,32,40,0,2,1,3,4,15,0,0,0,0,0.0,33.0,77.0,7.7,12.789318,0.0,22.0,35.0,5.8333330000000005,8.20772,0.0,33.0,112.0,7.0,11.021192,243.186951,25694497.823715,27995254.039764,3110583.782196,8478276.382721001,188.827515,1537729.024887,2028316.97464,405663.394928,644273.64559,188.827515,25694497.823715,27995254.039764,1866350.269318,6600135.505105998,4.000678,3.333333,2.0,25.666667,11.666667,0.0,0.0,0.0,0.0,0.0,0.0,2300756.216049,2300756.216049,2300756.216049,2300756.216049,0.0,25694497.823715,25694497.823715,25694497.823715,25694497.823715,0.0,64240,26847,502,MQTT_Publish
T0605,37740,32771,tcp,-,1e-06,1,1,0,0,1048576.0,1048576.0,2097152.0,1.0,40,40,40,20,20,20,0,1,1,0,0,1,0,0,0,0,0.0,0.0,0.0,0.0,0.0,0.0,0.0,0.0,0.0,0.0,0.0,0.0,0.0,0.0,0.0,0.0,0.0,0.0,0.0,0.0,0.0,0.0,0.0,0.0,0.0,0.953674,0.953674,0.953674,0.953674,0.0,0.0,1.0,1.0,0.0,0.0,0.0,0.0,0.0,0.0,0.0,0.0,0.953674,0.953674,0.953674,0.953674,0.0,0.0,0.0,0.0,0.0,0.0,64240,0,64240,NMAP_TCP_scan
T0606,43854,49167,tcp,-,4e-06,1,1,0,0,246723.764706,246723.764706,493447.529412,1.0,40,40,40,20,20,20,0,1,1,0,0,1,0,0,0,0,0.0,0.0,0.0,0.0,0.0,0.0,0.0,0.0,0.0,0.0,0.0,0.0,0.0,0.0,0.0,0.0,0.0,0.0,0.0,0.0,0.0,0.0,0.0,0.0,0.0,4.053116,4.053116,4.053116,4.053116,0.0,0.0,1.0,1.0,0.0,0.0,0.0,0.0,0.0,0.0,0.0,0.0,4.053116,4.053116,4.053116,4.053116,0.0,0.0,0.0,0.0,0.0,0.0,64240,0,64240,NMAP_TCP_scan
T0607,57953,53,udp,dns,0.000306,2,2,2,2,6538.275916,6538.275916,13076.551832,1.0,16,8,8,16,8,8,0,0,0,0,0,0,0,0,0,0,45.0,45.0,90.0,45.0,0.0,108.0,120.0,228.0,114.0,8.485281,45.0,120.0,318.0,79.5,40.137264,178.81393400000002,178.81393400000002,178.81393400000002,178.81393400000002,0.0,155.925751,155.925751,155.925751,155.925751,0.0,28.848648,149.96528600000002,305.891037,101.963679,64.345342,1039585.870616,2.0,2.0,90.0,228.0,0.0,0.0,0.0,0.0,0.0,0.0,305.891037,305.891037,305.891037,305.891037,0.0,0.0,0.0,0.0,0.0,0.0,0,0,0,ARP_poisioning
T0608,43191,53,udp,dns,0.038902,2,2,2,2,51.41118,51.41118,102.82236,1.0,16,8,8,16,8,8,0,0,0,0,0,0,0,0,0,0,32.0,32.0,64.0,32.0,0.0,32.0,64.0,96.0,48.0,22.627417,32.0,64.0,160.0,40.0,16.0,231.027603,231.027603,231.027603,231.027603,0.0,37945.03212,37945.03212,37945.03212,37945.03212,0.0,231.027603,37945.03212,38902.0443,12967.3481,21632.72451,4112.894397,2.0,2.0,64.0,96.0,0.0,0.0,0.0,0.0,0.0,0.0,38902.0443,38902.0443,38902.0443,38902.0443,0.0,0.0,0.0,0.0,0.0,0.0,0,0,0,Thing_Speak
T0609,51036,1839,tcp,-,5e-06,1,1,0,0,199728.761905,199728.761905,399457.52381,1.0,20,20,20,20,20,20,0,0,1,0,0,1,0,0,0,0,0.0,0.0,0.0,0.0,0.0,0.0,0.0,0.0,0.0,0.0,0.0,0.0,0.0,0.0,0.0,0.0,0.0,0.0,0.0,0.0,0.0,0.0,0.0,0.0,0.0,5.0067900000000005,5.0067900000000005,5.0067900000000005,5.0067900000000005,0.0,0.0,1.0,1.0,0.0,0.0,0.0,0.0,0.0,0.0,0.0,0.0,5.0067900000000005,5.0067900000000005,5.0067900000000005,5.0067900000000005,0.0,0.0,0.0,0.0,0.0,0.0,1024,0,1024,NMAP_OS_DETECTION
T0610,64177,34079,udp,-,0.0,1,0,1,0,0.0,0.0,0.0,0.0,8,8,8,0,0,0,0,0,0,0,0,0,0,0,0,0,40.0,40.0,40.0,40.0,0.0,0.0,0.0,0.0,0.0,0.0,40.0,40.0,40.0,40.0,0.0,0.0,0.0,0.0,0.0,0.0,0.0,0.0,0.0,0.0,0.0,0.0,0.0,0.0,0.0,0.0,0.0,1.0,0.0,40.0,0.0,0.0,0.0,0.0,0.0,0.0,0.0,0.0,0.0,0.0,0.0,0.0,0.0,0.0,0.0,0.0,0.0,0,0,0,NMAP_UDP_SCAN
T0611,64180,631,udp,-,0.0,1,0,0,0,0.0,0.0,0.0,0.0,8,8,8,0,0,0,0,0,0,0,0,0,0,0,0,0,0.0,0.0,0.0,0.0,0.0,0.0,0.0,0.0,0.0,0.0,0.0,0.0,0.0,0.0,0.0,0.0,0.0,0.0,0.0,0.0,0.0,0.0,0.0,0.0,0.0,0.0,0.0,0.0,0.0,0.0,0.0,1.0,0.0,0.0,0.0,0.0,0.0,0.0,0.0,0.0,0.0,0.0,0.0,0.0,0.0,0.0,0.0,0.0,0.0,0.0,0.0,0,0,0,NMAP_UDP_SCAN
T0612,59247,49158,tcp,-,1e-05,1,1,0,0,99864.380952,99864.380952,199728.761905,1.0,20,20,20,20,20,20,1,0,1,1,0,1,1,0,0,0,0.0,0.0,0.0,0.0,0.0,0.0,0.0,0.0,0.0,0.0,0.0,0.0,0.0,0.0,0.0,0.0,0.0,0.0,0.0,0.0,0.0,0.0,0.0,0.0,0.0,10.01358,10.01358,10.01358,10.01358,0.0,0.0,1.0,1.0,0.0,0.0,0.0,0.0,0.0,0.0,0.0,0.0,10.01358,10.01358,10.01358,10.01358,0.0,0.0,0.0,0.0,0.0,0.0,1024,0,1024,NMAP_XMAS_TREE_SCAN
T0613,45052,443,tcp,ssl,0.424939,13,14,5,5,30.592615,32.945893,63.53850799999999,1.076923,280,20,40,292,20,32,2,2,0,5,3,26,0,0,0,0,0.0,517.0,1309.0,100.692308,192.009715,0.0,1364.0,3450.0,246.428571,493.49300000000005,0.0,1364.0,4759.0,176.259259,379.855194,7.867813000000001,254508.972168,424945.116043,35412.093004,71332.422154,3.814697,244500.160217,380719.184875,29286.091144,67173.15431499999,0.953674,240142.10701,424945.116043,16344.042925,47538.756663,11199.250381,13.0,14.0,1309.0,3450.0,0.0,0.0,0.0,0.0,0.0,0.0,424945.116043,424945.116043,424945.116043,424945.116043,0.0,0.0,0.0,0.0,0.0,0.0,64240,65535,501,ARP_poisioning
T0614,34485,1883,tcp,mqtt,13.045768,10,6,3,4,0.766532,0.459919,1.226451,0.6,328,32,40,200,32,40,0,2,1,3,4,15,0,0,0,0,0.0,33.0,78.0,7.8,12.934021,0.0,23.0,36.0,6.0,8.602325,0.0,33.0,114.0,7.125,11.218289,254.154205,10738333.940506,13045768.022537,1449529.780282,3502608.0322330007,83.92334,1476908.922195,2030745.0294490005,406149.00589,614147.625412,83.92334,10738333.940506,13045768.022537,869717.868169,2747801.1023810003,8.738466,3.333333,2.0,26.0,12.0,0.0,0.0,0.0,0.0,0.0,0.0,2307434.082031,2307434.082031,2307434.082031,2307434.082031,0.0,10738333.940506,10738333.940506,10738333.940506,10738333.940506,0.0,64240,26847,502,MQTT_Publish
T0615,60685,443,tcp,ssl,0.754499,10,11,5,4,13.253829,14.579212,27.833040000000004,1.1,204,20,24,224,20,24,2,2,2,5,4,20,0,0,0,0,0.0,357.0,808.0,80.8,120.888194,0.0,405.0,717.0,65.181818,123.869139,0.0,405.0,1525.0,72.61904799999998,119.632553,253.200531,211383.81958,811189.1746520002,90132.130517,62653.432455,46.014786,208230.018616,712783.813477,71278.381348,68426.727033,46.014786,167243.003845,811189.1746520002,40559.458733,38271.70176,2021.208887,10.0,11.0,808.0,717.0,0.0,0.0,0.0,0.0,0.0,0.0,811189.1746520002,811189.1746520002,811189.1746520002,811189.1746520002,0.0,0.0,0.0,0.0,0.0,0.0,4380,65535,4380,Wipro_bulb
T0616,34428,80,tcp,http,0.796071,7,5,2,1,8.793185000000001,6.280846,15.074031,0.714286,232,32,40,168,32,40,2,2,0,2,1,11,0,0,0,0,0.0,169.0,215.0,30.714286,63.34223000000001,0.0,539.0,539.0,107.8,241.048128,0.0,539.0,754.0,62.833333,157.77477199999998,91.075897,286160.9459,797824.1444,132970.6907,145836.519,78.91655,255934.0,539862.8712,134965.7178,140047.6464,78.91655,256208.1814,797824.1444,72529.46767,116116.7215,947.151636,7.0,5.0,215.0,539.0,0.0,0.0,0.0,0.0,0.0,0.0,797824.1444,797824.1444,797824.1444,797824.1444,0.0,0.0,0.0,0.0,0.0,0.0,64240,26847,501,Thing_Speak
T0617,42518,443,udp,-,51.527887,490,355,490,355,9.509414,6.889473,16.398887,0.72449,3920,8,8,2840,8,8,0,0,0,0,0,0,0,0,0,0,29.0,1357.0,416542.0,850.085714,607.560785,28.0,1357.0,66525.0,187.394366,361.699382,28.0,1357.0,483067.0,571.676923,613.07026,11.920929,17744648.933411,51484552.86026,105285.384172,888452.6749870001,0.953674,17733438.968658,51458719.968796,145363.615731,1040155.64276,0.953674,17695710.897446,51527886.867523,61051.998658,674064.705985,9374.865328,61.25,44.375,52067.75,8315.625,13425.185185,2753.692308,10.592593,5.615385,838132.913658,49245.124311,3862630.844116001,15657608.032226998,26715241.909027,8905080.636342,6080595.840451,7116934.06105,17695710.897446,24812644.958496,12406322.479248,7480324.837674,0,0,0,ARP_poisioning
T0618,49572,80,tcp,http,21.220119,5,4,3,0,0.235625,0.1885,0.424126,0.8,168,32,40,136,32,40,0,2,0,3,0,8,0,0,0,0,0.0,168.0,199.0,39.8,72.154002,0.0,0.0,0.0,0.0,0.0,0.0,168.0,199.0,22.111111,55.164401,10.01358,21215966.939926,21220112.085342,5305028.021336,10607292.65749,1911.16333,21215939.998627,21220072.031021,7073357.343674,12247835.855289,6.914139,21215933.084488,21220118.999481,2652514.874935,7500753.710905001,9.377892999999998,2.5,2.0,99.5,0.0,0.0,0.0,0.0,0.0,0.0,0.0,6.914139,4179.000854,4185.914993,2092.957497,2950.110808,21215933.084488,21215933.084488,21215933.084488,21215933.084488,0.0,64240,65160,502,DDOS_Slowloris
T0619,41199,1883,tcp,mqtt,62.10631,10,6,3,4,0.161014,0.096609,0.257623,0.6,328,32,40,200,32,40,0,2,1,3,4,15,0,0,0,0,0.0,33.0,78.0,7.8,12.934021,0.0,23.0,36.0,6.0,8.602325,0.0,33.0,114.0,7.125,11.218289,252.962112,59810739.040375,62106310.12916601,6900701.125463001,19845164.503947,690.937042,1535032.03392,2043421.030045,408684.206009,641508.825774,252.962112,59810739.040375,62106310.12916601,4140420.675278,15404247.228918,1.835562,3.333333,2.0,26.0,12.0,0.0,0.0,0.0,0.0,0.0,0.0,2295571.088791,2295571.088791,2295571.088791,2295571.088791,0.0,59810739.040375,59810739.040375,59810739.040375,59810739.040375,0.0,64240,26847,502,MQTT_Publish
T0620,51036,52822,tcp,-,1e-06,1,1,0,0,1048576.0,1048576.0,2097152.0,1.0,20,20,20,20,20,20,0,0,1,0,0,1,0,0,0,0,0.0,0.0,0.0,0.0,0.0,0.0,0.0,0.0,0.0,0.0,0.0,0.0,0.0,0.0,0.0,0.0,0.0,0.0,0.0,0.0,0.0,0.0,0.0,0.0,0.0,0.953674,0.953674,0.953674,0.953674,0.0,0.0,1.0,1.0,0.0,0.0,0.0,0.0,0.0,0.0,0.0,0.0,0.953674,0.953674,0.953674,0.953674,0.0,0.0,0.0,0.0,0.0,0.0,1024,0,1024,NMAP_OS_DETECTION
T0621,59247,31337,tcp,-,7.000000000000001e-06,1,1,0,0,144631.172414,144631.172414,289262.344828,1.0,20,20,20,20,20,20,1,0,1,1,0,1,1,0,0,0,0.0,0.0,0.0,0.0,0.0,0.0,0.0,0.0,0.0,0.0,0.0,0.0,0.0,0.0,0.0,0.0,0.0,0.0,0.0,0.0,0.0,0.0,0.0,0.0,0.0,6.914139,6.914139,6.914139,6.914139,0.0,0.0,1.0,1.0,0.0,0.0,0.0,0.0,0.0,0.0,0.0,0.0,6.914139,6.914139,6.914139,6.914139,0.0,0.0,0.0,0.0,0.0,0.0,1024,0,1024,NMAP_XMAS_TREE_SCAN
T0622,36568,49176,tcp,-,4e-06,1,1,0,0,246723.764706,246723.764706,493447.529412,1.0,40,40,40,20,20,20,0,1,1,0,0,1,0,0,0,0,0.0,0.0,0.0,0.0,0.0,0.0,0.0,0.0,0.0,0.0,0.0,0.0,0.0,0.0,0.0,0.0,0.0,0.0,0.0,0.0,0.0,0.0,0.0,0.0,0.0,4.053116,4.053116,4.053116,4.053116,0.0,0.0,1.0,1.0,0.0,0.0,0.0,0.0,0.0,0.0,0.0,0.0,4.053116,4.053116,4.053116,4.053116,0.0,0.0,0.0,0.0,0.0,0.0,64240,0,64240,NMAP_TCP_scan
T0623,46167,1883,tcp,mqtt,32.075269,9,5,3,3,0.28059,0.155883,0.436473,0.555556,296,32,40,168,32,40,0,2,1,3,3,13,0,0,0,0,0.0,33.0,76.0,8.444444,13.115935999999998,0.0,23.0,32.0,6.4,9.555103,0.0,33.0,108.0,7.714286,11.618477,257.96890299999995,29780660.152435,32075268.983841,4009408.622980001,10421150.584746,7334.947586,1547247.171402,2046276.092529,511569.023132,699550.546104,257.96890299999995,29780660.152435,32075268.983841,2467328.383372,8214121.134078999,3.36708,3.0,1.666667,25.333333,10.666667,0.0,0.0,0.0,0.0,0.0,0.0,2294608.831406,2294608.831406,2294608.831406,2294608.831406,0.0,29780660.152435,29780660.152435,29780660.152435,29780660.152435,0.0,64240,26847,502,MQTT_Publish
T0624,51036,1090,tcp,-,6e-06,1,1,0,0,167772.16,167772.16,335544.32,1.0,20,20,20,20,20,20,0,0,1,0,0,1,0,0,0,0,0.0,0.0,0.0,0.0,0.0,0.0,0.0,0.0,0.0,0.0,0.0,0.0,0.0,0.0,0.0,0.0,0.0,0.0,0.0,0.0,0.0,0.0,0.0,0.0,0.0,5.960464,5.960464,5.960464,5.960464,0.0,0.0,1.0,1.0,0.0,0.0,0.0,0.0,0.0,0.0,0.0,0.0,5.960464,5.960464,5.960464,5.960464,0.0,0.0,0.0,0.0,0.0,0.0,1024,0,1024,NMAP_OS_DETECTION
T0625,34312,53,udp,dns,0.0558279999999999,2,2,2,2,35.824257,35.824257,71.648514,1.0,16,8,8,16,8,8,0,0,0,0,0,0,0,0,0,0,32.0,32.0,64.0,32.0,0.0,32.0,64.0,96.0,48.0,22.627417,32.0,64.0,160.0,40.0,16.0,230.073929,230.073929,230.073929,230.073929,0.0,54569.005970000006,54569.005970000006,54569.005970000006,54569.005970000006,0.0,230.073929,54569.005970000006,55828.09447999999,18609.36483,31144.52471,2865.940553,2.0,2.0,64.0,96.0,0.0,0.0,0.0,0.0,0.0,0.0,55828.09447999999,55828.09447999999,55828.09447999999,55828.09447999999,0.0,0.0,0.0,0.0,0.0,0.0,0,0,0,Thing_Speak
T0626,30161,53,udp,dns,0.002456,1,1,1,1,407.134925,407.134925,814.269851,1.0,8,8,8,8,8,8,0,0,0,0,0,0,0,0,0,0,31.0,31.0,31.0,31.0,0.0,156.0,156.0,156.0,156.0,0.0,31.0,156.0,187.0,93.5,88.388348,0.0,0.0,0.0,0.0,0.0,0.0,0.0,0.0,0.0,0.0,2456.188202,2456.188202,2456.188202,2456.188202,0.0,76134.231023,1.0,1.0,31.0,156.0,0.0,0.0,0.0,0.0,0.0,0.0,2456.188202,2456.188202,2456.188202,2456.188202,0.0,0.0,0.0,0.0,0.0,0.0,0,0,0,Wipro_bulb
T0627,59247,1025,tcp,-,2.2e-05,1,1,0,0,45100.043011,45100.043011,90200.086022,1.0,20,20,20,20,20,20,1,0,1,1,0,1,1,0,0,0,0.0,0.0,0.0,0.0,0.0,0.0,0.0,0.0,0.0,0.0,0.0,0.0,0.0,0.0,0.0,0.0,0.0,0.0,0.0,0.0,0.0,0.0,0.0,0.0,0.0,22.172928,22.172928,22.172928,22.172928,0.0,0.0,1.0,1.0,0.0,0.0,0.0,0.0,0.0,0.0,0.0,0.0,22.172928,22.172928,22.172928,22.172928,0.0,0.0,0.0,0.0,0.0,0.0,1024,0,1024,NMAP_XMAS_TREE_SCAN
T0628,59247,10009,tcp,-,6e-06,1,1,0,0,167772.16,167772.16,335544.32,1.0,20,20,20,20,20,20,1,0,1,1,0,1,1,0,0,0,0.0,0.0,0.0,0.0,0.0,0.0,0.0,0.0,0.0,0.0,0.0,0.0,0.0,0.0,0.0,0.0,0.0,0.0,0.0,0.0,0.0,0.0,0.0,0.0,0.0,5.960464,5.960464,5.960464,5.960464,0.0,0.0,1.0,1.0,0.0,0.0,0.0,0.0,0.0,0.0,0.0,0.0,5.960464,5.960464,5.960464,5.960464,0.0,0.0,0.0,0.0,0.0,0.0,1024,0,1024,NMAP_XMAS_TREE_SCAN
T0629,41682,21,tcp,-,3e-06,1,1,1,0,322638.769231,322638.769231,645277.538462,1.0,20,20,20,20,20,20,0,1,1,0,0,1,0,0,0,0,120.0,120.0,120.0,120.0,0.0,0.0,0.0,0.0,0.0,0.0,0.0,120.0,120.0,60.0,84.852814,0.0,0.0,0.0,0.0,0.0,0.0,0.0,0.0,0.0,0.0,3.099442,3.099442,3.099442,3.099442,0.0,38716652.307692,1.0,1.0,120.0,0.0,0.0,0.0,0.0,0.0,0.0,0.0,3.099442,3.099442,3.099442,3.099442,0.0,0.0,0.0,0.0,0.0,0.0,64,0,64,DOS_SYN_Hping
T0630,1506,21,tcp,-,1e-06,1,1,1,0,1048576.0,1048576.0,2097152.0,1.0,20,20,20,20,20,20,0,1,1,0,0,1,0,0,0,0,120.0,120.0,120.0,120.0,0.0,0.0,0.0,0.0,0.0,0.0,0.0,120.0,120.0,60.0,84.852814,0.0,0.0,0.0,0.0,0.0,0.0,0.0,0.0,0.0,0.0,0.953674,0.953674,0.953674,0.953674,0.0,125829120.0,1.0,1.0,120.0,0.0,0.0,0.0,0.0,0.0,0.0,0.0,0.953674,0.953674,0.953674,0.953674,0.0,0.0,0.0,0.0,0.0,0.0,64,0,64,DOS_SYN_Hping
T0631,47428,443,tcp,ssl,0.823348,13,11,4,8,15.789192000000002,13.360085,29.149277,0.8461540000000001,424,32,40,344,20,36,2,2,1,4,5,22,0,0,0,0,0.0,517.0,808.0,62.153846,146.916556,0.0,1408.0,6422.0,583.818182,659.769781,0.0,1408.0,7230.0,301.25,520.594915,24.080276,266371.965408,823348.045349,68612.337112,118039.242703,2.145767,290243.86405900004,827177.047729,82717.704773,132874.425977,2.145767,264926.9104,1087958.097458,47302.525976,101522.308754,8781.219608,13.0,11.0,808.0,6422.0,0.0,6212.0,0.0,5.0,0.0,3151689.421556,1087958.097458,1087958.097458,1087958.097458,1087958.097458,0.0,0.0,0.0,0.0,0.0,0.0,64240,28960,63360,ARP_poisioning
T0632,64177,22123,udp,-,0.0,1,0,0,0,0.0,0.0,0.0,0.0,8,8,8,0,0,0,0,0,0,0,0,0,0,0,0,0,0.0,0.0,0.0,0.0,0.0,0.0,0.0,0.0,0.0,0.0,0.0,0.0,0.0,0.0,0.0,0.0,0.0,0.0,0.0,0.0,0.0,0.0,0.0,0.0,0.0,0.0,0.0,0.0,0.0,0.0,0.0,1.0,0.0,0.0,0.0,0.0,0.0,0.0,0.0,0.0,0.0,0.0,0.0,0.0,0.0,0.0,0.0,0.0,0.0,0.0,0.0,0,0,0,NMAP_UDP_SCAN
T0633,17817,21,tcp,-,4e-06,1,1,1,0,246723.764706,246723.764706,493447.529412,1.0,20,20,20,20,20,20,0,1,1,0,0,1,0,0,0,0,120.0,120.0,120.0,120.0,0.0,0.0,0.0,0.0,0.0,0.0,0.0,120.0,120.0,60.0,84.852814,0.0,0.0,0.0,0.0,0.0,0.0,0.0,0.0,0.0,0.0,4.053116,4.053116,4.053116,4.053116,0.0,29606851.764706,1.0,1.0,120.0,0.0,0.0,0.0,0.0,0.0,0.0,0.0,4.053116,4.053116,4.053116,4.053116,0.0,0.0,0.0,0.0,0.0,0.0,64,0,64,DOS_SYN_Hping
T0634,59247,17988,tcp,-,2e-06,1,1,0,0,466033.777778,466033.777778,932067.555556,1.0,20,20,20,20,20,20,1,0,1,1,0,1,1,0,0,0,0.0,0.0,0.0,0.0,0.0,0.0,0.0,0.0,0.0,0.0,0.0,0.0,0.0,0.0,0.0,0.0,0.0,0.0,0.0,0.0,0.0,0.0,0.0,0.0,0.0,2.145767,2.145767,2.145767,2.145767,0.0,0.0,1.0,1.0,0.0,0.0,0.0,0.0,0.0,0.0,0.0,0.0,2.145767,2.145767,2.145767,2.145767,0.0,0.0,0.0,0.0,0.0,0.0,1024,0,1024,NMAP_XMAS_TREE_SCAN
T0635,59247,32776,tcp,-,3e-06,1,1,0,0,322638.769231,322638.769231,645277.538462,1.0,20,20,20,20,20,20,1,0,1,1,0,1,1,0,0,0,0.0,0.0,0.0,0.0,0.0,0.0,0.0,0.0,0.0,0.0,0.0,0.0,0.0,0.0,0.0,0.0,0.0,0.0,0.0,0.0,0.0,0.0,0.0,0.0,0.0,3.099442,3.099442,3.099442,3.099442,0.0,0.0,1.0,1.0,0.0,0.0,0.0,0.0,0.0,0.0,0.0,0.0,3.099442,3.099442,3.099442,3.099442,0.0,0.0,0.0,0.0,0.0,0.0,1024,0,1024,NMAP_XMAS_TREE_SCAN
T0636,55024,80,tcp,http,30.862407,8,12,4,5,0.259215,0.388823,0.648038,1.5,276,32,44,380,20,40,6,2,1,4,5,18,0,0,0,0,0.0,168.0,210.0,26.25,57.75997099999999,0.0,482.0,2410.0,200.833333,248.19561,0.0,482.0,2620.0,131.0,211.170423,15.020370000000002,15157100.200653,30862401.96228,4408914.56604,6426511.644679,105.142593,11778985.023499,30862360.00061,2805669.090965,4273737.186185,5.0067900000000005,11778980.016708,30862406.96907,1624337.208898,3275847.3738450003,84.892925,1.333333,2.0,35.0,401.666667,0.0,0.0,0.0,0.0,0.0,0.0,5.0067900000000005,10456772.089005,10459291.934967,3486430.644989,6036492.89401,8624135.017394999,11778980.016708,20403115.034103,10201557.517052,2230812.292607,64240,65160,501,DDOS_Slowloris
T0637,55078,80,tcp,http,30.78798,7,13,4,6,0.227361,0.422243,0.649604,1.857143,232,32,40,412,20,40,7,2,1,4,6,18,0,0,0,0,0.0,168.0,210.0,30.0,61.326992,0.0,482.0,2892.0,222.461538,250.097519,0.0,482.0,3102.0,155.1,222.62664,10.01358,15374278.068542002,30787958.145142,5131326.357524,6770305.455457,145.91217,11708650.112152,30787964.105606,2565663.675467,3853365.307856,4.053116,11708646.059036,30787980.079651,1620420.004192,3266693.008985,100.753606,1.166667,2.166667,35.0,482.0,0.0,0.0,0.0,0.0,0.0,0.0,4.053116,10381598.949432,10384387.969971,3461462.656657,5993013.988496,8694946.050644001,11708646.059036,20403592.10968,10201796.054839998,2131007.712396,64240,65160,501,DDOS_Slowloris
T0638,59990,53,udp,dns,0.003388,2,2,2,2,590.289776,590.289776,1180.579551,1.0,16,8,8,16,8,8,0,0,0,0,0,0,0,0,0,0,58.0,58.0,116.0,58.0,0.0,58.0,90.0,148.0,74.0,22.627417,58.0,90.0,264.0,66.0,16.0,30.994415000000004,30.994415000000004,30.994415000000004,30.994415000000004,0.0,2570.152283,2570.152283,2570.152283,2570.152283,0.0,30.994415000000004,2570.152283,3388.166428,1129.388809,1303.741964,77918.250369,2.0,2.0,116.0,148.0,0.0,0.0,0.0,0.0,0.0,0.0,3388.166428,3388.166428,3388.166428,3388.166428,0.0,0.0,0.0,0.0,0.0,0.0,0,0,0,ARP_poisioning
T0639,51036,901,tcp,-,5e-06,1,1,0,0,199728.761905,199728.761905,399457.52381,1.0,20,20,20,20,20,20,0,0,1,0,0,1,0,0,0,0,0.0,0.0,0.0,0.0,0.0,0.0,0.0,0.0,0.0,0.0,0.0,0.0,0.0,0.0,0.0,0.0,0.0,0.0,0.0,0.0,0.0,0.0,0.0,0.0,0.0,5.0067900000000005,5.0067900000000005,5.0067900000000005,5.0067900000000005,0.0,0.0,1.0,1.0,0.0,0.0,0.0,0.0,0.0,0.0,0.0,0.0,5.0067900000000005,5.0067900000000005,5.0067900000000005,5.0067900000000005,0.0,0.0,0.0,0.0,0.0,0.0,1024,0,1024,NMAP_OS_DETECTION
T0640,33022,53,udp,dns,0.000547,2,2,2,2,3656.760244,3656.760244,7313.520487999999,1.0,16,8,8,16,8,8,0,0,0,0,0,0,0,0,0,0,41.0,41.0,82.0,41.0,0.0,96.0,288.0,384.0,192.0,135.764502,41.0,288.0,466.0,116.5,117.236229,15.020370000000002,15.020370000000002,15.020370000000002,15.020370000000002,0.0,159.025192,159.025192,159.025192,159.025192,0.0,15.020370000000002,372.886658,546.93222,182.31074,180.065911,852025.136879,2.0,2.0,82.0,384.0,0.0,0.0,0.0,0.0,0.0,0.0,546.93222,546.93222,546.93222,546.93222,0.0,0.0,0.0,0.0,0.0,0.0,0,0,0,ARP_poisioning
T0641,60777,1883,tcp,mqtt,20.009371,10,6,3,4,0.499766,0.29986,0.799625,0.6,328,32,40,200,32,40,0,2,1,3,4,15,0,0,0,0,0.0,33.0,78.0,7.8,12.934021,0.0,23.0,36.0,6.0,8.602325,0.0,33.0,114.0,7.125,11.218289,276.088715,17746683.120728,20009371.042252,2223263.449139,5832373.889558001,1062.15477,1445559.978485,1991813.182831,398362.636566,600795.6465810001,166.89300500000004,17746683.120728,20009371.042252,1333958.069483,4550692.128468,5.697331,3.333333,2.0,26.0,12.0,0.0,0.0,0.0,0.0,0.0,0.0,2262687.9215240004,2262687.9215240004,2262687.9215240004,2262687.9215240004,0.0,17746683.120728,17746683.120728,17746683.120728,17746683.120728,0.0,64240,26847,502,MQTT_Publish
T0642,52208,443,tcp,ssl,53.600579,11,14,5,7,0.205222,0.261191,0.466413,1.272727,224,20,24,284,20,24,1,2,2,5,7,24,0,0,0,0,0.0,213.0,520.0,47.272727,67.032963,0.0,293.0,1488.0,106.28571399999998,130.861306,0.0,293.0,2008.0,80.32,109.735941,12435.913086,36431433.916092,53613014.936447,5361301.493644998,11766984.440652,138.998032,37567698.955536,53546950.81710801,4118996.216701,10271284.805582,138.998032,36401723.861694,53613014.936447,2233875.622352,7464041.789964,37.462282,1.833333,2.333333,86.666667,248.0,0.0,0.0,0.0,0.0,0.0,0.0,42145.967484,8579159.021378,9787280.082703,3262426.694234,4638585.986611,7424010.99205,36401723.861694,43825734.853745,21912867.426872,20490337.273402,4380,26883,4380,Wipro_bulb
T0643,43362,80,tcp,http,0.891616,7,5,2,1,7.850911999999999,5.607794999999999,13.458707,0.714286,232,32,40,168,32,40,2,2,0,2,1,11,0,0,0,0,0.0,169.0,201.0,28.714286,62.999244,0.0,539.0,539.0,107.8,241.048128,0.0,539.0,740.0,61.666667,157.962213,92.029572,325897.9321,893658.8764,148943.1461,163621.5543,93.93692,285711.05,610136.0321,152534.008,153831.3885,92.029572,281512.022,893658.8764,81241.71604,129064.976,829.953603,7.0,5.0,201.0,539.0,0.0,0.0,0.0,0.0,0.0,0.0,893658.8764,893658.8764,893658.8764,893658.8764,0.0,0.0,0.0,0.0,0.0,0.0,64240,26847,501,Thing_Speak
T0644,50806,1658,tcp,-,1e-06,1,1,0,0,1048576.0,1048576.0,2097152.0,1.0,40,40,40,20,20,20,0,1,1,0,0,1,0,0,0,0,0.0,0.0,0.0,0.0,0.0,0.0,0.0,0.0,0.0,0.0,0.0,0.0,0.0,0.0,0.0,0.0,0.0,0.0,0.0,0.0,0.0,0.0,0.0,0.0,0.0,0.953674,0.953674,0.953674,0.953674,0.0,0.0,1.0,1.0,0.0,0.0,0.0,0.0,0.0,0.0,0.0,0.0,0.953674,0.953674,0.953674,0.953674,0.0,0.0,0.0,0.0,0.0,0.0,64240,0,64240,NMAP_TCP_scan
T0645,61603,6667,udp,-,20.012973,5,0,5,0,0.249838,0.0,0.249838,0.0,40,8,8,0,0,0,0,0,0,0,0,0,0,0,0,0,172.0,172.0,860.0,172.0,0.0,0.0,0.0,0.0,0.0,0.0,172.0,172.0,860.0,172.0,0.0,4532307.14798,5347475.05188,20012973.070145,5003243.267536,344526.11356100003,0.0,0.0,0.0,0.0,0.0,4532307.14798,5347475.05188,20012973.070145,5003243.267536,344526.11356100003,42.972126,1.0,0.0,172.0,0.0,0.0,0.0,0.0,0.0,0.0,0.0,4532307.14798,4532307.14798,4532307.14798,4532307.14798,0.0,5004179.954529,5347475.05188,15480665.922165,5160221.9740550015,173762.707698,0,0,0,Wipro_bulb
T0646,15733,21,tcp,-,4e-06,1,1,1,0,246723.764706,246723.764706,493447.529412,1.0,20,20,20,20,20,20,0,1,1,0,0,1,0,0,0,0,120.0,120.0,120.0,120.0,0.0,0.0,0.0,0.0,0.0,0.0,0.0,120.0,120.0,60.0,84.852814,0.0,0.0,0.0,0.0,0.0,0.0,0.0,0.0,0.0,0.0,4.053116,4.053116,4.053116,4.053116,0.0,29606851.764706,1.0,1.0,120.0,0.0,0.0,0.0,0.0,0.0,0.0,0.0,4.053116,4.053116,4.053116,4.053116,0.0,0.0,0.0,0.0,0.0,0.0,64,0,64,DOS_SYN_Hping
T0647,49391,1883,tcp,mqtt,33.019299,10,6,3,4,0.302853,0.181712,0.484565,0.6,328,32,40,200,32,40,0,2,1,3,4,15,0,0,0,0,0.0,33.0,76.0,7.6,12.650867,0.0,21.0,34.0,5.666667,7.814516,0.0,33.0,110.0,6.875,10.831282,247.001648,30774996.042252,33019299.030304,3668811.003367,10171491.942597,69.141388,1463054.895401,1984335.184097,396867.036819,609910.979003,69.141388,30774996.042252,33019299.030304,2201286.60202,7910782.632584,3.331385,3.333333,2.0,25.333333,11.333333,0.0,0.0,0.0,0.0,0.0,0.0,2244302.988052,2244302.988052,2244302.988052,2244302.988052,0.0,30774996.042252,30774996.042252,30774996.042252,30774996.042252,0.0,64240,26847,502,MQTT_Publish
T0648,60126,9080,tcp,-,1e-05,1,1,0,0,99864.380952,99864.380952,199728.761905,1.0,40,40,40,20,20,20,0,1,1,0,0,1,0,0,0,0,0.0,0.0,0.0,0.0,0.0,0.0,0.0,0.0,0.0,0.0,0.0,0.0,0.0,0.0,0.0,0.0,0.0,0.0,0.0,0.0,0.0,0.0,0.0,0.0,0.0,10.01358,10.01358,10.01358,10.01358,0.0,0.0,1.0,1.0,0.0,0.0,0.0,0.0,0.0,0.0,0.0,0.0,10.01358,10.01358,10.01358,10.01358,0.0,0.0,0.0,0.0,0.0,0.0,64240,0,64240,NMAP_TCP_scan
T0649,51386,80,tcp,http,0.000517,8,0,2,0,15477.136531,0.0,15477.136531,0.0,260,20,40,0,0,0,1,2,1,2,0,6,0,0,0,0,0.0,126.0,212.0,26.5,50.219518,0.0,0.0,0.0,0.0,0.0,0.0,126.0,212.0,26.5,50.219518,19.073486,313.997269,516.891479,73.84164,107.773612,0.0,0.0,0.0,0.0,0.0,19.073486,313.997269,516.891479,73.84164,107.773612,410144.118081,8.0,0.0,212.0,0.0,0.0,0.0,0.0,0.0,0.0,0.0,516.891479,516.891479,516.891479,516.891479,0.0,0.0,0.0,0.0,0.0,0.0,65476,0,0,DDOS_Slowloris
T0650,55164,80,tcp,http,30.688856,7,11,4,4,0.228096,0.358436,0.5865319999999999,1.5714290000000002,232,32,40,348,20,40,5,2,1,4,4,16,0,0,0,0,0.0,168.0,208.0,29.714286,61.434828,0.0,482.0,1928.0,175.272727,243.18104,0.0,482.0,2136.0,118.666667,203.592731,7.867813000000001,15288755.178451998,30688851.118088,5114808.519681,6721440.152163,126.838684,13721333.026886,30688825.130463,3068882.513046,5212266.667691001,2.145767,13721333.026886,30688856.124878004,1805226.830875,4205340.744341,69.601812,1.75,2.75,52.0,482.0,0.0,0.0,0.0,0.0,0.0,0.0,2.145767,5351475.954055999,5357578.277588,1785859.425863,3087915.9988720003,11609944.820404,13721333.026886,25331277.84729,12665638.923645,1492976.9185209998,64240,65160,501,DDOS_Slowloris
T0651,5353,64182,udp,-,0.0,1,0,1,0,0.0,0.0,0.0,0.0,8,8,8,0,0,0,0,0,0,0,0,0,0,0,0,0,30.0,30.0,30.0,30.0,0.0,0.0,0.0,0.0,0.0,0.0,30.0,30.0,30.0,30.0,0.0,0.0,0.0,0.0,0.0,0.0,0.0,0.0,0.0,0.0,0.0,0.0,0.0,0.0,0.0,0.0,0.0,1.0,0.0,30.0,0.0,0.0,0.0,0.0,0.0,0.0,0.0,0.0,0.0,0.0,0.0,0.0,0.0,0.0,0.0,0.0,0.0,0,0,0,NMAP_UDP_SCAN
T0652,32988,5353,udp,dns,0.0,1,0,1,0,0.0,0.0,0.0,0.0,8,8,8,0,0,0,0,0,0,0,0,0,0,0,0,0,40.0,40.0,40.0,40.0,0.0,0.0,0.0,0.0,0.0,0.0,40.0,40.0,40.0,40.0,0.0,0.0,0.0,0.0,0.0,0.0,0.0,0.0,0.0,0.0,0.0,0.0,0.0,0.0,0.0,0.0,0.0,1.0,0.0,40.0,0.0,0.0,0.0,0.0,0.0,0.0,0.0,0.0,0.0,0.0,0.0,0.0,0.0,0.0,0.0,0.0,0.0,0,0,0,ARP_poisioning
T0653,47168,1165,tcp,-,6e-06,1,1,0,0,167772.16,167772.16,335544.32,1.0,40,40,40,20,20,20,0,1,1,0,0,1,0,0,0,0,0.0,0.0,0.0,0.0,0.0,0.0,0.0,0.0,0.0,0.0,0.0,0.0,0.0,0.0,0.0,0.0,0.0,0.0,0.0,0.0,0.0,0.0,0.0,0.0,0.0,5.960464,5.960464,5.960464,5.960464,0.0,0.0,1.0,1.0,0.0,0.0,0.0,0.0,0.0,0.0,0.0,0.0,5.960464,5.960464,5.960464,5.960464,0.0,0.0,0.0,0.0,0.0,0.0,64240,0,64240,NMAP_TCP_scan
T0654,43913,5353,udp,dns,0.0,1,0,1,0,0.0,0.0,0.0,0.0,8,8,8,0,0,0,0,0,0,0,0,0,0,0,0,0,43.0,43.0,43.0,43.0,0.0,0.0,0.0,0.0,0.0,0.0,43.0,43.0,43.0,43.0,0.0,0.0,0.0,0.0,0.0,0.0,0.0,0.0,0.0,0.0,0.0,0.0,0.0,0.0,0.0,0.0,0.0,1.0,0.0,43.0,0.0,0.0,0.0,0.0,0.0,0.0,0.0,0.0,0.0,0.0,0.0,0.0,0.0,0.0,0.0,0.0,0.0,0,0,0,ARP_poisioning
T0655,50084,27444,udp,-,0.0,1,0,1,0,0.0,0.0,0.0,0.0,8,8,8,0,0,0,0,0,0,0,0,0,0,0,0,0,11.0,11.0,11.0,11.0,0.0,0.0,0.0,0.0,0.0,0.0,11.0,11.0,11.0,11.0,0.0,0.0,0.0,0.0,0.0,0.0,0.0,0.0,0.0,0.0,0.0,0.0,0.0,0.0,0.0,0.0,0.0,1.0,0.0,11.0,0.0,0.0,0.0,0.0,0.0,0.0,0.0,0.0,0.0,0.0,0.0,0.0,0.0,0.0,0.0,0.0,0.0,0,0,0,NMAP_UDP_SCAN
T0656,7283,21,tcp,-,4e-06,1,1,1,0,246723.764706,246723.764706,493447.529412,1.0,20,20,20,20,20,20,0,1,1,0,0,1,0,0,0,0,120.0,120.0,120.0,120.0,0.0,0.0,0.0,0.0,0.0,0.0,0.0,120.0,120.0,60.0,84.852814,0.0,0.0,0.0,0.0,0.0,0.0,0.0,0.0,0.0,0.0,4.053116,4.053116,4.053116,4.053116,0.0,29606851.764706,1.0,1.0,120.0,0.0,0.0,0.0,0.0,0.0,0.0,0.0,4.053116,4.053116,4.053116,4.053116,0.0,0.0,0.0,0.0,0.0,0.0,64,0,64,DOS_SYN_Hping
T0657,59170,443,tcp,ssl,1.5237459999999998,14,12,3,9,9.187883,7.875328,17.063211,0.857143,432,20,40,392,32,40,2,2,2,3,6,23,0,0,0,0,0.0,517.0,840.0,60.0,144.534798,0.0,1352.0,6151.0,512.583333,593.6328,0.0,1352.0,6991.0,268.884615,467.824781,141.143799,295346.9753,1525849.104,117373.008,137268.4088,43.869019,374917.0303,1248622.894,113511.1722,158921.1109,43.869019,293173.0747,1525849.104,61033.96416,112888.9939,4588.034973,14.0,12.0,840.0,6151.0,0.0,4548.0,0.0,5.0,0.0,4812233.752,1525849.104,1525849.104,1525849.104,1525849.104,0.0,0.0,0.0,0.0,0.0,0.0,64240,26847,0,Thing_Speak
T0658,55163,1883,tcp,mqtt,61.97382,10,6,3,4,0.161358,0.096815,0.258174,0.6,328,32,40,200,32,40,0,2,1,3,4,15,0,0,0,0,0.0,33.0,78.0,7.8,12.934021,0.0,23.0,36.0,6.0,8.602325,0.0,33.0,114.0,7.125,11.218289,259.160995,59899137.973785,61973819.971085,6885979.996787,19884811.940917,59.843063,1575322.151184,1907532.930374,381506.586075,672253.9923180001,59.843063,59899137.973785,61973819.971085,4131587.998072,15431745.658115,1.839486,3.333333,2.0,26.0,12.0,0.0,0.0,0.0,0.0,0.0,0.0,2074681.997299,2074681.997299,2074681.997299,2074681.997299,0.0,59899137.973785,59899137.973785,59899137.973785,59899137.973785,0.0,64240,26847,502,MQTT_Publish
T0659,45068,2179,tcp,-,4e-06,1,1,0,0,246723.764706,246723.764706,493447.529412,1.0,40,40,40,20,20,20,0,1,1,0,0,1,0,0,0,0,0.0,0.0,0.0,0.0,0.0,0.0,0.0,0.0,0.0,0.0,0.0,0.0,0.0,0.0,0.0,0.0,0.0,0.0,0.0,0.0,0.0,0.0,0.0,0.0,0.0,4.053116,4.053116,4.053116,4.053116,0.0,0.0,1.0,1.0,0.0,0.0,0.0,0.0,0.0,0.0,0.0,0.0,4.053116,4.053116,4.053116,4.053116,0.0,0.0,0.0,0.0,0.0,0.0,64240,0,64240,NMAP_TCP_scan
T0660,49888,80,tcp,http,0.003191,4,3,2,0,1253.434143,940.075607,2193.50975,0.75,136,32,40,104,32,40,0,2,0,2,0,6,0,0,0,0,0.0,168.0,187.0,46.75,81.328039,0.0,0.0,0.0,0.0,0.0,0.0,168.0,187.0,26.714286,62.70224399999999,10.01358,1652.002335,3171.205521,1057.068507,909.583357,1493.215561,1650.810242,3144.025803,1572.012901,111.436267,10.01358,1604.795456,3191.232681,531.872114,781.325896,58598.046171,4.0,3.0,187.0,0.0,0.0,0.0,0.0,0.0,0.0,0.0,3191.232681,3191.232681,3191.232681,3191.232681,0.0,0.0,0.0,0.0,0.0,0.0,64240,65160,502,DDOS_Slowloris
T0661,54248,5353,udp,dns,0.0,1,0,1,0,0.0,0.0,0.0,0.0,8,8,8,0,0,0,0,0,0,0,0,0,0,0,0,0,50.0,50.0,50.0,50.0,0.0,0.0,0.0,0.0,0.0,0.0,50.0,50.0,50.0,50.0,0.0,0.0,0.0,0.0,0.0,0.0,0.0,0.0,0.0,0.0,0.0,0.0,0.0,0.0,0.0,0.0,0.0,1.0,0.0,50.0,0.0,0.0,0.0,0.0,0.0,0.0,0.0,0.0,0.0,0.0,0.0,0.0,0.0,0.0,0.0,0.0,0.0,0,0,0,ARP_poisioning
T0662,59247,3128,tcp,-,2.6e-05,1,1,0,0,38479.853211,38479.853211,76959.706422,1.0,20,20,20,20,20,20,1,0,1,1,0,1,1,0,0,0,0.0,0.0,0.0,0.0,0.0,0.0,0.0,0.0,0.0,0.0,0.0,0.0,0.0,0.0,0.0,0.0,0.0,0.0,0.0,0.0,0.0,0.0,0.0,0.0,0.0,25.987625,25.987625,25.987625,25.987625,0.0,0.0,1.0,1.0,0.0,0.0,0.0,0.0,0.0,0.0,0.0,0.0,25.987625,25.987625,25.987625,25.987625,0.0,0.0,0.0,0.0,0.0,0.0,1024,0,1024,NMAP_XMAS_TREE_SCAN
T0663,51036,9009,tcp,-,7.000000000000001e-06,1,1,0,0,144631.172414,144631.172414,289262.344828,1.0,20,20,20,20,20,20,0,0,1,0,0,1,0,0,0,0,0.0,0.0,0.0,0.0,0.0,0.0,0.0,0.0,0.0,0.0,0.0,0.0,0.0,0.0,0.0,0.0,0.0,0.0,0.0,0.0,0.0,0.0,0.0,0.0,0.0,6.914139,6.914139,6.914139,6.914139,0.0,0.0,1.0,1.0,0.0,0.0,0.0,0.0,0.0,0.0,0.0,0.0,6.914139,6.914139,6.914139,6.914139,0.0,0.0,0.0,0.0,0.0,0.0,1024,0,1024,NMAP_OS_DETECTION
T0664,39877,1883,tcp,mqtt,62.061217000000006,9,6,3,3,0.145018,0.096679,0.241697,0.666667,296,32,40,200,32,40,0,2,1,3,3,14,0,0,0,0,0.0,33.0,78.0,8.666667,13.407088,0.0,27.0,36.0,6.0,10.526158,0.0,33.0,114.0,7.6,12.004761,253.915787,59811168.909073,62061217.069626,7757652.133703,21036308.918648,1316.070557,1490751.0280610004,1997417.926788,399483.585358,617094.178617,253.915787,59811168.909073,62061217.069626,4432944.076401998,15942241.316726,1.836896,3.0,2.0,26.0,12.0,0.0,0.0,0.0,0.0,0.0,0.0,2250048.160553,2250048.160553,2250048.160553,2250048.160553,0.0,59811168.909073,59811168.909073,59811168.909073,59811168.909073,0.0,64240,26847,502,MQTT_Publish
T0665,55208,80,tcp,http,30.640375,7,11,4,4,0.228457,0.359003,0.58746,1.5714290000000002,232,32,40,348,20,40,5,2,1,4,4,16,0,0,0,0,0.0,168.0,209.0,29.857143,61.37976999999999,0.0,482.0,1928.0,175.272727,243.18104,0.0,482.0,2137.0,118.722222,203.561179,5.960464,15288354.873657,30640364.88533,5106727.480888,6713524.342846,81.06231700000001,13724037.885666,30640364.88533,3064036.488533,5205800.167006,0.953674,13724037.885666,30640374.898911,1802374.994054,4199648.652652,69.744577,1.75,2.75,52.25,482.0,0.0,0.0,0.0,0.0,0.0,0.0,0.953674,5347393.035889,5349856.853484999,1783285.617828,3086607.811312,11566480.15976,13724037.885666,25290518.045425,12645259.022713,1525623.69879,64240,65160,501,DDOS_Slowloris
T0666,49650,21,tcp,-,1e-06,1,1,1,0,838860.8,838860.8,1677721.6,1.0,20,20,20,20,20,20,0,1,1,0,0,1,0,0,0,0,120.0,120.0,120.0,120.0,0.0,0.0,0.0,0.0,0.0,0.0,0.0,120.0,120.0,60.0,84.852814,0.0,0.0,0.0,0.0,0.0,0.0,0.0,0.0,0.0,0.0,1.192093,1.192093,1.192093,1.192093,0.0,100663296.0,1.0,1.0,120.0,0.0,0.0,0.0,0.0,0.0,0.0,0.0,1.192093,1.192093,1.192093,1.192093,0.0,0.0,0.0,0.0,0.0,0.0,64,0,64,DOS_SYN_Hping
T0667,37321,21,tcp,-,5e-06,1,1,1,0,199728.761905,199728.761905,399457.52381,1.0,20,20,20,20,20,20,0,1,1,0,0,1,0,0,0,0,120.0,120.0,120.0,120.0,0.0,0.0,0.0,0.0,0.0,0.0,0.0,120.0,120.0,60.0,84.852814,0.0,0.0,0.0,0.0,0.0,0.0,0.0,0.0,0.0,0.0,5.0067900000000005,5.0067900000000005,5.0067900000000005,5.0067900000000005,0.0,23967451.428571,1.0,1.0,120.0,0.0,0.0,0.0,0.0,0.0,0.0,0.0,5.0067900000000005,5.0067900000000005,5.0067900000000005,5.0067900000000005,0.0,0.0,0.0,0.0,0.0,0.0,64,0,64,DOS_SYN_Hping
T0668,51036,65129,tcp,-,1e-06,1,1,0,0,1048576.0,1048576.0,2097152.0,1.0,20,20,20,20,20,20,0,0,1,0,0,1,0,0,0,0,0.0,0.0,0.0,0.0,0.0,0.0,0.0,0.0,0.0,0.0,0.0,0.0,0.0,0.0,0.0,0.0,0.0,0.0,0.0,0.0,0.0,0.0,0.0,0.0,0.0,0.953674,0.953674,0.953674,0.953674,0.0,0.0,1.0,1.0,0.0,0.0,0.0,0.0,0.0,0.0,0.0,0.0,0.953674,0.953674,0.953674,0.953674,0.0,0.0,0.0,0.0,0.0,0.0,1024,0,1024,NMAP_OS_DETECTION
T0669,52154,443,tcp,ssl,1.003272,11,11,5,4,10.964125,10.964125,21.92825,1.0,224,20,24,224,20,24,2,2,2,5,4,21,0,0,0,0,0.0,373.0,728.0,66.181818,112.053396,0.0,309.0,621.0,56.454545,98.269389,0.0,373.0,1349.0,61.31818199999999,102.96758,262.97569300000004,333360.910416,1013230.085373,101323.008537,93965.361344,57.935715,452154.159546,959753.990173,95975.399017,133466.166734,57.935715,268373.966217,1013230.085373,48249.051684,60154.260518,1344.600391,11.0,11.0,728.0,621.0,0.0,0.0,0.0,0.0,0.0,0.0,1013230.085373,1013230.085373,1013230.085373,1013230.085373,0.0,0.0,0.0,0.0,0.0,0.0,4380,65535,4380,Wipro_bulb
T0670,51036,1067,tcp,-,7.000000000000001e-06,1,1,0,0,144631.172414,144631.172414,289262.344828,1.0,20,20,20,20,20,20,0,0,1,0,0,1,0,0,0,0,0.0,0.0,0.0,0.0,0.0,0.0,0.0,0.0,0.0,0.0,0.0,0.0,0.0,0.0,0.0,0.0,0.0,0.0,0.0,0.0,0.0,0.0,0.0,0.0,0.0,6.914139,6.914139,6.914139,6.914139,0.0,0.0,1.0,1.0,0.0,0.0,0.0,0.0,0.0,0.0,0.0,0.0,6.914139,6.914139,6.914139,6.914139,0.0,0.0,0.0,0.0,0.0,0.0,1024,0,1024,NMAP_OS_DETECTION
T0671,56247,5353,udp,dns,0.0,1,0,1,0,0.0,0.0,0.0,0.0,8,8,8,0,0,0,0,0,0,0,0,0,0,0,0,0,45.0,45.0,45.0,45.0,0.0,0.0,0.0,0.0,0.0,0.0,45.0,45.0,45.0,45.0,0.0,0.0,0.0,0.0,0.0,0.0,0.0,0.0,0.0,0.0,0.0,0.0,0.0,0.0,0.0,0.0,0.0,1.0,0.0,45.0,0.0,0.0,0.0,0.0,0.0,0.0,0.0,0.0,0.0,0.0,0.0,0.0,0.0,0.0,0.0,0.0,0.0,0,0,0,ARP_poisioning
T0672,59247,873,tcp,-,9e-06,1,1,0,0,110376.421053,110376.421053,220752.842105,1.0,20,20,20,20,20,20,1,0,1,1,0,1,1,0,0,0,0.0,0.0,0.0,0.0,0.0,0.0,0.0,0.0,0.0,0.0,0.0,0.0,0.0,0.0,0.0,0.0,0.0,0.0,0.0,0.0,0.0,0.0,0.0,0.0,0.0,9.059906,9.059906,9.059906,9.059906,0.0,0.0,1.0,1.0,0.0,0.0,0.0,0.0,0.0,0.0,0.0,0.0,9.059906,9.059906,9.059906,9.059906,0.0,0.0,0.0,0.0,0.0,0.0,1024,0,1024,NMAP_XMAS_TREE_SCAN
T0673,43142,80,tcp,http,0.8789020000000001,7,5,2,1,7.964483,5.688917,13.6534,0.714286,232,32,40,168,32,40,2,2,0,2,1,11,0,0,0,0,0.0,169.0,203.0,29.0,63.02116,0.0,539.0,539.0,107.8,241.048128,0.0,539.0,742.0,61.833333,157.929117,90.837479,307277.2026,880646.944,146774.4907,160701.3796,73.90975999999999,288944.9596,594862.9379,148715.7345,160689.2228,73.90975999999999,284636.9743,880646.944,80058.8131,131190.0896,844.235233,7.0,5.0,203.0,539.0,0.0,0.0,0.0,0.0,0.0,0.0,880646.944,880646.944,880646.944,880646.944,0.0,0.0,0.0,0.0,0.0,0.0,64240,26847,501,Thing_Speak
T0674,46600,49176,tcp,-,3e-06,1,1,0,0,322638.769231,322638.769231,645277.538462,1.0,20,20,20,20,20,20,0,0,1,0,0,1,0,0,0,0,0.0,0.0,0.0,0.0,0.0,0.0,0.0,0.0,0.0,0.0,0.0,0.0,0.0,0.0,0.0,0.0,0.0,0.0,0.0,0.0,0.0,0.0,0.0,0.0,0.0,3.099442,3.099442,3.099442,3.099442,0.0,0.0,1.0,1.0,0.0,0.0,0.0,0.0,0.0,0.0,0.0,0.0,3.099442,3.099442,3.099442,3.099442,0.0,0.0,0.0,0.0,0.0,0.0,1024,0,1024,NMAP_OS_DETECTION
T0675,51548,8001,tcp,-,1e-06,1,1,0,0,1048576.0,1048576.0,2097152.0,1.0,40,40,40,20,20,20,0,1,1,0,0,1,0,0,0,0,0.0,0.0,0.0,0.0,0.0,0.0,0.0,0.0,0.0,0.0,0.0,0.0,0.0,0.0,0.0,0.0,0.0,0.0,0.0,0.0,0.0,0.0,0.0,0.0,0.0,0.953674,0.953674,0.953674,0.953674,0.0,0.0,1.0,1.0,0.0,0.0,0.0,0.0,0.0,0.0,0.0,0.0,0.953674,0.953674,0.953674,0.953674,0.0,0.0,0.0,0.0,0.0,0.0,64240,0,64240,NMAP_TCP_scan
T0676,36242,9917,tcp,-,6e-06,1,1,0,0,167772.16,167772.16,335544.32,1.0,20,20,20,20,20,20,1,0,1,1,0,1,1,0,0,0,0.0,0.0,0.0,0.0,0.0,0.0,0.0,0.0,0.0,0.0,0.0,0.0,0.0,0.0,0.0,0.0,0.0,0.0,0.0,0.0,0.0,0.0,0.0,0.0,0.0,5.960464,5.960464,5.960464,5.960464,0.0,0.0,1.0,1.0,0.0,0.0,0.0,0.0,0.0,0.0,0.0,0.0,5.960464,5.960464,5.960464,5.960464,0.0,0.0,0.0,0.0,0.0,0.0,1024,0,1024,NMAP_XMAS_TREE_SCAN
T0677,36242,3871,tcp,-,7.000000000000001e-06,1,1,0,0,144631.172414,144631.172414,289262.344828,1.0,20,20,20,20,20,20,1,0,1,1,0,1,1,0,0,0,0.0,0.0,0.0,0.0,0.0,0.0,0.0,0.0,0.0,0.0,0.0,0.0,0.0,0.0,0.0,0.0,0.0,0.0,0.0,0.0,0.0,0.0,0.0,0.0,0.0,6.914139,6.914139,6.914139,6.914139,0.0,0.0,1.0,1.0,0.0,0.0,0.0,0.0,0.0,0.0,0.0,0.0,6.914139,6.914139,6.914139,6.914139,0.0,0.0,0.0,0.0,0.0,0.0,1024,0,1024,NMAP_XMAS_TREE_SCAN
T0678,50078,55544,udp,-,0.0,1,0,1,0,0.0,0.0,0.0,0.0,8,8,8,0,0,0,0,0,0,0,0,0,0,0,0,0,40.0,40.0,40.0,40.0,0.0,0.0,0.0,0.0,0.0,0.0,40.0,40.0,40.0,40.0,0.0,0.0,0.0,0.0,0.0,0.0,0.0,0.0,0.0,0.0,0.0,0.0,0.0,0.0,0.0,0.0,0.0,1.0,0.0,40.0,0.0,0.0,0.0,0.0,0.0,0.0,0.0,0.0,0.0,0.0,0.0,0.0,0.0,0.0,0.0,0.0,0.0,0,0,0,NMAP_UDP_SCAN
T0679,51400,80,tcp,http,0.000526,8,0,2,0,15210.531278,0.0,15210.531278,0.0,260,20,40,0,0,0,1,2,1,2,0,6,0,0,0,0,0.0,126.0,212.0,26.5,50.219518,0.0,0.0,0.0,0.0,0.0,0.0,126.0,212.0,26.5,50.219518,20.027161,324.964523,525.951385,75.135912,111.698568,0.0,0.0,0.0,0.0,0.0,20.027161,324.964523,525.951385,75.135912,111.698568,403079.078876,8.0,0.0,212.0,0.0,0.0,0.0,0.0,0.0,0.0,0.0,525.951385,525.951385,525.951385,525.951385,0.0,0.0,0.0,0.0,0.0,0.0,65476,0,0,DDOS_Slowloris
T0680,39352,5353,udp,dns,0.0,1,0,1,0,0.0,0.0,0.0,0.0,8,8,8,0,0,0,0,0,0,0,0,0,0,0,0,0,45.0,45.0,45.0,45.0,0.0,0.0,0.0,0.0,0.0,0.0,45.0,45.0,45.0,45.0,0.0,0.0,0.0,0.0,0.0,0.0,0.0,0.0,0.0,0.0,0.0,0.0,0.0,0.0,0.0,0.0,0.0,1.0,0.0,45.0,0.0,0.0,0.0,0.0,0.0,0.0,0.0,0.0,0.0,0.0,0.0,0.0,0.0,0.0,0.0,0.0,0.0,0,0,0,ARP_poisioning
T0681,54610,80,tcp,http,0.5758840000000001,6,5,1,1,10.418763,8.682303,19.101066,0.833333,200,32,40,168,32,40,2,2,0,1,1,10,0,0,0,0,0.0,87.0,87.0,14.5,35.517601,0.0,148.0,148.0,29.6,66.187612,0.0,148.0,235.0,21.363636,49.449515000000005,185.966492,289499.044418,575906.991959,115181.398392,157368.201224,509.977341,285328.86505100003,571146.011353,142786.502838,164232.061774,22.888184,289440.155029,860586.166382,86058.616638,138255.13654,408.068218,6.0,5.0,87.0,148.0,0.0,0.0,0.0,0.0,0.0,0.0,860586.166382,860586.166382,860586.166382,860586.166382,0.0,0.0,0.0,0.0,0.0,0.0,64240,64768,501,NMAP_FIN_SCAN
T0682,36242,8290,tcp,-,2.9e-05,1,1,0,0,34379.540984,34379.540984,68759.08196699999,1.0,20,20,20,20,20,20,1,0,1,1,0,1,1,0,0,0,0.0,0.0,0.0,0.0,0.0,0.0,0.0,0.0,0.0,0.0,0.0,0.0,0.0,0.0,0.0,0.0,0.0,0.0,0.0,0.0,0.0,0.0,0.0,0.0,0.0,29.087067,29.087067,29.087067,29.087067,0.0,0.0,1.0,1.0,0.0,0.0,0.0,0.0,0.0,0.0,0.0,0.0,29.087067,29.087067,29.087067,29.087067,0.0,0.0,0.0,0.0,0.0,0.0,1024,0,1024,NMAP_XMAS_TREE_SCAN
T0683,46974,53,udp,dns,0.038666,2,2,2,2,51.725016,51.725016,103.450033,1.0,16,8,8,16,8,8,0,0,0,0,0,0,0,0,0,0,58.0,58.0,116.0,58.0,0.0,58.0,90.0,148.0,74.0,22.627417,58.0,90.0,264.0,66.0,16.0,27.894974,27.894974,27.894974,27.894974,0.0,38108.110428,38108.110428,38108.110428,38108.110428,0.0,27.894974,38108.110428,38666.009903,12888.669968,21842.118975,6827.702176999999,2.0,2.0,116.0,148.0,0.0,0.0,0.0,0.0,0.0,0.0,38666.009903,38666.009903,38666.009903,38666.009903,0.0,0.0,0.0,0.0,0.0,0.0,0,0,0,ARP_poisioning
T0684,57390,52822,tcp,-,2e-06,1,1,0,0,524288.0,524288.0,1048576.0,1.0,40,40,40,20,20,20,0,1,1,0,0,1,0,0,0,0,0.0,0.0,0.0,0.0,0.0,0.0,0.0,0.0,0.0,0.0,0.0,0.0,0.0,0.0,0.0,0.0,0.0,0.0,0.0,0.0,0.0,0.0,0.0,0.0,0.0,1.907349,1.907349,1.907349,1.907349,0.0,0.0,1.0,1.0,0.0,0.0,0.0,0.0,0.0,0.0,0.0,0.0,1.907349,1.907349,1.907349,1.907349,0.0,0.0,0.0,0.0,0.0,0.0,64240,0,64240,NMAP_TCP_scan
T0685,42501,53,udp,dns,0.036275,1,1,1,1,27.567082,27.567082,55.134165,1.0,8,8,8,8,8,8,0,0,0,0,0,0,0,0,0,0,58.0,58.0,58.0,58.0,0.0,122.0,122.0,122.0,122.0,0.0,58.0,122.0,180.0,90.0,45.254834,0.0,0.0,0.0,0.0,0.0,0.0,0.0,0.0,0.0,0.0,36275.148392,36275.148392,36275.148392,36275.148392,0.0,4962.074807999999,1.0,1.0,58.0,122.0,0.0,0.0,0.0,0.0,0.0,0.0,36275.148392,36275.148392,36275.148392,36275.148392,0.0,0.0,0.0,0.0,0.0,0.0,0,0,0,NMAP_XMAS_TREE_SCAN
T0686,60864,1074,tcp,-,1e-06,1,1,0,0,1048576.0,1048576.0,2097152.0,1.0,40,40,40,20,20,20,0,1,1,0,0,1,0,0,0,0,0.0,0.0,0.0,0.0,0.0,0.0,0.0,0.0,0.0,0.0,0.0,0.0,0.0,0.0,0.0,0.0,0.0,0.0,0.0,0.0,0.0,0.0,0.0,0.0,0.0,0.953674,0.953674,0.953674,0.953674,0.0,0.0,1.0,1.0,0.0,0.0,0.0,0.0,0.0,0.0,0.0,0.0,0.953674,0.953674,0.953674,0.953674,0.0,0.0,0.0,0.0,0.0,0.0,64240,0,64240,NMAP_TCP_scan
T0687,50078,20004,udp,-,0.0,1,0,0,0,0.0,0.0,0.0,0.0,8,8,8,0,0,0,0,0,0,0,0,0,0,0,0,0,0.0,0.0,0.0,0.0,0.0,0.0,0.0,0.0,0.0,0.0,0.0,0.0,0.0,0.0,0.0,0.0,0.0,0.0,0.0,0.0,0.0,0.0,0.0,0.0,0.0,0.0,0.0,0.0,0.0,0.0,0.0,1.0,0.0,0.0,0.0,0.0,0.0,0.0,0.0,0.0,0.0,0.0,0.0,0.0,0.0,0.0,0.0,0.0,0.0,0.0,0.0,0,0,0,NMAP_UDP_SCAN
T0688,50078,64727,udp,-,0.0,1,0,1,0,0.0,0.0,0.0,0.0,8,8,8,0,0,0,0,0,0,0,0,0,0,0,0,0,40.0,40.0,40.0,40.0,0.0,0.0,0.0,0.0,0.0,0.0,40.0,40.0,40.0,40.0,0.0,0.0,0.0,0.0,0.0,0.0,0.0,0.0,0.0,0.0,0.0,0.0,0.0,0.0,0.0,0.0,0.0,1.0,0.0,40.0,0.0,0.0,0.0,0.0,0.0,0.0,0.0,0.0,0.0,0.0,0.0,0.0,0.0,0.0,0.0,0.0,0.0,0,0,0,NMAP_UDP_SCAN
T0689,38730,5353,udp,dns,0.0,1,0,1,0,0.0,0.0,0.0,0.0,8,8,8,0,0,0,0,0,0,0,0,0,0,0,0,0,46.0,46.0,46.0,46.0,0.0,0.0,0.0,0.0,0.0,0.0,46.0,46.0,46.0,46.0,0.0,0.0,0.0,0.0,0.0,0.0,0.0,0.0,0.0,0.0,0.0,0.0,0.0,0.0,0.0,0.0,0.0,1.0,0.0,46.0,0.0,0.0,0.0,0.0,0.0,0.0,0.0,0.0,0.0,0.0,0.0,0.0,0.0,0.0,0.0,0.0,0.0,0,0,0,ARP_poisioning
T0690,50210,8192,tcp,-,1e-06,1,1,0,0,1048576.0,1048576.0,2097152.0,1.0,40,40,40,20,20,20,0,1,1,0,0,1,0,0,0,0,0.0,0.0,0.0,0.0,0.0,0.0,0.0,0.0,0.0,0.0,0.0,0.0,0.0,0.0,0.0,0.0,0.0,0.0,0.0,0.0,0.0,0.0,0.0,0.0,0.0,0.953674,0.953674,0.953674,0.953674,0.0,0.0,1.0,1.0,0.0,0.0,0.0,0.0,0.0,0.0,0.0,0.0,0.953674,0.953674,0.953674,0.953674,0.0,0.0,0.0,0.0,0.0,0.0,64240,0,64240,NMAP_TCP_scan
T0691,53325,1883,tcp,mqtt,62.061672,9,5,3,3,0.145017,0.080565,0.225582,0.555556,296,32,40,168,32,40,0,2,1,3,3,13,0,0,0,0,0.0,33.0,78.0,8.666667,13.407088,0.0,27.0,36.0,7.2,11.300442,0.0,33.0,114.0,8.142857000000001,12.265381,493.049622,59991465.091705,62061671.972275,7757708.996533998,21110439.283346,3611.087799,1556840.896606,1900734.901428,475183.725357,725367.0790960002,493.049622,59991465.091705,62061671.972275,4773974.767098,16594994.466157,1.8368830000000005,3.0,1.666667,26.0,12.0,0.0,0.0,0.0,0.0,0.0,0.0,2070206.880569,2070206.880569,2070206.880569,2070206.880569,0.0,59991465.091705,59991465.091705,59991465.091705,59991465.091705,0.0,64240,26847,502,MQTT_Publish
T0692,40897,21,tcp,-,4e-06,1,1,1,0,246723.764706,246723.764706,493447.529412,1.0,20,20,20,20,20,20,0,1,1,0,0,1,0,0,0,0,120.0,120.0,120.0,120.0,0.0,0.0,0.0,0.0,0.0,0.0,0.0,120.0,120.0,60.0,84.852814,0.0,0.0,0.0,0.0,0.0,0.0,0.0,0.0,0.0,0.0,4.053116,4.053116,4.053116,4.053116,0.0,29606851.764706,1.0,1.0,120.0,0.0,0.0,0.0,0.0,0.0,0.0,0.0,4.053116,4.053116,4.053116,4.053116,0.0,0.0,0.0,0.0,0.0,0.0,64,0,64,DOS_SYN_Hping
T0693,52144,1183,tcp,-,2e-06,1,1,0,0,466033.777778,466033.777778,932067.555556,1.0,40,40,40,20,20,20,0,1,1,0,0,1,0,0,0,0,0.0,0.0,0.0,0.0,0.0,0.0,0.0,0.0,0.0,0.0,0.0,0.0,0.0,0.0,0.0,0.0,0.0,0.0,0.0,0.0,0.0,0.0,0.0,0.0,0.0,2.145767,2.145767,2.145767,2.145767,0.0,0.0,1.0,1.0,0.0,0.0,0.0,0.0,0.0,0.0,0.0,0.0,2.145767,2.145767,2.145767,2.145767,0.0,0.0,0.0,0.0,0.0,0.0,64240,0,64240,NMAP_TCP_scan
T0694,45051,137,udp,dns,0.0,1,0,1,0,0.0,0.0,0.0,0.0,8,8,8,0,0,0,0,0,0,0,0,0,0,0,0,0,50.0,50.0,50.0,50.0,0.0,0.0,0.0,0.0,0.0,0.0,50.0,50.0,50.0,50.0,0.0,0.0,0.0,0.0,0.0,0.0,0.0,0.0,0.0,0.0,0.0,0.0,0.0,0.0,0.0,0.0,0.0,1.0,0.0,50.0,0.0,0.0,0.0,0.0,0.0,0.0,0.0,0.0,0.0,0.0,0.0,0.0,0.0,0.0,0.0,0.0,0.0,0,0,0,ARP_poisioning
T0695,50429,1883,tcp,mqtt,11.036357,9,5,3,3,0.8154859999999999,0.453048,1.268535,0.555556,296,32,40,168,32,40,0,2,1,3,3,13,0,0,0,0,0.0,33.0,78.0,8.666667,13.407088,0.0,27.0,36.0,7.2,11.300442,0.0,33.0,114.0,8.142857000000001,12.265381,272.989273,8744674.921036,11036356.925964,1379544.615746,3000217.118219,3527.1644590000005,1485494.852066,2023391.962051,505847.990513,664819.822784,272.989273,8744674.921036,11036356.925964,848950.532766,2395502.2016970003,10.329496,3.0,1.666667,26.0,12.0,0.0,0.0,0.0,0.0,0.0,0.0,2291682.004929,2291682.004929,2291682.004929,2291682.004929,0.0,8744674.921036,8744674.921036,8744674.921036,8744674.921036,0.0,64240,26847,502,MQTT_Publish
T0696,49830,80,tcp,http,0.003895,4,3,2,0,1026.945951,770.209463,1797.155414,0.75,136,32,40,104,32,40,0,2,0,2,0,6,0,0,0,0,0.0,168.0,189.0,47.25,81.106412,0.0,0.0,0.0,0.0,0.0,0.0,168.0,189.0,27.0,62.665780000000005,6.914139,2350.091934,3874.063492,1291.354497,1187.7823460000002,1513.004303,2352.952957,3865.95726,1932.97863,593.9333889999999,6.914139,2321.004868,3895.044327000001,649.174054,1008.622493,48523.19618,4.0,3.0,189.0,0.0,0.0,0.0,0.0,0.0,0.0,0.0,3895.044327000001,3895.044327000001,3895.044327000001,3895.044327000001,0.0,0.0,0.0,0.0,0.0,0.0,64240,65160,502,DDOS_Slowloris
T0697,33641,5353,udp,dns,0.0,1,0,1,0,0.0,0.0,0.0,0.0,8,8,8,0,0,0,0,0,0,0,0,0,0,0,0,0,43.0,43.0,43.0,43.0,0.0,0.0,0.0,0.0,0.0,0.0,43.0,43.0,43.0,43.0,0.0,0.0,0.0,0.0,0.0,0.0,0.0,0.0,0.0,0.0,0.0,0.0,0.0,0.0,0.0,0.0,0.0,1.0,0.0,43.0,0.0,0.0,0.0,0.0,0.0,0.0,0.0,0.0,0.0,0.0,0.0,0.0,0.0,0.0,0.0,0.0,0.0,0,0,0,ARP_poisioning
T0698,54106,53,udp,dns,0.1325569999999999,1,1,1,1,7.543928999999999,7.543928999999999,15.087859,1.0,8,8,8,8,8,8,0,0,0,0,0,0,0,0,0,0,42.0,42.0,42.0,42.0,0.0,170.0,170.0,170.0,170.0,0.0,42.0,170.0,212.0,106.0,90.509668,0.0,0.0,0.0,0.0,0.0,0.0,0.0,0.0,0.0,0.0,132556.91528299998,132556.91528299998,132556.91528299998,132556.91528299998,0.0,1599.313016,1.0,1.0,42.0,170.0,0.0,0.0,0.0,0.0,0.0,0.0,132556.91528299998,132556.91528299998,132556.91528299998,132556.91528299998,0.0,0.0,0.0,0.0,0.0,0.0,0,0,0,ARP_poisioning
T0699,58058,53,udp,dns,0.07785,2,2,2,2,25.690475,25.690475,51.38095,1.0,16,8,8,16,8,8,0,0,0,0,0,0,0,0,0,0,32.0,32.0,64.0,32.0,0.0,32.0,64.0,96.0,48.0,22.627417,32.0,64.0,160.0,40.0,16.0,780.820847,780.820847,780.820847,780.820847,0.0,76816.082,76816.082,76816.082,76816.082,0.0,252.962112,76816.082,77849.86496,25949.95499,44052.14883,2055.23799,2.0,2.0,64.0,96.0,0.0,0.0,0.0,0.0,0.0,0.0,77849.86496,77849.86496,77849.86496,77849.86496,0.0,0.0,0.0,0.0,0.0,0.0,0,0,0,Thing_Speak
T0700,57114,53,udp,dns,0.027263,2,2,2,2,73.35905600000001,73.35905600000001,146.71811100000002,1.0,16,8,8,16,8,8,0,0,0,0,0,0,0,0,0,0,36.0,36.0,72.0,36.0,0.0,68.0,120.0,188.0,94.0,36.769553,36.0,120.0,260.0,65.0,39.648455,519.990921,519.990921,519.990921,519.990921,0.0,6972.074509,6972.074509,6972.074509,6972.074509,0.0,519.990921,19771.09909,27263.16452,9087.721506999998,9798.380637,9536.677219,2.0,2.0,72.0,188.0,0.0,0.0,0.0,0.0,0.0,0.0,27263.16452,27263.16452,27263.16452,27263.16452,0.0,0.0,0.0,0.0,0.0,0.0,0,0,0,Thing_Speak
T0701,36242,30718,tcp,-,2.2e-05,1,1,0,0,45100.043011,45100.043011,90200.086022,1.0,20,20,20,20,20,20,1,0,1,1,0,1,1,0,0,0,0.0,0.0,0.0,0.0,0.0,0.0,0.0,0.0,0.0,0.0,0.0,0.0,0.0,0.0,0.0,0.0,0.0,0.0,0.0,0.0,0.0,0.0,0.0,0.0,0.0,22.172928,22.172928,22.172928,22.172928,0.0,0.0,1.0,1.0,0.0,0.0,0.0,0.0,0.0,0.0,0.0,0.0,22.172928,22.172928,22.172928,22.172928,0.0,0.0,0.0,0.0,0.0,0.0,1024,0,1024,NMAP_XMAS_TREE_SCAN
T0702,2897,21,tcp,-,5e-06,1,1,1,0,199728.761905,199728.761905,399457.52381,1.0,20,20,20,20,20,20,0,1,1,0,0,1,0,0,0,0,120.0,120.0,120.0,120.0,0.0,0.0,0.0,0.0,0.0,0.0,0.0,120.0,120.0,60.0,84.852814,0.0,0.0,0.0,0.0,0.0,0.0,0.0,0.0,0.0,0.0,5.0067900000000005,5.0067900000000005,5.0067900000000005,5.0067900000000005,0.0,23967451.428571,1.0,1.0,120.0,0.0,0.0,0.0,0.0,0.0,0.0,0.0,5.0067900000000005,5.0067900000000005,5.0067900000000005,5.0067900000000005,0.0,0.0,0.0,0.0,0.0,0.0,64,0,64,DOS_SYN_Hping
T0703,36242,9998,tcp,-,7.000000000000001e-06,1,1,0,0,139810.133333,139810.133333,279620.266667,1.0,20,20,20,20,20,20,1,0,1,1,0,1,1,0,0,0,0.0,0.0,0.0,0.0,0.0,0.0,0.0,0.0,0.0,0.0,0.0,0.0,0.0,0.0,0.0,0.0,0.0,0.0,0.0,0.0,0.0,0.0,0.0,0.0,0.0,7.152557000000001,7.152557000000001,7.152557000000001,7.152557000000001,0.0,0.0,1.0,1.0,0.0,0.0,0.0,0.0,0.0,0.0,0.0,0.0,7.152557000000001,7.152557000000001,7.152557000000001,7.152557000000001,0.0,0.0,0.0,0.0,0.0,0.0,1024,0,1024,NMAP_XMAS_TREE_SCAN
T0704,52497,1883,tcp,mqtt,31.873346999999995,9,5,3,3,0.282368,0.156871,0.439238,0.555556,296,32,40,168,32,40,0,2,1,3,3,13,0,0,0,0,0.0,33.0,76.0,8.444444,13.115935999999998,0.0,23.0,32.0,6.4,9.555103,0.0,33.0,108.0,7.714286,11.618477,277.042389,29753172.874451,31873347.043991,3984168.380499,10422716.66957,75.10185200000002,1612772.941589,1948915.00473,487228.751183,754528.475706,75.10185200000002,29753172.874451,31873347.043991,2451795.926461,8212138.349764999,3.388411,3.0,1.666667,25.333333,10.666667,0.0,0.0,0.0,0.0,0.0,0.0,2120174.16954,2120174.16954,2120174.16954,2120174.16954,0.0,29753172.874451,29753172.874451,29753172.874451,29753172.874451,0.0,64240,26847,502,MQTT_Publish
T0705,50164,6668,tcp,irc,55.580977,23,16,7,8,0.413811,0.287868,0.7016789999999999,0.695652,484,20,44,324,20,24,2,2,0,7,8,38,0,0,1,1,0.0,104.0,248.0,10.782609,22.960354,0.0,156.0,352.0,22.0,38.366652,0.0,156.0,600.0,15.384615,30.290363,85.830688,5843896.865844999,55684643.983841,2531120.181084,2314309.293867,181.913376,6331914.186478,55092936.992645,3672862.466176,2135192.547066,85.830688,5799854.040146,55684643.983841,1465385.367996,2131876.499688,10.79506,1.7692310000000002,1.230769,19.076923,27.076923,0.0,0.0,0.0,0.0,0.0,0.0,4241454.124451,5315636.873245,27907902.956009004,4651317.159335,434436.851956,5137660.980225,5799854.040146,27776741.027832,5555348.205566,292367.977742,65535,4380,65535,Wipro_bulb
T0706,64177,2148,udp,-,0.0,1,0,0,0,0.0,0.0,0.0,0.0,8,8,8,0,0,0,0,0,0,0,0,0,0,0,0,0,0.0,0.0,0.0,0.0,0.0,0.0,0.0,0.0,0.0,0.0,0.0,0.0,0.0,0.0,0.0,0.0,0.0,0.0,0.0,0.0,0.0,0.0,0.0,0.0,0.0,0.0,0.0,0.0,0.0,0.0,0.0,1.0,0.0,0.0,0.0,0.0,0.0,0.0,0.0,0.0,0.0,0.0,0.0,0.0,0.0,0.0,0.0,0.0,0.0,0.0,0.0,0,0,0,NMAP_UDP_SCAN
T0707,36242,625,tcp,-,7.000000000000001e-06,1,1,0,0,139810.133333,139810.133333,279620.266667,1.0,20,20,20,20,20,20,1,0,1,1,0,1,1,0,0,0,0.0,0.0,0.0,0.0,0.0,0.0,0.0,0.0,0.0,0.0,0.0,0.0,0.0,0.0,0.0,0.0,0.0,0.0,0.0,0.0,0.0,0.0,0.0,0.0,0.0,7.152557000000001,7.152557000000001,7.152557000000001,7.152557000000001,0.0,0.0,1.0,1.0,0.0,0.0,0.0,0.0,0.0,0.0,0.0,0.0,7.152557000000001,7.152557000000001,7.152557000000001,7.152557000000001,0.0,0.0,0.0,0.0,0.0,0.0,1024,0,1024,NMAP_XMAS_TREE_SCAN
T0708,2137,21,tcp,-,1e-06,1,1,1,0,838860.8,838860.8,1677721.6,1.0,20,20,20,20,20,20,0,1,1,0,0,1,0,0,0,0,120.0,120.0,120.0,120.0,0.0,0.0,0.0,0.0,0.0,0.0,0.0,120.0,120.0,60.0,84.852814,0.0,0.0,0.0,0.0,0.0,0.0,0.0,0.0,0.0,0.0,1.192093,1.192093,1.192093,1.192093,0.0,100663296.0,1.0,1.0,120.0,0.0,0.0,0.0,0.0,0.0,0.0,0.0,1.192093,1.192093,1.192093,1.192093,0.0,0.0,0.0,0.0,0.0,0.0,64,0,64,DOS_SYN_Hping
T0709,7195,21,tcp,-,4e-06,1,1,1,0,246723.764706,246723.764706,493447.529412,1.0,20,20,20,20,20,20,0,1,1,0,0,1,0,0,0,0,120.0,120.0,120.0,120.0,0.0,0.0,0.0,0.0,0.0,0.0,0.0,120.0,120.0,60.0,84.852814,0.0,0.0,0.0,0.0,0.0,0.0,0.0,0.0,0.0,0.0,4.053116,4.053116,4.053116,4.053116,0.0,29606851.764706,1.0,1.0,120.0,0.0,0.0,0.0,0.0,0.0,0.0,0.0,4.053116,4.053116,4.053116,4.053116,0.0,0.0,0.0,0.0,0.0,0.0,64,0,64,DOS_SYN_Hping
T0710,50078,18605,udp,-,0.0,1,0,0,0,0.0,0.0,0.0,0.0,8,8,8,0,0,0,0,0,0,0,0,0,0,0,0,0,0.0,0.0,0.0,0.0,0.0,0.0,0.0,0.0,0.0,0.0,0.0,0.0,0.0,0.0,0.0,0.0,0.0,0.0,0.0,0.0,0.0,0.0,0.0,0.0,0.0,0.0,0.0,0.0,0.0,0.0,0.0,1.0,0.0,0.0,0.0,0.0,0.0,0.0,0.0,0.0,0.0,0.0,0.0,0.0,0.0,0.0,0.0,0.0,0.0,0.0,0.0,0,0,0,NMAP_UDP_SCAN
T0711,46884,21,tcp,-,0.0,1,0,1,0,0.0,0.0,0.0,0.0,20,20,20,0,0,0,0,1,0,0,0,0,0,0,0,0,120.0,120.0,120.0,120.0,0.0,0.0,0.0,0.0,0.0,0.0,120.0,120.0,120.0,120.0,0.0,0.0,0.0,0.0,0.0,0.0,0.0,0.0,0.0,0.0,0.0,0.0,0.0,0.0,0.0,0.0,0.0,1.0,0.0,120.0,0.0,0.0,0.0,0.0,0.0,0.0,0.0,0.0,0.0,0.0,0.0,0.0,0.0,0.0,0.0,0.0,0.0,64,0,64,DOS_SYN_Hping
T0712,55050,80,tcp,http,30.816533000000003,8,13,4,5,0.259601,0.421851,0.6814520000000001,1.625,264,32,40,412,20,40,7,2,1,4,6,19,0,0,0,0,0.0,168.0,210.0,26.25,57.75997099999999,0.0,482.0,2410.0,185.384615,244.070187,0.0,482.0,2620.0,124.761905,207.799159,601.053238,15163157.224655,30816498.041153003,4402356.8630220005,6398370.469637999,152.111053,11732789.039612,30816516.876221,2568043.073018,3855994.275198001,16.212463,11732756.853104,30816533.088684004,1540826.654434,3193139.987319,85.01929799999999,1.333333,2.166667,35.0,401.666667,0.0,0.0,0.0,0.0,0.0,0.0,32.186508,10407555.103302,10410744.428635,3470248.142878,6007884.264755,8673031.806946,11732756.853104,20405788.660049,10202894.330025,2163552.328705,64240,65160,501,DDOS_Slowloris
T0713,49634,80,tcp,http,26.774708,11,1,9,0,0.410835,0.037349,0.448184,0.090909,360,32,40,40,40,40,0,2,0,9,0,11,0,0,0,0,0.0,186.0,1488.0,135.272727,83.327176,0.0,0.0,0.0,0.0,0.0,0.0,186.0,1488.0,124.0,88.527346,591.039658,13434293.031692998,26774708.032608,2677470.803261,4326895.933523,0.0,0.0,0.0,0.0,0.0,15.974045000000002,13434293.031692998,26774708.032608,2434064.366601,4183484.097887,55.574836,2.2,0.2,297.6,0.0,744.0,0.0,5.0,0.0,450.1722,0.0,6621021.032333001,6621021.032333001,6621021.032333001,6621021.032333001,0.0,6719393.968582,13434293.031692998,20153687.000275,10076843.500137,4748150.662509,64240,65160,502,DDOS_Slowloris
T0714,56400,53,udp,dns,0.0682919999999999,1,1,1,1,14.643024,14.643024,29.286049,1.0,8,8,8,8,8,8,0,0,0,0,0,0,0,0,0,0,50.0,50.0,50.0,50.0,0.0,137.0,137.0,137.0,137.0,0.0,50.0,137.0,187.0,93.5,61.51829,0.0,0.0,0.0,0.0,0.0,0.0,0.0,0.0,0.0,0.0,68291.90254,68291.90254,68291.90254,68291.90254,0.0,2738.2455760000003,1.0,1.0,50.0,137.0,0.0,0.0,0.0,0.0,0.0,0.0,68291.90254,68291.90254,68291.90254,68291.90254,0.0,0.0,0.0,0.0,0.0,0.0,0,0,0,Thing_Speak
T0715,60362,53,udp,dns,0.037216,2,2,2,2,53.740402,53.740402,107.480803,1.0,16,8,8,16,8,8,0,0,0,0,0,0,0,0,0,0,36.0,36.0,72.0,36.0,0.0,36.0,68.0,104.0,52.0,22.627417,36.0,68.0,176.0,44.0,16.0,245.09429900000003,245.09429900000003,245.09429900000003,245.09429900000003,0.0,35964.96582,35964.96582,35964.96582,35964.96582,0.0,245.09429900000003,35964.96582,37215.948110000005,12405.31604,20406.80096,4729.155347999999,2.0,2.0,72.0,104.0,0.0,0.0,0.0,0.0,0.0,0.0,37215.948110000005,37215.948110000005,37215.948110000005,37215.948110000005,0.0,0.0,0.0,0.0,0.0,0.0,0,0,0,Thing_Speak
T0716,59602,2038,tcp,-,4e-06,1,1,0,0,246723.764706,246723.764706,493447.529412,1.0,40,40,40,20,20,20,0,1,1,0,0,1,0,0,0,0,0.0,0.0,0.0,0.0,0.0,0.0,0.0,0.0,0.0,0.0,0.0,0.0,0.0,0.0,0.0,0.0,0.0,0.0,0.0,0.0,0.0,0.0,0.0,0.0,0.0,4.053116,4.053116,4.053116,4.053116,0.0,0.0,1.0,1.0,0.0,0.0,0.0,0.0,0.0,0.0,0.0,0.0,4.053116,4.053116,4.053116,4.053116,0.0,0.0,0.0,0.0,0.0,0.0,64240,0,64240,NMAP_TCP_scan
T0717,53322,2875,tcp,-,5e-06,1,1,0,0,199728.761905,199728.761905,399457.52381,1.0,40,40,40,20,20,20,0,1,1,0,0,1,0,0,0,0,0.0,0.0,0.0,0.0,0.0,0.0,0.0,0.0,0.0,0.0,0.0,0.0,0.0,0.0,0.0,0.0,0.0,0.0,0.0,0.0,0.0,0.0,0.0,0.0,0.0,5.0067900000000005,5.0067900000000005,5.0067900000000005,5.0067900000000005,0.0,0.0,1.0,1.0,0.0,0.0,0.0,0.0,0.0,0.0,0.0,0.0,5.0067900000000005,5.0067900000000005,5.0067900000000005,5.0067900000000005,0.0,0.0,0.0,0.0,0.0,0.0,64240,0,64240,NMAP_TCP_scan
T0718,50541,443,udp,-,24.01696,11,11,11,11,0.45801,0.45801,0.916019,1.0,88,8,8,88,8,8,0,0,0,0,0,0,0,0,0,0,30.0,1357.0,3368.0,306.181818,524.745427,28.0,1357.0,8339.0,758.090909,608.9583650000001,28.0,1357.0,11707.0,532.136364,600.99523,17.881393,22957661.151886,24016960.144043,2401696.014404,7226875.018545,6.914139,854479.0744779999,1083321.094513,108332.109451,263745.774029,6.914139,22897684.09729,24016960.144043,1143664.768764,4987556.389076999,487.447201,5.5,5.5,1684.0,4169.5,0.0,0.0,0.0,0.0,0.0,0.0,1119276.046753,1119276.046753,1119276.046753,1119276.046753,0.0,22897684.09729,22897684.09729,22897684.09729,22897684.09729,0.0,0,0,0,ARP_poisioning
T0719,49725,1883,tcp,mqtt,48.057419,10,6,3,4,0.208084,0.124851,0.332935,0.6,328,32,40,200,32,40,0,2,1,3,4,15,0,0,0,0,0.0,33.0,78.0,7.8,12.934021,0.0,23.0,36.0,6.0,8.602325,0.0,33.0,114.0,7.125,11.218289,238.180161,45885114.908218,48057419.061661,5339713.229073,15211838.933209,190.019608,1667922.019958,2000169.992447,400033.998489,713394.067256,190.019608,45885114.908218,48057419.061661,3203827.937444,11813560.085808,2.372162,3.333333,2.0,26.0,12.0,0.0,0.0,0.0,0.0,0.0,0.0,2172304.153442,2172304.153442,2172304.153442,2172304.153442,0.0,45885114.908218,45885114.908218,45885114.908218,45885114.908218,0.0,64240,26847,502,MQTT_Publish
T0720,8886,40127,tcp,-,0.0,1,0,0,0,0.0,0.0,0.0,0.0,20,20,20,0,0,0,0,0,1,0,0,1,0,0,0,0,0.0,0.0,0.0,0.0,0.0,0.0,0.0,0.0,0.0,0.0,0.0,0.0,0.0,0.0,0.0,0.0,0.0,0.0,0.0,0.0,0.0,0.0,0.0,0.0,0.0,0.0,0.0,0.0,0.0,0.0,0.0,1.0,0.0,0.0,0.0,0.0,0.0,0.0,0.0,0.0,0.0,0.0,0.0,0.0,0.0,0.0,0.0,0.0,0.0,0.0,0.0,3965,0,3965,Wipro_bulb
T0721,49658,80,tcp,http,0.004259,4,3,2,0,939.163457,704.3725929999999,1643.53605,0.75,136,32,40,104,32,40,0,2,0,2,0,6,0,0,0,0,0.0,168.0,189.0,47.25,81.106412,0.0,0.0,0.0,0.0,0.0,0.0,168.0,189.0,27.0,62.665780000000005,8.106232,2335.071564,4236.221313,1412.073771,1235.795629,1909.017563,2335.071564,4244.089127,2122.044563,301.265673,8.106232,2312.18338,4259.109497,709.851583,1081.773208,44375.473354,4.0,3.0,189.0,0.0,0.0,0.0,0.0,0.0,0.0,0.0,4259.109497,4259.109497,4259.109497,4259.109497,0.0,0.0,0.0,0.0,0.0,0.0,64240,65160,502,DDOS_Slowloris
T0722,46419,22,tcp,ssh,2.820956,15,13,6,5,5.317346,4.608366999999999,9.925713,0.866667,488,32,40,424,32,40,2,2,0,6,5,27,0,0,0,0,0.0,800.0,1249.0,83.266667,205.075758,0.0,1080.0,1633.0,125.615385,300.04098,0.0,1080.0,2882.0,102.928571,249.560344,1169.919968,2684976.100922,2823072.910309,201648.065022,714897.483003,145.196915,2641174.077988,2820909.023285,235075.75194,757989.115123,5.0067900000000005,2641174.077988,2823072.910309,104558.255937,507100.769794,1021.639476,7.5,6.5,624.5,816.5,0.0,0.0,0.0,0.0,0.0,0.0,2823072.910309,2823072.910309,2823072.910309,2823072.910309,0.0,0.0,0.0,0.0,0.0,0.0,64240,65160,501,Metasploit_Brute_Force_SSH
T0723,36386,1984,tcp,-,4e-06,1,1,0,0,246723.764706,246723.764706,493447.529412,1.0,40,40,40,20,20,20,0,1,1,0,0,1,0,0,0,0,0.0,0.0,0.0,0.0,0.0,0.0,0.0,0.0,0.0,0.0,0.0,0.0,0.0,0.0,0.0,0.0,0.0,0.0,0.0,0.0,0.0,0.0,0.0,0.0,0.0,4.053116,4.053116,4.053116,4.053116,0.0,0.0,1.0,1.0,0.0,0.0,0.0,0.0,0.0,0.0,0.0,0.0,4.053116,4.053116,4.053116,4.053116,0.0,0.0,0.0,0.0,0.0,0.0,64240,0,64240,NMAP_TCP_scan
T0724,52061,1883,tcp,mqtt,19.098224,10,6,3,4,0.523609,0.314165,0.837774,0.6,328,32,40,200,32,40,0,2,1,3,4,15,0,0,0,0,0.0,33.0,78.0,7.8,12.934021,0.0,23.0,36.0,6.0,8.602325,0.0,33.0,114.0,7.125,11.218289,252.962112,16671314.001082998,19098223.924637,2122024.8805150003,5466988.565212,952.005386,1470394.849777,2165230.9894560003,433046.197891,604964.859773,252.962112,16671314.001082998,19098223.924637,1273214.928309,4269308.843004,5.9691410000000005,3.333333,2.0,26.0,12.0,0.0,0.0,0.0,0.0,0.0,0.0,2426909.923553,2426909.923553,2426909.923553,2426909.923553,0.0,16671314.001082998,16671314.001082998,16671314.001082998,16671314.001082998,0.0,64240,26847,502,MQTT_Publish
T0725,50078,32775,udp,-,0.0,1,0,1,0,0.0,0.0,0.0,0.0,8,8,8,0,0,0,0,0,0,0,0,0,0,0,0,0,40.0,40.0,40.0,40.0,0.0,0.0,0.0,0.0,0.0,0.0,40.0,40.0,40.0,40.0,0.0,0.0,0.0,0.0,0.0,0.0,0.0,0.0,0.0,0.0,0.0,0.0,0.0,0.0,0.0,0.0,0.0,1.0,0.0,40.0,0.0,0.0,0.0,0.0,0.0,0.0,0.0,0.0,0.0,0.0,0.0,0.0,0.0,0.0,0.0,0.0,0.0,0,0,0,NMAP_UDP_SCAN
T0726,53268,21,tcp,-,4e-06,1,1,1,0,246723.764706,246723.764706,493447.529412,1.0,20,20,20,20,20,20,0,1,1,0,0,1,0,0,0,0,120.0,120.0,120.0,120.0,0.0,0.0,0.0,0.0,0.0,0.0,0.0,120.0,120.0,60.0,84.852814,0.0,0.0,0.0,0.0,0.0,0.0,0.0,0.0,0.0,0.0,4.053116,4.053116,4.053116,4.053116,0.0,29606851.764706,1.0,1.0,120.0,0.0,0.0,0.0,0.0,0.0,0.0,0.0,4.053116,4.053116,4.053116,4.053116,0.0,0.0,0.0,0.0,0.0,0.0,64,0,64,DOS_SYN_Hping
T0727,47516,443,tcp,ssl,0.092794,14,11,4,8,150.871919,118.542222,269.41414100000003,0.785714,432,20,40,360,32,40,2,2,2,4,6,22,0,0,0,0,0.0,517.0,808.0,57.714286,142.126936,0.0,1392.0,5692.0,517.454545,610.088414,0.0,1392.0,6500.0,260.0,469.337476,5.960464,39008.140564,92797.040939,7138.233918000001,11060.821572,11.205673,39004.087448,81389.904022,8138.990401999999,12662.607073,1.907349,39002.180099,92797.040939,3866.543372,8703.054173,70047.676552,14.0,11.0,808.0,5692.0,0.0,0.0,0.0,0.0,0.0,0.0,92797.040939,92797.040939,92797.040939,92797.040939,0.0,0.0,0.0,0.0,0.0,0.0,64240,28960,0,ARP_poisioning
T0728,58464,79,tcp,-,2e-06,1,1,0,0,524288.0,524288.0,1048576.0,1.0,40,40,40,20,20,20,0,1,1,0,0,1,0,0,0,0,0.0,0.0,0.0,0.0,0.0,0.0,0.0,0.0,0.0,0.0,0.0,0.0,0.0,0.0,0.0,0.0,0.0,0.0,0.0,0.0,0.0,0.0,0.0,0.0,0.0,1.907349,1.907349,1.907349,1.907349,0.0,0.0,1.0,1.0,0.0,0.0,0.0,0.0,0.0,0.0,0.0,0.0,1.907349,1.907349,1.907349,1.907349,0.0,0.0,0.0,0.0,0.0,0.0,64240,0,64240,NMAP_TCP_scan
T0729,39466,80,tcp,http,0.881283,7,5,2,1,7.942964999999999,5.673546,13.616511,0.714286,232,32,40,168,32,40,2,2,0,2,1,11,0,0,0,0,0.0,169.0,215.0,30.714286,63.34223000000001,0.0,538.0,538.0,107.6,240.600914,0.0,538.0,753.0,62.75,157.50043300000002,92.029572,304773.0923,883305.0728,147217.5121,160347.4151,87.976456,289501.9054,595700.0256,148925.0064,162039.4616,87.976456,285583.0193,883305.0728,80300.46116,131864.8285,854.436046,7.0,5.0,215.0,538.0,0.0,0.0,0.0,0.0,0.0,0.0,883305.0728,883305.0728,883305.0728,883305.0728,0.0,0.0,0.0,0.0,0.0,0.0,64240,26847,501,Thing_Speak
T0730,59190,443,tcp,ssl,1.223185,13,11,3,8,10.627993,8.992917,19.620911,0.8461540000000001,400,20,40,360,32,40,2,2,2,3,5,21,0,0,0,0,0.0,517.0,840.0,64.615385,149.35892900000002,0.0,1408.0,6101.0,554.636364,664.363646,0.0,1408.0,6941.0,289.208333,515.5076,238.180161,230903.8639,1225739.956,102144.9963,108316.0188,61.988831000000005,312572.0024,1008048.058,100804.8058,130970.836,61.988831000000005,228513.9561,1225739.956,53293.041560000005,91112.7861,5674.530834,13.0,11.0,840.0,6101.0,0.0,0.0,0.0,0.0,0.0,0.0,1225739.956,1225739.956,1225739.956,1225739.956,0.0,0.0,0.0,0.0,0.0,0.0,64240,26847,0,Thing_Speak
T0731,41393,53,udp,dns,0.036112,2,2,2,2,55.38314499999999,55.38314499999999,110.766289,1.0,16,8,8,16,8,8,0,0,0,0,0,0,0,0,0,0,36.0,36.0,72.0,36.0,0.0,68.0,120.0,188.0,94.0,36.769553,36.0,120.0,260.0,65.0,39.648455,232.934952,232.934952,232.934952,232.934952,0.0,8696.079254,8696.079254,8696.079254,8696.079254,0.0,232.934952,27183.05588,36112.07008,12037.3567,13782.24785,7199.808801,2.0,2.0,72.0,188.0,0.0,0.0,0.0,0.0,0.0,0.0,36112.07008,36112.07008,36112.07008,36112.07008,0.0,0.0,0.0,0.0,0.0,0.0,0,0,0,Thing_Speak
T0732,38783,1883,tcp,mqtt,4.928911,9,5,3,3,1.825961,1.014423,2.840384,0.555556,296,32,40,168,32,40,0,2,1,3,3,13,0,0,0,0,0.0,33.0,74.0,8.222222,12.852799,0.0,21.0,30.0,6.0,8.689074,0.0,33.0,104.0,7.428571000000002,11.229866,2414.941788,2849658.0123900007,4928910.970687998,616113.8713359999,1018479.976437,3364.086151,1599857.807159,1919971.942902,479992.985725,750145.994336,1444.101334,2849658.0123900007,4928910.970687998,379146.997745,837986.391562,21.099996,3.0,1.666667,24.666667,10.0,0.0,0.0,0.0,0.0,0.0,0.0,4928910.970687998,4928910.970687998,4928910.970687998,4928910.970687998,0.0,0.0,0.0,0.0,0.0,0.0,64240,26847,502,MQTT_Publish
T0733,46600,1164,tcp,-,7.000000000000001e-06,1,1,0,0,139810.133333,139810.133333,279620.266667,1.0,20,20,20,20,20,20,0,0,1,0,0,1,0,0,0,0,0.0,0.0,0.0,0.0,0.0,0.0,0.0,0.0,0.0,0.0,0.0,0.0,0.0,0.0,0.0,0.0,0.0,0.0,0.0,0.0,0.0,0.0,0.0,0.0,0.0,7.152557000000001,7.152557000000001,7.152557000000001,7.152557000000001,0.0,0.0,1.0,1.0,0.0,0.0,0.0,0.0,0.0,0.0,0.0,0.0,7.152557000000001,7.152557000000001,7.152557000000001,7.152557000000001,0.0,0.0,0.0,0.0,0.0,0.0,1024,0,1024,NMAP_OS_DETECTION
T0734,33162,80,tcp,http,0.909424,7,5,2,1,7.697181,5.497987,13.195168,0.714286,232,32,40,168,32,40,2,2,0,2,1,11,0,0,0,0,0.0,169.0,215.0,30.714286,63.34223000000001,0.0,538.0,538.0,107.6,240.600914,0.0,538.0,753.0,62.75,157.50043300000002,66.041946,356153.965,911185.9798,151864.33,168608.0581,77.962875,279114.9616,633077.8599,158269.465,142680.7926,66.041946,276475.9064,911185.9798,82835.08907999999,125732.1582,827.9967790000001,7.0,5.0,215.0,538.0,0.0,0.0,0.0,0.0,0.0,0.0,911185.9798,911185.9798,911185.9798,911185.9798,0.0,0.0,0.0,0.0,0.0,0.0,64240,26847,501,Thing_Speak
T0735,60896,443,tcp,ssl,1.250043,14,12,3,9,11.199615,9.59967,20.799286,0.857143,432,20,40,392,32,40,2,2,2,3,7,23,0,0,0,0,0.0,517.0,840.0,60.0,144.534798,0.0,1408.0,6184.0,515.333333,597.664444,0.0,1408.0,7024.0,270.153846,470.763864,211.000443,234983.9211,1252156.973,96319.76715,110139.4281,44.107437,320006.1321,1024019.003,93092.63663,131122.8315,44.107437,232104.7783,1252156.973,50086.27891,90964.81564,5619.007087,14.0,12.0,840.0,6184.0,0.0,0.0,0.0,0.0,0.0,0.0,1252156.973,1252156.973,1252156.973,1252156.973,0.0,0.0,0.0,0.0,0.0,0.0,64240,26847,0,Thing_Speak
T0736,49772,53,udp,dns,0.000946,2,2,2,2,2114.064516,2114.064516,4228.129032,1.0,16,8,8,16,8,8,0,0,0,0,0,0,0,0,0,0,44.0,44.0,88.0,44.0,0.0,78.0,94.0,172.0,86.0,11.313708,44.0,94.0,260.0,65.0,25.113078,28.848648,28.848648,28.848648,28.848648,0.0,416.040421,416.040421,416.040421,416.040421,0.0,28.848648,501.155853,946.044922,315.348307,251.73935,274828.387097,2.0,2.0,88.0,172.0,0.0,0.0,0.0,0.0,0.0,0.0,946.044922,946.044922,946.044922,946.044922,0.0,0.0,0.0,0.0,0.0,0.0,0,0,0,ARP_poisioning
T0737,51446,80,tcp,http,0.000515,8,0,2,0,15534.459259,0.0,15534.459259,0.0,260,20,40,0,0,0,1,2,1,2,0,6,0,0,0,0,0.0,126.0,212.0,26.5,50.219518,0.0,0.0,0.0,0.0,0.0,0.0,126.0,212.0,26.5,50.219518,20.027161,319.957733,514.9841309999999,73.569162,109.868967,0.0,0.0,0.0,0.0,0.0,20.027161,319.957733,514.9841309999999,73.569162,109.868967,411663.17037,8.0,0.0,212.0,0.0,0.0,0.0,0.0,0.0,0.0,0.0,514.9841309999999,514.9841309999999,514.9841309999999,514.9841309999999,0.0,0.0,0.0,0.0,0.0,0.0,65476,0,0,DDOS_Slowloris
T0738,48726,21,tcp,-,1e-06,1,1,1,0,1048576.0,1048576.0,2097152.0,1.0,20,20,20,20,20,20,0,1,1,0,0,1,0,0,0,0,120.0,120.0,120.0,120.0,0.0,0.0,0.0,0.0,0.0,0.0,0.0,120.0,120.0,60.0,84.852814,0.0,0.0,0.0,0.0,0.0,0.0,0.0,0.0,0.0,0.0,0.953674,0.953674,0.953674,0.953674,0.0,125829120.0,1.0,1.0,120.0,0.0,0.0,0.0,0.0,0.0,0.0,0.0,0.953674,0.953674,0.953674,0.953674,0.0,0.0,0.0,0.0,0.0,0.0,64,0,64,DOS_SYN_Hping
T0739,52356,53,udp,dns,0.02028,2,2,2,2,98.618732,98.618732,197.237465,1.0,16,8,8,16,8,8,0,0,0,0,0,0,0,0,0,0,36.0,36.0,72.0,36.0,0.0,36.0,68.0,104.0,52.0,22.627417,36.0,68.0,176.0,44.0,16.0,1110.076904,1110.076904,1110.076904,1110.076904,0.0,18905.16281,18905.16281,18905.16281,18905.16281,0.0,264.883041,18905.16281,20280.12276,6760.040919,10526.47033,8678.448455,2.0,2.0,72.0,104.0,0.0,0.0,0.0,0.0,0.0,0.0,20280.12276,20280.12276,20280.12276,20280.12276,0.0,0.0,0.0,0.0,0.0,0.0,0,0,0,Thing_Speak
T0740,64177,38412,udp,-,0.0,1,0,1,0,0.0,0.0,0.0,0.0,8,8,8,0,0,0,0,0,0,0,0,0,0,0,0,0,40.0,40.0,40.0,40.0,0.0,0.0,0.0,0.0,0.0,0.0,40.0,40.0,40.0,40.0,0.0,0.0,0.0,0.0,0.0,0.0,0.0,0.0,0.0,0.0,0.0,0.0,0.0,0.0,0.0,0.0,0.0,1.0,0.0,40.0,0.0,0.0,0.0,0.0,0.0,0.0,0.0,0.0,0.0,0.0,0.0,0.0,0.0,0.0,0.0,0.0,0.0,0,0,0,NMAP_UDP_SCAN
T0741,59247,3030,tcp,-,7.000000000000001e-06,1,1,0,0,144631.172414,144631.172414,289262.344828,1.0,20,20,20,20,20,20,1,0,1,1,0,1,1,0,0,0,0.0,0.0,0.0,0.0,0.0,0.0,0.0,0.0,0.0,0.0,0.0,0.0,0.0,0.0,0.0,0.0,0.0,0.0,0.0,0.0,0.0,0.0,0.0,0.0,0.0,6.914139,6.914139,6.914139,6.914139,0.0,0.0,1.0,1.0,0.0,0.0,0.0,0.0,0.0,0.0,0.0,0.0,6.914139,6.914139,6.914139,6.914139,0.0,0.0,0.0,0.0,0.0,0.0,1024,0,1024,NMAP_XMAS_TREE_SCAN
T0742,46600,34572,tcp,-,1e-05,1,1,0,0,99864.380952,99864.380952,199728.761905,1.0,20,20,20,20,20,20,0,0,1,0,0,1,0,0,0,0,0.0,0.0,0.0,0.0,0.0,0.0,0.0,0.0,0.0,0.0,0.0,0.0,0.0,0.0,0.0,0.0,0.0,0.0,0.0,0.0,0.0,0.0,0.0,0.0,0.0,10.01358,10.01358,10.01358,10.01358,0.0,0.0,1.0,1.0,0.0,0.0,0.0,0.0,0.0,0.0,0.0,0.0,10.01358,10.01358,10.01358,10.01358,0.0,0.0,0.0,0.0,0.0,0.0,1024,0,1024,NMAP_OS_DETECTION
T0743,49690,80,tcp,http,0.003153,4,3,2,0,1268.694495,951.520871,2220.215366,0.75,136,32,40,104,32,40,0,2,0,2,0,6,0,0,0,0,0.0,168.0,187.0,46.75,81.328039,0.0,0.0,0.0,0.0,0.0,0.0,168.0,187.0,26.714286,62.70224399999999,15.020370000000002,1582.860947,3126.859665,1042.286555,890.046456,1525.878906,1598.119736,3123.998642,1561.999321,51.08198,15.020370000000002,1554.012299,3152.84729,525.474548,775.946692,59311.467635,4.0,3.0,187.0,0.0,0.0,0.0,0.0,0.0,0.0,0.0,3152.84729,3152.84729,3152.84729,3152.84729,0.0,0.0,0.0,0.0,0.0,0.0,64240,65160,502,DDOS_Slowloris
T0744,40938,7999,tcp,-,1e-06,1,1,0,0,1048576.0,1048576.0,2097152.0,1.0,40,40,40,20,20,20,0,1,1,0,0,1,0,0,0,0,0.0,0.0,0.0,0.0,0.0,0.0,0.0,0.0,0.0,0.0,0.0,0.0,0.0,0.0,0.0,0.0,0.0,0.0,0.0,0.0,0.0,0.0,0.0,0.0,0.0,0.953674,0.953674,0.953674,0.953674,0.0,0.0,1.0,1.0,0.0,0.0,0.0,0.0,0.0,0.0,0.0,0.0,0.953674,0.953674,0.953674,0.953674,0.0,0.0,0.0,0.0,0.0,0.0,64240,0,64240,NMAP_TCP_scan
T0745,43582,1009,tcp,-,1e-06,1,1,0,0,838860.8,838860.8,1677721.6,1.0,40,40,40,20,20,20,0,1,1,0,0,1,0,0,0,0,0.0,0.0,0.0,0.0,0.0,0.0,0.0,0.0,0.0,0.0,0.0,0.0,0.0,0.0,0.0,0.0,0.0,0.0,0.0,0.0,0.0,0.0,0.0,0.0,0.0,1.192093,1.192093,1.192093,1.192093,0.0,0.0,1.0,1.0,0.0,0.0,0.0,0.0,0.0,0.0,0.0,0.0,1.192093,1.192093,1.192093,1.192093,0.0,0.0,0.0,0.0,0.0,0.0,64240,0,64240,NMAP_TCP_scan
T0746,18576,21,tcp,-,4e-06,1,1,1,0,246723.764706,246723.764706,493447.529412,1.0,20,20,20,20,20,20,0,1,1,0,0,1,0,0,0,0,120.0,120.0,120.0,120.0,0.0,0.0,0.0,0.0,0.0,0.0,0.0,120.0,120.0,60.0,84.852814,0.0,0.0,0.0,0.0,0.0,0.0,0.0,0.0,0.0,0.0,4.053116,4.053116,4.053116,4.053116,0.0,29606851.764706,1.0,1.0,120.0,0.0,0.0,0.0,0.0,0.0,0.0,0.0,4.053116,4.053116,4.053116,4.053116,0.0,0.0,0.0,0.0,0.0,0.0,64,0,64,DOS_SYN_Hping
T0747,47926,4550,tcp,-,2e-06,1,1,0,0,466033.777778,466033.777778,932067.555556,1.0,40,40,40,20,20,20,0,1,1,0,0,1,0,0,0,0,0.0,0.0,0.0,0.0,0.0,0.0,0.0,0.0,0.0,0.0,0.0,0.0,0.0,0.0,0.0,0.0,0.0,0.0,0.0,0.0,0.0,0.0,0.0,0.0,0.0,2.145767,2.145767,2.145767,2.145767,0.0,0.0,1.0,1.0,0.0,0.0,0.0,0.0,0.0,0.0,0.0,0.0,2.145767,2.145767,2.145767,2.145767,0.0,0.0,0.0,0.0,0.0,0.0,64240,0,64240,NMAP_TCP_scan
T0748,59078,1152,tcp,-,3e-06,1,1,0,0,349525.333333,349525.333333,699050.666667,1.0,40,40,40,20,20,20,0,1,1,0,0,1,0,0,0,0,0.0,0.0,0.0,0.0,0.0,0.0,0.0,0.0,0.0,0.0,0.0,0.0,0.0,0.0,0.0,0.0,0.0,0.0,0.0,0.0,0.0,0.0,0.0,0.0,0.0,2.861023,2.861023,2.861023,2.861023,0.0,0.0,1.0,1.0,0.0,0.0,0.0,0.0,0.0,0.0,0.0,0.0,2.861023,2.861023,2.861023,2.861023,0.0,0.0,0.0,0.0,0.0,0.0,64240,0,64240,NMAP_TCP_scan
T0749,50080,19193,udp,-,0.0,1,0,0,0,0.0,0.0,0.0,0.0,8,8,8,0,0,0,0,0,0,0,0,0,0,0,0,0,0.0,0.0,0.0,0.0,0.0,0.0,0.0,0.0,0.0,0.0,0.0,0.0,0.0,0.0,0.0,0.0,0.0,0.0,0.0,0.0,0.0,0.0,0.0,0.0,0.0,0.0,0.0,0.0,0.0,0.0,0.0,1.0,0.0,0.0,0.0,0.0,0.0,0.0,0.0,0.0,0.0,0.0,0.0,0.0,0.0,0.0,0.0,0.0,0.0,0.0,0.0,0,0,0,NMAP_UDP_SCAN
T0750,51036,32774,tcp,-,2e-06,1,1,0,0,466033.777778,466033.777778,932067.555556,1.0,20,20,20,20,20,20,0,0,1,0,0,1,0,0,0,0,0.0,0.0,0.0,0.0,0.0,0.0,0.0,0.0,0.0,0.0,0.0,0.0,0.0,0.0,0.0,0.0,0.0,0.0,0.0,0.0,0.0,0.0,0.0,0.0,0.0,2.145767,2.145767,2.145767,2.145767,0.0,0.0,1.0,1.0,0.0,0.0,0.0,0.0,0.0,0.0,0.0,0.0,2.145767,2.145767,2.145767,2.145767,0.0,0.0,0.0,0.0,0.0,0.0,1024,0,1024,NMAP_OS_DETECTION
T0751,59247,6547,tcp,-,5e-06,1,1,0,0,199728.761905,199728.761905,399457.52381,1.0,20,20,20,20,20,20,1,0,1,1,0,1,1,0,0,0,0.0,0.0,0.0,0.0,0.0,0.0,0.0,0.0,0.0,0.0,0.0,0.0,0.0,0.0,0.0,0.0,0.0,0.0,0.0,0.0,0.0,0.0,0.0,0.0,0.0,5.0067900000000005,5.0067900000000005,5.0067900000000005,5.0067900000000005,0.0,0.0,1.0,1.0,0.0,0.0,0.0,0.0,0.0,0.0,0.0,0.0,5.0067900000000005,5.0067900000000005,5.0067900000000005,5.0067900000000005,0.0,0.0,0.0,0.0,0.0,0.0,1024,0,1024,NMAP_XMAS_TREE_SCAN
T0752,51580,80,tcp,http,0.000537,8,0,2,0,14899.83659,0.0,14899.83659,0.0,260,20,40,0,0,0,1,2,1,2,0,6,0,0,0,0,0.0,126.0,212.0,26.5,50.219518,0.0,0.0,0.0,0.0,0.0,0.0,126.0,212.0,26.5,50.219518,20.027161,325.918198,536.91864,76.702663,111.921777,0.0,0.0,0.0,0.0,0.0,20.027161,325.918198,536.91864,76.702663,111.921777,394845.669627,8.0,0.0,212.0,0.0,0.0,0.0,0.0,0.0,0.0,0.0,536.91864,536.91864,536.91864,536.91864,0.0,0.0,0.0,0.0,0.0,0.0,65476,0,0,NMAP_UDP_SCAN
T0753,45541,5353,udp,dns,0.0,1,0,1,0,0.0,0.0,0.0,0.0,8,8,8,0,0,0,0,0,0,0,0,0,0,0,0,0,40.0,40.0,40.0,40.0,0.0,0.0,0.0,0.0,0.0,0.0,40.0,40.0,40.0,40.0,0.0,0.0,0.0,0.0,0.0,0.0,0.0,0.0,0.0,0.0,0.0,0.0,0.0,0.0,0.0,0.0,0.0,1.0,0.0,40.0,0.0,0.0,0.0,0.0,0.0,0.0,0.0,0.0,0.0,0.0,0.0,0.0,0.0,0.0,0.0,0.0,0.0,0,0,0,ARP_poisioning
T0754,51474,80,tcp,http,0.000504,8,0,2,0,15872.48439,0.0,15872.48439,0.0,260,20,40,0,0,0,1,2,1,2,0,6,0,0,0,0,0.0,126.0,212.0,26.5,50.219518,0.0,0.0,0.0,0.0,0.0,0.0,126.0,212.0,26.5,50.219518,20.027161,315.904617,504.016876,72.002411,108.42708,0.0,0.0,0.0,0.0,0.0,20.027161,315.904617,504.016876,72.002411,108.42708,420620.836329,8.0,0.0,212.0,0.0,0.0,0.0,0.0,0.0,0.0,0.0,504.016876,504.016876,504.016876,504.016876,0.0,0.0,0.0,0.0,0.0,0.0,65476,0,0,DDOS_Slowloris
T0755,12214,21,tcp,-,1e-06,1,1,1,0,838860.8,838860.8,1677721.6,1.0,20,20,20,20,20,20,0,1,1,0,0,1,0,0,0,0,120.0,120.0,120.0,120.0,0.0,0.0,0.0,0.0,0.0,0.0,0.0,120.0,120.0,60.0,84.852814,0.0,0.0,0.0,0.0,0.0,0.0,0.0,0.0,0.0,0.0,1.192093,1.192093,1.192093,1.192093,0.0,100663296.0,1.0,1.0,120.0,0.0,0.0,0.0,0.0,0.0,0.0,0.0,1.192093,1.192093,1.192093,1.192093,0.0,0.0,0.0,0.0,0.0,0.0,64,0,64,DOS_SYN_Hping
T0756,25067,21,tcp,-,0.0,1,0,1,0,0.0,0.0,0.0,0.0,20,20,20,0,0,0,0,1,0,0,0,0,0,0,0,0,120.0,120.0,120.0,120.0,0.0,0.0,0.0,0.0,0.0,0.0,120.0,120.0,120.0,120.0,0.0,0.0,0.0,0.0,0.0,0.0,0.0,0.0,0.0,0.0,0.0,0.0,0.0,0.0,0.0,0.0,0.0,1.0,0.0,120.0,0.0,0.0,0.0,0.0,0.0,0.0,0.0,0.0,0.0,0.0,0.0,0.0,0.0,0.0,0.0,0.0,0.0,64,0,64,DOS_SYN_Hping
T0757,58036,443,tcp,ssl,1.4542700000000002,14,13,3,9,9.626824,8.939194,18.566017,0.928571,432,20,40,424,32,40,2,2,2,3,7,24,0,0,0,0,0.0,517.0,840.0,60.0,144.534798,0.0,1408.0,6197.0,476.692308,590.854097,0.0,1408.0,7037.0,260.62963,465.390171,228.881836,347482.9197,1456753.0159999998,112057.9243,132401.1457,20.027161,343580.0076,1207690.001,100640.8334,140172.486,20.027161,284891.8438,1456753.0159999998,56028.96214,100408.6862,4838.854237,14.0,13.0,840.0,6197.0,0.0,0.0,0.0,0.0,0.0,0.0,1456753.0159999998,1456753.0159999998,1456753.0159999998,1456753.0159999998,0.0,0.0,0.0,0.0,0.0,0.0,64240,26847,0,Thing_Speak
T0758,52892,6668,tcp,-,0.000161,0,2,0,1,0.0,12409.183432,12409.183432,0.0,0,0,0,40,20,20,1,0,0,0,1,2,0,0,0,0,0.0,0.0,0.0,0.0,0.0,0.0,91.0,91.0,45.5,64.346717,0.0,91.0,91.0,45.5,64.346717,0.0,0.0,0.0,0.0,0.0,161.170959,161.170959,161.170959,161.170959,0.0,161.170959,161.170959,161.170959,161.170959,0.0,564617.846154,0.0,2.0,0.0,91.0,0.0,0.0,0.0,0.0,0.0,0.0,161.170959,161.170959,161.170959,161.170959,0.0,0.0,0.0,0.0,0.0,0.0,0,4356,0,Wipro_bulb
T0759,55082,80,tcp,http,30.78548,7,13,4,6,0.22738,0.422277,0.6496569999999999,1.857143,232,32,40,412,20,40,7,2,1,4,6,18,0,0,0,0,0.0,168.0,210.0,30.0,61.326992,0.0,482.0,2892.0,222.461538,250.097519,0.0,482.0,3102.0,155.1,222.62664,320.911407,15369618.892670002,30785475.01564,5130912.502607,6766985.078369999,113.010406,11702863.931656,30785465.00206,2565455.416838,3851707.258843,3.814697,11702860.116959,30785480.02243,1620288.422233,3265671.133983,100.761788,1.166667,2.166667,35.0,482.0,0.0,0.0,0.0,0.0,0.0,0.0,3.814697,10381962.060928,10388869.762421,3462956.587474,5992035.50215,8693750.143051,11702860.116959,20396610.26001,10198305.130005,2127762.067886,64240,65160,501,DDOS_Slowloris
T0760,40676,137,udp,dns,0.0,1,0,1,0,0.0,0.0,0.0,0.0,8,8,8,0,0,0,0,0,0,0,0,0,0,0,0,0,50.0,50.0,50.0,50.0,0.0,0.0,0.0,0.0,0.0,0.0,50.0,50.0,50.0,50.0,0.0,0.0,0.0,0.0,0.0,0.0,0.0,0.0,0.0,0.0,0.0,0.0,0.0,0.0,0.0,0.0,0.0,1.0,0.0,50.0,0.0,0.0,0.0,0.0,0.0,0.0,0.0,0.0,0.0,0.0,0.0,0.0,0.0,0.0,0.0,0.0,0.0,0,0,0,ARP_poisioning
T0761,50171,443,tcp,ssl,0.639146,10,11,5,4,15.645875,17.210463,32.856338,1.1,204,20,24,224,20,24,2,2,2,5,4,20,0,0,0,0,0.0,357.0,808.0,80.8,120.888194,0.0,405.0,717.0,65.181818,123.869139,0.0,405.0,1525.0,72.61904799999998,119.632553,401.973724,108870.029449,715970.039368,79552.22659600001,44843.11844,57.935715,107686.99646,620583.057404,62058.30574,52526.022329,57.935715,89725.017548,715970.039368,35798.501968000004,36619.466828,2385.99598,10.0,11.0,808.0,717.0,0.0,0.0,0.0,0.0,0.0,0.0,715970.039368,715970.039368,715970.039368,715970.039368,0.0,0.0,0.0,0.0,0.0,0.0,4380,65535,4380,Wipro_bulb
T0762,64177,21702,udp,-,0.0,1,0,0,0,0.0,0.0,0.0,0.0,8,8,8,0,0,0,0,0,0,0,0,0,0,0,0,0,0.0,0.0,0.0,0.0,0.0,0.0,0.0,0.0,0.0,0.0,0.0,0.0,0.0,0.0,0.0,0.0,0.0,0.0,0.0,0.0,0.0,0.0,0.0,0.0,0.0,0.0,0.0,0.0,0.0,0.0,0.0,1.0,0.0,0.0,0.0,0.0,0.0,0.0,0.0,0.0,0.0,0.0,0.0,0.0,0.0,0.0,0.0,0.0,0.0,0.0,0.0,0,0,0,NMAP_UDP_SCAN
T0763,47188,6789,tcp,-,1e-06,1,1,0,0,1048576.0,1048576.0,2097152.0,1.0,40,40,40,20,20,20,0,1,1,0,0,1,0,0,0,0,0.0,0.0,0.0,0.0,0.0,0.0,0.0,0.0,0.0,0.0,0.0,0.0,0.0,0.0,0.0,0.0,0.0,0.0,0.0,0.0,0.0,0.0,0.0,0.0,0.0,0.953674,0.953674,0.953674,0.953674,0.0,0.0,1.0,1.0,0.0,0.0,0.0,0.0,0.0,0.0,0.0,0.0,0.953674,0.953674,0.953674,0.953674,0.0,0.0,0.0,0.0,0.0,0.0,64240,0,64240,NMAP_TCP_scan
T0764,49932,80,tcp,http,0.00312,4,3,2,0,1282.073667,961.55525,2243.628916,0.75,136,32,40,104,32,40,0,2,0,2,0,6,0,0,0,0,0.0,168.0,189.0,47.25,81.106412,0.0,0.0,0.0,0.0,0.0,0.0,168.0,189.0,27.0,62.665780000000005,10.967255,1543.045044,3085.851669,1028.617223,881.328534,1543.998718,1558.065414,3102.064133,1551.032066,9.946656,10.967255,1513.957977,3119.945526,519.990921,768.405985,60577.98074299999,4.0,3.0,189.0,0.0,0.0,0.0,0.0,0.0,0.0,0.0,3119.945526,3119.945526,3119.945526,3119.945526,0.0,0.0,0.0,0.0,0.0,0.0,64240,65160,502,DDOS_Slowloris
T0765,9416,21,tcp,-,0.0,1,0,1,0,0.0,0.0,0.0,0.0,20,20,20,0,0,0,0,1,0,0,0,0,0,0,0,0,120.0,120.0,120.0,120.0,0.0,0.0,0.0,0.0,0.0,0.0,120.0,120.0,120.0,120.0,0.0,0.0,0.0,0.0,0.0,0.0,0.0,0.0,0.0,0.0,0.0,0.0,0.0,0.0,0.0,0.0,0.0,1.0,0.0,120.0,0.0,0.0,0.0,0.0,0.0,0.0,0.0,0.0,0.0,0.0,0.0,0.0,0.0,0.0,0.0,0.0,0.0,64,0,64,DOS_SYN_Hping
T0766,59247,11967,tcp,-,1e-06,1,1,0,0,1048576.0,1048576.0,2097152.0,1.0,20,20,20,20,20,20,1,0,1,1,0,1,1,0,0,0,0.0,0.0,0.0,0.0,0.0,0.0,0.0,0.0,0.0,0.0,0.0,0.0,0.0,0.0,0.0,0.0,0.0,0.0,0.0,0.0,0.0,0.0,0.0,0.0,0.0,0.953674,0.953674,0.953674,0.953674,0.0,0.0,1.0,1.0,0.0,0.0,0.0,0.0,0.0,0.0,0.0,0.0,0.953674,0.953674,0.953674,0.953674,0.0,0.0,0.0,0.0,0.0,0.0,1024,0,1024,NMAP_XMAS_TREE_SCAN
T0767,36242,2910,tcp,-,2.1e-05,1,1,0,0,47662.545455,47662.545455,95325.090909,1.0,20,20,20,20,20,20,1,0,1,1,0,1,1,0,0,0,0.0,0.0,0.0,0.0,0.0,0.0,0.0,0.0,0.0,0.0,0.0,0.0,0.0,0.0,0.0,0.0,0.0,0.0,0.0,0.0,0.0,0.0,0.0,0.0,0.0,20.980835,20.980835,20.980835,20.980835,0.0,0.0,1.0,1.0,0.0,0.0,0.0,0.0,0.0,0.0,0.0,0.0,20.980835,20.980835,20.980835,20.980835,0.0,0.0,0.0,0.0,0.0,0.0,1024,0,1024,NMAP_XMAS_TREE_SCAN
T0768,55402,443,tcp,ssl,1.5541049999999998,14,12,3,9,9.0084,7.721486,16.729885999999997,0.857143,432,20,40,392,32,40,2,2,2,3,6,23,0,0,0,0,0.0,517.0,840.0,60.0,144.534798,0.0,1352.0,6503.0,541.916667,614.598089,0.0,1352.0,7343.0,282.423077,486.919474,260.829926,302590.1318,1556696.892,119745.9148,139812.9885,38.146973,379657.9838,1273904.085,115809.4623,162035.8634,38.146973,300482.9884,1556696.892,62267.87567,115011.8112,4724.905843,14.0,12.0,840.0,6503.0,0.0,4548.0,0.0,5.0,0.0,5138926.345,1556696.892,1556696.892,1556696.892,1556696.892,0.0,0.0,0.0,0.0,0.0,0.0,64240,26847,0,Thing_Speak
T0769,36242,65389,tcp,-,2.2e-05,1,1,0,0,45100.043011,45100.043011,90200.086022,1.0,20,20,20,20,20,20,1,0,1,1,0,1,1,0,0,0,0.0,0.0,0.0,0.0,0.0,0.0,0.0,0.0,0.0,0.0,0.0,0.0,0.0,0.0,0.0,0.0,0.0,0.0,0.0,0.0,0.0,0.0,0.0,0.0,0.0,22.172928,22.172928,22.172928,22.172928,0.0,0.0,1.0,1.0,0.0,0.0,0.0,0.0,0.0,0.0,0.0,0.0,22.172928,22.172928,22.172928,22.172928,0.0,0.0,0.0,0.0,0.0,0.0,1024,0,1024,NMAP_XMAS_TREE_SCAN
T0770,60921,53,udp,dns,0.152045,2,2,2,2,13.153999,13.153999,26.307999,1.0,16,8,8,16,8,8,0,0,0,0,0,0,0,0,0,0,39.0,39.0,78.0,39.0,0.0,94.0,103.0,197.0,98.5,6.363961,39.0,103.0,275.0,68.75,34.548275,240.087509,240.087509,240.087509,240.087509,0.0,102971.077,102971.077,102971.077,102971.077,0.0,240.087509,102971.077,152045.0115,50681.67051,51390.4163,1808.674926,2.0,2.0,78.0,197.0,0.0,0.0,0.0,0.0,0.0,0.0,152045.0115,152045.0115,152045.0115,152045.0115,0.0,0.0,0.0,0.0,0.0,0.0,0,0,0,Thing_Speak
T0771,59247,20031,tcp,-,7.000000000000001e-06,1,1,0,0,144631.172414,144631.172414,289262.344828,1.0,20,20,20,20,20,20,1,0,1,1,0,1,1,0,0,0,0.0,0.0,0.0,0.0,0.0,0.0,0.0,0.0,0.0,0.0,0.0,0.0,0.0,0.0,0.0,0.0,0.0,0.0,0.0,0.0,0.0,0.0,0.0,0.0,0.0,6.914139,6.914139,6.914139,6.914139,0.0,0.0,1.0,1.0,0.0,0.0,0.0,0.0,0.0,0.0,0.0,0.0,6.914139,6.914139,6.914139,6.914139,0.0,0.0,0.0,0.0,0.0,0.0,1024,0,1024,NMAP_XMAS_TREE_SCAN
T0772,51036,1137,tcp,-,6e-06,1,1,0,0,161319.38461500002,161319.38461500002,322638.769231,1.0,20,20,20,20,20,20,0,0,1,0,0,1,0,0,0,0,0.0,0.0,0.0,0.0,0.0,0.0,0.0,0.0,0.0,0.0,0.0,0.0,0.0,0.0,0.0,0.0,0.0,0.0,0.0,0.0,0.0,0.0,0.0,0.0,0.0,6.198883,6.198883,6.198883,6.198883,0.0,0.0,1.0,1.0,0.0,0.0,0.0,0.0,0.0,0.0,0.0,0.0,6.198883,6.198883,6.198883,6.198883,0.0,0.0,0.0,0.0,0.0,0.0,1024,0,1024,NMAP_OS_DETECTION
T0773,42983,1883,tcp,mqtt,18.02611,10,8,3,4,0.554751,0.443801,0.998552,0.8,328,32,40,264,32,40,0,2,1,3,4,17,0,0,0,0,0.0,33.0,78.0,7.8,12.934021,0.0,23.0,36.0,4.5,7.782764999999999,0.0,33.0,114.0,6.3333330000000005,10.786702,204.801559,15754549.980164,18026109.933853,2002901.103761,5169585.970449,63.180923,1442077.875137,2011543.035507,287363.290787,525689.9525390001,63.180923,15754549.980164,18026109.933853,1060359.407874,3797845.620006,6.32416,3.333333,2.666667,26.0,12.0,0.0,0.0,0.0,0.0,0.0,0.0,2271559.9536900003,2271559.9536900003,2271559.9536900003,2271559.9536900003,0.0,15754549.980164,15754549.980164,15754549.980164,15754549.980164,0.0,64240,26847,502,MQTT_Publish
T0774,55532,443,tcp,ssl,7.906008,24,18,9,11,3.035666,2.27675,5.312416000000001,0.75,776,32,40,584,32,40,2,2,0,5,11,41,0,0,0,0,0.0,1352.0,6250.0,260.416667,510.08012300000007,0.0,1352.0,7152.0,397.333333,555.900435,0.0,1352.0,13402.0,319.095238,528.006551,2.145767,5826780.080794999,7906023.025513001,343740.131544,1235748.225008,10.01358,5867832.899094,7864760.160446,462632.950614,1441548.755975,0.953674,5826780.080794999,7906023.025513001,192829.829891,932048.629995,1695.1665100000002,8.0,6.0,2083.333333,2384.0,0.0,3313.0,0.0,5.0,0.0,8222324.942012,41815.042496,2037427.902222,2079242.944717,1039621.472359,1411111.385735,5826780.080794999,5826780.080794999,5826780.080794999,5826780.080794999,0.0,64240,14600,501,ARP_poisioning
T0775,56868,22,tcp,-,0.0,1,0,0,0,0.0,0.0,0.0,0.0,20,20,20,0,0,0,1,0,0,0,0,0,0,0,0,0,0.0,0.0,0.0,0.0,0.0,0.0,0.0,0.0,0.0,0.0,0.0,0.0,0.0,0.0,0.0,0.0,0.0,0.0,0.0,0.0,0.0,0.0,0.0,0.0,0.0,0.0,0.0,0.0,0.0,0.0,0.0,1.0,0.0,0.0,0.0,0.0,0.0,0.0,0.0,0.0,0.0,0.0,0.0,0.0,0.0,0.0,0.0,0.0,0.0,0.0,0.0,1024,0,1024,NMAP_FIN_SCAN
T0776,55464,80,tcp,http,24.203276,6,5,4,0,0.2479,0.206584,0.454484,0.833333,200,32,40,168,32,40,0,2,0,4,0,10,0,0,0,0,0.0,168.0,211.0,35.166667,65.554303,0.0,0.0,0.0,0.0,0.0,0.0,168.0,211.0,19.181818,49.859439,15.974045000000002,19068403.0056,24203270.91217,4840654.182434,8257764.783647,1680.8509829999998,19068406.820297,24203247.785568,6050811.946392,9008755.427638,1.192093,19068401.813507,24203275.918961,2420327.591896,6067603.077349,8.717827999999999,2.0,1.666667,70.333333,0.0,0.0,0.0,0.0,0.0,0.0,0.0,1.192093,4745.006561,4751.205444,1583.735148,2737.742016,5130122.900009,19068401.813507,24198524.713516,12099262.356758,9855851.537804,64240,65160,502,DDOS_Slowloris
T0777,36242,2013,tcp,-,8e-06,1,1,0,0,123361.882353,123361.882353,246723.764706,1.0,20,20,20,20,20,20,1,0,1,1,0,1,1,0,0,0,0.0,0.0,0.0,0.0,0.0,0.0,0.0,0.0,0.0,0.0,0.0,0.0,0.0,0.0,0.0,0.0,0.0,0.0,0.0,0.0,0.0,0.0,0.0,0.0,0.0,8.106232,8.106232,8.106232,8.106232,0.0,0.0,1.0,1.0,0.0,0.0,0.0,0.0,0.0,0.0,0.0,0.0,8.106232,8.106232,8.106232,8.106232,0.0,0.0,0.0,0.0,0.0,0.0,1024,0,1024,NMAP_XMAS_TREE_SCAN
T0778,55220,80,tcp,http,30.629886,7,10,4,3,0.228535,0.326479,0.555013,1.4285709999999998,232,32,40,316,20,40,4,2,1,4,3,15,0,0,0,0,0.0,168.0,210.0,30.0,61.354163,0.0,482.0,1446.0,144.6,232.82812,0.0,482.0,1656.0,97.411765,187.840377,5.0067900000000005,15447768.92662,30629878.997803003,5104979.832967,6763609.892136,102.043152,14731102.94342,30629868.030548,3403318.670061,5698951.720493,1.907349,14731102.94342,30629886.15036,1914367.884398,4509788.044919,54.064843,1.75,2.5,52.5,361.5,0.0,0.0,0.0,0.0,0.0,0.0,1.907349,4339692.115784,4351634.979248,1450544.993083,2502081.924654,11547148.227692,14731102.94342,26278251.171112,13139125.585556,2251395.9704830004,64240,65160,501,DDOS_Slowloris
T0779,57242,53,udp,dns,0.000144,2,2,2,2,13888.423841,13888.423841,27776.847682,1.0,16,8,8,16,8,8,0,0,0,0,0,0,0,0,0,0,45.0,45.0,90.0,45.0,0.0,45.0,61.0,106.0,53.0,11.313708,45.0,61.0,196.0,49.0,8.0,5.0067900000000005,5.0067900000000005,5.0067900000000005,5.0067900000000005,0.0,47.922134,47.922134,47.922134,47.922134,0.0,5.0067900000000005,91.075897,144.004822,48.001607,43.034609,1361065.536424,2.0,2.0,90.0,106.0,0.0,0.0,0.0,0.0,0.0,0.0,144.004822,144.004822,144.004822,144.004822,0.0,0.0,0.0,0.0,0.0,0.0,0,0,0,ARP_poisioning
T0780,46600,1801,tcp,-,6e-06,1,1,0,0,167772.16,167772.16,335544.32,1.0,20,20,20,20,20,20,0,0,1,0,0,1,0,0,0,0,0.0,0.0,0.0,0.0,0.0,0.0,0.0,0.0,0.0,0.0,0.0,0.0,0.0,0.0,0.0,0.0,0.0,0.0,0.0,0.0,0.0,0.0,0.0,0.0,0.0,5.960464,5.960464,5.960464,5.960464,0.0,0.0,1.0,1.0,0.0,0.0,0.0,0.0,0.0,0.0,0.0,0.0,5.960464,5.960464,5.960464,5.960464,0.0,0.0,0.0,0.0,0.0,0.0,1024,0,1024,NMAP_OS_DETECTION
T0781,60386,5353,udp,dns,0.0,1,0,1,0,0.0,0.0,0.0,0.0,8,8,8,0,0,0,0,0,0,0,0,0,0,0,0,0,46.0,46.0,46.0,46.0,0.0,0.0,0.0,0.0,0.0,0.0,46.0,46.0,46.0,46.0,0.0,0.0,0.0,0.0,0.0,0.0,0.0,0.0,0.0,0.0,0.0,0.0,0.0,0.0,0.0,0.0,0.0,1.0,0.0,46.0,0.0,0.0,0.0,0.0,0.0,0.0,0.0,0.0,0.0,0.0,0.0,0.0,0.0,0.0,0.0,0.0,0.0,0,0,0,ARP_poisioning
T0782,55354,80,tcp,http,28.439031,6,5,4,0,0.210978,0.175815,0.386792,0.833333,200,32,40,168,32,40,0,2,0,4,0,10,0,0,0,0,0.0,168.0,209.0,34.833333,65.673181,0.0,0.0,0.0,0.0,0.0,0.0,168.0,209.0,19.0,49.873841,559.0915679999999,19072938.919067003,28439024.925232,5687804.985046,8509788.059471,1721.143723,19072942.018509,28438982.009888,7109745.502472,9114589.549385,2.861023,19072936.058044,28439030.885696,2843903.08857,6416498.016663,7.349055,2.0,1.666667,69.666667,0.0,0.0,0.0,0.0,0.0,0.0,0.0,2.861023,4250.049591,4258.871078,1419.623693,2451.221221,9361835.956573,19072936.058044,28434772.014618,14217386.007309,6866784.734530999,64240,65160,502,DDOS_Slowloris
T0783,51036,4567,tcp,-,6e-06,1,1,0,0,167772.16,167772.16,335544.32,1.0,20,20,20,20,20,20,0,0,1,0,0,1,0,0,0,0,0.0,0.0,0.0,0.0,0.0,0.0,0.0,0.0,0.0,0.0,0.0,0.0,0.0,0.0,0.0,0.0,0.0,0.0,0.0,0.0,0.0,0.0,0.0,0.0,0.0,5.960464,5.960464,5.960464,5.960464,0.0,0.0,1.0,1.0,0.0,0.0,0.0,0.0,0.0,0.0,0.0,0.0,5.960464,5.960464,5.960464,5.960464,0.0,0.0,0.0,0.0,0.0,0.0,1024,0,1024,NMAP_OS_DETECTION
T0784,51036,1,tcp,-,5e-06,1,1,0,0,199728.761905,199728.761905,399457.52381,1.0,20,20,20,20,20,20,0,0,1,0,0,1,0,0,0,0,0.0,0.0,0.0,0.0,0.0,0.0,0.0,0.0,0.0,0.0,0.0,0.0,0.0,0.0,0.0,0.0,0.0,0.0,0.0,0.0,0.0,0.0,0.0,0.0,0.0,5.0067900000000005,5.0067900000000005,5.0067900000000005,5.0067900000000005,0.0,0.0,1.0,1.0,0.0,0.0,0.0,0.0,0.0,0.0,0.0,0.0,5.0067900000000005,5.0067900000000005,5.0067900000000005,5.0067900000000005,0.0,0.0,0.0,0.0,0.0,0.0,1024,0,1024,NMAP_OS_DETECTION
T0785,59247,1761,tcp,-,7.000000000000001e-06,1,1,0,0,144631.172414,144631.172414,289262.344828,1.0,20,20,20,20,20,20,1,0,1,1,0,1,1,0,0,0,0.0,0.0,0.0,0.0,0.0,0.0,0.0,0.0,0.0,0.0,0.0,0.0,0.0,0.0,0.0,0.0,0.0,0.0,0.0,0.0,0.0,0.0,0.0,0.0,0.0,6.914139,6.914139,6.914139,6.914139,0.0,0.0,1.0,1.0,0.0,0.0,0.0,0.0,0.0,0.0,0.0,0.0,6.914139,6.914139,6.914139,6.914139,0.0,0.0,0.0,0.0,0.0,0.0,1024,0,1024,NMAP_XMAS_TREE_SCAN
T0786,59247,1093,tcp,-,6e-06,1,1,0,0,167772.16,167772.16,335544.32,1.0,20,20,20,20,20,20,1,0,1,1,0,1,1,0,0,0,0.0,0.0,0.0,0.0,0.0,0.0,0.0,0.0,0.0,0.0,0.0,0.0,0.0,0.0,0.0,0.0,0.0,0.0,0.0,0.0,0.0,0.0,0.0,0.0,0.0,5.960464,5.960464,5.960464,5.960464,0.0,0.0,1.0,1.0,0.0,0.0,0.0,0.0,0.0,0.0,0.0,0.0,5.960464,5.960464,5.960464,5.960464,0.0,0.0,0.0,0.0,0.0,0.0,1024,0,1024,NMAP_XMAS_TREE_SCAN
T0787,51036,2020,tcp,-,6e-06,1,1,0,0,167772.16,167772.16,335544.32,1.0,20,20,20,20,20,20,0,0,1,0,0,1,0,0,0,0,0.0,0.0,0.0,0.0,0.0,0.0,0.0,0.0,0.0,0.0,0.0,0.0,0.0,0.0,0.0,0.0,0.0,0.0,0.0,0.0,0.0,0.0,0.0,0.0,0.0,5.960464,5.960464,5.960464,5.960464,0.0,0.0,1.0,1.0,0.0,0.0,0.0,0.0,0.0,0.0,0.0,0.0,5.960464,5.960464,5.960464,5.960464,0.0,0.0,0.0,0.0,0.0,0.0,1024,0,1024,NMAP_OS_DETECTION
T0788,3519,21,tcp,-,2e-06,1,1,1,0,524288.0,524288.0,1048576.0,1.0,20,20,20,20,20,20,0,1,1,0,0,1,0,0,0,0,120.0,120.0,120.0,120.0,0.0,0.0,0.0,0.0,0.0,0.0,0.0,120.0,120.0,60.0,84.852814,0.0,0.0,0.0,0.0,0.0,0.0,0.0,0.0,0.0,0.0,1.907349,1.907349,1.907349,1.907349,0.0,62914560.0,1.0,1.0,120.0,0.0,0.0,0.0,0.0,0.0,0.0,0.0,1.907349,1.907349,1.907349,1.907349,0.0,0.0,0.0,0.0,0.0,0.0,64,0,64,DOS_SYN_Hping
T0789,34592,80,tcp,http,0.877075,7,5,2,1,7.981074,5.700767,13.681841,0.714286,232,32,40,168,32,40,2,2,0,2,1,11,0,0,0,0,0.0,169.0,215.0,30.714286,63.34223000000001,0.0,539.0,539.0,107.8,241.048128,0.0,539.0,754.0,62.833333,157.77477199999998,129.938126,312256.0978,878878.8319,146479.8053,159314.4309,87.976456,283740.0436,597918.9873,149479.7468,155120.6903,87.976456,279185.0567,878878.8319,79898.07562,128269.4999,859.675669,7.0,5.0,215.0,539.0,0.0,0.0,0.0,0.0,0.0,0.0,878878.8319,878878.8319,878878.8319,878878.8319,0.0,0.0,0.0,0.0,0.0,0.0,64240,26847,501,Thing_Speak
T0790,64177,3,udp,-,0.0,1,0,0,0,0.0,0.0,0.0,0.0,8,8,8,0,0,0,0,0,0,0,0,0,0,0,0,0,0.0,0.0,0.0,0.0,0.0,0.0,0.0,0.0,0.0,0.0,0.0,0.0,0.0,0.0,0.0,0.0,0.0,0.0,0.0,0.0,0.0,0.0,0.0,0.0,0.0,0.0,0.0,0.0,0.0,0.0,0.0,1.0,0.0,0.0,0.0,0.0,0.0,0.0,0.0,0.0,0.0,0.0,0.0,0.0,0.0,0.0,0.0,0.0,0.0,0.0,0.0,0,0,0,NMAP_UDP_SCAN
T0791,55234,80,tcp,http,30.606324,7,10,4,3,0.228711,0.32673,0.555441,1.4285709999999998,232,32,40,316,20,40,4,2,1,4,3,15,0,0,0,0,0.0,168.0,211.0,30.142857,61.300975,0.0,482.0,1446.0,144.6,232.82812,0.0,482.0,1657.0,97.470588,187.811447,258.922577,15447464.942932,30606318.950653,5101053.158442,6762165.574844,107.049942,14733711.957932,30606311.082840003,3400701.231427,5697929.097231,1.907349,14733711.957932,30606323.957443,1912895.24734,4508566.046302,54.139138,1.75,2.5,52.75,361.5,0.0,0.0,0.0,0.0,0.0,0.0,1.907349,4337902.069092,4340062.856674,1446687.618891,2503865.39393,11532549.142838,14733711.957932,26266261.100769,13133130.550385,2263563.934235,64240,65160,501,DDOS_Slowloris
T0792,49306,443,tcp,ssl,77.027716,353,258,334,6,4.582766,3.349444,7.93221,0.730878,11304,32,40,8252,20,40,3,2,1,9,6,609,0,0,0,0,0.0,1408.0,465736.0,1319.3654390000002,338.030147,0.0,2816.0,5165.0,20.01938,195.635937,0.0,2816.0,470901.0,770.7054009999999,703.283597,0.953674,10240133.047104,77027036.905289,218826.80939,1416775.43066,0.953674,10249989.032745,76839865.922928,298987.805148,1648231.041428,0.953674,10075392.961502,77027715.921402,126274.944133,1064481.041657,6113.396904,39.222222,28.666667,51748.444444,573.888889,465095.0,0.0,331.0,0.0,513595.794577,0.0,167656.898499,3968780.040741,7709125.041962,963640.630245,1327634.047624,9282833.099365,10075392.961502,69318590.87944001,9902655.83992,286752.680087,64240,62643,501,ARP_poisioning
T0793,62687,53,udp,dns,0.041868,1,1,1,1,23.884606,23.884606,47.769212,1.0,8,8,8,8,8,8,0,0,0,0,0,0,0,0,0,0,60.0,60.0,60.0,60.0,0.0,76.0,76.0,76.0,76.0,0.0,60.0,76.0,136.0,68.0,11.313708,0.0,0.0,0.0,0.0,0.0,0.0,0.0,0.0,0.0,0.0,41867.97142,41867.97142,41867.97142,41867.97142,0.0,3248.306411,1.0,1.0,60.0,76.0,0.0,0.0,0.0,0.0,0.0,0.0,41867.97142,41867.97142,41867.97142,41867.97142,0.0,0.0,0.0,0.0,0.0,0.0,0,0,0,Thing_Speak
T0794,60340,443,tcp,ssl,1.25225,13,12,3,9,10.381314,9.582751,19.964065,0.923077,400,20,40,392,32,40,2,2,2,3,7,22,0,0,0,0,0.0,517.0,840.0,64.615385,149.35892900000002,0.0,1408.0,6201.0,516.75,601.383273,0.0,1408.0,7041.0,281.64,479.65238099999993,221.014023,242134.8095,1254562.855,104546.9046,111870.3521,22.888184,315941.8106,1028285.98,93480.54366,131386.2263,22.888184,239696.9795,1254562.855,52273.45228,92592.72568,5622.679374,13.0,12.0,840.0,6201.0,0.0,0.0,0.0,0.0,0.0,0.0,1254562.855,1254562.855,1254562.855,1254562.855,0.0,0.0,0.0,0.0,0.0,0.0,64240,26847,0,Thing_Speak
T0795,43729,1883,tcp,mqtt,60.088439,10,6,3,4,0.166421,0.099853,0.266274,0.6,328,32,40,200,32,40,0,2,1,3,4,15,0,0,0,0,0.0,33.0,78.0,7.8,12.934021,0.0,23.0,36.0,6.0,8.602325,0.0,33.0,114.0,7.125,11.218289,239.133835,57795503.854752,60088438.98773199,6676493.220859,19173584.453313,114.917755,1535162.9257200004,2041710.853577,408342.170715,642338.398224,114.917755,57795503.854752,60088438.98773199,4005895.932515,14884025.639135,1.897204,3.333333,2.0,26.0,12.0,0.0,0.0,0.0,0.0,0.0,0.0,2292935.13298,2292935.13298,2292935.13298,2292935.13298,0.0,57795503.854752,57795503.854752,57795503.854752,57795503.854752,0.0,64240,26847,502,MQTT_Publish
T0796,56087,443,tcp,ssl,0.6680510000000001,10,11,5,4,14.968917,16.465809,31.434726,1.1,204,20,24,224,20,24,2,2,2,5,4,20,0,0,0,0,0.0,357.0,808.0,80.8,120.888194,0.0,421.0,733.0,66.636364,128.274138,0.0,421.0,1541.0,73.38095200000002,121.884977,237.941742,106393.814087,717410.0875850002,79712.231954,44729.981107,41.96167,108247.995377,627635.002136,62763.500214,52385.326487,41.96167,64226.865768,717410.0875850002,35870.504379000005,23970.448812,2306.710101,10.0,11.0,808.0,733.0,0.0,0.0,0.0,0.0,0.0,0.0,717410.0875850002,717410.0875850002,717410.0875850002,717410.0875850002,0.0,0.0,0.0,0.0,0.0,0.0,4380,65535,4380,Wipro_bulb
T0797,45193,1883,tcp,mqtt,44.971077,10,6,3,4,0.222365,0.133419,0.355784,0.6,328,32,40,200,32,40,0,2,1,3,4,15,0,0,0,0,0.0,33.0,78.0,7.8,12.934021,0.0,23.0,36.0,6.0,8.602325,0.0,33.0,114.0,7.125,11.218289,237.941742,42885756.969452,44971076.965332,4996786.329481,14215330.748209,75.10185200000002,1583120.8229059996,1915853.977203,383170.795441,675682.818297,75.10185200000002,42885756.969452,44971076.965332,2998071.797689,11040467.706591,2.5349630000000003,3.333333,2.0,26.0,12.0,0.0,0.0,0.0,0.0,0.0,0.0,2085319.99588,2085319.99588,2085319.99588,2085319.99588,0.0,42885756.969452,42885756.969452,42885756.969452,42885756.969452,0.0,64240,26847,502,MQTT_Publish
T0798,52355,21,tcp,-,4e-06,1,1,1,0,246723.764706,246723.764706,493447.529412,1.0,20,20,20,20,20,20,0,1,1,0,0,1,0,0,0,0,120.0,120.0,120.0,120.0,0.0,0.0,0.0,0.0,0.0,0.0,0.0,120.0,120.0,60.0,84.852814,0.0,0.0,0.0,0.0,0.0,0.0,0.0,0.0,0.0,0.0,4.053116,4.053116,4.053116,4.053116,0.0,29606851.764706,1.0,1.0,120.0,0.0,0.0,0.0,0.0,0.0,0.0,0.0,4.053116,4.053116,4.053116,4.053116,0.0,0.0,0.0,0.0,0.0,0.0,64,0,64,DOS_SYN_Hping
T0799,34295,5353,udp,dns,0.0,1,0,1,0,0.0,0.0,0.0,0.0,8,8,8,0,0,0,0,0,0,0,0,0,0,0,0,0,43.0,43.0,43.0,43.0,0.0,0.0,0.0,0.0,0.0,0.0,43.0,43.0,43.0,43.0,0.0,0.0,0.0,0.0,0.0,0.0,0.0,0.0,0.0,0.0,0.0,0.0,0.0,0.0,0.0,0.0,0.0,1.0,0.0,43.0,0.0,0.0,0.0,0.0,0.0,0.0,0.0,0.0,0.0,0.0,0.0,0.0,0.0,0.0,0.0,0.0,0.0,0,0,0,ARP_poisioning
T0800,35868,1076,tcp,-,1e-06,1,1,0,0,838860.8,838860.8,1677721.6,1.0,40,40,40,20,20,20,0,1,1,0,0,1,0,0,0,0,0.0,0.0,0.0,0.0,0.0,0.0,0.0,0.0,0.0,0.0,0.0,0.0,0.0,0.0,0.0,0.0,0.0,0.0,0.0,0.0,0.0,0.0,0.0,0.0,0.0,1.192093,1.192093,1.192093,1.192093,0.0,0.0,1.0,1.0,0.0,0.0,0.0,0.0,0.0,0.0,0.0,0.0,1.192093,1.192093,1.192093,1.192093,0.0,0.0,0.0,0.0,0.0,0.0,64240,0,64240,NMAP_TCP_scan
T0801,64177,1900,udp,-,0.0,1,0,1,0,0.0,0.0,0.0,0.0,8,8,8,0,0,0,0,0,0,0,0,0,0,0,0,0,94.0,94.0,94.0,94.0,0.0,0.0,0.0,0.0,0.0,0.0,94.0,94.0,94.0,94.0,0.0,0.0,0.0,0.0,0.0,0.0,0.0,0.0,0.0,0.0,0.0,0.0,0.0,0.0,0.0,0.0,0.0,1.0,0.0,94.0,0.0,0.0,0.0,0.0,0.0,0.0,0.0,0.0,0.0,0.0,0.0,0.0,0.0,0.0,0.0,0.0,0.0,0,0,0,NMAP_UDP_SCAN
T0802,56077,443,tcp,ssl,0.665971,10,11,5,4,15.015668,16.517235,31.532903000000005,1.1,204,20,24,224,20,24,2,2,2,5,4,20,0,0,0,0,0.0,357.0,808.0,80.8,120.888194,0.0,405.0,717.0,65.181818,123.869139,0.0,405.0,1525.0,72.61904799999998,119.632553,395.059586,110352.99301099998,717423.915863,79713.768429,44798.77326,59.127808,111989.974976,608038.187027,60803.818703,50849.16021,59.127808,63897.848129,717423.915863,35871.195793,23458.208126,2289.88936,10.0,11.0,808.0,717.0,0.0,0.0,0.0,0.0,0.0,0.0,717423.915863,717423.915863,717423.915863,717423.915863,0.0,0.0,0.0,0.0,0.0,0.0,4380,65535,4380,Wipro_bulb
T0803,59043,1883,tcp,mqtt,62.013592,10,6,3,4,0.1612549999999999,0.096753,0.258008,0.6,328,32,40,200,32,40,0,2,1,3,4,15,0,0,0,0,0.0,33.0,78.0,7.8,12.934021,0.0,23.0,36.0,6.0,8.602325,0.0,33.0,114.0,7.125,11.218289,238.895416,59764346.12274201,62013592.004776,6890399.111642,19831225.231065,79.870224,1473321.199417,1991147.994995,398229.598999,614403.560769,79.870224,59764346.12274201,62013592.004776,4134239.466985,15392796.042644,1.838307,3.333333,2.0,26.0,12.0,0.0,0.0,0.0,0.0,0.0,0.0,2249245.882034,2249245.882034,2249245.882034,2249245.882034,0.0,59764346.12274201,59764346.12274201,59764346.12274201,59764346.12274201,0.0,64240,26847,502,MQTT_Publish
T0804,39519,22,tcp,ssh,2.861502,15,13,6,5,5.242001999999999,4.543069,9.785071,0.866667,488,32,40,424,32,40,2,2,0,6,5,27,0,0,0,0,0.0,800.0,1249.0,83.266667,205.075758,0.0,1080.0,1633.0,125.615385,300.04098,0.0,1080.0,2882.0,102.928571,249.560344,1332.998276,2724364.995956,2863093.8529970003,204506.703785,725425.6468890001,149.011612,2680321.931839,2861454.963684,238454.58030700003,769284.085799,13.113022,2680321.931839,2863093.8529970003,106040.513074,514648.769111,1007.163395,7.5,6.5,624.5,816.5,0.0,0.0,0.0,0.0,0.0,0.0,2863093.8529970003,2863093.8529970003,2863093.8529970003,2863093.8529970003,0.0,0.0,0.0,0.0,0.0,0.0,64240,65160,501,Metasploit_Brute_Force_SSH
T0805,50196,6668,tcp,irc,209.825677,112,79,38,47,0.533776,0.376503,0.910279,0.705357,2264,20,44,1584,20,24,2,2,0,38,47,190,0,0,0,0,0.0,151.0,2827.0,25.241071,49.841595,0.0,156.0,2419.0,30.620253,37.501215,0.0,156.0,5246.0,27.465969,45.11853,159.97886699999995,8591871.976852,209827941.894531,1890341.81887,2433654.927459,1573.801041,8541939.020157,209552309.989929,2686568.076794,2603731.740448,159.97886699999995,8388090.133667,209827941.894531,1104357.588919,2040932.329117,25.001707,2.113208,1.490566,53.339623,45.641509,0.0,0.0,0.0,0.0,0.0,0.0,103429.794312,30842173.099518,94613787.889481,5565516.934675,7745548.362106,5647208.929062001,8388090.133667,115214154.005051,7200884.6253160015,922492.687314,65535,4380,65535,Wipro_bulb
T0806,57458,1875,tcp,-,5e-06,1,1,0,0,199728.761905,199728.761905,399457.52381,1.0,40,40,40,20,20,20,0,1,1,0,0,1,0,0,0,0,0.0,0.0,0.0,0.0,0.0,0.0,0.0,0.0,0.0,0.0,0.0,0.0,0.0,0.0,0.0,0.0,0.0,0.0,0.0,0.0,0.0,0.0,0.0,0.0,0.0,5.0067900000000005,5.0067900000000005,5.0067900000000005,5.0067900000000005,0.0,0.0,1.0,1.0,0.0,0.0,0.0,0.0,0.0,0.0,0.0,0.0,5.0067900000000005,5.0067900000000005,5.0067900000000005,5.0067900000000005,0.0,0.0,0.0,0.0,0.0,0.0,64240,0,64240,NMAP_TCP_scan
T0807,37960,5353,udp,dns,0.0,1,0,1,0,0.0,0.0,0.0,0.0,8,8,8,0,0,0,0,0,0,0,0,0,0,0,0,0,43.0,43.0,43.0,43.0,0.0,0.0,0.0,0.0,0.0,0.0,43.0,43.0,43.0,43.0,0.0,0.0,0.0,0.0,0.0,0.0,0.0,0.0,0.0,0.0,0.0,0.0,0.0,0.0,0.0,0.0,0.0,1.0,0.0,43.0,0.0,0.0,0.0,0.0,0.0,0.0,0.0,0.0,0.0,0.0,0.0,0.0,0.0,0.0,0.0,0.0,0.0,0,0,0,ARP_poisioning
T0808,36242,1070,tcp,-,2.9e-05,1,1,0,0,34663.669421,34663.669421,69327.33884299999,1.0,20,20,20,20,20,20,1,0,1,1,0,1,1,0,0,0,0.0,0.0,0.0,0.0,0.0,0.0,0.0,0.0,0.0,0.0,0.0,0.0,0.0,0.0,0.0,0.0,0.0,0.0,0.0,0.0,0.0,0.0,0.0,0.0,0.0,28.848648,28.848648,28.848648,28.848648,0.0,0.0,1.0,1.0,0.0,0.0,0.0,0.0,0.0,0.0,0.0,0.0,28.848648,28.848648,28.848648,28.848648,0.0,0.0,0.0,0.0,0.0,0.0,1024,0,1024,NMAP_XMAS_TREE_SCAN
T0809,59247,55600,tcp,-,7.000000000000001e-06,1,1,0,0,139810.133333,139810.133333,279620.266667,1.0,20,20,20,20,20,20,1,0,1,1,0,1,1,0,0,0,0.0,0.0,0.0,0.0,0.0,0.0,0.0,0.0,0.0,0.0,0.0,0.0,0.0,0.0,0.0,0.0,0.0,0.0,0.0,0.0,0.0,0.0,0.0,0.0,0.0,7.152557000000001,7.152557000000001,7.152557000000001,7.152557000000001,0.0,0.0,1.0,1.0,0.0,0.0,0.0,0.0,0.0,0.0,0.0,0.0,7.152557000000001,7.152557000000001,7.152557000000001,7.152557000000001,0.0,0.0,0.0,0.0,0.0,0.0,1024,0,1024,NMAP_XMAS_TREE_SCAN
T0810,49808,80,tcp,http,0.004024,4,3,2,0,994.028676,745.521507,1739.550184,0.75,136,32,40,104,32,40,0,2,0,2,0,6,0,0,0,0,0.0,168.0,189.0,47.25,81.106412,0.0,0.0,0.0,0.0,0.0,0.0,168.0,189.0,27.0,62.665780000000005,8.106232,2493.858337,4004.001617,1334.667206,1251.299477,1507.0438390000002,2487.897873,3994.941711,1997.470856,693.568539,8.106232,2467.870712,4024.028778,670.671463,1054.813201,46967.854959,4.0,3.0,189.0,0.0,0.0,0.0,0.0,0.0,0.0,0.0,4024.028778,4024.028778,4024.028778,4024.028778,0.0,0.0,0.0,0.0,0.0,0.0,64240,65160,502,DDOS_Slowloris
T0811,44157,53,udp,dns,0.060853,2,2,2,2,32.866085,32.866085,65.732169,1.0,16,8,8,16,8,8,0,0,0,0,0,0,0,0,0,0,36.0,36.0,72.0,36.0,0.0,36.0,68.0,104.0,52.0,22.627417,36.0,68.0,176.0,44.0,16.0,758.886337,758.886337,758.886337,758.886337,0.0,59866.18996,59866.18996,59866.18996,59866.18996,0.0,227.928162,59866.18996,60853.00446,20284.33482,34279.92009,2892.215456,2.0,2.0,72.0,104.0,0.0,0.0,0.0,0.0,0.0,0.0,60853.00446,60853.00446,60853.00446,60853.00446,0.0,0.0,0.0,0.0,0.0,0.0,0,0,0,Thing_Speak
T0812,33588,80,tcp,http,0.888064,7,5,2,1,7.882313000000001,5.630224,13.512537,0.714286,232,32,40,168,32,40,2,2,0,2,1,11,0,0,0,0,0.0,169.0,215.0,30.714286,63.34223000000001,0.0,538.0,538.0,107.6,240.600914,0.0,538.0,753.0,62.75,157.50043300000002,90.837479,328597.0688,890074.9683,148345.8281,162725.7889,72.002411,281512.9757,611153.1258,152788.2814,149796.7209,72.002411,277269.125,890074.9683,80915.90621,126725.8457,847.911723,7.0,5.0,215.0,538.0,0.0,0.0,0.0,0.0,0.0,0.0,890074.9683,890074.9683,890074.9683,890074.9683,0.0,0.0,0.0,0.0,0.0,0.0,64240,26847,501,Thing_Speak
T0813,51036,5811,tcp,-,6e-06,1,1,0,0,161319.38461500002,161319.38461500002,322638.769231,1.0,20,20,20,20,20,20,0,0,1,0,0,1,0,0,0,0,0.0,0.0,0.0,0.0,0.0,0.0,0.0,0.0,0.0,0.0,0.0,0.0,0.0,0.0,0.0,0.0,0.0,0.0,0.0,0.0,0.0,0.0,0.0,0.0,0.0,6.198883,6.198883,6.198883,6.198883,0.0,0.0,1.0,1.0,0.0,0.0,0.0,0.0,0.0,0.0,0.0,0.0,6.198883,6.198883,6.198883,6.198883,0.0,0.0,0.0,0.0,0.0,0.0,1024,0,1024,NMAP_OS_DETECTION
T0814,52203,443,tcp,ssl,364.178791,5,1,2,0,0.01373,0.002746,0.016475,0.2,104,20,24,24,24,24,2,2,0,2,0,5,0,0,0,0,0.0,71.0,142.0,28.4,38.888302,0.0,0.0,0.0,0.0,0.0,0.0,71.0,142.0,23.666667,36.664242,2382.040024,191911227.941513,364178791.046143,91044697.761536,105427921.194967,0.0,0.0,0.0,0.0,0.0,2382.040024,191911227.941513,364178791.046143,72835758.209229,99866067.003936,0.389918,1.666667,0.333333,47.333333,0.0,0.0,0.0,0.0,0.0,0.0,0.0,2382.040024,242784.976959,255397.081375,85132.36045800001,136587.548806,172012166.023254,191911227.941513,363923393.964767,181961696.982384,14070761.621652,4380,2048,4380,Wipro_bulb
T0815,34674,80,tcp,http,0.744429,7,5,2,1,9.403179,6.716556,16.119735000000002,0.714286,232,32,40,168,32,40,2,2,0,2,1,11,0,0,0,0,0.0,169.0,214.0,30.571429,63.303126,0.0,539.0,539.0,107.8,241.048128,0.0,539.0,753.0,62.75,157.784735,91.075897,265672.9221,746483.0875,124413.8479,136360.3881,3774.881363,240211.01,504537.1056,126134.2764,129682.7542,91.075897,239892.0059,746483.0875,67862.09887,108451.4414,1011.513371,7.0,5.0,214.0,539.0,0.0,0.0,0.0,0.0,0.0,0.0,746483.0875,746483.0875,746483.0875,746483.0875,0.0,0.0,0.0,0.0,0.0,0.0,64240,26847,501,Thing_Speak
T0816,64177,16402,udp,-,0.0,1,0,0,0,0.0,0.0,0.0,0.0,8,8,8,0,0,0,0,0,0,0,0,0,0,0,0,0,0.0,0.0,0.0,0.0,0.0,0.0,0.0,0.0,0.0,0.0,0.0,0.0,0.0,0.0,0.0,0.0,0.0,0.0,0.0,0.0,0.0,0.0,0.0,0.0,0.0,0.0,0.0,0.0,0.0,0.0,0.0,1.0,0.0,0.0,0.0,0.0,0.0,0.0,0.0,0.0,0.0,0.0,0.0,0.0,0.0,0.0,0.0,0.0,0.0,0.0,0.0,0,0,0,NMAP_UDP_SCAN
T0817,51036,8873,tcp,-,6e-06,1,1,0,0,167772.16,167772.16,335544.32,1.0,20,20,20,20,20,20,0,0,1,0,0,1,0,0,0,0,0.0,0.0,0.0,0.0,0.0,0.0,0.0,0.0,0.0,0.0,0.0,0.0,0.0,0.0,0.0,0.0,0.0,0.0,0.0,0.0,0.0,0.0,0.0,0.0,0.0,5.960464,5.960464,5.960464,5.960464,0.0,0.0,1.0,1.0,0.0,0.0,0.0,0.0,0.0,0.0,0.0,0.0,5.960464,5.960464,5.960464,5.960464,0.0,0.0,0.0,0.0,0.0,0.0,1024,0,1024,NMAP_OS_DETECTION
T0818,55448,80,tcp,http,24.221176,6,5,4,0,0.247717,0.206431,0.4541479999999999,0.833333,200,32,40,168,32,40,0,2,0,4,0,10,0,0,0,0,0.0,168.0,210.0,35.0,65.59878,0.0,0.0,0.0,0.0,0.0,0.0,168.0,210.0,19.090909,49.856704,15.020370000000002,19068370.103836,24221170.902252,4844234.18045,8258241.722630001,911.951065,19068373.918533,24221146.10672,6055286.52668,9008539.40099,1.192093,19068368.911743,24221175.909042,2422117.590904,6068686.353166,8.670099,2.0,1.666667,70.0,0.0,0.0,0.0,0.0,0.0,0.0,0.0,1.192093,2613.782883,2619.981766,873.327255,1507.279994,5150187.015533,19068368.911743,24218555.927277,12109277.963638,9841640.800598,64240,65160,502,DDOS_Slowloris
T0819,60636,13722,tcp,-,4e-06,1,1,0,0,246723.764706,246723.764706,493447.529412,1.0,40,40,40,20,20,20,0,1,1,0,0,1,0,0,0,0,0.0,0.0,0.0,0.0,0.0,0.0,0.0,0.0,0.0,0.0,0.0,0.0,0.0,0.0,0.0,0.0,0.0,0.0,0.0,0.0,0.0,0.0,0.0,0.0,0.0,4.053116,4.053116,4.053116,4.053116,0.0,0.0,1.0,1.0,0.0,0.0,0.0,0.0,0.0,0.0,0.0,0.0,4.053116,4.053116,4.053116,4.053116,0.0,0.0,0.0,0.0,0.0,0.0,64240,0,64240,NMAP_TCP_scan
T0820,42780,53,udp,dns,0.048159,2,2,2,2,41.528996,41.528996,83.057992,1.0,16,8,8,16,8,8,0,0,0,0,0,0,0,0,0,0,32.0,32.0,64.0,32.0,0.0,32.0,64.0,96.0,48.0,22.627417,32.0,64.0,160.0,40.0,16.0,1068.115234,1068.115234,1068.115234,1068.115234,0.0,46830.17731,46830.17731,46830.17731,46830.17731,0.0,260.829926,46830.17731,48159.12247,16053.040819999998,26656.83824,3322.319673,2.0,2.0,64.0,96.0,0.0,0.0,0.0,0.0,0.0,0.0,48159.12247,48159.12247,48159.12247,48159.12247,0.0,0.0,0.0,0.0,0.0,0.0,0,0,0,Thing_Speak
T0821,55456,80,tcp,http,24.212254,6,5,4,0,0.247808,0.206507,0.4543149999999999,0.833333,200,32,40,168,32,40,0,2,0,4,0,10,0,0,0,0,0.0,168.0,211.0,35.166667,65.554303,0.0,0.0,0.0,0.0,0.0,0.0,168.0,211.0,19.181818,49.859439,15.974045000000002,19068388.938904,24212249.040604,4842449.808121,8258126.883474001,1271.009445,19068392.038345,24212224.006653,6053056.001662999,9008795.951653,1.907349,19068387.031555,24212254.047394,2421225.404739,6068219.819277,8.714595,2.0,1.666667,70.333333,0.0,0.0,0.0,0.0,0.0,0.0,0.0,1.907349,2891.06369,2897.977829,965.99261,1667.16118,5140969.03801,19068387.031555,24209356.069565,12104678.034782,9848171.707656,64240,65160,502,DDOS_Slowloris
T0822,64177,34422,udp,-,0.0,1,0,1,0,0.0,0.0,0.0,0.0,8,8,8,0,0,0,0,0,0,0,0,0,0,0,0,0,40.0,40.0,40.0,40.0,0.0,0.0,0.0,0.0,0.0,0.0,40.0,40.0,40.0,40.0,0.0,0.0,0.0,0.0,0.0,0.0,0.0,0.0,0.0,0.0,0.0,0.0,0.0,0.0,0.0,0.0,0.0,1.0,0.0,40.0,0.0,0.0,0.0,0.0,0.0,0.0,0.0,0.0,0.0,0.0,0.0,0.0,0.0,0.0,0.0,0.0,0.0,0,0,0,NMAP_UDP_SCAN
T0823,38962,60020,tcp,-,1e-06,1,1,0,0,1048576.0,1048576.0,2097152.0,1.0,40,40,40,20,20,20,0,1,1,0,0,1,0,0,0,0,0.0,0.0,0.0,0.0,0.0,0.0,0.0,0.0,0.0,0.0,0.0,0.0,0.0,0.0,0.0,0.0,0.0,0.0,0.0,0.0,0.0,0.0,0.0,0.0,0.0,0.953674,0.953674,0.953674,0.953674,0.0,0.0,1.0,1.0,0.0,0.0,0.0,0.0,0.0,0.0,0.0,0.0,0.953674,0.953674,0.953674,0.953674,0.0,0.0,0.0,0.0,0.0,0.0,64240,0,64240,NMAP_TCP_scan
T0824,64012,53,udp,dns,0.035949,1,1,1,1,27.817192,27.817192,55.634384,1.0,8,8,8,8,8,8,0,0,0,0,0,0,0,0,0,0,45.0,45.0,45.0,45.0,0.0,110.0,110.0,110.0,110.0,0.0,45.0,110.0,155.0,77.5,45.961941,0.0,0.0,0.0,0.0,0.0,0.0,0.0,0.0,0.0,0.0,35948.991780000004,35948.991780000004,35948.991780000004,35948.991780000004,0.0,4311.664732,1.0,1.0,45.0,110.0,0.0,0.0,0.0,0.0,0.0,0.0,35948.991780000004,35948.991780000004,35948.991780000004,35948.991780000004,0.0,0.0,0.0,0.0,0.0,0.0,0,0,0,Thing_Speak
T0825,49622,80,tcp,http,19.048971,5,4,3,0,0.262481,0.2099849999999999,0.472466,0.8,168,32,40,136,32,40,0,2,0,3,0,8,0,0,0,0,0.0,168.0,200.0,40.0,72.086753,0.0,0.0,0.0,0.0,0.0,0.0,168.0,200.0,22.222222,55.160624,511.169434,19041134.83429,19048964.977264,4762241.2443160005,9519262.51424,3252.983093,19041120.052338,19048957.109451,6349652.369817,10991133.444522,6.198883,19041113.853455,19048971.176147,2381121.397018,6731653.701381,10.499255,2.5,2.0,100.0,0.0,0.0,0.0,0.0,0.0,0.0,0.0,6.198883,7851.123809999999,7857.322693000001,3928.661346,5547.199614,19041113.853455,19041113.853455,19041113.853455,19041113.853455,0.0,64240,65160,502,DDOS_Slowloris
T0826,59247,5560,tcp,-,7.000000000000001e-06,1,1,0,0,139810.133333,139810.133333,279620.266667,1.0,20,20,20,20,20,20,1,0,1,1,0,1,1,0,0,0,0.0,0.0,0.0,0.0,0.0,0.0,0.0,0.0,0.0,0.0,0.0,0.0,0.0,0.0,0.0,0.0,0.0,0.0,0.0,0.0,0.0,0.0,0.0,0.0,0.0,7.152557000000001,7.152557000000001,7.152557000000001,7.152557000000001,0.0,0.0,1.0,1.0,0.0,0.0,0.0,0.0,0.0,0.0,0.0,0.0,7.152557000000001,7.152557000000001,7.152557000000001,7.152557000000001,0.0,0.0,0.0,0.0,0.0,0.0,1024,0,1024,NMAP_XMAS_TREE_SCAN
T0827,59247,2381,tcp,-,6e-06,1,1,0,0,167772.16,167772.16,335544.32,1.0,20,20,20,20,20,20,1,0,1,1,0,1,1,0,0,0,0.0,0.0,0.0,0.0,0.0,0.0,0.0,0.0,0.0,0.0,0.0,0.0,0.0,0.0,0.0,0.0,0.0,0.0,0.0,0.0,0.0,0.0,0.0,0.0,0.0,5.960464,5.960464,5.960464,5.960464,0.0,0.0,1.0,1.0,0.0,0.0,0.0,0.0,0.0,0.0,0.0,0.0,5.960464,5.960464,5.960464,5.960464,0.0,0.0,0.0,0.0,0.0,0.0,1024,0,1024,NMAP_XMAS_TREE_SCAN
T0828,36242,8090,tcp,-,3.2e-05,1,1,0,0,31300.776119,31300.776119,62601.552239,1.0,20,20,20,20,20,20,1,0,1,1,0,1,1,0,0,0,0.0,0.0,0.0,0.0,0.0,0.0,0.0,0.0,0.0,0.0,0.0,0.0,0.0,0.0,0.0,0.0,0.0,0.0,0.0,0.0,0.0,0.0,0.0,0.0,0.0,31.948090000000004,31.948090000000004,31.948090000000004,31.948090000000004,0.0,0.0,1.0,1.0,0.0,0.0,0.0,0.0,0.0,0.0,0.0,0.0,31.948090000000004,31.948090000000004,31.948090000000004,31.948090000000004,0.0,0.0,0.0,0.0,0.0,0.0,1024,0,1024,NMAP_XMAS_TREE_SCAN
T0829,42336,53,udp,dns,0.002742,2,2,2,2,729.38075,729.38075,1458.761499,1.0,16,8,8,16,8,8,0,0,0,0,0,0,0,0,0,0,52.0,52.0,104.0,52.0,0.0,138.0,186.0,324.0,162.0,33.941125,52.0,186.0,428.0,107.0,66.463022,20.980835,20.980835,20.980835,20.980835,0.0,2330.064774,2330.064774,2330.064774,2330.064774,0.0,20.980835,2330.064774,2742.052078,914.017359,1240.210648,156087.480393,2.0,2.0,104.0,324.0,0.0,0.0,0.0,0.0,0.0,0.0,2742.052078,2742.052078,2742.052078,2742.052078,0.0,0.0,0.0,0.0,0.0,0.0,0,0,0,ARP_poisioning
T0830,43611,21,tcp,-,4e-06,1,1,1,0,246723.764706,246723.764706,493447.529412,1.0,20,20,20,20,20,20,0,1,1,0,0,1,0,0,0,0,120.0,120.0,120.0,120.0,0.0,0.0,0.0,0.0,0.0,0.0,0.0,120.0,120.0,60.0,84.852814,0.0,0.0,0.0,0.0,0.0,0.0,0.0,0.0,0.0,0.0,4.053116,4.053116,4.053116,4.053116,0.0,29606851.764706,1.0,1.0,120.0,0.0,0.0,0.0,0.0,0.0,0.0,0.0,4.053116,4.053116,4.053116,4.053116,0.0,0.0,0.0,0.0,0.0,0.0,64,0,64,DOS_SYN_Hping
T0831,36242,2001,tcp,-,8e-06,1,1,0,0,123361.882353,123361.882353,246723.764706,1.0,20,20,20,20,20,20,1,0,1,1,0,1,1,0,0,0,0.0,0.0,0.0,0.0,0.0,0.0,0.0,0.0,0.0,0.0,0.0,0.0,0.0,0.0,0.0,0.0,0.0,0.0,0.0,0.0,0.0,0.0,0.0,0.0,0.0,8.106232,8.106232,8.106232,8.106232,0.0,0.0,1.0,1.0,0.0,0.0,0.0,0.0,0.0,0.0,0.0,0.0,8.106232,8.106232,8.106232,8.106232,0.0,0.0,0.0,0.0,0.0,0.0,1024,0,1024,NMAP_XMAS_TREE_SCAN
T0832,38634,443,tcp,ssl,120.085096,21,21,9,14,0.174876,0.174876,0.349752,1.0,680,32,40,680,32,40,2,2,1,9,12,41,0,0,0,0,0.0,517.0,1226.0,58.380952,126.388875,0.0,1408.0,6997.0,333.190476,505.64549000000005,0.0,1408.0,8223.0,195.785714,389.683833,11.920929,58862238.883972,120085096.120834,6004254.806042,18055772.845532,5.960464,58924066.066742,120078647.851944,6003932.392597,18058160.028815,3.099442,58862238.883972,120099801.063538,2929263.440574,12802505.066524,68.47644100000001,5.25,5.25,306.5,1749.25,0.0,2265.0,0.0,6.0,0.0,7169885.70566,56751.012802,2390151.0238650003,2606133.22258,868711.074193,1318601.602764,58631428.956985,58862238.883972,117493667.840958,58746833.92047901,163207.26453699998,64240,28960,501,ARP_poisioning
T0833,60665,1883,tcp,mqtt,61.91019100000001,10,6,3,4,0.161524,0.096915,0.258439,0.6,328,32,40,200,32,40,0,2,1,3,4,15,0,0,0,0,0.0,33.0,78.0,7.8,12.934021,0.0,23.0,36.0,6.0,8.602325,0.0,33.0,114.0,7.125,11.218289,234.127045,59879750.967026,61910191.059113,6878910.117678999,19880103.891146,66.041946,1568276.882172,1880321.979523,376064.395905,670578.2924479999,66.041946,59879750.967026,61910191.059113,4127346.070608,15427438.574677,1.841377,3.333333,2.0,26.0,12.0,0.0,0.0,0.0,0.0,0.0,0.0,2030440.092087,2030440.092087,2030440.092087,2030440.092087,0.0,59879750.967026,59879750.967026,59879750.967026,59879750.967026,0.0,64240,26847,502,MQTT_Publish
T0834,39419,1883,tcp,mqtt,62.012452,10,6,3,4,0.1612579999999999,0.096755,0.258013,0.6,328,32,40,200,32,40,0,2,1,3,4,15,0,0,0,0,0.0,33.0,78.0,7.8,12.934021,0.0,23.0,36.0,6.0,8.602325,0.0,33.0,114.0,7.125,11.218289,183.105469,59906026.84021,62012451.88713101,6890272.431903,19886131.021632,52.928925,1611930.131912,1939631.938934,387926.387787,689123.65401,52.928925,59906026.84021,62012451.88713101,4134163.459142,15433211.792556,1.83834,3.333333,2.0,26.0,12.0,0.0,0.0,0.0,0.0,0.0,0.0,2106425.046921,2106425.046921,2106425.046921,2106425.046921,0.0,59906026.84021,59906026.84021,59906026.84021,59906026.84021,0.0,64240,26847,502,MQTT_Publish
T0835,35557,53,udp,dns,0.061914,2,2,2,2,32.302889,32.302889,64.605778,1.0,16,8,8,16,8,8,0,0,0,0,0,0,0,0,0,0,36.0,36.0,72.0,36.0,0.0,68.0,120.0,188.0,94.0,36.769553,36.0,120.0,260.0,65.0,39.648455,44041.87203,44041.87203,44041.87203,44041.87203,0.0,19806.14662,19806.14662,19806.14662,19806.14662,0.0,1934.051514,42107.820510000005,61913.96713,20637.98904,20229.20057,4199.375554,2.0,2.0,72.0,188.0,0.0,0.0,0.0,0.0,0.0,0.0,61913.96713,61913.96713,61913.96713,61913.96713,0.0,0.0,0.0,0.0,0.0,0.0,0,0,0,Thing_Speak
T0836,46600,1034,tcp,-,7.000000000000001e-06,1,1,0,0,144631.172414,144631.172414,289262.344828,1.0,20,20,20,20,20,20,0,0,1,0,0,1,0,0,0,0,0.0,0.0,0.0,0.0,0.0,0.0,0.0,0.0,0.0,0.0,0.0,0.0,0.0,0.0,0.0,0.0,0.0,0.0,0.0,0.0,0.0,0.0,0.0,0.0,0.0,6.914139,6.914139,6.914139,6.914139,0.0,0.0,1.0,1.0,0.0,0.0,0.0,0.0,0.0,0.0,0.0,0.0,6.914139,6.914139,6.914139,6.914139,0.0,0.0,0.0,0.0,0.0,0.0,1024,0,1024,NMAP_OS_DETECTION
T0837,53408,53,udp,dns,0.000608,1,1,1,1,1644.180321,1644.180321,3288.360643,1.0,8,8,8,8,8,8,0,0,0,0,0,0,0,0,0,0,44.0,44.0,44.0,44.0,0.0,60.0,60.0,60.0,60.0,0.0,44.0,60.0,104.0,52.0,11.313708,0.0,0.0,0.0,0.0,0.0,0.0,0.0,0.0,0.0,0.0,608.205795,608.205795,608.205795,608.205795,0.0,170994.7534,1.0,1.0,44.0,60.0,0.0,0.0,0.0,0.0,0.0,0.0,608.205795,608.205795,608.205795,608.205795,0.0,0.0,0.0,0.0,0.0,0.0,0,0,0,Thing_Speak
T0838,39612,4,tcp,-,3e-06,1,1,0,0,349525.333333,349525.333333,699050.666667,1.0,40,40,40,20,20,20,0,1,1,0,0,1,0,0,0,0,0.0,0.0,0.0,0.0,0.0,0.0,0.0,0.0,0.0,0.0,0.0,0.0,0.0,0.0,0.0,0.0,0.0,0.0,0.0,0.0,0.0,0.0,0.0,0.0,0.0,2.861023,2.861023,2.861023,2.861023,0.0,0.0,1.0,1.0,0.0,0.0,0.0,0.0,0.0,0.0,0.0,0.0,2.861023,2.861023,2.861023,2.861023,0.0,0.0,0.0,0.0,0.0,0.0,64240,0,64240,NMAP_TCP_scan
T0839,45780,443,tcp,ssl,171.27246599999998,21,19,10,9,0.1226119999999999,0.1109339999999999,0.233546,0.904762,656,20,40,616,32,40,2,2,2,10,8,37,0,0,0,0,0.0,517.0,1722.0,82.0,158.46797800000002,0.0,1348.0,4599.0,242.052632,439.373604,0.0,1348.0,6321.0,158.025,329.438332,13.113022,58227821.111679,171272472.143173,8563623.607159,20849092.789091,19.073486,58311702.013016,171221943.855286,9512330.214183,21853204.037336,6.198883,58227821.111679,171272472.143173,4391601.849825,15367034.042203,36.906107,5.25,4.75,430.5,1149.75,0.0,0.0,0.0,0.0,0.0,0.0,43678.998947,362085.103989,551494.121552,137873.530388,150334.128179,54267827.987671,58227821.111679,170720978.021622,56906992.673874,2285584.002706,64240,65535,0,ARP_poisioning
T0840,44514,443,tcp,ssl,170.424726,21,16,11,5,0.123222,0.093883,0.217105,0.761905,680,32,40,532,32,44,2,2,0,11,5,36,0,0,0,0,0.0,658.0,1168.0,55.619048,143.724555,0.0,762.0,933.0,58.3125,188.694716,0.0,762.0,2101.0,56.783784,162.21438700000002,13.113022,58679991.960526,170424743.890762,8521237.194538001,20315943.551231,6.198883,59041308.164597,170378922.224045,11358594.814936,23033973.192304,4.053116,58631938.934326,170424743.890762,4734020.663632,15564302.280987,12.328023,4.2,3.2,233.6,186.6,0.0,0.0,0.0,0.0,0.0,0.0,48860.07309,3445178.985596,4145262.956619,1036315.739155,1625636.713691,49164623.975754,58631938.934326,166279480.934143,55426493.644714,5423450.06626,64240,65535,501,ARP_poisioning
T0841,55224,80,tcp,http,30.618083,7,10,4,3,0.228623,0.326604,0.555227,1.4285709999999998,232,32,40,316,20,40,4,2,1,4,3,15,0,0,0,0,0.0,168.0,210.0,30.0,61.326992,0.0,482.0,1446.0,144.6,232.82812,0.0,482.0,1656.0,97.411765,187.83705,7.867813000000001,15446387.052535998,30618076.8013,5103012.800217,6762938.148793,139.951706,14730344.057083,30618069.171906,3402007.685767,5698125.569151999,0.953674,14730344.057083,30618083.000183,1913630.187511,4509044.580185,54.085685,1.75,2.5,52.5,361.5,0.0,0.0,0.0,0.0,0.0,0.0,0.953674,4341196.060180999,4346594.810486,1448864.936829,2504833.682465,11541144.132614,14730344.057083,26271488.189697,13135744.094849,2255104.893152,64240,65160,501,DDOS_Slowloris
T0842,58795,1883,tcp,mqtt,36.932231,10,6,3,4,0.270766,0.16246,0.433226,0.6,328,32,40,200,32,40,0,2,1,3,4,15,0,0,0,0,0.0,33.0,78.0,7.8,12.934021,0.0,23.0,36.0,6.0,8.602325,0.0,33.0,114.0,7.125,11.218289,257.96890299999995,34876698.970795,36932230.949402,4103581.2166,11548377.076453,77.962875,1572132.110596,1895922.18399,379184.436798,671513.769763,77.962875,34876698.970795,36932230.949402,2462148.72996,8974325.616873,3.086735,3.333333,2.0,26.0,12.0,0.0,0.0,0.0,0.0,0.0,0.0,2055531.978607,2055531.978607,2055531.978607,2055531.978607,0.0,34876698.970795,34876698.970795,34876698.970795,34876698.970795,0.0,64240,26847,502,MQTT_Publish
T0843,52204,443,tcp,ssl,38.181292,5,4,1,1,0.130954,0.104763,0.235718,0.8,104,20,24,84,20,24,2,2,2,1,1,8,0,0,0,0,0.0,71.0,71.0,14.2,31.752165,0.0,156.0,156.0,39.0,78.0,0.0,156.0,227.0,25.222222,54.37319599999999,1247.882843,37948991.060257,38230993.032455,9557748.258114,18927949.233486,294.923782,37946503.87764,37949626.922607,12649875.640869,21907522.719749,294.923782,37717325.92582701,38230993.032455,4778874.129057,13309521.327868,5.94532,2.5,2.0,35.5,78.0,0.0,0.0,0.0,0.0,0.0,0.0,231665.13443,282001.972198,513667.106628,256833.553314,35593.51933,37717325.92582701,37717325.92582701,37717325.92582701,37717325.92582701,0.0,4380,2048,4380,Wipro_bulb
T0844,55440,80,tcp,http,24.230609,6,5,4,0,0.247621,0.206351,0.453971,0.833333,200,32,40,168,32,40,0,2,0,4,0,10,0,0,0,0,0.0,168.0,210.0,35.0,65.59878,0.0,0.0,0.0,0.0,0.0,0.0,168.0,210.0,19.090909,49.856704,10.967255,19068350.076675,24230602.97966,4846120.595932,8258175.577517999,1708.030701,19068354.845047,24230592.012405,6057648.003101001,9008028.541837,1.192093,19068348.884583,24230608.940125,2423060.894012,6069062.266146,8.666724,2.0,1.666667,70.0,0.0,0.0,0.0,0.0,0.0,0.0,0.0,1.192093,3575.086594,3582.239151,1194.079717,2062.01382,5158677.8163910005,19068348.884583,24227026.700974,12113513.350487,9835622.736393,64240,65160,502,DDOS_Slowloris
T0845,33718,80,tcp,http,0.712913,7,5,2,1,9.818869,7.013478,16.832348,0.714286,232,32,40,168,32,40,2,2,0,2,1,11,0,0,0,0,0.0,169.0,215.0,30.714286,63.34223000000001,0.0,538.0,538.0,107.6,240.600914,0.0,538.0,753.0,62.75,157.50043300000002,91.791153,259039.1636,714588.1653,119098.0275,130009.9974,69.85664399999999,231799.1257,487859.0107,121964.7527,124979.6489,69.85664399999999,228874.2065,714588.1653,64962.56047999999,103650.6032,1056.229809,7.0,5.0,215.0,538.0,0.0,0.0,0.0,0.0,0.0,0.0,714588.1653,714588.1653,714588.1653,714588.1653,0.0,0.0,0.0,0.0,0.0,0.0,64240,26847,501,Thing_Speak
T0846,49762,1032,tcp,-,5e-06,1,1,0,0,199728.761905,199728.761905,399457.52381,1.0,40,40,40,20,20,20,0,1,1,0,0,1,0,0,0,0,0.0,0.0,0.0,0.0,0.0,0.0,0.0,0.0,0.0,0.0,0.0,0.0,0.0,0.0,0.0,0.0,0.0,0.0,0.0,0.0,0.0,0.0,0.0,0.0,0.0,5.0067900000000005,5.0067900000000005,5.0067900000000005,5.0067900000000005,0.0,0.0,1.0,1.0,0.0,0.0,0.0,0.0,0.0,0.0,0.0,0.0,5.0067900000000005,5.0067900000000005,5.0067900000000005,5.0067900000000005,0.0,0.0,0.0,0.0,0.0,0.0,64240,0,64240,NMAP_TCP_scan
T0847,33616,80,tcp,http,0.730437,7,5,2,1,9.583304,6.845217,16.428521,0.714286,232,32,40,168,32,40,2,2,0,2,1,11,0,0,0,0,0.0,169.0,215.0,30.714286,63.34223000000001,0.0,538.0,538.0,107.6,240.600914,0.0,538.0,753.0,62.75,157.50043300000002,91.075897,260504.961,732429.0276,122071.5046,132993.7391,56.028366000000005,235281.9443,496371.0308,124092.7577,127073.6365,56.028366000000005,234066.0095,732429.0276,66584.45705,106349.6227,1030.889671,7.0,5.0,215.0,538.0,0.0,0.0,0.0,0.0,0.0,0.0,732429.0276,732429.0276,732429.0276,732429.0276,0.0,0.0,0.0,0.0,0.0,0.0,64240,26847,501,Thing_Speak
T0848,59247,1059,tcp,-,8e-06,1,1,0,0,127100.12121199998,127100.12121199998,254200.242424,1.0,20,20,20,20,20,20,1,0,1,1,0,1,1,0,0,0,0.0,0.0,0.0,0.0,0.0,0.0,0.0,0.0,0.0,0.0,0.0,0.0,0.0,0.0,0.0,0.0,0.0,0.0,0.0,0.0,0.0,0.0,0.0,0.0,0.0,7.867813000000001,7.867813000000001,7.867813000000001,7.867813000000001,0.0,0.0,1.0,1.0,0.0,0.0,0.0,0.0,0.0,0.0,0.0,0.0,7.867813000000001,7.867813000000001,7.867813000000001,7.867813000000001,0.0,0.0,0.0,0.0,0.0,0.0,1024,0,1024,NMAP_XMAS_TREE_SCAN
T0849,46805,53,udp,dns,0.000182,2,2,2,2,10994.243775,10994.243775,21988.487549,1.0,16,8,8,16,8,8,0,0,0,0,0,0,0,0,0,0,45.0,45.0,90.0,45.0,0.0,45.0,77.0,122.0,61.0,22.627417,45.0,77.0,212.0,53.0,16.0,7.867813000000001,7.867813000000001,7.867813000000001,7.867813000000001,0.0,83.92334,83.92334,83.92334,83.92334,0.0,7.867813000000001,90.122223,181.913376,60.637792000000005,45.805126,1165389.840105,2.0,2.0,90.0,122.0,0.0,0.0,0.0,0.0,0.0,0.0,181.913376,181.913376,181.913376,181.913376,0.0,0.0,0.0,0.0,0.0,0.0,0,0,0,ARP_poisioning
T0850,46474,53,udp,dns,0.071868,2,2,2,2,27.828819,27.828819,55.657639,1.0,16,8,8,16,8,8,0,0,0,0,0,0,0,0,0,0,36.0,36.0,72.0,36.0,0.0,36.0,68.0,104.0,52.0,22.627417,36.0,68.0,176.0,44.0,16.0,71621.89484,71621.89484,71621.89484,71621.89484,0.0,2296.924591,2296.924591,2296.924591,2296.924591,0.0,246.047974,69571.01822,71867.94281000001,23955.98094,39514.087,2448.936106,2.0,2.0,72.0,104.0,0.0,0.0,0.0,0.0,0.0,0.0,71867.94281000001,71867.94281000001,71867.94281000001,71867.94281000001,0.0,0.0,0.0,0.0,0.0,0.0,0,0,0,Thing_Speak
T0851,56682,53,udp,dns,0.000177,2,2,2,2,11305.401617,11305.401617,22610.803235,1.0,16,8,8,16,8,8,0,0,0,0,0,0,0,0,0,0,55.0,55.0,110.0,55.0,0.0,55.0,119.0,174.0,87.0,45.254834,55.0,119.0,284.0,71.0,32.0,10.01358,10.01358,10.01358,10.01358,0.0,55.789948,55.789948,55.789948,55.789948,0.0,10.01358,111.103058,176.906586,58.968862,50.619658,1605367.02965,2.0,2.0,110.0,174.0,0.0,0.0,0.0,0.0,0.0,0.0,176.906586,176.906586,176.906586,176.906586,0.0,0.0,0.0,0.0,0.0,0.0,0,0,0,ARP_poisioning
T0852,55755,1883,tcp,mqtt,32.053822,9,5,3,3,0.280778,0.155988,0.436765,0.555556,296,32,40,168,32,40,0,2,1,3,3,13,0,0,0,0,0.0,33.0,76.0,8.444444,13.115935999999998,0.0,23.0,32.0,6.4,9.555103,0.0,33.0,108.0,7.714286,11.618477,427.007675,29770708.084106,32053822.040558007,4006727.75507,10417410.383144,3190.994263,1496262.073517,2021187.067032,505296.766758,671718.760271,427.007675,29770708.084106,32053822.040558007,2465678.618504,8211017.230680998,3.369333,3.0,1.666667,25.333333,10.666667,0.0,0.0,0.0,0.0,0.0,0.0,2283113.956451,2283113.956451,2283113.956451,2283113.956451,0.0,29770708.084106,29770708.084106,29770708.084106,29770708.084106,0.0,64240,26847,502,MQTT_Publish
T0853,53568,264,tcp,-,2e-06,1,1,0,0,524288.0,524288.0,1048576.0,1.0,40,40,40,20,20,20,0,1,1,0,0,1,0,0,0,0,0.0,0.0,0.0,0.0,0.0,0.0,0.0,0.0,0.0,0.0,0.0,0.0,0.0,0.0,0.0,0.0,0.0,0.0,0.0,0.0,0.0,0.0,0.0,0.0,0.0,1.907349,1.907349,1.907349,1.907349,0.0,0.0,1.0,1.0,0.0,0.0,0.0,0.0,0.0,0.0,0.0,0.0,1.907349,1.907349,1.907349,1.907349,0.0,0.0,0.0,0.0,0.0,0.0,64240,0,64240,NMAP_TCP_scan
T0854,63010,21,tcp,-,4e-06,1,1,1,0,246723.764706,246723.764706,493447.529412,1.0,20,20,20,20,20,20,0,1,1,0,0,1,0,0,0,0,120.0,120.0,120.0,120.0,0.0,0.0,0.0,0.0,0.0,0.0,0.0,120.0,120.0,60.0,84.852814,0.0,0.0,0.0,0.0,0.0,0.0,0.0,0.0,0.0,0.0,4.053116,4.053116,4.053116,4.053116,0.0,29606851.764706,1.0,1.0,120.0,0.0,0.0,0.0,0.0,0.0,0.0,0.0,4.053116,4.053116,4.053116,4.053116,0.0,0.0,0.0,0.0,0.0,0.0,64,0,64,DOS_SYN_Hping
T0855,22172,21,tcp,-,2e-06,1,1,1,0,524288.0,524288.0,1048576.0,1.0,20,20,20,20,20,20,0,1,1,0,0,1,0,0,0,0,120.0,120.0,120.0,120.0,0.0,0.0,0.0,0.0,0.0,0.0,0.0,120.0,120.0,60.0,84.852814,0.0,0.0,0.0,0.0,0.0,0.0,0.0,0.0,0.0,0.0,1.907349,1.907349,1.907349,1.907349,0.0,62914560.0,1.0,1.0,120.0,0.0,0.0,0.0,0.0,0.0,0.0,0.0,1.907349,1.907349,1.907349,1.907349,0.0,0.0,0.0,0.0,0.0,0.0,64,0,64,DOS_SYN_Hping
T0856,36242,9968,tcp,-,7.000000000000001e-06,1,1,0,0,144631.172414,144631.172414,289262.344828,1.0,20,20,20,20,20,20,1,0,1,1,0,1,1,0,0,0,0.0,0.0,0.0,0.0,0.0,0.0,0.0,0.0,0.0,0.0,0.0,0.0,0.0,0.0,0.0,0.0,0.0,0.0,0.0,0.0,0.0,0.0,0.0,0.0,0.0,6.914139,6.914139,6.914139,6.914139,0.0,0.0,1.0,1.0,0.0,0.0,0.0,0.0,0.0,0.0,0.0,0.0,6.914139,6.914139,6.914139,6.914139,0.0,0.0,0.0,0.0,0.0,0.0,1024,0,1024,NMAP_XMAS_TREE_SCAN
T0857,51036,7004,tcp,-,7.000000000000001e-06,1,1,0,0,144631.172414,144631.172414,289262.344828,1.0,20,20,20,20,20,20,0,0,1,0,0,1,0,0,0,0,0.0,0.0,0.0,0.0,0.0,0.0,0.0,0.0,0.0,0.0,0.0,0.0,0.0,0.0,0.0,0.0,0.0,0.0,0.0,0.0,0.0,0.0,0.0,0.0,0.0,6.914139,6.914139,6.914139,6.914139,0.0,0.0,1.0,1.0,0.0,0.0,0.0,0.0,0.0,0.0,0.0,0.0,6.914139,6.914139,6.914139,6.914139,0.0,0.0,0.0,0.0,0.0,0.0,1024,0,1024,NMAP_OS_DETECTION
T0858,54846,1524,tcp,-,2e-06,1,1,0,0,524288.0,524288.0,1048576.0,1.0,40,40,40,20,20,20,0,1,1,0,0,1,0,0,0,0,0.0,0.0,0.0,0.0,0.0,0.0,0.0,0.0,0.0,0.0,0.0,0.0,0.0,0.0,0.0,0.0,0.0,0.0,0.0,0.0,0.0,0.0,0.0,0.0,0.0,1.907349,1.907349,1.907349,1.907349,0.0,0.0,1.0,1.0,0.0,0.0,0.0,0.0,0.0,0.0,0.0,0.0,1.907349,1.907349,1.907349,1.907349,0.0,0.0,0.0,0.0,0.0,0.0,64240,0,64240,NMAP_TCP_scan
T0859,36242,1071,tcp,-,6e-06,1,1,0,0,167772.16,167772.16,335544.32,1.0,20,20,20,20,20,20,1,0,1,1,0,1,1,0,0,0,0.0,0.0,0.0,0.0,0.0,0.0,0.0,0.0,0.0,0.0,0.0,0.0,0.0,0.0,0.0,0.0,0.0,0.0,0.0,0.0,0.0,0.0,0.0,0.0,0.0,5.960464,5.960464,5.960464,5.960464,0.0,0.0,1.0,1.0,0.0,0.0,0.0,0.0,0.0,0.0,0.0,0.0,5.960464,5.960464,5.960464,5.960464,0.0,0.0,0.0,0.0,0.0,0.0,1024,0,1024,NMAP_XMAS_TREE_SCAN
T0860,59247,4242,tcp,-,6e-06,1,1,0,0,167772.16,167772.16,335544.32,1.0,20,20,20,20,20,20,1,0,1,1,0,1,1,0,0,0,0.0,0.0,0.0,0.0,0.0,0.0,0.0,0.0,0.0,0.0,0.0,0.0,0.0,0.0,0.0,0.0,0.0,0.0,0.0,0.0,0.0,0.0,0.0,0.0,0.0,5.960464,5.960464,5.960464,5.960464,0.0,0.0,1.0,1.0,0.0,0.0,0.0,0.0,0.0,0.0,0.0,0.0,5.960464,5.960464,5.960464,5.960464,0.0,0.0,0.0,0.0,0.0,0.0,1024,0,1024,NMAP_XMAS_TREE_SCAN
T0861,59247,6566,tcp,-,6e-06,1,1,0,0,167772.16,167772.16,335544.32,1.0,20,20,20,20,20,20,1,0,1,1,0,1,1,0,0,0,0.0,0.0,0.0,0.0,0.0,0.0,0.0,0.0,0.0,0.0,0.0,0.0,0.0,0.0,0.0,0.0,0.0,0.0,0.0,0.0,0.0,0.0,0.0,0.0,0.0,5.960464,5.960464,5.960464,5.960464,0.0,0.0,1.0,1.0,0.0,0.0,0.0,0.0,0.0,0.0,0.0,0.0,5.960464,5.960464,5.960464,5.960464,0.0,0.0,0.0,0.0,0.0,0.0,1024,0,1024,NMAP_XMAS_TREE_SCAN
T0862,50691,21,tcp,-,1e-06,1,1,1,0,1048576.0,1048576.0,2097152.0,1.0,20,20,20,20,20,20,0,1,1,0,0,1,0,0,0,0,120.0,120.0,120.0,120.0,0.0,0.0,0.0,0.0,0.0,0.0,0.0,120.0,120.0,60.0,84.852814,0.0,0.0,0.0,0.0,0.0,0.0,0.0,0.0,0.0,0.0,0.953674,0.953674,0.953674,0.953674,0.0,125829120.0,1.0,1.0,120.0,0.0,0.0,0.0,0.0,0.0,0.0,0.0,0.953674,0.953674,0.953674,0.953674,0.0,0.0,0.0,0.0,0.0,0.0,64,0,64,DOS_SYN_Hping
T0863,37220,2607,tcp,-,5e-06,1,1,0,0,199728.761905,199728.761905,399457.52381,1.0,40,40,40,20,20,20,0,1,1,0,0,1,0,0,0,0,0.0,0.0,0.0,0.0,0.0,0.0,0.0,0.0,0.0,0.0,0.0,0.0,0.0,0.0,0.0,0.0,0.0,0.0,0.0,0.0,0.0,0.0,0.0,0.0,0.0,5.0067900000000005,5.0067900000000005,5.0067900000000005,5.0067900000000005,0.0,0.0,1.0,1.0,0.0,0.0,0.0,0.0,0.0,0.0,0.0,0.0,5.0067900000000005,5.0067900000000005,5.0067900000000005,5.0067900000000005,0.0,0.0,0.0,0.0,0.0,0.0,64240,0,64240,NMAP_TCP_scan
T0864,37134,21,tcp,-,4e-06,1,1,1,0,246723.764706,246723.764706,493447.529412,1.0,20,20,20,20,20,20,0,1,1,0,0,1,0,0,0,0,120.0,120.0,120.0,120.0,0.0,0.0,0.0,0.0,0.0,0.0,0.0,120.0,120.0,60.0,84.852814,0.0,0.0,0.0,0.0,0.0,0.0,0.0,0.0,0.0,0.0,4.053116,4.053116,4.053116,4.053116,0.0,29606851.764706,1.0,1.0,120.0,0.0,0.0,0.0,0.0,0.0,0.0,0.0,4.053116,4.053116,4.053116,4.053116,0.0,0.0,0.0,0.0,0.0,0.0,64,0,64,DOS_SYN_Hping
T0865,38357,1883,tcp,mqtt,29.951457,10,6,3,4,0.333874,0.200324,0.534198,0.6,328,32,40,200,32,40,0,2,1,3,4,15,0,0,0,0,0.0,33.0,78.0,7.8,12.934021,0.0,23.0,36.0,6.0,8.602325,0.0,33.0,114.0,7.125,11.218289,251.054764,27879363.059998,29951457.023621,3327939.669291,9217971.567547,159.025192,1604255.914688,1912211.894989,382442.378998,687109.0249729999,159.025192,27879363.059998,29951457.023621,1996763.801575,7169559.422082,3.806159,3.333333,2.0,26.0,12.0,0.0,0.0,0.0,0.0,0.0,0.0,2072093.963623,2072093.963623,2072093.963623,2072093.963623,0.0,27879363.059998,27879363.059998,27879363.059998,27879363.059998,0.0,64240,26847,502,MQTT_Publish
T0866,49772,80,tcp,http,0.006299,4,3,2,0,635.0195309999999,476.264648,1111.284179,0.75,136,32,40,104,32,40,0,2,0,2,0,6,0,0,0,0,0.0,168.0,189.0,47.25,81.106412,0.0,0.0,0.0,0.0,0.0,0.0,168.0,189.0,27.0,62.665780000000005,25.033951,3996.84906,6265.878677000001,2088.6262260000003,1990.460641,2232.074738,4028.081894,6260.156631,3130.078316,1269.968839,25.033951,3957.986832,6299.01886,1049.836477,1666.931247,30004.672824,4.0,3.0,189.0,0.0,0.0,0.0,0.0,0.0,0.0,0.0,6299.01886,6299.01886,6299.01886,6299.01886,0.0,0.0,0.0,0.0,0.0,0.0,64240,65160,502,DDOS_Slowloris
T0867,58863,53,udp,dns,0.059257,1,1,1,1,16.875635,16.875635,33.751269,1.0,8,8,8,8,8,8,0,0,0,0,0,0,0,0,0,0,43.0,43.0,43.0,43.0,0.0,122.0,122.0,122.0,122.0,0.0,43.0,122.0,165.0,82.5,55.861436,0.0,0.0,0.0,0.0,0.0,0.0,0.0,0.0,0.0,0.0,59257.03049,59257.03049,59257.03049,59257.03049,0.0,2784.479726,1.0,1.0,43.0,122.0,0.0,0.0,0.0,0.0,0.0,0.0,59257.03049,59257.03049,59257.03049,59257.03049,0.0,0.0,0.0,0.0,0.0,0.0,0,0,0,Thing_Speak
T0868,50078,36384,udp,-,0.0,1,0,1,0,0.0,0.0,0.0,0.0,8,8,8,0,0,0,0,0,0,0,0,0,0,0,0,0,40.0,40.0,40.0,40.0,0.0,0.0,0.0,0.0,0.0,0.0,40.0,40.0,40.0,40.0,0.0,0.0,0.0,0.0,0.0,0.0,0.0,0.0,0.0,0.0,0.0,0.0,0.0,0.0,0.0,0.0,0.0,1.0,0.0,40.0,0.0,0.0,0.0,0.0,0.0,0.0,0.0,0.0,0.0,0.0,0.0,0.0,0.0,0.0,0.0,0.0,0.0,0,0,0,NMAP_UDP_SCAN
T0869,52832,8090,tcp,-,4e-06,1,1,0,0,262144.0,262144.0,524288.0,1.0,40,40,40,20,20,20,0,1,1,0,0,1,0,0,0,0,0.0,0.0,0.0,0.0,0.0,0.0,0.0,0.0,0.0,0.0,0.0,0.0,0.0,0.0,0.0,0.0,0.0,0.0,0.0,0.0,0.0,0.0,0.0,0.0,0.0,3.814697,3.814697,3.814697,3.814697,0.0,0.0,1.0,1.0,0.0,0.0,0.0,0.0,0.0,0.0,0.0,0.0,3.814697,3.814697,3.814697,3.814697,0.0,0.0,0.0,0.0,0.0,0.0,64240,0,64240,NMAP_TCP_scan
T0870,56878,443,tcp,ssl,1.356898,13,11,3,8,9.580677,8.106727000000001,17.687404,0.8461540000000001,400,20,40,360,32,40,2,2,2,3,5,21,0,0,0,0,0.0,517.0,840.0,64.615385,149.35892900000002,0.0,1408.0,6112.0,555.636364,663.557424,0.0,1408.0,6952.0,289.666667,515.3025849999999,196.933746,270214.0808,1359382.868,113281.9057,122517.8104,81.06231700000001,335888.8626,1112342.834,111234.2834,144623.8523,81.06231700000001,267781.0192,1359382.868,59103.60295,102597.2416,5123.451332,13.0,11.0,840.0,6112.0,0.0,0.0,0.0,0.0,0.0,0.0,1359382.868,1359382.868,1359382.868,1359382.868,0.0,0.0,0.0,0.0,0.0,0.0,64240,26847,0,Thing_Speak
T0871,46600,2196,tcp,-,4e-06,1,1,0,0,246723.764706,246723.764706,493447.529412,1.0,20,20,20,20,20,20,0,0,1,0,0,1,0,0,0,0,0.0,0.0,0.0,0.0,0.0,0.0,0.0,0.0,0.0,0.0,0.0,0.0,0.0,0.0,0.0,0.0,0.0,0.0,0.0,0.0,0.0,0.0,0.0,0.0,0.0,4.053116,4.053116,4.053116,4.053116,0.0,0.0,1.0,1.0,0.0,0.0,0.0,0.0,0.0,0.0,0.0,0.0,4.053116,4.053116,4.053116,4.053116,0.0,0.0,0.0,0.0,0.0,0.0,1024,0,1024,NMAP_OS_DETECTION
T0872,52200,443,tcp,ssl,7.768632000000001,13,14,5,7,1.673396,1.802119,3.475515,1.076923,264,20,24,284,20,24,2,2,2,5,7,26,0,0,0,0,0.0,357.0,808.0,62.153846,110.525899,0.0,421.0,1189.0,84.92857099999998,118.230195,0.0,421.0,1997.0,73.962963,112.96816499999998,632.0476530000002,2047216.892242,7853375.911713,654447.992643,795995.544587,192.88063,2576785.087585,7742285.013199002,595560.385631,783725.934966,192.88063,1948951.95961,7853375.911713,302052.919681,524118.327415,257.059417,3.25,3.5,202.0,297.25,0.0,0.0,0.0,0.0,0.0,0.0,7853375.911713,7853375.911713,7853375.911713,7853375.911713,0.0,0.0,0.0,0.0,0.0,0.0,4380,65535,4380,Wipro_bulb
T0873,51036,1022,tcp,-,6e-06,1,1,0,0,161319.38461500002,161319.38461500002,322638.769231,1.0,20,20,20,20,20,20,0,0,1,0,0,1,0,0,0,0,0.0,0.0,0.0,0.0,0.0,0.0,0.0,0.0,0.0,0.0,0.0,0.0,0.0,0.0,0.0,0.0,0.0,0.0,0.0,0.0,0.0,0.0,0.0,0.0,0.0,6.198883,6.198883,6.198883,6.198883,0.0,0.0,1.0,1.0,0.0,0.0,0.0,0.0,0.0,0.0,0.0,0.0,6.198883,6.198883,6.198883,6.198883,0.0,0.0,0.0,0.0,0.0,0.0,1024,0,1024,NMAP_OS_DETECTION
T0874,64177,20742,udp,-,0.0,1,0,0,0,0.0,0.0,0.0,0.0,8,8,8,0,0,0,0,0,0,0,0,0,0,0,0,0,0.0,0.0,0.0,0.0,0.0,0.0,0.0,0.0,0.0,0.0,0.0,0.0,0.0,0.0,0.0,0.0,0.0,0.0,0.0,0.0,0.0,0.0,0.0,0.0,0.0,0.0,0.0,0.0,0.0,0.0,0.0,1.0,0.0,0.0,0.0,0.0,0.0,0.0,0.0,0.0,0.0,0.0,0.0,0.0,0.0,0.0,0.0,0.0,0.0,0.0,0.0,0,0,0,NMAP_UDP_SCAN
T0875,56358,4998,tcp,-,2e-06,1,1,0,0,524288.0,524288.0,1048576.0,1.0,40,40,40,20,20,20,0,1,1,0,0,1,0,0,0,0,0.0,0.0,0.0,0.0,0.0,0.0,0.0,0.0,0.0,0.0,0.0,0.0,0.0,0.0,0.0,0.0,0.0,0.0,0.0,0.0,0.0,0.0,0.0,0.0,0.0,1.907349,1.907349,1.907349,1.907349,0.0,0.0,1.0,1.0,0.0,0.0,0.0,0.0,0.0,0.0,0.0,0.0,1.907349,1.907349,1.907349,1.907349,0.0,0.0,0.0,0.0,0.0,0.0,64240,0,64240,NMAP_TCP_scan
T0876,59006,443,tcp,ssl,1.313325,13,11,3,8,9.898541,8.375688,18.274229,0.8461540000000001,400,20,40,360,32,40,2,2,2,3,5,21,0,0,0,0,0.0,517.0,840.0,64.615385,149.35892900000002,0.0,1408.0,6101.0,554.636364,664.363646,0.0,1408.0,6941.0,289.208333,515.5076,244.140625,258261.919,1315727.949,109643.9958,118070.7848,27.179718,327744.0071,1083669.9009999998,108366.9901,141527.2167,27.179718,255518.9133,1315727.949,57205.563010000005,98906.75543,5285.059204,13.0,11.0,840.0,6101.0,0.0,0.0,0.0,0.0,0.0,0.0,1315727.949,1315727.949,1315727.949,1315727.949,0.0,0.0,0.0,0.0,0.0,0.0,64240,26847,0,Thing_Speak
T0877,55204,80,tcp,http,30.64395,7,11,4,4,0.22843,0.358962,0.587392,1.5714290000000002,232,32,40,348,20,40,5,2,1,4,4,16,0,0,0,0,0.0,168.0,211.0,30.142857,61.300975,0.0,482.0,1928.0,175.272727,243.18104,0.0,482.0,2139.0,118.833333,203.501481,2.861023,15284086.942673,30643944.978714,5107324.163119,6712397.249633,133.991241,13724440.097809,30643944.978714,3064394.497871,5206233.9446290005,2.861023,13724440.097809,30643949.985504,1802585.293265,4200286.0515290005,69.80170600000001,1.75,2.75,52.75,482.0,0.0,0.0,0.0,0.0,0.0,0.0,2.861023,5347275.018692,5350571.870804,1783523.956935,3086299.3909400003,11568938.016891,13724440.097809,25293378.1147,12646689.05735,1524170.138278,64240,65160,501,DDOS_Slowloris
T0878,55240,80,tcp,http,30.599828,7,10,4,3,0.228759,0.3267989999999999,0.555559,1.4285709999999998,232,32,40,316,20,40,4,2,1,4,3,15,0,0,0,0,0.0,168.0,210.0,30.0,61.326992,0.0,482.0,1446.0,144.6,232.82812,0.0,482.0,1656.0,97.411765,187.83705,6.914139,15445446.014404,30599817.037582003,5099969.506264,6758644.132735,69.141388,14729611.873627,30599802.017212,3399978.001912,5694313.809973001,6.914139,14729611.873627,30599828.004837,1912489.250302,4506067.070123,54.117951,1.75,2.5,52.5,361.5,0.0,0.0,0.0,0.0,0.0,0.0,19.073486,4341967.105865,4348789.215088,1449596.405029,2504868.800721,11521426.916122,14729611.873627,26251038.789749,13125519.394875,2268529.338752,64240,65160,501,DDOS_Slowloris
T0879,36242,3476,tcp,-,2.1e-05,1,1,0,0,47662.545455,47662.545455,95325.090909,1.0,20,20,20,20,20,20,1,0,1,1,0,1,1,0,0,0,0.0,0.0,0.0,0.0,0.0,0.0,0.0,0.0,0.0,0.0,0.0,0.0,0.0,0.0,0.0,0.0,0.0,0.0,0.0,0.0,0.0,0.0,0.0,0.0,0.0,20.980835,20.980835,20.980835,20.980835,0.0,0.0,1.0,1.0,0.0,0.0,0.0,0.0,0.0,0.0,0.0,0.0,20.980835,20.980835,20.980835,20.980835,0.0,0.0,0.0,0.0,0.0,0.0,1024,0,1024,NMAP_XMAS_TREE_SCAN
T0880,48083,21,tcp,-,1e-06,1,1,1,0,1048576.0,1048576.0,2097152.0,1.0,20,20,20,20,20,20,0,1,1,0,0,1,0,0,0,0,120.0,120.0,120.0,120.0,0.0,0.0,0.0,0.0,0.0,0.0,0.0,120.0,120.0,60.0,84.852814,0.0,0.0,0.0,0.0,0.0,0.0,0.0,0.0,0.0,0.0,0.953674,0.953674,0.953674,0.953674,0.0,125829120.0,1.0,1.0,120.0,0.0,0.0,0.0,0.0,0.0,0.0,0.0,0.953674,0.953674,0.953674,0.953674,0.0,0.0,0.0,0.0,0.0,0.0,64,0,64,DOS_SYN_Hping
T0881,36242,1296,tcp,-,6e-06,1,1,0,0,161319.38461500002,161319.38461500002,322638.769231,1.0,20,20,20,20,20,20,1,0,1,1,0,1,1,0,0,0,0.0,0.0,0.0,0.0,0.0,0.0,0.0,0.0,0.0,0.0,0.0,0.0,0.0,0.0,0.0,0.0,0.0,0.0,0.0,0.0,0.0,0.0,0.0,0.0,0.0,6.198883,6.198883,6.198883,6.198883,0.0,0.0,1.0,1.0,0.0,0.0,0.0,0.0,0.0,0.0,0.0,0.0,6.198883,6.198883,6.198883,6.198883,0.0,0.0,0.0,0.0,0.0,0.0,1024,0,1024,NMAP_XMAS_TREE_SCAN
T0882,46326,53,udp,dns,0.0393779999999999,2,2,2,2,50.789567,50.789567,101.579133,1.0,16,8,8,16,8,8,0,0,0,0,0,0,0,0,0,0,36.0,36.0,72.0,36.0,0.0,36.0,68.0,104.0,52.0,22.627417,36.0,68.0,176.0,44.0,16.0,262.022018,262.022018,262.022018,262.022018,0.0,38110.01778,38110.01778,38110.01778,38110.01778,0.0,262.022018,38110.01778,39378.1662,13126.0554,21639.94466,4469.481873,2.0,2.0,72.0,104.0,0.0,0.0,0.0,0.0,0.0,0.0,39378.1662,39378.1662,39378.1662,39378.1662,0.0,0.0,0.0,0.0,0.0,0.0,0,0,0,Thing_Speak
T0883,37790,49161,tcp,-,1e-06,1,1,0,0,838860.8,838860.8,1677721.6,1.0,40,40,40,20,20,20,0,1,1,0,0,1,0,0,0,0,0.0,0.0,0.0,0.0,0.0,0.0,0.0,0.0,0.0,0.0,0.0,0.0,0.0,0.0,0.0,0.0,0.0,0.0,0.0,0.0,0.0,0.0,0.0,0.0,0.0,1.192093,1.192093,1.192093,1.192093,0.0,0.0,1.0,1.0,0.0,0.0,0.0,0.0,0.0,0.0,0.0,0.0,1.192093,1.192093,1.192093,1.192093,0.0,0.0,0.0,0.0,0.0,0.0,64240,0,64240,NMAP_TCP_scan
T0884,50078,26415,udp,-,0.0,1,0,0,0,0.0,0.0,0.0,0.0,8,8,8,0,0,0,0,0,0,0,0,0,0,0,0,0,0.0,0.0,0.0,0.0,0.0,0.0,0.0,0.0,0.0,0.0,0.0,0.0,0.0,0.0,0.0,0.0,0.0,0.0,0.0,0.0,0.0,0.0,0.0,0.0,0.0,0.0,0.0,0.0,0.0,0.0,0.0,1.0,0.0,0.0,0.0,0.0,0.0,0.0,0.0,0.0,0.0,0.0,0.0,0.0,0.0,0.0,0.0,0.0,0.0,0.0,0.0,0,0,0,NMAP_UDP_SCAN
T0885,47809,1883,tcp,mqtt,31.96442,9,5,3,3,0.281563,0.156424,0.437987,0.555556,296,32,40,168,32,40,0,2,1,3,3,13,0,0,0,0,0.0,33.0,76.0,8.444444,13.115935999999998,0.0,23.0,32.0,6.4,9.555103,0.0,33.0,108.0,7.714286,11.618477,255.10788,29873248.100281,31964420.080185,3995552.510023,10467215.645957,3308.057785,1619210.958481,1934721.946716,483680.486679,760444.486255,255.10788,29873248.100281,31964420.080185,2458801.54463,8246496.095374,3.378757,3.0,1.666667,25.333333,10.666667,0.0,0.0,0.0,0.0,0.0,0.0,2091171.979904,2091171.979904,2091171.979904,2091171.979904,0.0,29873248.100281,29873248.100281,29873248.100281,29873248.100281,0.0,64240,26847,502,MQTT_Publish
T0886,39525,1883,tcp,mqtt,62.02342900000001,10,6,3,4,0.1612289999999999,0.096738,0.257967,0.6,328,32,40,200,32,40,0,2,1,3,4,15,0,0,0,0,0.0,33.0,78.0,7.8,12.934021,0.0,23.0,36.0,6.0,8.602325,0.0,33.0,114.0,7.125,11.218289,253.915787,59914063.930511,62023428.916931,6891492.101881,19888926.226552,80.108643,1640106.916428,1951508.045197,390301.609039,702764.614589,80.108643,59914063.930511,62023428.916931,4134895.261129,15435410.354307,1.838015,3.333333,2.0,26.0,12.0,0.0,0.0,0.0,0.0,0.0,0.0,2109364.98642,2109364.98642,2109364.98642,2109364.98642,0.0,59914063.930511,59914063.930511,59914063.930511,59914063.930511,0.0,64240,26847,502,MQTT_Publish
T0887,53540,21,tcp,-,4e-06,1,1,1,0,246723.764706,246723.764706,493447.529412,1.0,20,20,20,20,20,20,0,1,1,0,0,1,0,0,0,0,120.0,120.0,120.0,120.0,0.0,0.0,0.0,0.0,0.0,0.0,0.0,120.0,120.0,60.0,84.852814,0.0,0.0,0.0,0.0,0.0,0.0,0.0,0.0,0.0,0.0,4.053116,4.053116,4.053116,4.053116,0.0,29606851.764706,1.0,1.0,120.0,0.0,0.0,0.0,0.0,0.0,0.0,0.0,4.053116,4.053116,4.053116,4.053116,0.0,0.0,0.0,0.0,0.0,0.0,64,0,64,DOS_SYN_Hping
T0888,49930,80,tcp,http,0.003119,4,3,2,0,1282.465678,961.849259,2244.314937,0.75,136,32,40,104,32,40,0,2,0,2,0,6,0,0,0,0,0.0,168.0,189.0,47.25,81.106412,0.0,0.0,0.0,0.0,0.0,0.0,168.0,189.0,27.0,62.665780000000005,10.967255,1589.05983,3083.944321,1027.98144,882.3276779999999,1510.14328,1590.967178,3101.110458,1550.5552289999998,57.151127,10.967255,1555.9196470000002,3118.991852,519.831975,768.317899,60596.503287,4.0,3.0,189.0,0.0,0.0,0.0,0.0,0.0,0.0,0.0,3118.991852,3118.991852,3118.991852,3118.991852,0.0,0.0,0.0,0.0,0.0,0.0,64240,65160,502,DDOS_Slowloris
T0889,51414,80,tcp,http,0.000518,8,0,2,0,15441.52416,0.0,15441.52416,0.0,260,20,40,0,0,0,1,2,1,2,0,6,0,0,0,0,0.0,126.0,212.0,26.5,50.219518,0.0,0.0,0.0,0.0,0.0,0.0,126.0,212.0,26.5,50.219518,18.835068,319.004059,518.083572,74.011939,109.559746,0.0,0.0,0.0,0.0,0.0,18.835068,319.004059,518.083572,74.011939,109.559746,409200.390244,8.0,0.0,212.0,0.0,0.0,0.0,0.0,0.0,0.0,0.0,518.083572,518.083572,518.083572,518.083572,0.0,0.0,0.0,0.0,0.0,0.0,65476,0,0,DDOS_Slowloris
T0890,42909,53,udp,dns,0.026363,2,2,2,2,75.863513,75.863513,151.727027,1.0,16,8,8,16,8,8,0,0,0,0,0,0,0,0,0,0,32.0,32.0,64.0,32.0,0.0,32.0,64.0,96.0,48.0,22.627417,32.0,64.0,160.0,40.0,16.0,251.054764,251.054764,251.054764,251.054764,0.0,25141.95442,25141.95442,25141.95442,25141.95442,0.0,251.054764,25141.95442,26363.13438,8787.711461,14167.75256,6069.081076,2.0,2.0,64.0,96.0,0.0,0.0,0.0,0.0,0.0,0.0,26363.13438,26363.13438,26363.13438,26363.13438,0.0,0.0,0.0,0.0,0.0,0.0,0,0,0,Thing_Speak
T0891,41204,4567,tcp,-,2e-06,1,1,0,0,466033.777778,466033.777778,932067.555556,1.0,40,40,40,20,20,20,0,1,1,0,0,1,0,0,0,0,0.0,0.0,0.0,0.0,0.0,0.0,0.0,0.0,0.0,0.0,0.0,0.0,0.0,0.0,0.0,0.0,0.0,0.0,0.0,0.0,0.0,0.0,0.0,0.0,0.0,2.145767,2.145767,2.145767,2.145767,0.0,0.0,1.0,1.0,0.0,0.0,0.0,0.0,0.0,0.0,0.0,0.0,2.145767,2.145767,2.145767,2.145767,0.0,0.0,0.0,0.0,0.0,0.0,64240,0,64240,NMAP_TCP_scan
T0892,49708,80,tcp,http,0.003978,4,3,2,0,1005.52688,754.1451599999999,1759.672041,0.75,136,32,40,104,32,40,0,2,0,2,0,6,0,0,0,0,0.0,168.0,189.0,47.25,81.106412,0.0,0.0,0.0,0.0,0.0,0.0,168.0,189.0,27.0,62.665780000000005,321.865082,2156.019211,3957.986832,1319.328944,927.586359,1811.981201,2135.99205,3947.973251,1973.986626,229.110269,20.027161,2115.96489,3978.013992,663.002332,899.8954480000001,47511.1451,4.0,3.0,189.0,0.0,0.0,0.0,0.0,0.0,0.0,0.0,3978.013992,3978.013992,3978.013992,3978.013992,0.0,0.0,0.0,0.0,0.0,0.0,64240,65160,502,DDOS_Slowloris
T0893,50078,1000,udp,-,0.0,1,0,0,0,0.0,0.0,0.0,0.0,8,8,8,0,0,0,0,0,0,0,0,0,0,0,0,0,0.0,0.0,0.0,0.0,0.0,0.0,0.0,0.0,0.0,0.0,0.0,0.0,0.0,0.0,0.0,0.0,0.0,0.0,0.0,0.0,0.0,0.0,0.0,0.0,0.0,0.0,0.0,0.0,0.0,0.0,0.0,1.0,0.0,0.0,0.0,0.0,0.0,0.0,0.0,0.0,0.0,0.0,0.0,0.0,0.0,0.0,0.0,0.0,0.0,0.0,0.0,0,0,0,NMAP_UDP_SCAN
T0894,49800,6668,tcp,irc,96.76281,69,53,24,34,0.713084,0.5477310000000001,1.260815,0.768116,1404,20,44,1064,20,24,2,2,0,24,34,121,0,0,0,0,0.0,334.0,2729.0,39.550725,71.912025,0.0,156.0,1723.0,32.50943400000001,37.601976,0.0,334.0,4452.0,36.491803,59.38114,2750.873566,16655967.950821,96777269.84024,1423195.144709,2628977.004509,4283.189774,16601043.93959,96465876.102448,1855113.00197,2896956.008564,2750.873566,16579369.068146,96777269.84024,799812.14744,2072148.010472,46.009412,2.76,2.12,109.16,68.92,0.0,0.0,0.0,0.0,0.0,0.0,91413.974762,21980033.874512,45467979.66957101,6495425.667082,8109716.923556,5859549.999237,16579369.068146,51309290.17067,8551548.361778,4045696.268134,65535,4380,65535,Wipro_bulb
T0895,49632,80,tcp,http,19.032605,5,4,3,0,0.262707,0.210166,0.4728729999999999,0.8,168,32,40,136,32,40,0,2,0,3,0,8,0,0,0,0,0.0,168.0,200.0,40.0,72.086753,0.0,0.0,0.0,0.0,0.0,0.0,168.0,200.0,22.222222,55.160624,729.084015,19027405.023575,19032601.118088,4758150.279522,9512836.525469,2497.911453,19027397.155762,19032589.197159,6344196.399053,10983974.057046,4.053116,19027393.102646,19032605.171204,2379075.6464,6726936.165804,10.508283,2.5,2.0,100.0,0.0,0.0,0.0,0.0,0.0,0.0,0.0,4.053116,5208.015442,5212.068558,2606.034279,3679.75705,19027393.102646,19027393.102646,19027393.102646,19027393.102646,0.0,64240,65160,502,DDOS_Slowloris
T0896,45904,5903,tcp,-,4e-06,1,1,0,0,246723.764706,246723.764706,493447.529412,1.0,40,40,40,20,20,20,0,1,1,0,0,1,0,0,0,0,0.0,0.0,0.0,0.0,0.0,0.0,0.0,0.0,0.0,0.0,0.0,0.0,0.0,0.0,0.0,0.0,0.0,0.0,0.0,0.0,0.0,0.0,0.0,0.0,0.0,4.053116,4.053116,4.053116,4.053116,0.0,0.0,1.0,1.0,0.0,0.0,0.0,0.0,0.0,0.0,0.0,0.0,4.053116,4.053116,4.053116,4.053116,0.0,0.0,0.0,0.0,0.0,0.0,64240,0,64240,NMAP_TCP_scan
T0897,36242,27715,tcp,-,2.2e-05,1,1,0,0,45100.043011,45100.043011,90200.086022,1.0,20,20,20,20,20,20,1,0,1,1,0,1,1,0,0,0,0.0,0.0,0.0,0.0,0.0,0.0,0.0,0.0,0.0,0.0,0.0,0.0,0.0,0.0,0.0,0.0,0.0,0.0,0.0,0.0,0.0,0.0,0.0,0.0,0.0,22.172928,22.172928,22.172928,22.172928,0.0,0.0,1.0,1.0,0.0,0.0,0.0,0.0,0.0,0.0,0.0,0.0,22.172928,22.172928,22.172928,22.172928,0.0,0.0,0.0,0.0,0.0,0.0,1024,0,1024,NMAP_XMAS_TREE_SCAN
T0898,50078,34861,udp,-,0.0,1,0,1,0,0.0,0.0,0.0,0.0,8,8,8,0,0,0,0,0,0,0,0,0,0,0,0,0,40.0,40.0,40.0,40.0,0.0,0.0,0.0,0.0,0.0,0.0,40.0,40.0,40.0,40.0,0.0,0.0,0.0,0.0,0.0,0.0,0.0,0.0,0.0,0.0,0.0,0.0,0.0,0.0,0.0,0.0,0.0,1.0,0.0,40.0,0.0,0.0,0.0,0.0,0.0,0.0,0.0,0.0,0.0,0.0,0.0,0.0,0.0,0.0,0.0,0.0,0.0,0,0,0,NMAP_UDP_SCAN
T0899,21379,21,tcp,-,4e-06,1,1,1,0,246723.764706,246723.764706,493447.529412,1.0,20,20,20,20,20,20,0,1,1,0,0,1,0,0,0,0,120.0,120.0,120.0,120.0,0.0,0.0,0.0,0.0,0.0,0.0,0.0,120.0,120.0,60.0,84.852814,0.0,0.0,0.0,0.0,0.0,0.0,0.0,0.0,0.0,0.0,4.053116,4.053116,4.053116,4.053116,0.0,29606851.764706,1.0,1.0,120.0,0.0,0.0,0.0,0.0,0.0,0.0,0.0,4.053116,4.053116,4.053116,4.053116,0.0,0.0,0.0,0.0,0.0,0.0,64,0,64,DOS_SYN_Hping
T0900,59129,21,tcp,-,4e-06,1,1,1,0,246723.764706,246723.764706,493447.529412,1.0,20,20,20,20,20,20,0,1,1,0,0,1,0,0,0,0,120.0,120.0,120.0,120.0,0.0,0.0,0.0,0.0,0.0,0.0,0.0,120.0,120.0,60.0,84.852814,0.0,0.0,0.0,0.0,0.0,0.0,0.0,0.0,0.0,0.0,4.053116,4.053116,4.053116,4.053116,0.0,29606851.764706,1.0,1.0,120.0,0.0,0.0,0.0,0.0,0.0,0.0,0.0,4.053116,4.053116,4.053116,4.053116,0.0,0.0,0.0,0.0,0.0,0.0,64,0,64,DOS_SYN_Hping
T0901,42869,53,udp,dns,0.036586,2,2,2,2,54.666006,54.666006,109.332013,1.0,16,8,8,16,8,8,0,0,0,0,0,0,0,0,0,0,36.0,36.0,72.0,36.0,0.0,36.0,68.0,104.0,52.0,22.627417,36.0,68.0,176.0,44.0,16.0,995.874405,995.874405,995.874405,995.874405,0.0,35384.89342,35384.89342,35384.89342,35384.89342,0.0,205.039978,35384.89342,36585.8078,12195.26927,20086.69599,4810.608555,2.0,2.0,72.0,104.0,0.0,0.0,0.0,0.0,0.0,0.0,36585.8078,36585.8078,36585.8078,36585.8078,0.0,0.0,0.0,0.0,0.0,0.0,0,0,0,Thing_Speak
T0902,35667,1883,tcp,mqtt,51.993304,10,6,3,4,0.192332,0.115399,0.307732,0.6,328,32,40,200,32,40,0,2,1,3,4,15,0,0,0,0,0.0,33.0,76.0,7.6,12.650867,0.0,21.0,34.0,5.666667,7.814516,0.0,33.0,110.0,6.875,10.831282,238.895416,49893942.117691,51993304.014206,5777033.779356,16550337.923023,74.148178,1628134.012222,1944221.973419,388844.394684,697052.44125,74.148178,49893942.117691,51993304.014206,3466220.267614,12849274.736675,2.115657,3.333333,2.0,25.333333,11.333333,0.0,0.0,0.0,0.0,0.0,0.0,2099361.896515,2099361.896515,2099361.896515,2099361.896515,0.0,49893942.117691,49893942.117691,49893942.117691,49893942.117691,0.0,64240,26847,502,MQTT_Publish
T0903,51324,80,tcp,http,0.000252,8,0,2,0,31744.968780000003,0.0,31744.968780000003,0.0,260,20,40,0,0,0,1,2,1,2,0,6,0,0,0,0,0.0,126.0,212.0,26.5,50.219518,0.0,0.0,0.0,0.0,0.0,0.0,126.0,212.0,26.5,50.219518,8.106232,154.018402,252.008438,36.001205,53.32889399999999,0.0,0.0,0.0,0.0,0.0,8.106232,154.018402,252.008438,36.001205,53.32889399999999,841241.672658,8.0,0.0,212.0,0.0,0.0,0.0,0.0,0.0,0.0,0.0,252.008438,252.008438,252.008438,252.008438,0.0,0.0,0.0,0.0,0.0,0.0,65476,0,0,DDOS_Slowloris
T0904,49676,80,tcp,http,0.002798,4,3,2,0,1429.551466,1072.163599,2501.715065,0.75,136,32,40,104,32,40,0,2,0,2,0,6,0,0,0,0,0.0,168.0,189.0,47.25,81.106412,0.0,0.0,0.0,0.0,0.0,0.0,168.0,189.0,27.0,62.665780000000005,10.01358,1549.005508,2775.907516,925.302505,809.870855,1206.159592,1572.847366,2779.006958,1389.503479,259.287412,10.01358,1529.932022,2798.080444,466.346741,698.524008,67546.306748,4.0,3.0,189.0,0.0,0.0,0.0,0.0,0.0,0.0,0.0,2798.080444,2798.080444,2798.080444,2798.080444,0.0,0.0,0.0,0.0,0.0,0.0,64240,65160,502,DDOS_Slowloris
T0905,49650,80,tcp,http,0.004242,4,3,2,0,942.964029,707.223022,1650.18705,0.75,136,32,40,104,32,40,0,2,0,2,0,6,0,0,0,0,0.0,168.0,189.0,47.25,81.106412,0.0,0.0,0.0,0.0,0.0,0.0,168.0,189.0,27.0,62.665780000000005,291.824341,1985.07309,4206.895828,1402.298609,962.093099,1959.085464,2264.976501,4224.061965999999,2112.030983,216.297627,17.881393,1924.037933,4241.943359000001,706.99056,943.348749,44555.05036,4.0,3.0,189.0,0.0,0.0,0.0,0.0,0.0,0.0,0.0,4241.943359000001,4241.943359000001,4241.943359000001,4241.943359000001,0.0,0.0,0.0,0.0,0.0,0.0,64240,65160,502,DDOS_Slowloris
T0906,35403,1883,tcp,mqtt,61.99570600000001,10,6,3,4,0.161301,0.096781,0.258082,0.6,328,32,40,200,32,40,0,2,1,3,4,15,0,0,0,0,0.0,33.0,76.0,7.6,12.650867,0.0,21.0,34.0,5.666667,7.814516,0.0,33.0,110.0,6.875,10.831282,255.10788,59913338.899612,61995705.842972,6888411.76033,19889618.958405,73.19450400000002,1615940.80925,1923989.057541,384797.811508,692106.828195,73.19450400000002,59913338.899612,61995705.842972,4133047.056198,15435566.668803,1.774316,3.333333,2.0,25.333333,11.333333,0.0,0.0,0.0,0.0,0.0,0.0,2082366.943359,2082366.943359,2082366.943359,2082366.943359,0.0,59913338.899612,59913338.899612,59913338.899612,59913338.899612,0.0,64240,26847,502,MQTT_Publish
T0907,64177,57172,udp,-,0.0,1,0,1,0,0.0,0.0,0.0,0.0,8,8,8,0,0,0,0,0,0,0,0,0,0,0,0,0,40.0,40.0,40.0,40.0,0.0,0.0,0.0,0.0,0.0,0.0,40.0,40.0,40.0,40.0,0.0,0.0,0.0,0.0,0.0,0.0,0.0,0.0,0.0,0.0,0.0,0.0,0.0,0.0,0.0,0.0,0.0,1.0,0.0,40.0,0.0,0.0,0.0,0.0,0.0,0.0,0.0,0.0,0.0,0.0,0.0,0.0,0.0,0.0,0.0,0.0,0.0,0,0,0,NMAP_UDP_SCAN
T0908,60841,21,tcp,-,0.0,1,0,1,0,0.0,0.0,0.0,0.0,20,20,20,0,0,0,0,1,0,0,0,0,0,0,0,0,120.0,120.0,120.0,120.0,0.0,0.0,0.0,0.0,0.0,0.0,120.0,120.0,120.0,120.0,0.0,0.0,0.0,0.0,0.0,0.0,0.0,0.0,0.0,0.0,0.0,0.0,0.0,0.0,0.0,0.0,0.0,1.0,0.0,120.0,0.0,0.0,0.0,0.0,0.0,0.0,0.0,0.0,0.0,0.0,0.0,0.0,0.0,0.0,0.0,0.0,0.0,64,0,64,DOS_SYN_Hping
T0909,43515,1883,tcp,mqtt,52.946604,9,5,3,3,0.169983,0.094435,0.264417,0.555556,296,32,40,168,32,40,0,2,1,3,3,13,0,0,0,0,0.0,33.0,76.0,8.444444,13.115935999999998,0.0,23.0,32.0,6.4,9.555103,0.0,33.0,108.0,7.714286,11.618477,231.981277,50902785.778046,52946603.775024,6618325.471878,17899798.458762,7141.113281,1586942.195892,1891036.987305,472759.2468260001,745778.653055,231.981277,50902785.778046,52946603.775024,4072815.675002,14075962.687824,2.039791,3.0,1.666667,25.333333,10.666667,0.0,0.0,0.0,0.0,0.0,0.0,2043817.996979,2043817.996979,2043817.996979,2043817.996979,0.0,50902785.778046,50902785.778046,50902785.778046,50902785.778046,0.0,64240,26847,502,MQTT_Publish
T0910,61858,53,udp,dns,0.08574,1,1,1,1,11.663156,11.663156,23.326311,1.0,8,8,8,8,8,8,0,0,0,0,0,0,0,0,0,0,50.0,50.0,50.0,50.0,0.0,137.0,137.0,137.0,137.0,0.0,50.0,137.0,187.0,93.5,61.51829,0.0,0.0,0.0,0.0,0.0,0.0,0.0,0.0,0.0,0.0,85740.08942,85740.08942,85740.08942,85740.08942,0.0,2181.010088,1.0,1.0,50.0,137.0,0.0,0.0,0.0,0.0,0.0,0.0,85740.08942,85740.08942,85740.08942,85740.08942,0.0,0.0,0.0,0.0,0.0,0.0,0,0,0,Thing_Speak
T0911,59247,4,tcp,-,5e-06,1,1,0,0,199728.761905,199728.761905,399457.52381,1.0,20,20,20,20,20,20,1,0,1,1,0,1,1,0,0,0,0.0,0.0,0.0,0.0,0.0,0.0,0.0,0.0,0.0,0.0,0.0,0.0,0.0,0.0,0.0,0.0,0.0,0.0,0.0,0.0,0.0,0.0,0.0,0.0,0.0,5.0067900000000005,5.0067900000000005,5.0067900000000005,5.0067900000000005,0.0,0.0,1.0,1.0,0.0,0.0,0.0,0.0,0.0,0.0,0.0,0.0,5.0067900000000005,5.0067900000000005,5.0067900000000005,5.0067900000000005,0.0,0.0,0.0,0.0,0.0,0.0,1024,0,1024,NMAP_XMAS_TREE_SCAN
T0912,56345,53,udp,dns,0.027968,2,2,2,2,71.51047700000001,71.51047700000001,143.02095400000002,1.0,16,8,8,16,8,8,0,0,0,0,0,0,0,0,0,0,36.0,36.0,72.0,36.0,0.0,36.0,68.0,104.0,52.0,22.627417,36.0,68.0,176.0,44.0,16.0,27642.96532,27642.96532,27642.96532,27642.96532,0.0,2180.814743,2180.814743,2180.814743,2180.814743,0.0,324.964523,25787.1151,27967.92984,9322.64328,14279.18159,6292.921965,2.0,2.0,72.0,104.0,0.0,0.0,0.0,0.0,0.0,0.0,27967.92984,27967.92984,27967.92984,27967.92984,0.0,0.0,0.0,0.0,0.0,0.0,0,0,0,Thing_Speak
T0913,59247,1914,tcp,-,6e-06,1,1,0,0,167772.16,167772.16,335544.32,1.0,20,20,20,20,20,20,1,0,1,1,0,1,1,0,0,0,0.0,0.0,0.0,0.0,0.0,0.0,0.0,0.0,0.0,0.0,0.0,0.0,0.0,0.0,0.0,0.0,0.0,0.0,0.0,0.0,0.0,0.0,0.0,0.0,0.0,5.960464,5.960464,5.960464,5.960464,0.0,0.0,1.0,1.0,0.0,0.0,0.0,0.0,0.0,0.0,0.0,0.0,5.960464,5.960464,5.960464,5.960464,0.0,0.0,0.0,0.0,0.0,0.0,1024,0,1024,NMAP_XMAS_TREE_SCAN
T0914,51129,5353,udp,dns,0.0,1,0,1,0,0.0,0.0,0.0,0.0,8,8,8,0,0,0,0,0,0,0,0,0,0,0,0,0,50.0,50.0,50.0,50.0,0.0,0.0,0.0,0.0,0.0,0.0,50.0,50.0,50.0,50.0,0.0,0.0,0.0,0.0,0.0,0.0,0.0,0.0,0.0,0.0,0.0,0.0,0.0,0.0,0.0,0.0,0.0,1.0,0.0,50.0,0.0,0.0,0.0,0.0,0.0,0.0,0.0,0.0,0.0,0.0,0.0,0.0,0.0,0.0,0.0,0.0,0.0,0,0,0,ARP_poisioning
T0915,51486,80,tcp,http,0.000511,8,0,2,0,15657.691087,0.0,15657.691087,0.0,260,20,40,0,0,0,1,2,1,2,0,6,0,0,0,0,0.0,126.0,212.0,26.5,50.219518,0.0,0.0,0.0,0.0,0.0,0.0,126.0,212.0,26.5,50.219518,19.788742000000003,323.057175,510.93101500000006,72.990145,111.075975,0.0,0.0,0.0,0.0,0.0,19.788742000000003,323.057175,510.93101500000006,72.990145,111.075975,414928.813812,8.0,0.0,212.0,0.0,0.0,0.0,0.0,0.0,0.0,0.0,510.93101500000006,510.93101500000006,510.93101500000006,510.93101500000006,0.0,0.0,0.0,0.0,0.0,0.0,65476,0,0,DDOS_Slowloris
T0916,41392,1999,tcp,-,4e-06,1,1,0,0,246723.764706,246723.764706,493447.529412,1.0,40,40,40,20,20,20,0,1,1,0,0,1,0,0,0,0,0.0,0.0,0.0,0.0,0.0,0.0,0.0,0.0,0.0,0.0,0.0,0.0,0.0,0.0,0.0,0.0,0.0,0.0,0.0,0.0,0.0,0.0,0.0,0.0,0.0,4.053116,4.053116,4.053116,4.053116,0.0,0.0,1.0,1.0,0.0,0.0,0.0,0.0,0.0,0.0,0.0,0.0,4.053116,4.053116,4.053116,4.053116,0.0,0.0,0.0,0.0,0.0,0.0,64240,0,64240,NMAP_TCP_scan
T0917,43679,1883,tcp,mqtt,27.044825,10,6,3,4,0.369757,0.221854,0.5916100000000001,0.6,328,32,40,200,32,40,0,2,1,3,4,15,0,0,0,0,0.0,33.0,78.0,7.8,12.934021,0.0,23.0,36.0,6.0,8.602325,0.0,33.0,114.0,7.125,11.218289,256.061554,24762038.946152,27044825.077057,3004980.564117,8167359.637838,1647.949219,1481763.124466,2017241.954803,403448.390961,616718.853578,256.061554,24762038.946152,27044825.077057,1802988.33847,6359188.441079,4.215224,3.333333,2.0,26.0,12.0,0.0,0.0,0.0,0.0,0.0,0.0,2282786.130905,2282786.130905,2282786.130905,2282786.130905,0.0,24762038.946152,24762038.946152,24762038.946152,24762038.946152,0.0,64240,26847,502,MQTT_Publish
T0918,65043,53,udp,dns,0.130091,1,1,1,1,7.68693,7.68693,15.373859,1.0,8,8,8,8,8,8,0,0,0,0,0,0,0,0,0,0,53.0,53.0,53.0,53.0,0.0,192.0,192.0,192.0,192.0,0.0,53.0,192.0,245.0,122.5,98.287843,0.0,0.0,0.0,0.0,0.0,0.0,0.0,0.0,0.0,0.0,130090.9519,130090.9519,130090.9519,130090.9519,0.0,1883.297773,1.0,1.0,53.0,192.0,0.0,0.0,0.0,0.0,0.0,0.0,130090.9519,130090.9519,130090.9519,130090.9519,0.0,0.0,0.0,0.0,0.0,0.0,0,0,0,Thing_Speak
T0919,36242,3324,tcp,-,3.1e-05,1,1,0,0,32263.876923000003,32263.876923000003,64527.75384600001,1.0,20,20,20,20,20,20,1,0,1,1,0,1,1,0,0,0,0.0,0.0,0.0,0.0,0.0,0.0,0.0,0.0,0.0,0.0,0.0,0.0,0.0,0.0,0.0,0.0,0.0,0.0,0.0,0.0,0.0,0.0,0.0,0.0,0.0,30.994415000000004,30.994415000000004,30.994415000000004,30.994415000000004,0.0,0.0,1.0,1.0,0.0,0.0,0.0,0.0,0.0,0.0,0.0,0.0,30.994415000000004,30.994415000000004,30.994415000000004,30.994415000000004,0.0,0.0,0.0,0.0,0.0,0.0,1024,0,1024,NMAP_XMAS_TREE_SCAN
T0920,51648,80,tcp,http,0.00052,8,0,2,0,15384.883998,0.0,15384.883998,0.0,260,20,40,0,0,0,1,2,1,2,0,6,0,0,0,0,0.0,126.0,212.0,26.5,50.219518,0.0,0.0,0.0,0.0,0.0,0.0,126.0,212.0,26.5,50.219518,20.980835,321.865082,519.990921,74.284417,110.4855,0.0,0.0,0.0,0.0,0.0,20.980835,321.865082,519.990921,74.284417,110.4855,407699.425951,8.0,0.0,212.0,0.0,0.0,0.0,0.0,0.0,0.0,0.0,519.990921,519.990921,519.990921,519.990921,0.0,0.0,0.0,0.0,0.0,0.0,65476,0,0,NMAP_UDP_SCAN
T0921,59247,50001,tcp,-,2.7e-05,1,1,0,0,37117.734513,37117.734513,74235.469027,1.0,20,20,20,20,20,20,1,0,1,1,0,1,1,0,0,0,0.0,0.0,0.0,0.0,0.0,0.0,0.0,0.0,0.0,0.0,0.0,0.0,0.0,0.0,0.0,0.0,0.0,0.0,0.0,0.0,0.0,0.0,0.0,0.0,0.0,26.941299,26.941299,26.941299,26.941299,0.0,0.0,1.0,1.0,0.0,0.0,0.0,0.0,0.0,0.0,0.0,0.0,26.941299,26.941299,26.941299,26.941299,0.0,0.0,0.0,0.0,0.0,0.0,1024,0,1024,NMAP_XMAS_TREE_SCAN
T0922,58172,443,tcp,ssl,1.331146,13,10,3,8,9.766021,7.512324,17.278345,0.769231,412,20,40,328,32,40,1,2,1,3,6,21,0,0,0,0,0.0,517.0,840.0,64.615385,149.35892900000002,0.0,1408.0,6158.0,615.8,611.9284269999999,0.0,1408.0,6998.0,304.26087,493.363246,220.06034900000003,254390.955,1331146.002,110928.8335,118941.1291,82.969666,327979.0878,1088184.118,120909.3465,144256.9999,82.969666,252092.8383,1331146.002,60506.63645,101468.1749,5257.124304999999,13.0,10.0,840.0,6158.0,0.0,0.0,0.0,0.0,0.0,0.0,1331146.002,1331146.002,1331146.002,1331146.002,0.0,0.0,0.0,0.0,0.0,0.0,64240,26847,0,Thing_Speak
T0923,55212,80,tcp,http,30.637597,7,10,4,3,0.2284769999999999,0.326396,0.554874,1.4285709999999998,232,32,40,316,20,40,4,2,1,4,3,15,0,0,0,0,0.0,168.0,208.0,29.714286,61.432115,0.0,482.0,1446.0,144.6,232.82812,0.0,482.0,1654.0,97.294118,187.894839,3.099442,15446027.994156,30637590.885162,5106265.147527,6767762.271705001,163.07830800000002,14727063.894272,30637584.924698,3404176.102744,5701449.5989,3.099442,14727063.894272,30637596.845627,1914849.802852,4511772.714985,53.98595699999999,1.75,2.5,52.0,361.5,0.0,0.0,0.0,0.0,0.0,0.0,3.099442,4343668.937683,4346008.062363,1448669.3541209998,2507143.454662,11564524.888992,14727063.894272,26291588.783264,13145794.391632,2236252.7764,64240,65160,501,DDOS_Slowloris
T0924,52244,8300,tcp,-,2e-06,1,1,0,0,524288.0,524288.0,1048576.0,1.0,40,40,40,20,20,20,0,1,1,0,0,1,0,0,0,0,0.0,0.0,0.0,0.0,0.0,0.0,0.0,0.0,0.0,0.0,0.0,0.0,0.0,0.0,0.0,0.0,0.0,0.0,0.0,0.0,0.0,0.0,0.0,0.0,0.0,1.907349,1.907349,1.907349,1.907349,0.0,0.0,1.0,1.0,0.0,0.0,0.0,0.0,0.0,0.0,0.0,0.0,1.907349,1.907349,1.907349,1.907349,0.0,0.0,0.0,0.0,0.0,0.0,64240,0,64240,NMAP_TCP_scan
T0925,36650,53,udp,dns,0.035947,1,1,1,1,27.818668,27.818668,55.637336,1.0,8,8,8,8,8,8,0,0,0,0,0,0,0,0,0,0,42.0,42.0,42.0,42.0,0.0,93.0,93.0,93.0,93.0,0.0,42.0,93.0,135.0,67.5,36.062446,0.0,0.0,0.0,0.0,0.0,0.0,0.0,0.0,0.0,0.0,35947.084427,35947.084427,35947.084427,35947.084427,0.0,3755.520153,1.0,1.0,42.0,93.0,0.0,0.0,0.0,0.0,0.0,0.0,35947.084427,35947.084427,35947.084427,35947.084427,0.0,0.0,0.0,0.0,0.0,0.0,0,0,0,ARP_poisioning
T0926,59247,2179,tcp,-,9e-06,1,1,0,0,113359.567568,113359.567568,226719.135135,1.0,20,20,20,20,20,20,1,0,1,1,0,1,1,0,0,0,0.0,0.0,0.0,0.0,0.0,0.0,0.0,0.0,0.0,0.0,0.0,0.0,0.0,0.0,0.0,0.0,0.0,0.0,0.0,0.0,0.0,0.0,0.0,0.0,0.0,8.821487,8.821487,8.821487,8.821487,0.0,0.0,1.0,1.0,0.0,0.0,0.0,0.0,0.0,0.0,0.0,0.0,8.821487,8.821487,8.821487,8.821487,0.0,0.0,0.0,0.0,0.0,0.0,1024,0,1024,NMAP_XMAS_TREE_SCAN
T0927,32945,53,udp,dns,5.03448,3,2,3,2,0.595891,0.39726,0.993151,0.666667,24,8,8,16,8,8,0,0,0,0,0,0,0,0,0,0,36.0,36.0,108.0,36.0,0.0,68.0,123.0,191.0,95.5,38.890873,36.0,123.0,299.0,59.8,37.949967,3602.981567,5005294.085,5008897.066000001,2504448.5330000003,3536729.6960000005,27364.015580000003,27364.015580000003,27364.015580000003,27364.015580000003,0.0,1780.986786,5005294.085,5034480.095,1258620.024,2497807.866,59.39044200000001,1.5,1.0,54.0,95.5,0.0,0.0,0.0,0.0,0.0,0.0,29186.010360000004,29186.010360000004,29186.010360000004,29186.010360000004,0.0,5005294.085,5005294.085,5005294.085,5005294.085,0.0,0,0,0,Thing_Speak
T0928,45046,443,tcp,-,0.038083,1,1,0,0,26.258383,26.258383,52.516766,1.0,40,40,40,20,20,20,0,1,1,0,0,1,0,0,0,0,0.0,0.0,0.0,0.0,0.0,0.0,0.0,0.0,0.0,0.0,0.0,0.0,0.0,0.0,0.0,0.0,0.0,0.0,0.0,0.0,0.0,0.0,0.0,0.0,0.0,38083.076477,38083.076477,38083.076477,38083.076477,0.0,0.0,1.0,1.0,0.0,0.0,0.0,0.0,0.0,0.0,0.0,0.0,38083.076477,38083.076477,38083.076477,38083.076477,0.0,0.0,0.0,0.0,0.0,0.0,64240,0,64240,ARP_poisioning
T0929,32932,1720,tcp,-,4e-05,1,1,0,0,24966.095238,24966.095238,49932.190476,1.0,40,40,40,20,20,20,0,1,1,0,0,1,0,0,0,0,0.0,0.0,0.0,0.0,0.0,0.0,0.0,0.0,0.0,0.0,0.0,0.0,0.0,0.0,0.0,0.0,0.0,0.0,0.0,0.0,0.0,0.0,0.0,0.0,0.0,40.054321,40.054321,40.054321,40.054321,0.0,0.0,1.0,1.0,0.0,0.0,0.0,0.0,0.0,0.0,0.0,0.0,40.054321,40.054321,40.054321,40.054321,0.0,0.0,0.0,0.0,0.0,0.0,64240,0,64240,NMAP_TCP_scan
T0930,53363,53,udp,dns,0.0283199999999999,2,2,2,2,70.621284,70.621284,141.242568,1.0,16,8,8,16,8,8,0,0,0,0,0,0,0,0,0,0,32.0,32.0,64.0,32.0,0.0,32.0,64.0,96.0,48.0,22.627417,32.0,64.0,160.0,40.0,16.0,234.127045,234.127045,234.127045,234.127045,0.0,27102.94724,27102.94724,27102.94724,27102.94724,0.0,234.127045,27102.94724,28320.07408,9440.024694,15301.12176,5649.702735,2.0,2.0,64.0,96.0,0.0,0.0,0.0,0.0,0.0,0.0,28320.07408,28320.07408,28320.07408,28320.07408,0.0,0.0,0.0,0.0,0.0,0.0,0,0,0,Thing_Speak
T0931,59247,2099,tcp,-,7.000000000000001e-06,1,1,0,0,139810.133333,139810.133333,279620.266667,1.0,20,20,20,20,20,20,1,0,1,1,0,1,1,0,0,0,0.0,0.0,0.0,0.0,0.0,0.0,0.0,0.0,0.0,0.0,0.0,0.0,0.0,0.0,0.0,0.0,0.0,0.0,0.0,0.0,0.0,0.0,0.0,0.0,0.0,7.152557000000001,7.152557000000001,7.152557000000001,7.152557000000001,0.0,0.0,1.0,1.0,0.0,0.0,0.0,0.0,0.0,0.0,0.0,0.0,7.152557000000001,7.152557000000001,7.152557000000001,7.152557000000001,0.0,0.0,0.0,0.0,0.0,0.0,1024,0,1024,NMAP_XMAS_TREE_SCAN
T0932,55507,1883,tcp,mqtt,52.056291,10,6,3,4,0.1921,0.11526,0.30736,0.6,328,32,40,200,32,40,0,2,1,3,4,15,0,0,0,0,0.0,33.0,78.0,7.8,12.934021,0.0,23.0,36.0,6.0,8.602325,0.0,33.0,114.0,7.125,11.218289,257.015228,49793367.862701,52056290.864944,5784032.318326999,16507726.7171,2475.976944,1480077.028275,2003701.925278,400740.385056,616541.555451,257.015228,49793367.862701,52056290.864944,3470419.390996,12818721.987459,2.189937,3.333333,2.0,26.0,12.0,0.0,0.0,0.0,0.0,0.0,0.0,2262923.002243,2262923.002243,2262923.002243,2262923.002243,0.0,49793367.862701,49793367.862701,49793367.862701,49793367.862701,0.0,64240,26847,502,MQTT_Publish
T0933,25384,53,udp,dns,0.031155,1,1,1,1,32.09771,32.09771,64.195419,1.0,8,8,8,8,8,8,0,0,0,0,0,0,0,0,0,0,31.0,31.0,31.0,31.0,0.0,153.0,153.0,153.0,153.0,0.0,31.0,153.0,184.0,92.0,86.267027,0.0,0.0,0.0,0.0,0.0,0.0,0.0,0.0,0.0,0.0,31154.870987,31154.870987,31154.870987,31154.870987,0.0,5905.978557,1.0,1.0,31.0,153.0,0.0,0.0,0.0,0.0,0.0,0.0,31154.870987,31154.870987,31154.870987,31154.870987,0.0,0.0,0.0,0.0,0.0,0.0,0,0,0,Wipro_bulb
T0934,64179,513,udp,-,0.0,1,0,0,0,0.0,0.0,0.0,0.0,8,8,8,0,0,0,0,0,0,0,0,0,0,0,0,0,0.0,0.0,0.0,0.0,0.0,0.0,0.0,0.0,0.0,0.0,0.0,0.0,0.0,0.0,0.0,0.0,0.0,0.0,0.0,0.0,0.0,0.0,0.0,0.0,0.0,0.0,0.0,0.0,0.0,0.0,0.0,1.0,0.0,0.0,0.0,0.0,0.0,0.0,0.0,0.0,0.0,0.0,0.0,0.0,0.0,0.0,0.0,0.0,0.0,0.0,0.0,0,0,0,NMAP_UDP_SCAN
T0935,46600,8254,tcp,-,5e-06,1,1,0,0,199728.761905,199728.761905,399457.52381,1.0,20,20,20,20,20,20,0,0,1,0,0,1,0,0,0,0,0.0,0.0,0.0,0.0,0.0,0.0,0.0,0.0,0.0,0.0,0.0,0.0,0.0,0.0,0.0,0.0,0.0,0.0,0.0,0.0,0.0,0.0,0.0,0.0,0.0,5.0067900000000005,5.0067900000000005,5.0067900000000005,5.0067900000000005,0.0,0.0,1.0,1.0,0.0,0.0,0.0,0.0,0.0,0.0,0.0,0.0,5.0067900000000005,5.0067900000000005,5.0067900000000005,5.0067900000000005,0.0,0.0,0.0,0.0,0.0,0.0,1024,0,1024,NMAP_OS_DETECTION
T0936,59625,21,tcp,-,4e-06,1,1,1,0,246723.764706,246723.764706,493447.529412,1.0,20,20,20,20,20,20,0,1,1,0,0,1,0,0,0,0,120.0,120.0,120.0,120.0,0.0,0.0,0.0,0.0,0.0,0.0,0.0,120.0,120.0,60.0,84.852814,0.0,0.0,0.0,0.0,0.0,0.0,0.0,0.0,0.0,0.0,4.053116,4.053116,4.053116,4.053116,0.0,29606851.764706,1.0,1.0,120.0,0.0,0.0,0.0,0.0,0.0,0.0,0.0,4.053116,4.053116,4.053116,4.053116,0.0,0.0,0.0,0.0,0.0,0.0,64,0,64,DOS_SYN_Hping
T0937,57450,53,udp,dns,0.029387,2,2,2,2,68.057311,68.057311,136.114621,1.0,16,8,8,16,8,8,0,0,0,0,0,0,0,0,0,0,36.0,36.0,72.0,36.0,0.0,36.0,68.0,104.0,52.0,22.627417,36.0,68.0,176.0,44.0,16.0,29141.18767,29141.18767,29141.18767,29141.18767,0.0,2131.938934,2131.938934,2131.938934,2131.938934,0.0,245.809555,27255.05829,29386.99722,9795.665741,15142.50486,5989.04334,2.0,2.0,72.0,104.0,0.0,0.0,0.0,0.0,0.0,0.0,29386.99722,29386.99722,29386.99722,29386.99722,0.0,0.0,0.0,0.0,0.0,0.0,0,0,0,Thing_Speak
T0938,41419,1883,tcp,mqtt,25.935548,10,7,3,4,0.385571,0.2699,0.655471,0.7,328,32,40,232,32,40,0,2,1,3,4,16,0,0,0,0,0.0,33.0,78.0,7.8,12.934021,0.0,23.0,36.0,5.142857,8.173708999999999,0.0,33.0,114.0,6.705882000000001,10.998663,247.001648,23804028.03421,25935547.828674,2881727.536519,7858314.337655,51.021576,1615592.002869,1967943.906784,327990.651131,635473.134913,51.021576,23804028.03421,25935547.828674,1620971.739292,5925711.672238,4.395512,3.333333,2.333333,26.0,12.0,0.0,0.0,0.0,0.0,0.0,0.0,2131519.794464,2131519.794464,2131519.794464,2131519.794464,0.0,23804028.03421,23804028.03421,23804028.03421,23804028.03421,0.0,64240,26847,502,MQTT_Publish
T0939,51036,6789,tcp,-,4e-06,1,1,0,0,246723.764706,246723.764706,493447.529412,1.0,20,20,20,20,20,20,0,0,1,0,0,1,0,0,0,0,0.0,0.0,0.0,0.0,0.0,0.0,0.0,0.0,0.0,0.0,0.0,0.0,0.0,0.0,0.0,0.0,0.0,0.0,0.0,0.0,0.0,0.0,0.0,0.0,0.0,4.053116,4.053116,4.053116,4.053116,0.0,0.0,1.0,1.0,0.0,0.0,0.0,0.0,0.0,0.0,0.0,0.0,4.053116,4.053116,4.053116,4.053116,0.0,0.0,0.0,0.0,0.0,0.0,1024,0,1024,NMAP_OS_DETECTION
T0940,64177,36669,udp,-,0.0,1,0,1,0,0.0,0.0,0.0,0.0,8,8,8,0,0,0,0,0,0,0,0,0,0,0,0,0,40.0,40.0,40.0,40.0,0.0,0.0,0.0,0.0,0.0,0.0,40.0,40.0,40.0,40.0,0.0,0.0,0.0,0.0,0.0,0.0,0.0,0.0,0.0,0.0,0.0,0.0,0.0,0.0,0.0,0.0,0.0,1.0,0.0,40.0,0.0,0.0,0.0,0.0,0.0,0.0,0.0,0.0,0.0,0.0,0.0,0.0,0.0,0.0,0.0,0.0,0.0,0,0,0,NMAP_UDP_SCAN
T0941,41004,53,udp,dns,0.000214,2,2,2,2,9341.434298,9341.434298,18682.868597,1.0,16,8,8,16,8,8,0,0,0,0,0,0,0,0,0,0,45.0,45.0,90.0,45.0,0.0,45.0,61.0,106.0,53.0,11.313708,45.0,61.0,196.0,49.0,8.0,9.059906,9.059906,9.059906,9.059906,0.0,76.055527,76.055527,76.055527,76.055527,0.0,9.059906,128.984451,214.099884,71.366628,60.099613,915460.561247,2.0,2.0,90.0,106.0,0.0,0.0,0.0,0.0,0.0,0.0,214.099884,214.099884,214.099884,214.099884,0.0,0.0,0.0,0.0,0.0,0.0,0,0,0,ARP_poisioning
T0942,36658,9943,tcp,-,2e-06,1,1,0,0,524288.0,524288.0,1048576.0,1.0,40,40,40,20,20,20,0,1,1,0,0,1,0,0,0,0,0.0,0.0,0.0,0.0,0.0,0.0,0.0,0.0,0.0,0.0,0.0,0.0,0.0,0.0,0.0,0.0,0.0,0.0,0.0,0.0,0.0,0.0,0.0,0.0,0.0,1.907349,1.907349,1.907349,1.907349,0.0,0.0,1.0,1.0,0.0,0.0,0.0,0.0,0.0,0.0,0.0,0.0,1.907349,1.907349,1.907349,1.907349,0.0,0.0,0.0,0.0,0.0,0.0,64240,0,64240,NMAP_TCP_scan
T0943,22142,21,tcp,-,2e-06,1,1,1,0,524288.0,524288.0,1048576.0,1.0,20,20,20,20,20,20,0,1,1,0,0,1,0,0,0,0,120.0,120.0,120.0,120.0,0.0,0.0,0.0,0.0,0.0,0.0,0.0,120.0,120.0,60.0,84.852814,0.0,0.0,0.0,0.0,0.0,0.0,0.0,0.0,0.0,0.0,1.907349,1.907349,1.907349,1.907349,0.0,62914560.0,1.0,1.0,120.0,0.0,0.0,0.0,0.0,0.0,0.0,0.0,1.907349,1.907349,1.907349,1.907349,0.0,0.0,0.0,0.0,0.0,0.0,64,0,64,DOS_SYN_Hping
T0944,37025,22,tcp,ssh,2.064157,14,13,6,5,6.782431,6.297971,13.080402,0.928571,456,32,40,424,32,40,2,2,0,6,5,26,0,0,0,0,0.0,800.0,1249.0,89.214286,211.470376,0.0,1080.0,1633.0,125.615385,300.04098,0.0,1080.0,2882.0,106.740741,253.482148,1086.950302,1902603.86467,2072264.909744,159404.993057,524074.367083,132.083893,1855406.045914,2064109.802246,172009.150187,530487.357206,28.133392,1855406.045914,2072264.909744,79702.496529,362431.096171,1396.21178,7.0,6.5,624.5,816.5,0.0,0.0,0.0,0.0,0.0,0.0,2072264.909744,2072264.909744,2072264.909744,2072264.909744,0.0,0.0,0.0,0.0,0.0,0.0,64240,65160,501,Metasploit_Brute_Force_SSH
T0945,37302,8080,tcp,-,1.3e-05,1,1,0,0,76260.07272699999,76260.07272699999,152520.145455,1.0,40,40,40,20,20,20,0,1,1,0,0,1,0,0,0,0,0.0,0.0,0.0,0.0,0.0,0.0,0.0,0.0,0.0,0.0,0.0,0.0,0.0,0.0,0.0,0.0,0.0,0.0,0.0,0.0,0.0,0.0,0.0,0.0,0.0,13.113022,13.113022,13.113022,13.113022,0.0,0.0,1.0,1.0,0.0,0.0,0.0,0.0,0.0,0.0,0.0,0.0,13.113022,13.113022,13.113022,13.113022,0.0,0.0,0.0,0.0,0.0,0.0,64240,0,64240,NMAP_TCP_scan
T0946,33318,705,tcp,-,4e-06,1,1,0,0,246723.764706,246723.764706,493447.529412,1.0,40,40,40,20,20,20,0,1,1,0,0,1,0,0,0,0,0.0,0.0,0.0,0.0,0.0,0.0,0.0,0.0,0.0,0.0,0.0,0.0,0.0,0.0,0.0,0.0,0.0,0.0,0.0,0.0,0.0,0.0,0.0,0.0,0.0,4.053116,4.053116,4.053116,4.053116,0.0,0.0,1.0,1.0,0.0,0.0,0.0,0.0,0.0,0.0,0.0,0.0,4.053116,4.053116,4.053116,4.053116,0.0,0.0,0.0,0.0,0.0,0.0,64240,0,64240,NMAP_TCP_scan
T0947,55139,1883,tcp,mqtt,247.902094,10,6,3,3,0.040339,0.024203,0.064542,0.6,328,32,40,200,32,40,1,2,1,3,3,15,0,0,0,0,0.0,33.0,76.0,7.6,12.650867,0.0,23.0,32.0,5.3333330000000005,8.936815,0.0,33.0,108.0,6.75,11.132535,251.054764,155685668.94531202,247902093.887329,27544677.098592,56504826.499345,76.055527,89996462.10670501,91888380.050659,18377676.010132,40041165.883886,76.055527,155685668.94531202,247902093.887329,16526806.259155,44914285.12077,0.435656,2.5,1.5,19.0,8.0,0.0,0.0,0.0,0.0,0.0,0.0,175588.846207,2046209.096909,2221797.943115,1110898.971558,1322728.264296,89994626.998901,155685668.94531202,245680295.944214,122840147.972107,46450581.223517,64240,26847,502,MQTT_Publish
T0948,64177,17321,udp,-,0.0,1,0,0,0,0.0,0.0,0.0,0.0,8,8,8,0,0,0,0,0,0,0,0,0,0,0,0,0,0.0,0.0,0.0,0.0,0.0,0.0,0.0,0.0,0.0,0.0,0.0,0.0,0.0,0.0,0.0,0.0,0.0,0.0,0.0,0.0,0.0,0.0,0.0,0.0,0.0,0.0,0.0,0.0,0.0,0.0,0.0,1.0,0.0,0.0,0.0,0.0,0.0,0.0,0.0,0.0,0.0,0.0,0.0,0.0,0.0,0.0,0.0,0.0,0.0,0.0,0.0,0,0,0,NMAP_UDP_SCAN
T0949,39836,38292,tcp,-,3.7e-05,1,1,0,0,27060.025806,27060.025806,54120.051613,1.0,40,40,40,20,20,20,0,1,1,0,0,1,0,0,0,0,0.0,0.0,0.0,0.0,0.0,0.0,0.0,0.0,0.0,0.0,0.0,0.0,0.0,0.0,0.0,0.0,0.0,0.0,0.0,0.0,0.0,0.0,0.0,0.0,0.0,36.95488,36.95488,36.95488,36.95488,0.0,0.0,1.0,1.0,0.0,0.0,0.0,0.0,0.0,0.0,0.0,0.0,36.95488,36.95488,36.95488,36.95488,0.0,0.0,0.0,0.0,0.0,0.0,64240,0,64240,NMAP_TCP_scan
T0950,43051,53,udp,dns,0.046626,2,2,2,2,42.894439,42.894439,85.788877,1.0,16,8,8,16,8,8,0,0,0,0,0,0,0,0,0,0,32.0,32.0,64.0,32.0,0.0,32.0,64.0,96.0,48.0,22.627417,32.0,64.0,160.0,40.0,16.0,241.041183,241.041183,241.041183,241.041183,0.0,45710.08682,45710.08682,45710.08682,45710.08682,0.0,241.041183,45710.08682,46626.09099999999,15542.03033,26127.20414,3431.555092,2.0,2.0,64.0,96.0,0.0,0.0,0.0,0.0,0.0,0.0,46626.09099999999,46626.09099999999,46626.09099999999,46626.09099999999,0.0,0.0,0.0,0.0,0.0,0.0,0,0,0,Thing_Speak
T0951,64775,21,tcp,-,1e-06,1,1,1,0,1048576.0,1048576.0,2097152.0,1.0,20,20,20,20,20,20,0,1,1,0,0,1,0,0,0,0,120.0,120.0,120.0,120.0,0.0,0.0,0.0,0.0,0.0,0.0,0.0,120.0,120.0,60.0,84.852814,0.0,0.0,0.0,0.0,0.0,0.0,0.0,0.0,0.0,0.0,0.953674,0.953674,0.953674,0.953674,0.0,125829120.0,1.0,1.0,120.0,0.0,0.0,0.0,0.0,0.0,0.0,0.0,0.953674,0.953674,0.953674,0.953674,0.0,0.0,0.0,0.0,0.0,0.0,64,0,64,DOS_SYN_Hping
T0952,64237,17417,udp,-,0.0,1,0,0,0,0.0,0.0,0.0,0.0,8,8,8,0,0,0,0,0,0,0,0,0,0,0,0,0,0.0,0.0,0.0,0.0,0.0,0.0,0.0,0.0,0.0,0.0,0.0,0.0,0.0,0.0,0.0,0.0,0.0,0.0,0.0,0.0,0.0,0.0,0.0,0.0,0.0,0.0,0.0,0.0,0.0,0.0,0.0,1.0,0.0,0.0,0.0,0.0,0.0,0.0,0.0,0.0,0.0,0.0,0.0,0.0,0.0,0.0,0.0,0.0,0.0,0.0,0.0,0,0,0,NMAP_UDP_SCAN
T0953,136,135,icmp,-,0.0,1,0,1,0,0.0,0.0,0.0,0.0,8,8,8,0,0,0,0,0,0,0,0,0,0,0,0,0,24.0,24.0,24.0,24.0,0.0,0.0,0.0,0.0,0.0,0.0,24.0,24.0,24.0,24.0,0.0,0.0,0.0,0.0,0.0,0.0,0.0,0.0,0.0,0.0,0.0,0.0,0.0,0.0,0.0,0.0,0.0,1.0,0.0,24.0,0.0,0.0,0.0,0.0,0.0,0.0,0.0,0.0,0.0,0.0,0.0,0.0,0.0,0.0,0.0,0.0,0.0,0,0,0,Thing_Speak
T0954,42894,2020,tcp,-,4e-06,1,1,0,0,246723.764706,246723.764706,493447.529412,1.0,40,40,40,20,20,20,0,1,1,0,0,1,0,0,0,0,0.0,0.0,0.0,0.0,0.0,0.0,0.0,0.0,0.0,0.0,0.0,0.0,0.0,0.0,0.0,0.0,0.0,0.0,0.0,0.0,0.0,0.0,0.0,0.0,0.0,4.053116,4.053116,4.053116,4.053116,0.0,0.0,1.0,1.0,0.0,0.0,0.0,0.0,0.0,0.0,0.0,0.0,4.053116,4.053116,4.053116,4.053116,0.0,0.0,0.0,0.0,0.0,0.0,64240,0,64240,NMAP_TCP_scan
T0955,64939,21,tcp,-,4e-06,1,1,1,0,246723.764706,246723.764706,493447.529412,1.0,20,20,20,20,20,20,0,1,1,0,0,1,0,0,0,0,120.0,120.0,120.0,120.0,0.0,0.0,0.0,0.0,0.0,0.0,0.0,120.0,120.0,60.0,84.852814,0.0,0.0,0.0,0.0,0.0,0.0,0.0,0.0,0.0,0.0,4.053116,4.053116,4.053116,4.053116,0.0,29606851.764706,1.0,1.0,120.0,0.0,0.0,0.0,0.0,0.0,0.0,0.0,4.053116,4.053116,4.053116,4.053116,0.0,0.0,0.0,0.0,0.0,0.0,64,0,64,DOS_SYN_Hping
T0956,49604,144,tcp,-,4e-06,1,1,0,0,246723.764706,246723.764706,493447.529412,1.0,40,40,40,20,20,20,0,1,1,0,0,1,0,0,0,0,0.0,0.0,0.0,0.0,0.0,0.0,0.0,0.0,0.0,0.0,0.0,0.0,0.0,0.0,0.0,0.0,0.0,0.0,0.0,0.0,0.0,0.0,0.0,0.0,0.0,4.053116,4.053116,4.053116,4.053116,0.0,0.0,1.0,1.0,0.0,0.0,0.0,0.0,0.0,0.0,0.0,0.0,4.053116,4.053116,4.053116,4.053116,0.0,0.0,0.0,0.0,0.0,0.0,64240,0,64240,NMAP_TCP_scan
T0957,51779,1883,tcp,mqtt,9.996261,9,5,3,3,0.900337,0.5001869999999999,1.400524,0.555556,296,32,40,168,32,40,0,2,1,3,3,13,0,0,0,0,0.0,33.0,76.0,8.444444,13.115935999999998,0.0,23.0,32.0,6.4,9.555103,0.0,33.0,108.0,7.714286,11.618477,269.889832,7747740.030289,9996261.119843,1249532.63998,2651570.009131,3139.019012,1447918.176651,1981848.955154,495462.238789,646895.704579,269.889832,7747740.030289,9996261.119843,768943.163065,2121616.384634,10.80404,3.0,1.666667,25.333333,10.666667,0.0,0.0,0.0,0.0,0.0,0.0,2248521.089554,2248521.089554,2248521.089554,2248521.089554,0.0,7747740.030289,7747740.030289,7747740.030289,7747740.030289,0.0,64240,26847,502,MQTT_Publish
T0958,59514,443,tcp,ssl,1.547587,14,12,3,9,9.046342,7.754007,16.800349,0.857143,432,20,40,392,32,40,2,2,2,3,5,23,0,0,0,0,0.0,517.0,840.0,60.0,144.534798,0.0,1352.0,6093.0,507.75,635.301092,0.0,1352.0,6933.0,266.653846,490.17000700000006,235.080719,300010.9196,1549911.976,119223.9981,139555.7478,44.107437,379750.967,1268067.837,115278.8943,161371.131,44.107437,297501.0872,1549911.976,61996.47903,114652.1947,4479.877621,14.0,12.0,840.0,6093.0,0.0,4548.0,0.0,5.0,0.0,5047815.452,1549911.976,1549911.976,1549911.976,1549911.976,0.0,0.0,0.0,0.0,0.0,0.0,64240,26847,0,Thing_Speak
T0959,60970,513,tcp,-,4e-06,1,1,0,0,262144.0,262144.0,524288.0,1.0,40,40,40,20,20,20,0,1,1,0,0,1,0,0,0,0,0.0,0.0,0.0,0.0,0.0,0.0,0.0,0.0,0.0,0.0,0.0,0.0,0.0,0.0,0.0,0.0,0.0,0.0,0.0,0.0,0.0,0.0,0.0,0.0,0.0,3.814697,3.814697,3.814697,3.814697,0.0,0.0,1.0,1.0,0.0,0.0,0.0,0.0,0.0,0.0,0.0,0.0,3.814697,3.814697,3.814697,3.814697,0.0,0.0,0.0,0.0,0.0,0.0,64240,0,64240,NMAP_TCP_scan
T0960,42879,1883,tcp,mqtt,11.055713,10,6,3,4,0.90451,0.542706,1.447216,0.6,328,32,40,200,32,40,0,2,1,3,4,15,0,0,0,0,0.0,33.0,76.0,7.6,12.650867,0.0,21.0,34.0,5.666667,7.814516,0.0,33.0,110.0,6.875,10.831282,240.087509,8741727.828978999,11055712.938309,1228412.548701,2842775.69785,147.10426299999995,1503485.9180450004,2045701.026917,409140.205383,626299.187348,147.10426299999995,8741727.828978999,11055712.938309,737047.529221,2237334.654827,9.949607,3.333333,2.0,25.333333,11.333333,0.0,0.0,0.0,0.0,0.0,0.0,2313985.109329,2313985.109329,2313985.109329,2313985.109329,0.0,8741727.828978999,8741727.828978999,8741727.828978999,8741727.828978999,0.0,64240,26847,502,MQTT_Publish
T0961,12369,21,tcp,-,4e-06,1,1,1,0,246723.764706,246723.764706,493447.529412,1.0,20,20,20,20,20,20,0,1,1,0,0,1,0,0,0,0,120.0,120.0,120.0,120.0,0.0,0.0,0.0,0.0,0.0,0.0,0.0,120.0,120.0,60.0,84.852814,0.0,0.0,0.0,0.0,0.0,0.0,0.0,0.0,0.0,0.0,4.053116,4.053116,4.053116,4.053116,0.0,29606851.764706,1.0,1.0,120.0,0.0,0.0,0.0,0.0,0.0,0.0,0.0,4.053116,4.053116,4.053116,4.053116,0.0,0.0,0.0,0.0,0.0,0.0,64,0,64,DOS_SYN_Hping
T0962,64177,27444,udp,-,0.0,1,0,1,0,0.0,0.0,0.0,0.0,8,8,8,0,0,0,0,0,0,0,0,0,0,0,0,0,11.0,11.0,11.0,11.0,0.0,0.0,0.0,0.0,0.0,0.0,11.0,11.0,11.0,11.0,0.0,0.0,0.0,0.0,0.0,0.0,0.0,0.0,0.0,0.0,0.0,0.0,0.0,0.0,0.0,0.0,0.0,1.0,0.0,11.0,0.0,0.0,0.0,0.0,0.0,0.0,0.0,0.0,0.0,0.0,0.0,0.0,0.0,0.0,0.0,0.0,0.0,0,0,0,NMAP_UDP_SCAN
T0963,58136,1075,tcp,-,2e-05,1,1,0,0,49932.190476,49932.190476,99864.380952,1.0,40,40,40,20,20,20,0,1,1,0,0,1,0,0,0,0,0.0,0.0,0.0,0.0,0.0,0.0,0.0,0.0,0.0,0.0,0.0,0.0,0.0,0.0,0.0,0.0,0.0,0.0,0.0,0.0,0.0,0.0,0.0,0.0,0.0,20.027161,20.027161,20.027161,20.027161,0.0,0.0,1.0,1.0,0.0,0.0,0.0,0.0,0.0,0.0,0.0,0.0,20.027161,20.027161,20.027161,20.027161,0.0,0.0,0.0,0.0,0.0,0.0,64240,0,64240,NMAP_TCP_scan
T0964,47006,82,tcp,-,1e-06,1,1,0,0,838860.8,838860.8,1677721.6,1.0,40,40,40,20,20,20,0,1,1,0,0,1,0,0,0,0,0.0,0.0,0.0,0.0,0.0,0.0,0.0,0.0,0.0,0.0,0.0,0.0,0.0,0.0,0.0,0.0,0.0,0.0,0.0,0.0,0.0,0.0,0.0,0.0,0.0,1.192093,1.192093,1.192093,1.192093,0.0,0.0,1.0,1.0,0.0,0.0,0.0,0.0,0.0,0.0,0.0,0.0,1.192093,1.192093,1.192093,1.192093,0.0,0.0,0.0,0.0,0.0,0.0,64240,0,64240,NMAP_TCP_scan
T0965,60897,53,udp,dns,0.020367,2,2,2,2,98.197364,98.197364,196.394728,1.0,16,8,8,16,8,8,0,0,0,0,0,0,0,0,0,0,36.0,36.0,72.0,36.0,0.0,36.0,68.0,104.0,52.0,22.627417,36.0,68.0,176.0,44.0,16.0,1008.987427,1008.987427,1008.987427,1008.987427,0.0,19167.18483,19167.18483,19167.18483,19167.18483,0.0,190.973282,19167.18483,20367.14554,6789.048513,10727.58038,8641.368014,2.0,2.0,72.0,104.0,0.0,0.0,0.0,0.0,0.0,0.0,20367.14554,20367.14554,20367.14554,20367.14554,0.0,0.0,0.0,0.0,0.0,0.0,0,0,0,Thing_Speak
T0966,3362,21,tcp,-,1e-06,1,1,1,0,1048576.0,1048576.0,2097152.0,1.0,20,20,20,20,20,20,0,1,1,0,0,1,0,0,0,0,120.0,120.0,120.0,120.0,0.0,0.0,0.0,0.0,0.0,0.0,0.0,120.0,120.0,60.0,84.852814,0.0,0.0,0.0,0.0,0.0,0.0,0.0,0.0,0.0,0.0,0.953674,0.953674,0.953674,0.953674,0.0,125829120.0,1.0,1.0,120.0,0.0,0.0,0.0,0.0,0.0,0.0,0.0,0.953674,0.953674,0.953674,0.953674,0.0,0.0,0.0,0.0,0.0,0.0,64,0,64,DOS_SYN_Hping
T0967,44705,1883,tcp,mqtt,40.064942,9,5,3,3,0.224635,0.124797,0.349433,0.555556,296,32,40,168,32,40,0,2,1,3,3,13,0,0,0,0,0.0,33.0,76.0,8.444444,13.115935999999998,0.0,23.0,32.0,6.4,9.555103,0.0,33.0,108.0,7.714286,11.618477,267.028809,37767044.067383,40064942.121506,5008117.765188,13241941.608232,2851.963043,1478325.1285549996,2025148.153305,506287.038326,660328.243713,267.028809,37767044.067383,40064942.121506,3081918.624731,10426776.501856,2.695624,3.0,1.666667,25.333333,10.666667,0.0,0.0,0.0,0.0,0.0,0.0,2297898.054123,2297898.054123,2297898.054123,2297898.054123,0.0,37767044.067383,37767044.067383,37767044.067383,37767044.067383,0.0,64240,26847,502,MQTT_Publish
T0968,60717,1883,tcp,mqtt,62.09115799999999,10,6,3,4,0.161054,0.096632,0.257686,0.6,328,32,40,200,32,40,0,2,1,3,4,15,0,0,0,0,0.0,33.0,76.0,7.6,12.650867,0.0,21.0,34.0,5.666667,7.814516,0.0,33.0,110.0,6.875,10.831282,552.8926849999998,59799700.97541801,62091157.91320799,6899017.545911999,19840518.15289,3008.842468,1343686.103821,2000874.042511,400174.808502,551446.535666,552.8926849999998,59799700.97541801,62091157.91320799,4139410.527547,15400630.733575,1.771589,3.333333,2.0,25.333333,11.333333,0.0,0.0,0.0,0.0,0.0,0.0,2291456.9377900003,2291456.9377900003,2291456.9377900003,2291456.9377900003,0.0,59799700.97541801,59799700.97541801,59799700.97541801,59799700.97541801,0.0,64240,26847,502,MQTT_Publish
T0969,49586,80,tcp,http,21.201499,5,4,3,0,0.235832,0.188666,0.4244979999999999,0.8,168,32,40,136,32,40,0,2,0,3,0,8,0,0,0,0,0.0,168.0,199.0,39.8,72.154002,0.0,0.0,0.0,0.0,0.0,0.0,168.0,199.0,22.111111,55.164401,293.016434,21194616.794586,21201493.9785,5300373.494625,10596162.297083,3298.044205,21194600.820541,21201469.898224,7067156.6327410005,12234725.557943,5.0067900000000005,21194595.813751,21201498.985291,2650187.373161,7493072.689282001,9.386129,2.5,2.0,99.5,0.0,0.0,0.0,0.0,0.0,0.0,0.0,5.0067900000000005,6898.164749,6903.171539,3451.58577,4874.198737,21194595.813751,21194595.813751,21194595.813751,21194595.813751,0.0,64240,65160,502,DDOS_Slowloris
T0970,52207,443,tcp,ssl,3.027287,9,11,5,4,2.972959,3.633616,6.606575,1.222222,184,20,24,224,20,24,2,2,0,5,4,19,0,0,0,0,0.0,213.0,520.0,57.77777800000001,70.242042,0.0,293.0,833.0,75.727273,118.841988,0.0,293.0,1353.0,67.65,97.952875,23379.802704,2050647.02034,3095890.99884,386986.374855,681199.53959,149.011612,1094004.869461,3000124.931335,300012.493134,405471.194335,149.011612,1066856.861115,3095890.99884,162941.631518,310386.765958,446.934829,4.5,5.5,260.0,416.5,0.0,0.0,0.0,0.0,0.0,0.0,3095890.99884,3095890.99884,3095890.99884,3095890.99884,0.0,0.0,0.0,0.0,0.0,0.0,4380,26883,3839,Wipro_bulb
T0971,57987,53,udp,dns,0.050992,2,2,2,2,39.221829,39.221829,78.443659,1.0,16,8,8,16,8,8,0,0,0,0,0,0,0,0,0,0,36.0,36.0,72.0,36.0,0.0,36.0,68.0,104.0,52.0,22.627417,36.0,68.0,176.0,44.0,16.0,1093.149185,1093.149185,1093.149185,1093.149185,0.0,49635.88715,49635.88715,49635.88715,49635.88715,0.0,262.97569300000004,49635.88715,50992.01202,16997.337340000002,28268.860910000003,3451.520993,2.0,2.0,72.0,104.0,0.0,0.0,0.0,0.0,0.0,0.0,50992.01202,50992.01202,50992.01202,50992.01202,0.0,0.0,0.0,0.0,0.0,0.0,0,0,0,Thing_Speak
T0972,43445,22,tcp,ssh,2.066158,15,13,6,5,7.259850999999999,6.291871,13.551722,0.866667,488,32,40,424,32,40,2,2,0,6,5,27,0,0,0,0,0.0,800.0,1249.0,83.266667,205.075758,0.0,1080.0,1633.0,125.615385,300.04098,0.0,1080.0,2882.0,102.928571,249.560344,1286.98349,1945594.072342,2072421.073914,148030.07670799998,517570.793909,130.8918,1896569.013596,2066112.041473,172176.003456,543380.8403149999,15.020370000000002,1896569.013596,2072421.073914,76756.336071,363919.609831,1394.859406,7.5,6.5,624.5,816.5,0.0,0.0,0.0,0.0,0.0,0.0,2072421.073914,2072421.073914,2072421.073914,2072421.073914,0.0,0.0,0.0,0.0,0.0,0.0,64240,65160,501,Metasploit_Brute_Force_SSH
T0973,54173,1883,tcp,mqtt,2.892754,10,6,3,4,3.456914,2.074148,5.531062,0.6,328,32,40,200,32,40,0,2,1,3,4,15,0,0,0,0,0.0,33.0,77.0,7.7,12.789318,0.0,22.0,35.0,5.8333330000000005,8.20772,0.0,33.0,112.0,7.0,11.021192,250.101089,1427242.994308,2892753.839493,321417.093277,489425.633453,76.055527,1580032.82547,1895857.8109740005,379171.562195,675701.715216,76.055527,1427242.994308,2892753.839493,192850.255966,404069.856119,38.717432,5.0,3.0,38.5,17.5,0.0,0.0,0.0,0.0,0.0,0.0,2892753.839493,2892753.839493,2892753.839493,2892753.839493,0.0,0.0,0.0,0.0,0.0,0.0,64240,26847,502,MQTT_Publish
T0974,46600,1501,tcp,-,6e-06,1,1,0,0,161319.38461500002,161319.38461500002,322638.769231,1.0,20,20,20,20,20,20,0,0,1,0,0,1,0,0,0,0,0.0,0.0,0.0,0.0,0.0,0.0,0.0,0.0,0.0,0.0,0.0,0.0,0.0,0.0,0.0,0.0,0.0,0.0,0.0,0.0,0.0,0.0,0.0,0.0,0.0,6.198883,6.198883,6.198883,6.198883,0.0,0.0,1.0,1.0,0.0,0.0,0.0,0.0,0.0,0.0,0.0,0.0,6.198883,6.198883,6.198883,6.198883,0.0,0.0,0.0,0.0,0.0,0.0,1024,0,1024,NMAP_OS_DETECTION
T0975,47960,12174,tcp,-,4e-06,1,1,0,0,246723.764706,246723.764706,493447.529412,1.0,40,40,40,20,20,20,0,1,1,0,0,1,0,0,0,0,0.0,0.0,0.0,0.0,0.0,0.0,0.0,0.0,0.0,0.0,0.0,0.0,0.0,0.0,0.0,0.0,0.0,0.0,0.0,0.0,0.0,0.0,0.0,0.0,0.0,4.053116,4.053116,4.053116,4.053116,0.0,0.0,1.0,1.0,0.0,0.0,0.0,0.0,0.0,0.0,0.0,0.0,4.053116,4.053116,4.053116,4.053116,0.0,0.0,0.0,0.0,0.0,0.0,64240,0,64240,NMAP_TCP_scan
T0976,49830,6668,tcp,irc,55.79853000000001,23,17,8,7,0.412197,0.304668,0.716865,0.7391300000000001,484,20,44,344,20,24,2,2,0,8,7,39,0,0,0,0,0.0,104.0,272.0,11.826087,22.993383,0.0,156.0,324.0,19.058824,37.802894,0.0,156.0,596.0,14.9,29.960487,447.034836,10290780.067444,55804560.18447901,2536570.917476,2636386.532038,576.019287,9810125.827789,55490088.939667,3468130.558729,2543795.985592,447.034836,9479361.057281,55804560.18447901,1430886.158576,2211907.480599,10.681285,1.642857,1.214286,19.428571,23.142857,0.0,0.0,0.0,0.0,0.0,0.0,109791.994095,13682846.069336,28607352.972031,5721470.594405999,5173491.797374,5581018.924713,9479361.057281,27197207.212448,6799301.803112,1823735.073126,65535,4380,65535,Wipro_bulb
T0977,68,67,udp,dhcp,0.039602,0,2,0,2,0.0,50.502447,50.502447,0.0,0,0,0,16,8,8,0,0,0,0,0,0,0,0,0,0,0.0,0.0,0.0,0.0,0.0,300.0,300.0,600.0,300.0,0.0,300.0,300.0,600.0,300.0,0.0,0.0,0.0,0.0,0.0,0.0,39602.041245,39602.041245,39602.041245,39602.041245,0.0,39602.041245,39602.041245,39602.041245,39602.041245,0.0,15150.734183,0.0,2.0,0.0,600.0,0.0,0.0,0.0,0.0,0.0,0.0,39602.041245,39602.041245,39602.041245,39602.041245,0.0,0.0,0.0,0.0,0.0,0.0,0,0,0,Wipro_bulb
T0978,51770,80,tcp,http,0.000492,8,0,2,0,16264.872516,0.0,16264.872516,0.0,260,20,40,0,0,0,1,2,1,2,0,6,0,0,0,0,0.0,126.0,212.0,26.5,50.219518,0.0,0.0,0.0,0.0,0.0,0.0,126.0,212.0,26.5,50.219518,20.027161,321.149826,491.857529,70.265361,110.896656,0.0,0.0,0.0,0.0,0.0,20.027161,321.149826,491.857529,70.265361,110.896656,431019.121667,8.0,0.0,212.0,0.0,0.0,0.0,0.0,0.0,0.0,0.0,491.857529,491.857529,491.857529,491.857529,0.0,0.0,0.0,0.0,0.0,0.0,65476,0,0,NMAP_UDP_SCAN
T0979,16345,21,tcp,-,5e-06,1,1,1,0,199728.761905,199728.761905,399457.52381,1.0,20,20,20,20,20,20,0,1,1,0,0,1,0,0,0,0,120.0,120.0,120.0,120.0,0.0,0.0,0.0,0.0,0.0,0.0,0.0,120.0,120.0,60.0,84.852814,0.0,0.0,0.0,0.0,0.0,0.0,0.0,0.0,0.0,0.0,5.0067900000000005,5.0067900000000005,5.0067900000000005,5.0067900000000005,0.0,23967451.428571,1.0,1.0,120.0,0.0,0.0,0.0,0.0,0.0,0.0,0.0,5.0067900000000005,5.0067900000000005,5.0067900000000005,5.0067900000000005,0.0,0.0,0.0,0.0,0.0,0.0,64,0,64,DOS_SYN_Hping
T0980,51036,3003,tcp,-,6e-06,1,1,0,0,161319.38461500002,161319.38461500002,322638.769231,1.0,20,20,20,20,20,20,0,0,1,0,0,1,0,0,0,0,0.0,0.0,0.0,0.0,0.0,0.0,0.0,0.0,0.0,0.0,0.0,0.0,0.0,0.0,0.0,0.0,0.0,0.0,0.0,0.0,0.0,0.0,0.0,0.0,0.0,6.198883,6.198883,6.198883,6.198883,0.0,0.0,1.0,1.0,0.0,0.0,0.0,0.0,0.0,0.0,0.0,0.0,6.198883,6.198883,6.198883,6.198883,0.0,0.0,0.0,0.0,0.0,0.0,1024,0,1024,NMAP_OS_DETECTION
T0981,46408,1094,tcp,-,5e-06,1,1,0,0,199728.761905,199728.761905,399457.52381,1.0,40,40,40,20,20,20,0,1,1,0,0,1,0,0,0,0,0.0,0.0,0.0,0.0,0.0,0.0,0.0,0.0,0.0,0.0,0.0,0.0,0.0,0.0,0.0,0.0,0.0,0.0,0.0,0.0,0.0,0.0,0.0,0.0,0.0,5.0067900000000005,5.0067900000000005,5.0067900000000005,5.0067900000000005,0.0,0.0,1.0,1.0,0.0,0.0,0.0,0.0,0.0,0.0,0.0,0.0,5.0067900000000005,5.0067900000000005,5.0067900000000005,5.0067900000000005,0.0,0.0,0.0,0.0,0.0,0.0,64240,0,64240,NMAP_TCP_scan
T0982,35492,53,udp,dns,0.000242,2,2,2,2,8264.638423999999,8264.638423999999,16529.276847,1.0,16,8,8,16,8,8,0,0,0,0,0,0,0,0,0,0,43.0,43.0,86.0,43.0,0.0,71.0,139.0,210.0,105.0,48.083261,43.0,139.0,296.0,74.0,45.299007,8.106232,8.106232,8.106232,8.106232,0.0,84.877014,84.877014,84.877014,84.877014,0.0,8.106232,149.011612,241.994858,80.664953,70.54706,1223166.4867,2.0,2.0,86.0,210.0,0.0,0.0,0.0,0.0,0.0,0.0,241.994858,241.994858,241.994858,241.994858,0.0,0.0,0.0,0.0,0.0,0.0,0,0,0,ARP_poisioning
T0983,40996,53,udp,dns,0.023327,2,2,2,2,85.738021,85.738021,171.476043,1.0,16,8,8,16,8,8,0,0,0,0,0,0,0,0,0,0,36.0,36.0,72.0,36.0,0.0,36.0,68.0,104.0,52.0,22.627417,36.0,68.0,176.0,44.0,16.0,195.026398,195.026398,195.026398,195.026398,0.0,22154.80804,22154.80804,22154.80804,22154.80804,0.0,195.026398,22154.80804,23326.87378,7775.624593,12458.8753,7544.945870999999,2.0,2.0,72.0,104.0,0.0,0.0,0.0,0.0,0.0,0.0,23326.87378,23326.87378,23326.87378,23326.87378,0.0,0.0,0.0,0.0,0.0,0.0,0,0,0,Thing_Speak
T0984,42416,254,tcp,-,1e-06,1,1,0,0,838860.8,838860.8,1677721.6,1.0,40,40,40,20,20,20,0,1,1,0,0,1,0,0,0,0,0.0,0.0,0.0,0.0,0.0,0.0,0.0,0.0,0.0,0.0,0.0,0.0,0.0,0.0,0.0,0.0,0.0,0.0,0.0,0.0,0.0,0.0,0.0,0.0,0.0,1.192093,1.192093,1.192093,1.192093,0.0,0.0,1.0,1.0,0.0,0.0,0.0,0.0,0.0,0.0,0.0,0.0,1.192093,1.192093,1.192093,1.192093,0.0,0.0,0.0,0.0,0.0,0.0,64240,0,64240,NMAP_TCP_scan
T0985,59247,9100,tcp,-,1e-06,1,1,0,0,1048576.0,1048576.0,2097152.0,1.0,20,20,20,20,20,20,1,0,1,1,0,1,1,0,0,0,0.0,0.0,0.0,0.0,0.0,0.0,0.0,0.0,0.0,0.0,0.0,0.0,0.0,0.0,0.0,0.0,0.0,0.0,0.0,0.0,0.0,0.0,0.0,0.0,0.0,0.953674,0.953674,0.953674,0.953674,0.0,0.0,1.0,1.0,0.0,0.0,0.0,0.0,0.0,0.0,0.0,0.0,0.953674,0.953674,0.953674,0.953674,0.0,0.0,0.0,0.0,0.0,0.0,1024,0,1024,NMAP_XMAS_TREE_SCAN
T0986,51036,1083,tcp,-,2e-06,1,1,0,0,524288.0,524288.0,1048576.0,1.0,20,20,20,20,20,20,0,0,1,0,0,1,0,0,0,0,0.0,0.0,0.0,0.0,0.0,0.0,0.0,0.0,0.0,0.0,0.0,0.0,0.0,0.0,0.0,0.0,0.0,0.0,0.0,0.0,0.0,0.0,0.0,0.0,0.0,1.907349,1.907349,1.907349,1.907349,0.0,0.0,1.0,1.0,0.0,0.0,0.0,0.0,0.0,0.0,0.0,0.0,1.907349,1.907349,1.907349,1.907349,0.0,0.0,0.0,0.0,0.0,0.0,1024,0,1024,NMAP_OS_DETECTION
T0987,46600,62078,tcp,-,7.000000000000001e-06,1,1,0,0,144631.172414,144631.172414,289262.344828,1.0,20,20,20,20,20,20,0,0,1,0,0,1,0,0,0,0,0.0,0.0,0.0,0.0,0.0,0.0,0.0,0.0,0.0,0.0,0.0,0.0,0.0,0.0,0.0,0.0,0.0,0.0,0.0,0.0,0.0,0.0,0.0,0.0,0.0,6.914139,6.914139,6.914139,6.914139,0.0,0.0,1.0,1.0,0.0,0.0,0.0,0.0,0.0,0.0,0.0,0.0,6.914139,6.914139,6.914139,6.914139,0.0,0.0,0.0,0.0,0.0,0.0,1024,0,1024,NMAP_OS_DETECTION
T0988,45744,2702,tcp,-,1e-06,1,1,0,0,1048576.0,1048576.0,2097152.0,1.0,40,40,40,20,20,20,0,1,1,0,0,1,0,0,0,0,0.0,0.0,0.0,0.0,0.0,0.0,0.0,0.0,0.0,0.0,0.0,0.0,0.0,0.0,0.0,0.0,0.0,0.0,0.0,0.0,0.0,0.0,0.0,0.0,0.0,0.953674,0.953674,0.953674,0.953674,0.0,0.0,1.0,1.0,0.0,0.0,0.0,0.0,0.0,0.0,0.0,0.0,0.953674,0.953674,0.953674,0.953674,0.0,0.0,0.0,0.0,0.0,0.0,64240,0,64240,NMAP_TCP_scan
T0989,51036,10628,tcp,-,7.000000000000001e-06,1,1,0,0,144631.172414,144631.172414,289262.344828,1.0,20,20,20,20,20,20,0,0,1,0,0,1,0,0,0,0,0.0,0.0,0.0,0.0,0.0,0.0,0.0,0.0,0.0,0.0,0.0,0.0,0.0,0.0,0.0,0.0,0.0,0.0,0.0,0.0,0.0,0.0,0.0,0.0,0.0,6.914139,6.914139,6.914139,6.914139,0.0,0.0,1.0,1.0,0.0,0.0,0.0,0.0,0.0,0.0,0.0,0.0,6.914139,6.914139,6.914139,6.914139,0.0,0.0,0.0,0.0,0.0,0.0,1024,0,1024,NMAP_OS_DETECTION
T0990,64177,23608,udp,-,0.0,1,0,0,0,0.0,0.0,0.0,0.0,8,8,8,0,0,0,0,0,0,0,0,0,0,0,0,0,0.0,0.0,0.0,0.0,0.0,0.0,0.0,0.0,0.0,0.0,0.0,0.0,0.0,0.0,0.0,0.0,0.0,0.0,0.0,0.0,0.0,0.0,0.0,0.0,0.0,0.0,0.0,0.0,0.0,0.0,0.0,1.0,0.0,0.0,0.0,0.0,0.0,0.0,0.0,0.0,0.0,0.0,0.0,0.0,0.0,0.0,0.0,0.0,0.0,0.0,0.0,0,0,0,NMAP_UDP_SCAN
T0991,47922,53,udp,dns,0.000381,2,2,2,2,5249.441802,5249.441802,10498.883605,1.0,16,8,8,16,8,8,0,0,0,0,0,0,0,0,0,0,58.0,58.0,116.0,58.0,0.0,74.0,86.0,160.0,80.0,8.485281,58.0,86.0,276.0,69.0,13.613719,17.881393,17.881393,17.881393,17.881393,0.0,101.089478,101.089478,101.089478,101.089478,0.0,17.881393,262.022018,380.992889,126.99763,124.11521,724422.9687109999,2.0,2.0,116.0,160.0,0.0,0.0,0.0,0.0,0.0,0.0,380.992889,380.992889,380.992889,380.992889,0.0,0.0,0.0,0.0,0.0,0.0,0,0,0,ARP_poisioning
T0992,6856,21,tcp,-,5e-06,1,1,1,0,199728.761905,199728.761905,399457.52381,1.0,20,20,20,20,20,20,0,1,1,0,0,1,0,0,0,0,120.0,120.0,120.0,120.0,0.0,0.0,0.0,0.0,0.0,0.0,0.0,120.0,120.0,60.0,84.852814,0.0,0.0,0.0,0.0,0.0,0.0,0.0,0.0,0.0,0.0,5.0067900000000005,5.0067900000000005,5.0067900000000005,5.0067900000000005,0.0,23967451.428571,1.0,1.0,120.0,0.0,0.0,0.0,0.0,0.0,0.0,0.0,5.0067900000000005,5.0067900000000005,5.0067900000000005,5.0067900000000005,0.0,0.0,0.0,0.0,0.0,0.0,64,0,64,DOS_SYN_Hping
T0993,51608,9878,tcp,-,2e-06,1,1,0,0,524288.0,524288.0,1048576.0,1.0,40,40,40,20,20,20,0,1,1,0,0,1,0,0,0,0,0.0,0.0,0.0,0.0,0.0,0.0,0.0,0.0,0.0,0.0,0.0,0.0,0.0,0.0,0.0,0.0,0.0,0.0,0.0,0.0,0.0,0.0,0.0,0.0,0.0,1.907349,1.907349,1.907349,1.907349,0.0,0.0,1.0,1.0,0.0,0.0,0.0,0.0,0.0,0.0,0.0,0.0,1.907349,1.907349,1.907349,1.907349,0.0,0.0,0.0,0.0,0.0,0.0,64240,0,64240,NMAP_TCP_scan
T0994,64178,20679,udp,-,0.0,1,0,0,0,0.0,0.0,0.0,0.0,8,8,8,0,0,0,0,0,0,0,0,0,0,0,0,0,0.0,0.0,0.0,0.0,0.0,0.0,0.0,0.0,0.0,0.0,0.0,0.0,0.0,0.0,0.0,0.0,0.0,0.0,0.0,0.0,0.0,0.0,0.0,0.0,0.0,0.0,0.0,0.0,0.0,0.0,0.0,1.0,0.0,0.0,0.0,0.0,0.0,0.0,0.0,0.0,0.0,0.0,0.0,0.0,0.0,0.0,0.0,0.0,0.0,0.0,0.0,0,0,0,NMAP_UDP_SCAN
T0995,49846,80,tcp,http,0.004043,4,3,2,0,989.397653,742.0482400000001,1731.445893,0.75,136,32,40,104,32,40,0,2,0,2,0,6,0,0,0,0,0.0,168.0,189.0,47.25,81.106412,0.0,0.0,0.0,0.0,0.0,0.0,168.0,189.0,27.0,62.665780000000005,7.867813000000001,2095.2224730000003,4039.049149,1346.349716,1161.89138,1936.912537,2075.910568,4012.823105,2006.411552,98.286451,3.814697,2072.095871,4042.863846,673.810641,1020.146484,46749.039099,4.0,3.0,189.0,0.0,0.0,0.0,0.0,0.0,0.0,0.0,4042.863846,4042.863846,4042.863846,4042.863846,0.0,0.0,0.0,0.0,0.0,0.0,64240,65160,502,DDOS_Slowloris
T0996,46600,6566,tcp,-,8e-06,1,1,0,0,123361.882353,123361.882353,246723.764706,1.0,20,20,20,20,20,20,0,0,1,0,0,1,0,0,0,0,0.0,0.0,0.0,0.0,0.0,0.0,0.0,0.0,0.0,0.0,0.0,0.0,0.0,0.0,0.0,0.0,0.0,0.0,0.0,0.0,0.0,0.0,0.0,0.0,0.0,8.106232,8.106232,8.106232,8.106232,0.0,0.0,1.0,1.0,0.0,0.0,0.0,0.0,0.0,0.0,0.0,0.0,8.106232,8.106232,8.106232,8.106232,0.0,0.0,0.0,0.0,0.0,0.0,1024,0,1024,NMAP_OS_DETECTION
T0997,59456,53,udp,dns,0.000337,2,2,2,2,5936.736023,5936.736023,11873.472045,1.0,16,8,8,16,8,8,0,0,0,0,0,0,0,0,0,0,61.0,61.0,122.0,61.0,0.0,151.0,199.0,350.0,175.0,33.941125,61.0,199.0,472.0,118.0,68.673139,7.867813000000001,7.867813000000001,7.867813000000001,7.867813000000001,0.0,133.037567,133.037567,133.037567,133.037567,0.0,7.867813000000001,195.980072,336.885452,112.295151,95.756156,1401069.7013450002,2.0,2.0,122.0,350.0,0.0,0.0,0.0,0.0,0.0,0.0,336.885452,336.885452,336.885452,336.885452,0.0,0.0,0.0,0.0,0.0,0.0,0,0,0,ARP_poisioning
T0998,51036,6006,tcp,-,6e-06,1,1,0,0,167772.16,167772.16,335544.32,1.0,20,20,20,20,20,20,0,0,1,0,0,1,0,0,0,0,0.0,0.0,0.0,0.0,0.0,0.0,0.0,0.0,0.0,0.0,0.0,0.0,0.0,0.0,0.0,0.0,0.0,0.0,0.0,0.0,0.0,0.0,0.0,0.0,0.0,5.960464,5.960464,5.960464,5.960464,0.0,0.0,1.0,1.0,0.0,0.0,0.0,0.0,0.0,0.0,0.0,0.0,5.960464,5.960464,5.960464,5.960464,0.0,0.0,0.0,0.0,0.0,0.0,1024,0,1024,NMAP_OS_DETECTION
T0999,55420,80,tcp,http,25.290009,6,5,4,0,0.237248,0.197707,0.434954,0.833333,200,32,40,168,32,40,0,2,0,4,0,10,0,0,0,0,0.0,168.0,210.0,35.0,65.629262,0.0,0.0,0.0,0.0,0.0,0.0,168.0,210.0,19.090909,49.876757,8.106232,19066632.986069,25290004.968643,5058000.993729,8281082.468021001,1569.986343,19066636.08551,25289995.193481,6322498.79837,8987513.911171,0.953674,19066632.032394,25290009.021759,2529000.902176,6130647.609167,8.303674,2.0,1.666667,70.0,0.0,0.0,0.0,0.0,0.0,0.0,0.0,0.953674,3600.8358,3605.84259,1201.94753,2077.498761,6219771.146774,19066632.032394,25286403.179169,12643201.589584,9084102.449182,64240,65160,502,DDOS_Slowloris
T1000,38898,4662,tcp,-,4e-06,1,1,0,0,246723.764706,246723.764706,493447.529412,1.0,40,40,40,20,20,20,0,1,1,0,0,1,0,0,0,0,0.0,0.0,0.0,0.0,0.0,0.0,0.0,0.0,0.0,0.0,0.0,0.0,0.0,0.0,0.0,0.0,0.0,0.0,0.0,0.0,0.0,0.0,0.0,0.0,0.0,4.053116,4.053116,4.053116,4.053116,0.0,0.0,1.0,1.0,0.0,0.0,0.0,0.0,0.0,0.0,0.0,0.0,4.053116,4.053116,4.053116,4.053116,0.0,0.0,0.0,0.0,0.0,0.0,64240,0,64240,NMAP_TCP_scan
T1001,50078,902,udp,-,0.0,1,0,0,0,0.0,0.0,0.0,0.0,8,8,8,0,0,0,0,0,0,0,0,0,0,0,0,0,0.0,0.0,0.0,0.0,0.0,0.0,0.0,0.0,0.0,0.0,0.0,0.0,0.0,0.0,0.0,0.0,0.0,0.0,0.0,0.0,0.0,0.0,0.0,0.0,0.0,0.0,0.0,0.0,0.0,0.0,0.0,1.0,0.0,0.0,0.0,0.0,0.0,0.0,0.0,0.0,0.0,0.0,0.0,0.0,0.0,0.0,0.0,0.0,0.0,0.0,0.0,0,0,0,NMAP_UDP_SCAN
T1002,53197,53,udp,dns,0.039927,2,2,2,2,50.09141,50.09141,100.182819,1.0,16,8,8,16,8,8,0,0,0,0,0,0,0,0,0,0,36.0,36.0,72.0,36.0,0.0,36.0,68.0,104.0,52.0,22.627417,36.0,68.0,176.0,44.0,16.0,255.10788,255.10788,255.10788,255.10788,0.0,38652.89688,38652.89688,38652.89688,38652.89688,0.0,255.10788,38652.89688,39927.00577,13309.00192,21951.77993,4408.044045000001,2.0,2.0,72.0,104.0,0.0,0.0,0.0,0.0,0.0,0.0,39927.00577,39927.00577,39927.00577,39927.00577,0.0,0.0,0.0,0.0,0.0,0.0,0,0,0,Thing_Speak
T1003,49276,53,udp,dns,0.036106,2,2,2,2,55.392287,55.392287,110.784575,1.0,16,8,8,16,8,8,0,0,0,0,0,0,0,0,0,0,36.0,36.0,72.0,36.0,0.0,36.0,68.0,104.0,52.0,22.627417,36.0,68.0,176.0,44.0,16.0,1080.036163,1080.036163,1080.036163,1080.036163,0.0,34759.99832,34759.99832,34759.99832,34759.99832,0.0,266.075134,34759.99832,36106.10962,12035.36987,19684.31322,4874.521289,2.0,2.0,72.0,104.0,0.0,0.0,0.0,0.0,0.0,0.0,36106.10962,36106.10962,36106.10962,36106.10962,0.0,0.0,0.0,0.0,0.0,0.0,0,0,0,Thing_Speak
T1004,51036,1107,tcp,-,2e-05,1,1,0,0,49932.190476,49932.190476,99864.380952,1.0,20,20,20,20,20,20,0,0,1,0,0,1,0,0,0,0,0.0,0.0,0.0,0.0,0.0,0.0,0.0,0.0,0.0,0.0,0.0,0.0,0.0,0.0,0.0,0.0,0.0,0.0,0.0,0.0,0.0,0.0,0.0,0.0,0.0,20.027161,20.027161,20.027161,20.027161,0.0,0.0,1.0,1.0,0.0,0.0,0.0,0.0,0.0,0.0,0.0,0.0,20.027161,20.027161,20.027161,20.027161,0.0,0.0,0.0,0.0,0.0,0.0,1024,0,1024,NMAP_OS_DETECTION
T1005,51664,80,tcp,http,0.0005099999999999,8,0,2,0,15686.971482,0.0,15686.971482,0.0,260,20,40,0,0,0,1,2,1,2,0,6,0,0,0,0,0.0,126.0,212.0,26.5,50.219518,0.0,0.0,0.0,0.0,0.0,0.0,126.0,212.0,26.5,50.219518,20.027161,319.004059,509.977341,72.85390600000001,109.677631,0.0,0.0,0.0,0.0,0.0,20.027161,319.004059,509.977341,72.85390600000001,109.677631,415704.744273,8.0,0.0,212.0,0.0,0.0,0.0,0.0,0.0,0.0,0.0,509.977341,509.977341,509.977341,509.977341,0.0,0.0,0.0,0.0,0.0,0.0,65476,0,0,NMAP_UDP_SCAN
T1006,59247,5952,tcp,-,6e-06,1,1,0,0,161319.38461500002,161319.38461500002,322638.769231,1.0,20,20,20,20,20,20,1,0,1,1,0,1,1,0,0,0,0.0,0.0,0.0,0.0,0.0,0.0,0.0,0.0,0.0,0.0,0.0,0.0,0.0,0.0,0.0,0.0,0.0,0.0,0.0,0.0,0.0,0.0,0.0,0.0,0.0,6.198883,6.198883,6.198883,6.198883,0.0,0.0,1.0,1.0,0.0,0.0,0.0,0.0,0.0,0.0,0.0,0.0,6.198883,6.198883,6.198883,6.198883,0.0,0.0,0.0,0.0,0.0,0.0,1024,0,1024,NMAP_XMAS_TREE_SCAN
T1007,51202,80,tcp,http,5.016909,5,5,1,1,0.99663,0.99663,1.993259,1.0,168,32,40,168,32,40,2,2,0,1,1,9,0,0,0,0,0.0,279.0,279.0,55.8,124.772593,0.0,529.0,529.0,105.8,236.575992,0.0,529.0,808.0,80.8,180.245388,750.06485,5002775.907516001,5016908.884048,1254227.221012,2499038.111298,1498.937607,5003188.13324,5016876.935958999,1254219.23399,2499315.895733,13.113022,5001290.082932,5016921.99707,557435.7774520001,1666448.482664,161.05534699999998,2.5,2.5,139.5,264.5,0.0,0.0,0.0,0.0,0.0,0.0,1498.937607,14132.976532,15631.914139,7815.957069,8933.614598,5001290.082932,5001290.082932,5001290.082932,5001290.082932,0.0,64240,65160,501,ARP_poisioning
T1008,46600,3389,tcp,-,7.000000000000001e-06,1,1,0,0,139810.133333,139810.133333,279620.266667,1.0,20,20,20,20,20,20,0,0,1,0,0,1,0,0,0,0,0.0,0.0,0.0,0.0,0.0,0.0,0.0,0.0,0.0,0.0,0.0,0.0,0.0,0.0,0.0,0.0,0.0,0.0,0.0,0.0,0.0,0.0,0.0,0.0,0.0,7.152557000000001,7.152557000000001,7.152557000000001,7.152557000000001,0.0,0.0,1.0,1.0,0.0,0.0,0.0,0.0,0.0,0.0,0.0,0.0,7.152557000000001,7.152557000000001,7.152557000000001,7.152557000000001,0.0,0.0,0.0,0.0,0.0,0.0,1024,0,1024,NMAP_OS_DETECTION
T1009,42644,21,tcp,-,4e-06,1,1,1,0,246723.764706,246723.764706,493447.529412,1.0,20,20,20,20,20,20,0,1,1,0,0,1,0,0,0,0,120.0,120.0,120.0,120.0,0.0,0.0,0.0,0.0,0.0,0.0,0.0,120.0,120.0,60.0,84.852814,0.0,0.0,0.0,0.0,0.0,0.0,0.0,0.0,0.0,0.0,4.053116,4.053116,4.053116,4.053116,0.0,29606851.764706,1.0,1.0,120.0,0.0,0.0,0.0,0.0,0.0,0.0,0.0,4.053116,4.053116,4.053116,4.053116,0.0,0.0,0.0,0.0,0.0,0.0,64,0,64,DOS_SYN_Hping
T1010,64178,17455,udp,-,0.0,1,0,0,0,0.0,0.0,0.0,0.0,8,8,8,0,0,0,0,0,0,0,0,0,0,0,0,0,0.0,0.0,0.0,0.0,0.0,0.0,0.0,0.0,0.0,0.0,0.0,0.0,0.0,0.0,0.0,0.0,0.0,0.0,0.0,0.0,0.0,0.0,0.0,0.0,0.0,0.0,0.0,0.0,0.0,0.0,0.0,1.0,0.0,0.0,0.0,0.0,0.0,0.0,0.0,0.0,0.0,0.0,0.0,0.0,0.0,0.0,0.0,0.0,0.0,0.0,0.0,0,0,0,NMAP_UDP_SCAN
T1011,59247,9009,tcp,-,7.000000000000001e-06,1,1,0,0,139810.133333,139810.133333,279620.266667,1.0,20,20,20,20,20,20,1,0,1,1,0,1,1,0,0,0,0.0,0.0,0.0,0.0,0.0,0.0,0.0,0.0,0.0,0.0,0.0,0.0,0.0,0.0,0.0,0.0,0.0,0.0,0.0,0.0,0.0,0.0,0.0,0.0,0.0,7.152557000000001,7.152557000000001,7.152557000000001,7.152557000000001,0.0,0.0,1.0,1.0,0.0,0.0,0.0,0.0,0.0,0.0,0.0,0.0,7.152557000000001,7.152557000000001,7.152557000000001,7.152557000000001,0.0,0.0,0.0,0.0,0.0,0.0,1024,0,1024,NMAP_XMAS_TREE_SCAN
T1012,46600,280,tcp,-,8e-06,1,1,0,0,123361.882353,123361.882353,246723.764706,1.0,20,20,20,20,20,20,0,0,1,0,0,1,0,0,0,0,0.0,0.0,0.0,0.0,0.0,0.0,0.0,0.0,0.0,0.0,0.0,0.0,0.0,0.0,0.0,0.0,0.0,0.0,0.0,0.0,0.0,0.0,0.0,0.0,0.0,8.106232,8.106232,8.106232,8.106232,0.0,0.0,1.0,1.0,0.0,0.0,0.0,0.0,0.0,0.0,0.0,0.0,8.106232,8.106232,8.106232,8.106232,0.0,0.0,0.0,0.0,0.0,0.0,1024,0,1024,NMAP_OS_DETECTION
T1013,51998,5054,tcp,-,4e-06,1,1,0,0,246723.764706,246723.764706,493447.529412,1.0,40,40,40,20,20,20,0,1,1,0,0,1,0,0,0,0,0.0,0.0,0.0,0.0,0.0,0.0,0.0,0.0,0.0,0.0,0.0,0.0,0.0,0.0,0.0,0.0,0.0,0.0,0.0,0.0,0.0,0.0,0.0,0.0,0.0,4.053116,4.053116,4.053116,4.053116,0.0,0.0,1.0,1.0,0.0,0.0,0.0,0.0,0.0,0.0,0.0,0.0,4.053116,4.053116,4.053116,4.053116,0.0,0.0,0.0,0.0,0.0,0.0,64240,0,64240,NMAP_TCP_scan
T1014,38179,1883,tcp,mqtt,6.91935,10,6,3,4,1.445222,0.867133,2.3123560000000003,0.6,328,32,40,200,32,40,0,2,1,3,4,15,0,0,0,0,0.0,33.0,78.0,7.8,12.934021,0.0,23.0,36.0,6.0,8.602325,0.0,33.0,114.0,7.125,11.218289,512.838364,4835908.889771,6919349.908828999,768816.656537,1587603.20945,3205.060959,1581074.953079,1919392.108917,383878.421783,674141.774826,512.838364,4835908.889771,6919349.908828999,461289.99392200005,1261781.881872,16.475535999999998,3.333333,2.0,26.0,12.0,0.0,0.0,0.0,0.0,0.0,0.0,6919349.908828999,6919349.908828999,6919349.908828999,6919349.908828999,0.0,0.0,0.0,0.0,0.0,0.0,64240,26847,502,MQTT_Publish
T1015,36242,524,tcp,-,2.1e-05,1,1,0,0,47662.545455,47662.545455,95325.090909,1.0,20,20,20,20,20,20,1,0,1,1,0,1,1,0,0,0,0.0,0.0,0.0,0.0,0.0,0.0,0.0,0.0,0.0,0.0,0.0,0.0,0.0,0.0,0.0,0.0,0.0,0.0,0.0,0.0,0.0,0.0,0.0,0.0,0.0,20.980835,20.980835,20.980835,20.980835,0.0,0.0,1.0,1.0,0.0,0.0,0.0,0.0,0.0,0.0,0.0,0.0,20.980835,20.980835,20.980835,20.980835,0.0,0.0,0.0,0.0,0.0,0.0,1024,0,1024,NMAP_XMAS_TREE_SCAN
T1016,51036,1723,tcp,-,2.1e-05,1,1,0,0,47662.545455,47662.545455,95325.090909,1.0,20,20,20,20,20,20,0,0,1,0,0,1,0,0,0,0,0.0,0.0,0.0,0.0,0.0,0.0,0.0,0.0,0.0,0.0,0.0,0.0,0.0,0.0,0.0,0.0,0.0,0.0,0.0,0.0,0.0,0.0,0.0,0.0,0.0,20.980835,20.980835,20.980835,20.980835,0.0,0.0,1.0,1.0,0.0,0.0,0.0,0.0,0.0,0.0,0.0,0.0,20.980835,20.980835,20.980835,20.980835,0.0,0.0,0.0,0.0,0.0,0.0,1024,0,1024,NMAP_OS_DETECTION
T1017,59247,5001,tcp,-,2.7e-05,1,1,0,0,36792.140351,36792.140351,73584.280702,1.0,20,20,20,20,20,20,1,0,1,1,0,1,1,0,0,0,0.0,0.0,0.0,0.0,0.0,0.0,0.0,0.0,0.0,0.0,0.0,0.0,0.0,0.0,0.0,0.0,0.0,0.0,0.0,0.0,0.0,0.0,0.0,0.0,0.0,27.179718,27.179718,27.179718,27.179718,0.0,0.0,1.0,1.0,0.0,0.0,0.0,0.0,0.0,0.0,0.0,0.0,27.179718,27.179718,27.179718,27.179718,0.0,0.0,0.0,0.0,0.0,0.0,1024,0,1024,NMAP_XMAS_TREE_SCAN
T1018,42432,80,tcp,http,0.707262,7,5,2,1,9.897322,7.069516,16.966836999999998,0.714286,232,32,40,168,32,40,2,2,0,2,1,11,0,0,0,0,0.0,169.0,203.0,29.0,63.02116,0.0,539.0,539.0,107.8,241.048128,0.0,539.0,742.0,61.833333,157.929117,229.120255,251857.996,709252.1191,118208.6865,128825.089,4211.187363,228481.0543,480935.0967,120233.7742,122647.5405,229.120255,226326.9424,709252.1191,64477.465370000005,102821.354,1049.116111,7.0,5.0,203.0,539.0,0.0,0.0,0.0,0.0,0.0,0.0,709252.1191,709252.1191,709252.1191,709252.1191,0.0,0.0,0.0,0.0,0.0,0.0,64240,26847,501,Thing_Speak
T1019,55104,80,tcp,http,30.74568,7,13,4,6,0.227674,0.422824,0.6504979999999999,1.857143,232,32,40,412,20,40,7,2,1,4,6,18,0,0,0,0,0.0,168.0,211.0,30.142857,61.300975,0.0,482.0,2892.0,222.461538,250.097519,0.0,482.0,3103.0,155.15,222.594811,431.060791,18434308.052063,30745675.086975,5124279.181163,7985529.815885001,125.88501,11718848.94371,30745650.053024,2562137.504419,4379448.979498,4.053116,11718848.94371,30745680.093765,1618193.689146,3651042.429208,100.924747,1.4,2.6,42.2,578.4,0.0,0.0,0.0,0.0,0.0,0.0,4.053116,7353352.069855,7358007.192612,2452669.064204,4244116.614809,11668823.957443,11718848.94371,23387672.901154,11693836.450577,35373.007018000004,64240,65160,501,DDOS_Slowloris
T1020,39377,1883,tcp,mqtt,26.073452,10,6,3,4,0.383532,0.230119,0.6136510000000001,0.6,328,32,40,200,32,40,0,2,1,3,4,15,0,0,0,0,0.0,33.0,78.0,7.8,12.934021,0.0,23.0,36.0,6.0,8.602325,0.0,33.0,114.0,7.125,11.218289,256.061554,23720404.148102,26073451.99585,2897050.221761,7818004.121838002,3933.906555,1516624.927521,2090304.136276,418060.827255,625512.9950069999,256.061554,23720404.148102,26073451.99585,1738230.133057,6089687.159906,4.372262999999999,3.333333,2.0,26.0,12.0,0.0,0.0,0.0,0.0,0.0,0.0,2353047.847748,2353047.847748,2353047.847748,2353047.847748,0.0,23720404.148102,23720404.148102,23720404.148102,23720404.148102,0.0,64240,26847,502,MQTT_Publish
T1021,64177,33717,udp,-,0.0,1,0,1,0,0.0,0.0,0.0,0.0,8,8,8,0,0,0,0,0,0,0,0,0,0,0,0,0,40.0,40.0,40.0,40.0,0.0,0.0,0.0,0.0,0.0,0.0,40.0,40.0,40.0,40.0,0.0,0.0,0.0,0.0,0.0,0.0,0.0,0.0,0.0,0.0,0.0,0.0,0.0,0.0,0.0,0.0,0.0,1.0,0.0,40.0,0.0,0.0,0.0,0.0,0.0,0.0,0.0,0.0,0.0,0.0,0.0,0.0,0.0,0.0,0.0,0.0,0.0,0,0,0,NMAP_UDP_SCAN
T1022,59247,19283,tcp,-,8e-06,1,1,0,0,123361.882353,123361.882353,246723.764706,1.0,20,20,20,20,20,20,1,0,1,1,0,1,1,0,0,0,0.0,0.0,0.0,0.0,0.0,0.0,0.0,0.0,0.0,0.0,0.0,0.0,0.0,0.0,0.0,0.0,0.0,0.0,0.0,0.0,0.0,0.0,0.0,0.0,0.0,8.106232,8.106232,8.106232,8.106232,0.0,0.0,1.0,1.0,0.0,0.0,0.0,0.0,0.0,0.0,0.0,0.0,8.106232,8.106232,8.106232,8.106232,0.0,0.0,0.0,0.0,0.0,0.0,1024,0,1024,NMAP_XMAS_TREE_SCAN
T1023,45617,1883,tcp,mqtt,29.933613,10,6,3,4,0.334073,0.200444,0.534516,0.6,328,32,40,200,32,40,0,2,1,3,4,15,0,0,0,0,0.0,33.0,78.0,7.8,12.934021,0.0,23.0,36.0,6.0,8.602325,0.0,33.0,114.0,7.125,11.218289,237.941742,27863460.063934,29933613.061905,3325957.006878,9211838.46573,113.964081,1560469.150543,1900872.945786,380174.589157,664822.013614,113.964081,27863460.063934,29933613.061905,1995574.204127,7164817.146681,3.808428,3.333333,2.0,26.0,12.0,0.0,0.0,0.0,0.0,0.0,0.0,2070152.997971,2070152.997971,2070152.997971,2070152.997971,0.0,27863460.063934,27863460.063934,27863460.063934,27863460.063934,0.0,64240,26847,502,MQTT_Publish
T1024,64178,445,udp,-,0.0,1,0,0,0,0.0,0.0,0.0,0.0,8,8,8,0,0,0,0,0,0,0,0,0,0,0,0,0,0.0,0.0,0.0,0.0,0.0,0.0,0.0,0.0,0.0,0.0,0.0,0.0,0.0,0.0,0.0,0.0,0.0,0.0,0.0,0.0,0.0,0.0,0.0,0.0,0.0,0.0,0.0,0.0,0.0,0.0,0.0,1.0,0.0,0.0,0.0,0.0,0.0,0.0,0.0,0.0,0.0,0.0,0.0,0.0,0.0,0.0,0.0,0.0,0.0,0.0,0.0,0,0,0,NMAP_UDP_SCAN
T1025,35756,53,udp,dns,0.034606,2,2,2,2,57.79348,57.79348,115.58696,1.0,16,8,8,16,8,8,0,0,0,0,0,0,0,0,0,0,36.0,36.0,72.0,36.0,0.0,36.0,68.0,104.0,52.0,22.627417,36.0,68.0,176.0,44.0,16.0,34355.87883,34355.87883,34355.87883,34355.87883,0.0,2139.091492,2139.091492,2139.091492,2139.091492,0.0,250.101089,32466.888430000003,34605.97992,11535.32664,18145.77633,5085.826219,2.0,2.0,72.0,104.0,0.0,0.0,0.0,0.0,0.0,0.0,34605.97992,34605.97992,34605.97992,34605.97992,0.0,0.0,0.0,0.0,0.0,0.0,0,0,0,Thing_Speak
T1026,44150,587,tcp,-,5e-06,1,1,0,0,199728.761905,199728.761905,399457.52381,1.0,40,40,40,20,20,20,0,1,1,0,0,1,0,0,0,0,0.0,0.0,0.0,0.0,0.0,0.0,0.0,0.0,0.0,0.0,0.0,0.0,0.0,0.0,0.0,0.0,0.0,0.0,0.0,0.0,0.0,0.0,0.0,0.0,0.0,5.0067900000000005,5.0067900000000005,5.0067900000000005,5.0067900000000005,0.0,0.0,1.0,1.0,0.0,0.0,0.0,0.0,0.0,0.0,0.0,0.0,5.0067900000000005,5.0067900000000005,5.0067900000000005,5.0067900000000005,0.0,0.0,0.0,0.0,0.0,0.0,64240,0,64240,NMAP_TCP_scan
T1027,43088,8181,tcp,-,1.4e-05,1,1,0,0,71089.898305,71089.898305,142179.79661,1.0,40,40,40,20,20,20,0,1,1,0,0,1,0,0,0,0,0.0,0.0,0.0,0.0,0.0,0.0,0.0,0.0,0.0,0.0,0.0,0.0,0.0,0.0,0.0,0.0,0.0,0.0,0.0,0.0,0.0,0.0,0.0,0.0,0.0,14.066696,14.066696,14.066696,14.066696,0.0,0.0,1.0,1.0,0.0,0.0,0.0,0.0,0.0,0.0,0.0,0.0,14.066696,14.066696,14.066696,14.066696,0.0,0.0,0.0,0.0,0.0,0.0,64240,0,64240,NMAP_TCP_scan
T1028,5353,5353,udp,dns,4.017773,3,0,3,0,0.746682,0.0,0.746682,0.0,24,8,8,0,0,0,0,0,0,0,0,0,0,0,0,0,115.0,115.0,345.0,115.0,0.0,0.0,0.0,0.0,0.0,0.0,115.0,115.0,345.0,115.0,0.0,1013911.009,3003861.904,4017772.913,2008886.456,1407107.772,0.0,0.0,0.0,0.0,0.0,1013911.009,3003861.904,4017772.913,2008886.456,1407107.772,85.86846700000001,1.0,0.0,115.0,0.0,0.0,0.0,0.0,0.0,0.0,0.0,4017772.913,4017772.913,4017772.913,4017772.913,0.0,0.0,0.0,0.0,0.0,0.0,0,0,0,Thing_Speak
T1029,51686,80,tcp,http,0.000536,8,0,2,0,14926.348754,0.0,14926.348754,0.0,260,20,40,0,0,0,1,2,1,2,0,6,0,0,0,0,0.0,126.0,212.0,26.5,50.219518,0.0,0.0,0.0,0.0,0.0,0.0,126.0,212.0,26.5,50.219518,20.027161,345.945358,535.964966,76.566424,119.705631,0.0,0.0,0.0,0.0,0.0,20.027161,345.945358,535.964966,76.566424,119.705631,395548.241993,8.0,0.0,212.0,0.0,0.0,0.0,0.0,0.0,0.0,0.0,535.964966,535.964966,535.964966,535.964966,0.0,0.0,0.0,0.0,0.0,0.0,65476,0,0,NMAP_UDP_SCAN
T1030,39672,2260,tcp,-,2e-06,1,1,0,0,524288.0,524288.0,1048576.0,1.0,40,40,40,20,20,20,0,1,1,0,0,1,0,0,0,0,0.0,0.0,0.0,0.0,0.0,0.0,0.0,0.0,0.0,0.0,0.0,0.0,0.0,0.0,0.0,0.0,0.0,0.0,0.0,0.0,0.0,0.0,0.0,0.0,0.0,1.907349,1.907349,1.907349,1.907349,0.0,0.0,1.0,1.0,0.0,0.0,0.0,0.0,0.0,0.0,0.0,0.0,1.907349,1.907349,1.907349,1.907349,0.0,0.0,0.0,0.0,0.0,0.0,64240,0,64240,NMAP_TCP_scan
T1031,41199,5353,udp,dns,0.0,1,0,1,0,0.0,0.0,0.0,0.0,8,8,8,0,0,0,0,0,0,0,0,0,0,0,0,0,45.0,45.0,45.0,45.0,0.0,0.0,0.0,0.0,0.0,0.0,45.0,45.0,45.0,45.0,0.0,0.0,0.0,0.0,0.0,0.0,0.0,0.0,0.0,0.0,0.0,0.0,0.0,0.0,0.0,0.0,0.0,1.0,0.0,45.0,0.0,0.0,0.0,0.0,0.0,0.0,0.0,0.0,0.0,0.0,0.0,0.0,0.0,0.0,0.0,0.0,0.0,0,0,0,ARP_poisioning
T1032,64177,464,udp,-,0.0,1,0,0,0,0.0,0.0,0.0,0.0,8,8,8,0,0,0,0,0,0,0,0,0,0,0,0,0,0.0,0.0,0.0,0.0,0.0,0.0,0.0,0.0,0.0,0.0,0.0,0.0,0.0,0.0,0.0,0.0,0.0,0.0,0.0,0.0,0.0,0.0,0.0,0.0,0.0,0.0,0.0,0.0,0.0,0.0,0.0,1.0,0.0,0.0,0.0,0.0,0.0,0.0,0.0,0.0,0.0,0.0,0.0,0.0,0.0,0.0,0.0,0.0,0.0,0.0,0.0,0,0,0,NMAP_UDP_SCAN
T1033,51057,1883,tcp,mqtt,47.907543,10,6,3,4,0.208735,0.125241,0.333977,0.6,328,32,40,200,32,40,0,2,1,3,4,15,0,0,0,0,0.0,33.0,78.0,7.8,12.934021,0.0,23.0,36.0,6.0,8.602325,0.0,33.0,114.0,7.125,11.218289,239.133835,45848026.990891,47907542.943954,5323060.327106,15203174.01236,94.175339,1571840.047836,1896081.2091830005,379216.241837,671366.780013,94.175339,45848026.990891,47907542.943954,3193836.196264,11805251.174617,2.379584,3.333333,2.0,26.0,12.0,0.0,0.0,0.0,0.0,0.0,0.0,2059515.953064,2059515.953064,2059515.953064,2059515.953064,0.0,45848026.990891,45848026.990891,45848026.990891,45848026.990891,0.0,64240,26847,502,MQTT_Publish
T1034,46600,1040,tcp,-,4e-06,1,1,0,0,246723.764706,246723.764706,493447.529412,1.0,20,20,20,20,20,20,0,0,1,0,0,1,0,0,0,0,0.0,0.0,0.0,0.0,0.0,0.0,0.0,0.0,0.0,0.0,0.0,0.0,0.0,0.0,0.0,0.0,0.0,0.0,0.0,0.0,0.0,0.0,0.0,0.0,0.0,4.053116,4.053116,4.053116,4.053116,0.0,0.0,1.0,1.0,0.0,0.0,0.0,0.0,0.0,0.0,0.0,0.0,4.053116,4.053116,4.053116,4.053116,0.0,0.0,0.0,0.0,0.0,0.0,1024,0,1024,NMAP_OS_DETECTION
T1035,59247,5414,tcp,-,6e-06,1,1,0,0,167772.16,167772.16,335544.32,1.0,20,20,20,20,20,20,1,0,1,1,0,1,1,0,0,0,0.0,0.0,0.0,0.0,0.0,0.0,0.0,0.0,0.0,0.0,0.0,0.0,0.0,0.0,0.0,0.0,0.0,0.0,0.0,0.0,0.0,0.0,0.0,0.0,0.0,5.960464,5.960464,5.960464,5.960464,0.0,0.0,1.0,1.0,0.0,0.0,0.0,0.0,0.0,0.0,0.0,0.0,5.960464,5.960464,5.960464,5.960464,0.0,0.0,0.0,0.0,0.0,0.0,1024,0,1024,NMAP_XMAS_TREE_SCAN
T1036,64177,44923,udp,-,0.0,1,0,1,0,0.0,0.0,0.0,0.0,8,8,8,0,0,0,0,0,0,0,0,0,0,0,0,0,40.0,40.0,40.0,40.0,0.0,0.0,0.0,0.0,0.0,0.0,40.0,40.0,40.0,40.0,0.0,0.0,0.0,0.0,0.0,0.0,0.0,0.0,0.0,0.0,0.0,0.0,0.0,0.0,0.0,0.0,0.0,1.0,0.0,40.0,0.0,0.0,0.0,0.0,0.0,0.0,0.0,0.0,0.0,0.0,0.0,0.0,0.0,0.0,0.0,0.0,0.0,0,0,0,NMAP_UDP_SCAN
T1037,49904,80,tcp,http,0.005625,4,3,2,0,711.109905,533.332429,1244.442335,0.75,136,32,40,104,32,40,0,2,0,2,0,6,0,0,0,0,0.0,168.0,189.0,47.25,81.106412,0.0,0.0,0.0,0.0,0.0,0.0,168.0,189.0,27.0,62.665780000000005,10.967255,3715.0383,5591.154099,1863.718033,1852.035937,1893.043518,3713.846207,5606.889725,2803.4448620000003,1287.501928,10.967255,3679.990768,5625.009537,937.501589,1528.6081869999998,33599.943034,4.0,3.0,189.0,0.0,0.0,0.0,0.0,0.0,0.0,0.0,5625.009537,5625.009537,5625.009537,5625.009537,0.0,0.0,0.0,0.0,0.0,0.0,64240,65160,502,DDOS_Slowloris
T1038,55222,80,tcp,http,30.629490000000004,7,10,4,3,0.228538,0.3264829999999999,0.555021,1.4285709999999998,232,32,40,316,20,40,4,2,1,4,3,15,0,0,0,0,0.0,168.0,211.0,30.142857,61.300975,0.0,482.0,1446.0,144.6,232.82812,0.0,482.0,1657.0,97.470588,187.811447,522.1366879999999,15473585.128784,30629477.977753,5104912.996292,6771974.347848,146.150589,14730324.029922,30629480.838776,3403275.648753,5695728.279066,1.907349,14730324.029922,30629489.898682,1914343.118668,4507949.301189,54.098191,1.75,2.5,52.75,361.5,0.0,0.0,0.0,0.0,0.0,0.0,1.907349,4341207.98111,4354419.946671,1451473.315557,2502592.344307,11544745.922089,14730324.029922,26275069.952011,13137534.976006,2252543.8820490004,64240,65160,501,DDOS_Slowloris
T1039,53152,443,tcp,ssl,0.193038,15,14,7,7,77.704913,72.524586,150.229499,0.933333,488,32,40,456,32,40,2,2,0,7,7,28,0,0,0,0,0.0,669.0,1474.0,98.266667,223.36819900000003,0.0,762.0,1931.0,137.928571,236.406581,0.0,762.0,3405.0,117.413793,226.498426,4.053116,61422.82486,193045.854568,13788.989612,24799.675454,8.106232,63148.975372,134642.124176,10357.086475,21959.76327,1.907349,58395.86257899999,193045.854568,6894.494806000001,17276.595873,17639.01529,15.0,14.0,1474.0,1931.0,0.0,0.0,0.0,0.0,0.0,0.0,193045.854568,193045.854568,193045.854568,193045.854568,0.0,0.0,0.0,0.0,0.0,0.0,64240,65535,501,ARP_poisioning
T1040,43793,53,udp,dns,0.03953,2,2,2,2,50.594741,50.594741,101.189481,1.0,16,8,8,16,8,8,0,0,0,0,0,0,0,0,0,0,36.0,36.0,72.0,36.0,0.0,36.0,68.0,104.0,52.0,22.627417,36.0,68.0,176.0,44.0,16.0,228.881836,228.881836,228.881836,228.881836,0.0,38335.80017,38335.80017,38335.80017,38335.80017,0.0,228.881836,38335.80017,39529.80042,13176.60014,21791.61584,4452.337177,2.0,2.0,72.0,104.0,0.0,0.0,0.0,0.0,0.0,0.0,39529.80042,39529.80042,39529.80042,39529.80042,0.0,0.0,0.0,0.0,0.0,0.0,0,0,0,Thing_Speak
T1041,49148,21,tcp,-,6e-06,1,1,1,0,167772.16,167772.16,335544.32,1.0,20,20,20,20,20,20,0,1,1,0,0,1,0,0,0,0,120.0,120.0,120.0,120.0,0.0,0.0,0.0,0.0,0.0,0.0,0.0,120.0,120.0,60.0,84.852814,0.0,0.0,0.0,0.0,0.0,0.0,0.0,0.0,0.0,0.0,5.960464,5.960464,5.960464,5.960464,0.0,20132659.2,1.0,1.0,120.0,0.0,0.0,0.0,0.0,0.0,0.0,0.0,5.960464,5.960464,5.960464,5.960464,0.0,0.0,0.0,0.0,0.0,0.0,64,0,64,DOS_SYN_Hping
T1042,43041,1883,tcp,mqtt,61.985764,10,6,3,4,0.161327,0.096796,0.258124,0.6,328,32,40,200,32,40,0,2,1,3,4,15,0,0,0,0,0.0,33.0,78.0,7.8,12.934021,0.0,23.0,36.0,6.0,8.602325,0.0,33.0,114.0,7.125,11.218289,241.994858,59882552.862167,61985764.026642,6887307.114071,19878647.844321,150.91896100000002,1640232.086182,1947721.95816,389544.391632,703190.148469,150.91896100000002,59882552.862167,61985764.026642,4132384.268443,15427361.442964,1.839132,3.333333,2.0,26.0,12.0,0.0,0.0,0.0,0.0,0.0,0.0,2103211.164474,2103211.164474,2103211.164474,2103211.164474,0.0,59882552.862167,59882552.862167,59882552.862167,59882552.862167,0.0,64240,26847,502,MQTT_Publish
T1043,43530,21,tcp,-,4e-06,1,1,1,0,246723.764706,246723.764706,493447.529412,1.0,20,20,20,20,20,20,0,1,1,0,0,1,0,0,0,0,120.0,120.0,120.0,120.0,0.0,0.0,0.0,0.0,0.0,0.0,0.0,120.0,120.0,60.0,84.852814,0.0,0.0,0.0,0.0,0.0,0.0,0.0,0.0,0.0,0.0,4.053116,4.053116,4.053116,4.053116,0.0,29606851.764706,1.0,1.0,120.0,0.0,0.0,0.0,0.0,0.0,0.0,0.0,4.053116,4.053116,4.053116,4.053116,0.0,0.0,0.0,0.0,0.0,0.0,64,0,64,DOS_SYN_Hping
T1044,41369,1883,tcp,mqtt,61.982733,10,6,3,4,0.1613349999999999,0.096801,0.258136,0.6,328,32,40,200,32,40,0,2,1,3,4,15,0,0,0,0,0.0,33.0,78.0,7.8,12.934021,0.0,23.0,36.0,6.0,8.602325,0.0,33.0,114.0,7.125,11.218289,234.8423,59903692.00706501,61982733.011246,6886970.334583,19886385.92977,73.90975999999998,1601938.009262,1922035.932541,384407.186508,685080.2509430001,73.90975999999998,59903692.00706501,61982733.011246,4132182.20075,15433020.584441,1.839222,3.333333,2.0,26.0,12.0,0.0,0.0,0.0,0.0,0.0,0.0,2079041.004181,2079041.004181,2079041.004181,2079041.004181,0.0,59903692.00706501,59903692.00706501,59903692.00706501,59903692.00706501,0.0,64240,26847,502,MQTT_Publish
T1045,38337,1883,tcp,mqtt,61.952054,10,6,3,4,0.161415,0.096849,0.258264,0.6,328,32,40,200,32,40,0,2,1,3,4,15,0,0,0,0,0.0,33.0,77.0,7.7,12.789318,0.0,22.0,35.0,5.8333330000000005,8.20772,0.0,33.0,112.0,7.0,11.021192,593.900681,59898416.996002,61952054.023743,6883561.558194,19885895.436932,4169.940948,1603961.94458,1904174.804688,380834.960938,687397.336009,593.900681,59898416.996002,61952054.023743,4130136.934916,15432267.993778,1.80785,3.333333,2.0,25.666667,11.666667,0.0,0.0,0.0,0.0,0.0,0.0,2053637.02774,2053637.02774,2053637.02774,2053637.02774,0.0,59898416.996002,59898416.996002,59898416.996002,59898416.996002,0.0,64240,26847,502,MQTT_Publish
T1046,51036,406,tcp,-,1.4e-05,1,1,0,0,72315.586207,72315.586207,144631.172414,1.0,20,20,20,20,20,20,0,0,1,0,0,1,0,0,0,0,0.0,0.0,0.0,0.0,0.0,0.0,0.0,0.0,0.0,0.0,0.0,0.0,0.0,0.0,0.0,0.0,0.0,0.0,0.0,0.0,0.0,0.0,0.0,0.0,0.0,13.828278,13.828278,13.828278,13.828278,0.0,0.0,1.0,1.0,0.0,0.0,0.0,0.0,0.0,0.0,0.0,0.0,13.828278,13.828278,13.828278,13.828278,0.0,0.0,0.0,0.0,0.0,0.0,1024,0,1024,NMAP_OS_DETECTION
T1047,60458,616,tcp,-,1e-06,1,1,0,0,838860.8,838860.8,1677721.6,1.0,40,40,40,20,20,20,0,1,1,0,0,1,0,0,0,0,0.0,0.0,0.0,0.0,0.0,0.0,0.0,0.0,0.0,0.0,0.0,0.0,0.0,0.0,0.0,0.0,0.0,0.0,0.0,0.0,0.0,0.0,0.0,0.0,0.0,1.192093,1.192093,1.192093,1.192093,0.0,0.0,1.0,1.0,0.0,0.0,0.0,0.0,0.0,0.0,0.0,0.0,1.192093,1.192093,1.192093,1.192093,0.0,0.0,0.0,0.0,0.0,0.0,64240,0,64240,NMAP_TCP_scan
T1048,46600,1111,tcp,-,6e-06,1,1,0,0,167772.16,167772.16,335544.32,1.0,20,20,20,20,20,20,0,0,1,0,0,1,0,0,0,0,0.0,0.0,0.0,0.0,0.0,0.0,0.0,0.0,0.0,0.0,0.0,0.0,0.0,0.0,0.0,0.0,0.0,0.0,0.0,0.0,0.0,0.0,0.0,0.0,0.0,5.960464,5.960464,5.960464,5.960464,0.0,0.0,1.0,1.0,0.0,0.0,0.0,0.0,0.0,0.0,0.0,0.0,5.960464,5.960464,5.960464,5.960464,0.0,0.0,0.0,0.0,0.0,0.0,1024,0,1024,NMAP_OS_DETECTION
T1049,35223,5353,udp,dns,0.0,1,0,1,0,0.0,0.0,0.0,0.0,8,8,8,0,0,0,0,0,0,0,0,0,0,0,0,0,47.0,47.0,47.0,47.0,0.0,0.0,0.0,0.0,0.0,0.0,47.0,47.0,47.0,47.0,0.0,0.0,0.0,0.0,0.0,0.0,0.0,0.0,0.0,0.0,0.0,0.0,0.0,0.0,0.0,0.0,0.0,1.0,0.0,47.0,0.0,0.0,0.0,0.0,0.0,0.0,0.0,0.0,0.0,0.0,0.0,0.0,0.0,0.0,0.0,0.0,0.0,0,0,0,ARP_poisioning
T1050,37074,443,tcp,ssl,0.365127,19,15,7,8,52.036676,41.081587,93.118263,0.789474,676,32,44,488,32,40,2,2,0,7,8,33,0,0,0,0,0.0,616.0,1461.0,76.894737,178.022438,0.0,2816.0,7310.0,487.333333,860.0204039999999,0.0,2816.0,8771.0,257.970588,611.442333,7.867813000000001,111407.995224,365136.146545,20285.341475,33586.174606,8.821487,74963.092804,311053.991318,22218.142237,31011.488725,2.861023,72818.040848,365136.146545,11064.731713,22571.927648,24021.773024,19.0,15.0,1461.0,7310.0,0.0,2630.0,0.0,6.0,0.0,46876.477322000006,365136.146545,365136.146545,365136.146545,365136.146545,0.0,0.0,0.0,0.0,0.0,0.0,64240,65535,501,ARP_poisioning
T1051,46600,1862,tcp,-,6e-06,1,1,0,0,167772.16,167772.16,335544.32,1.0,20,20,20,20,20,20,0,0,1,0,0,1,0,0,0,0,0.0,0.0,0.0,0.0,0.0,0.0,0.0,0.0,0.0,0.0,0.0,0.0,0.0,0.0,0.0,0.0,0.0,0.0,0.0,0.0,0.0,0.0,0.0,0.0,0.0,5.960464,5.960464,5.960464,5.960464,0.0,0.0,1.0,1.0,0.0,0.0,0.0,0.0,0.0,0.0,0.0,0.0,5.960464,5.960464,5.960464,5.960464,0.0,0.0,0.0,0.0,0.0,0.0,1024,0,1024,NMAP_OS_DETECTION
T1052,38297,1883,tcp,mqtt,7.031867999999999,10,6,3,4,1.422097,0.853258,2.275356,0.6,328,32,40,200,32,40,0,2,1,3,4,15,0,0,0,0,0.0,33.0,78.0,7.8,12.934021,0.0,23.0,36.0,6.0,8.602325,0.0,33.0,114.0,7.125,11.218289,259.160995,4747339.963913,7031867.980957001,781318.664551,1535825.811867,108.003616,1511014.938354,2026795.864105,405359.172821,629715.658033,108.003616,4747339.963913,7031867.980957001,468791.19873,1226609.13268,16.211907999999998,3.333333,2.0,26.0,12.0,0.0,0.0,0.0,0.0,0.0,0.0,7031867.980957001,7031867.980957001,7031867.980957001,7031867.980957001,0.0,0.0,0.0,0.0,0.0,0.0,64240,26847,502,MQTT_Publish
T1053,49704,80,tcp,http,0.0032159999999999,4,3,2,0,1243.770183,932.827637,2176.59782,0.75,136,32,40,104,32,40,0,2,0,2,0,6,0,0,0,0,0.0,168.0,189.0,47.25,81.106412,0.0,0.0,0.0,0.0,0.0,0.0,168.0,189.0,27.0,62.665780000000005,8.106232,1813.88855,3206.968307,1068.9894359999998,943.449471,1371.145248,1831.054688,3202.199936,1601.099968,325.205083,8.106232,1800.060272,3216.028214,536.004702,821.2855900000001,58768.141152,4.0,3.0,189.0,0.0,0.0,0.0,0.0,0.0,0.0,0.0,3216.028214,3216.028214,3216.028214,3216.028214,0.0,0.0,0.0,0.0,0.0,0.0,64240,65160,502,DDOS_Slowloris
T1054,64177,28973,udp,-,0.0,1,0,0,0,0.0,0.0,0.0,0.0,8,8,8,0,0,0,0,0,0,0,0,0,0,0,0,0,0.0,0.0,0.0,0.0,0.0,0.0,0.0,0.0,0.0,0.0,0.0,0.0,0.0,0.0,0.0,0.0,0.0,0.0,0.0,0.0,0.0,0.0,0.0,0.0,0.0,0.0,0.0,0.0,0.0,0.0,0.0,1.0,0.0,0.0,0.0,0.0,0.0,0.0,0.0,0.0,0.0,0.0,0.0,0.0,0.0,0.0,0.0,0.0,0.0,0.0,0.0,0,0,0,NMAP_UDP_SCAN
T1055,55408,80,tcp,http,25.3108,6,5,4,0,0.237053,0.197544,0.434597,0.833333,200,32,40,168,32,40,0,2,0,4,0,10,0,0,0,0,0.0,168.0,210.0,35.0,65.59878,0.0,0.0,0.0,0.0,0.0,0.0,168.0,210.0,19.090909,49.856704,704.050064,19071909.90448,25310796.022415,5062159.204483001,8283153.892810001,1297.950745,19071912.050247,25310770.988464,6327692.747116,8989084.165569,1.907349,19071907.997131,25310800.075531,2531080.007553,6132842.716005,8.296853,2.0,1.666667,70.0,0.0,0.0,0.0,0.0,0.0,0.0,0.0,1.907349,7369.995117,7375.955582,2458.651861,4253.348161999999,6231516.122818,19071907.997131,25303424.119949,12651712.059975,9079528.16742,64240,65160,502,DDOS_Slowloris
T1056,50078,17459,udp,-,0.0,1,0,0,0,0.0,0.0,0.0,0.0,8,8,8,0,0,0,0,0,0,0,0,0,0,0,0,0,0.0,0.0,0.0,0.0,0.0,0.0,0.0,0.0,0.0,0.0,0.0,0.0,0.0,0.0,0.0,0.0,0.0,0.0,0.0,0.0,0.0,0.0,0.0,0.0,0.0,0.0,0.0,0.0,0.0,0.0,0.0,1.0,0.0,0.0,0.0,0.0,0.0,0.0,0.0,0.0,0.0,0.0,0.0,0.0,0.0,0.0,0.0,0.0,0.0,0.0,0.0,0,0,0,NMAP_UDP_SCAN
T1057,59247,15003,tcp,-,9e-06,1,1,0,0,110376.421053,110376.421053,220752.842105,1.0,20,20,20,20,20,20,1,0,1,1,0,1,1,0,0,0,0.0,0.0,0.0,0.0,0.0,0.0,0.0,0.0,0.0,0.0,0.0,0.0,0.0,0.0,0.0,0.0,0.0,0.0,0.0,0.0,0.0,0.0,0.0,0.0,0.0,9.059906,9.059906,9.059906,9.059906,0.0,0.0,1.0,1.0,0.0,0.0,0.0,0.0,0.0,0.0,0.0,0.0,9.059906,9.059906,9.059906,9.059906,0.0,0.0,0.0,0.0,0.0,0.0,1024,0,1024,NMAP_XMAS_TREE_SCAN
T1058,15315,21,tcp,-,5e-06,1,1,1,0,199728.761905,199728.761905,399457.52381,1.0,20,20,20,20,20,20,0,1,1,0,0,1,0,0,0,0,120.0,120.0,120.0,120.0,0.0,0.0,0.0,0.0,0.0,0.0,0.0,120.0,120.0,60.0,84.852814,0.0,0.0,0.0,0.0,0.0,0.0,0.0,0.0,0.0,0.0,5.0067900000000005,5.0067900000000005,5.0067900000000005,5.0067900000000005,0.0,23967451.428571,1.0,1.0,120.0,0.0,0.0,0.0,0.0,0.0,0.0,0.0,5.0067900000000005,5.0067900000000005,5.0067900000000005,5.0067900000000005,0.0,0.0,0.0,0.0,0.0,0.0,64,0,64,DOS_SYN_Hping
T1059,51680,80,tcp,http,0.000507,8,0,2,0,15775.473437,0.0,15775.473437,0.0,260,20,40,0,0,0,1,2,1,2,0,6,0,0,0,0,0.0,126.0,212.0,26.5,50.219518,0.0,0.0,0.0,0.0,0.0,0.0,126.0,212.0,26.5,50.219518,20.027161,315.904617,507.116318,72.445188,108.355008,0.0,0.0,0.0,0.0,0.0,20.027161,315.904617,507.116318,72.445188,108.355008,418050.046074,8.0,0.0,212.0,0.0,0.0,0.0,0.0,0.0,0.0,0.0,507.116318,507.116318,507.116318,507.116318,0.0,0.0,0.0,0.0,0.0,0.0,65476,0,0,NMAP_UDP_SCAN
T1060,3123,21,tcp,-,5e-06,1,1,1,0,199728.761905,199728.761905,399457.52381,1.0,20,20,20,20,20,20,0,1,1,0,0,1,0,0,0,0,120.0,120.0,120.0,120.0,0.0,0.0,0.0,0.0,0.0,0.0,0.0,120.0,120.0,60.0,84.852814,0.0,0.0,0.0,0.0,0.0,0.0,0.0,0.0,0.0,0.0,5.0067900000000005,5.0067900000000005,5.0067900000000005,5.0067900000000005,0.0,23967451.428571,1.0,1.0,120.0,0.0,0.0,0.0,0.0,0.0,0.0,0.0,5.0067900000000005,5.0067900000000005,5.0067900000000005,5.0067900000000005,0.0,0.0,0.0,0.0,0.0,0.0,64,0,64,DOS_SYN_Hping
T1061,38953,53,udp,dns,0.044583,2,2,2,2,44.860306,44.860306,89.720611,1.0,16,8,8,16,8,8,0,0,0,0,0,0,0,0,0,0,36.0,36.0,72.0,36.0,0.0,36.0,68.0,104.0,52.0,22.627417,36.0,68.0,176.0,44.0,16.0,243.902206,243.902206,243.902206,243.902206,0.0,43586.96938,43586.96938,43586.96938,43586.96938,0.0,243.902206,43586.96938,44582.84378,14860.947930000002,24878.76132,3947.7069,2.0,2.0,72.0,104.0,0.0,0.0,0.0,0.0,0.0,0.0,44582.84378,44582.84378,44582.84378,44582.84378,0.0,0.0,0.0,0.0,0.0,0.0,0,0,0,Thing_Speak
T1062,53559,1883,tcp,mqtt,61.944687,10,6,3,4,0.161434,0.096861,0.258295,0.6,328,32,40,200,32,40,0,2,1,3,4,15,0,0,0,0,0.0,33.0,78.0,7.8,12.934021,0.0,23.0,36.0,6.0,8.602325,0.0,33.0,114.0,7.125,11.218289,236.98806800000003,59912464.14184599,61944687.128067,6882743.01423,19890989.492977,79.15496800000003,1552232.9807280004,1872166.156769,374433.231354,662801.414876,79.15496800000003,59912464.14184599,61944687.128067,4129645.808538,15435925.504845,1.840352,3.333333,2.0,26.0,12.0,0.0,0.0,0.0,0.0,0.0,0.0,2032222.986221,2032222.986221,2032222.986221,2032222.986221,0.0,59912464.14184599,59912464.14184599,59912464.14184599,59912464.14184599,0.0,64240,26847,502,MQTT_Publish
T1063,51518,80,tcp,http,0.000242,8,0,2,0,33058.553695,0.0,33058.553695,0.0,260,20,40,0,0,0,1,2,1,2,0,6,0,0,0,0,0.0,126.0,212.0,26.5,50.219518,0.0,0.0,0.0,0.0,0.0,0.0,126.0,212.0,26.5,50.219518,6.914139,123.977661,241.994858,34.570694,41.830968,0.0,0.0,0.0,0.0,0.0,6.914139,123.977661,241.994858,34.570694,41.830968,876051.6729059999,8.0,0.0,212.0,0.0,0.0,0.0,0.0,0.0,0.0,0.0,241.994858,241.994858,241.994858,241.994858,0.0,0.0,0.0,0.0,0.0,0.0,65476,0,0,NMAP_UDP_SCAN
T1064,60389,21,tcp,-,0.0,1,0,1,0,0.0,0.0,0.0,0.0,20,20,20,0,0,0,0,1,0,0,0,0,0,0,0,0,120.0,120.0,120.0,120.0,0.0,0.0,0.0,0.0,0.0,0.0,120.0,120.0,120.0,120.0,0.0,0.0,0.0,0.0,0.0,0.0,0.0,0.0,0.0,0.0,0.0,0.0,0.0,0.0,0.0,0.0,0.0,1.0,0.0,120.0,0.0,0.0,0.0,0.0,0.0,0.0,0.0,0.0,0.0,0.0,0.0,0.0,0.0,0.0,0.0,0.0,0.0,64,0,64,DOS_SYN_Hping
T1065,33148,80,tcp,http,0.731105,7,5,2,1,9.574547,6.838962,16.413509,0.714286,232,32,40,168,32,40,2,2,0,2,1,11,0,0,0,0,0.0,169.0,215.0,30.714286,63.34223000000001,0.0,538.0,538.0,107.6,240.600914,0.0,538.0,753.0,62.75,157.50043300000002,90.837479,266180.0385,733036.9949,122172.8325,134152.9276,46.014786,231682.0621,495281.9347,123820.4837,125018.4923,46.014786,235823.1544,733036.9949,66639.72681000001,105428.0098,1029.947693,7.0,5.0,215.0,538.0,0.0,0.0,0.0,0.0,0.0,0.0,733036.9949,733036.9949,733036.9949,733036.9949,0.0,0.0,0.0,0.0,0.0,0.0,64240,26847,501,Thing_Speak
T1066,49680,80,tcp,http,0.002826,4,3,2,0,1415.440479,1061.580359,2477.0208390000003,0.75,136,32,40,104,32,40,0,2,0,2,0,6,0,0,0,0,0.0,168.0,188.0,47.0,81.215762,0.0,0.0,0.0,0.0,0.0,0.0,168.0,188.0,26.857143,62.682875,8.106232,1399.9938960000002,2804.040909,934.680303,802.4392429999999,1386.880875,1422.166824,2809.047699,1404.523849,24.950934,8.106232,1383.066177,2825.975418,470.995903,699.5315320000001,66525.702523,4.0,3.0,188.0,0.0,0.0,0.0,0.0,0.0,0.0,0.0,2825.975418,2825.975418,2825.975418,2825.975418,0.0,0.0,0.0,0.0,0.0,0.0,64240,65160,502,DDOS_Slowloris
T1067,49894,80,tcp,http,0.002651,4,3,2,0,1508.878137,1131.658602,2640.536739,0.75,136,32,40,104,32,40,0,2,0,2,0,6,0,0,0,0,0.0,168.0,188.0,47.0,81.215762,0.0,0.0,0.0,0.0,0.0,0.0,168.0,188.0,26.857143,62.682875,298.976898,1245.975494,2618.0744170000003,872.6914720000001,504.31229400000007,1081.9435119999998,1554.012299,2635.955811,1317.977905,333.80304,15.020370000000002,1230.955124,2650.976181,441.829364,554.208475,70917.272417,4.0,3.0,188.0,0.0,0.0,0.0,0.0,0.0,0.0,0.0,2650.976181,2650.976181,2650.976181,2650.976181,0.0,0.0,0.0,0.0,0.0,0.0,64240,65160,502,DDOS_Slowloris
T1068,58479,53,udp,dns,0.041011,2,2,2,2,48.767291,48.767291,97.534582,1.0,16,8,8,16,8,8,0,0,0,0,0,0,0,0,0,0,58.0,58.0,116.0,58.0,0.0,58.0,90.0,148.0,74.0,22.627417,58.0,90.0,264.0,66.0,16.0,30.040741,30.040741,30.040741,30.040741,0.0,40121.078491,40121.078491,40121.078491,40121.078491,0.0,30.040741,40121.078491,41011.095047,13670.365016,22910.748145,6437.282391,2.0,2.0,116.0,148.0,0.0,0.0,0.0,0.0,0.0,0.0,41011.095047,41011.095047,41011.095047,41011.095047,0.0,0.0,0.0,0.0,0.0,0.0,0,0,0,NMAP_UDP_SCAN
T1069,39195,1883,tcp,mqtt,61.942599,10,6,3,4,0.16144,0.096864,0.258304,0.6,328,32,40,200,32,40,0,2,1,3,4,15,0,0,0,0,0.0,33.0,78.0,7.8,12.934021,0.0,23.0,36.0,6.0,8.602325,0.0,33.0,114.0,7.125,11.218289,239.133835,59896978.855133,61942599.058151,6882511.006461,19885147.549496,61.98883100000001,1551887.9890440004,1883872.032166,376774.406433,662124.0040279999,61.98883100000001,59896978.855133,61942599.058151,4129506.603877,15431596.417332,1.840414,3.333333,2.0,26.0,12.0,0.0,0.0,0.0,0.0,0.0,0.0,2045620.203018,2045620.203018,2045620.203018,2045620.203018,0.0,59896978.855133,59896978.855133,59896978.855133,59896978.855133,0.0,64240,26847,502,MQTT_Publish
T1070,38454,3322,tcp,-,4e-06,1,1,0,0,246723.764706,246723.764706,493447.529412,1.0,40,40,40,20,20,20,0,1,1,0,0,1,0,0,0,0,0.0,0.0,0.0,0.0,0.0,0.0,0.0,0.0,0.0,0.0,0.0,0.0,0.0,0.0,0.0,0.0,0.0,0.0,0.0,0.0,0.0,0.0,0.0,0.0,0.0,4.053116,4.053116,4.053116,4.053116,0.0,0.0,1.0,1.0,0.0,0.0,0.0,0.0,0.0,0.0,0.0,0.0,4.053116,4.053116,4.053116,4.053116,0.0,0.0,0.0,0.0,0.0,0.0,64240,0,64240,NMAP_TCP_scan
T1071,51036,1036,tcp,-,6e-06,1,1,0,0,167772.16,167772.16,335544.32,1.0,20,20,20,20,20,20,0,0,1,0,0,1,0,0,0,0,0.0,0.0,0.0,0.0,0.0,0.0,0.0,0.0,0.0,0.0,0.0,0.0,0.0,0.0,0.0,0.0,0.0,0.0,0.0,0.0,0.0,0.0,0.0,0.0,0.0,5.960464,5.960464,5.960464,5.960464,0.0,0.0,1.0,1.0,0.0,0.0,0.0,0.0,0.0,0.0,0.0,0.0,5.960464,5.960464,5.960464,5.960464,0.0,0.0,0.0,0.0,0.0,0.0,1024,0,1024,NMAP_OS_DETECTION
T1072,57155,53,udp,dns,0.05765,2,2,2,2,34.692054,34.692054,69.384108,1.0,16,8,8,16,8,8,0,0,0,0,0,0,0,0,0,0,32.0,32.0,64.0,32.0,0.0,32.0,64.0,96.0,48.0,22.627417,32.0,64.0,160.0,40.0,16.0,794.172287,794.172287,794.172287,794.172287,0.0,56582.9277,56582.9277,56582.9277,56582.9277,0.0,272.989273,56582.9277,57650.08926,19216.69642,32361.15477,2775.364306,2.0,2.0,64.0,96.0,0.0,0.0,0.0,0.0,0.0,0.0,57650.08926,57650.08926,57650.08926,57650.08926,0.0,0.0,0.0,0.0,0.0,0.0,0,0,0,Thing_Speak
T1073,59402,443,tcp,ssl,1.518325,14,12,3,9,9.220687,7.903446000000001,17.124132,0.857143,432,20,40,392,32,40,2,2,2,3,6,23,0,0,0,0,0.0,517.0,840.0,60.0,144.534798,0.0,1352.0,6169.0,514.083333,592.381244,0.0,1352.0,7009.0,269.576923,467.502314,234.127045,287106.0371,1520675.1819999998,116975.014,136995.1762,44.107437,374003.1719,1237615.108,112510.4644,157476.4702,44.107437,284890.8901,1520675.1819999998,60827.00729,112507.434,4616.270945,14.0,12.0,840.0,6169.0,0.0,4548.0,0.0,5.0,0.0,2957013.578,1520675.1819999998,1520675.1819999998,1520675.1819999998,1520675.1819999998,0.0,0.0,0.0,0.0,0.0,0.0,64240,26847,0,Thing_Speak
T1074,55462,80,tcp,http,24.205439,6,5,4,0,0.247878,0.206565,0.454443,0.833333,200,32,40,168,32,40,0,2,0,4,0,10,0,0,0,0,0.0,168.0,210.0,35.0,65.59878,0.0,0.0,0.0,0.0,0.0,0.0,168.0,210.0,19.090909,49.856704,15.974045000000002,19068403.0056,24205433.84552,4841086.769104,8258102.423261,1281.023026,19068405.866623,24205410.003662,6051352.500916,9009071.080743,2.145767,19068400.859833,24205438.85231,2420543.885231,6067902.927365,8.675736,2.0,1.666667,70.0,0.0,0.0,0.0,0.0,0.0,0.0,0.0,2.145767,2692.937851,2700.090408,900.030136,1552.704287,5134337.9020690005,19068400.859833,24202738.761902,12101369.380951,9852870.406915,64240,65160,502,DDOS_Slowloris
T1075,34538,443,tcp,ssl,29.404955,17,13,5,7,0.578134,0.442102,1.020236,0.764706,552,32,40,424,32,40,2,2,0,4,5,29,0,0,0,0,0.0,1408.0,2850.0,167.647059,385.569375,0.0,1408.0,5859.0,450.692308,631.5898440000001,0.0,1408.0,8709.0,290.3,517.1428900000001,30.040741,10304025.173187,29404997.110367,1837812.319398,3776244.089311,81.777573,10292165.04097,29166220.903397,2430518.408616,4253394.156292,6.914139,10048152.208328,29404997.110367,1013965.417599,2861359.379105,296.174574,4.25,3.25,712.5,1464.75,0.0,0.0,0.0,0.0,0.0,0.0,231198.072433,1027167.081833,1758250.951767,439562.737942,391865.792073,7610623.121262,10048152.208328,27646746.1586,9215582.052867,1390260.885125,64240,26847,501,ARP_poisioning
T1076,50131,829,udp,-,0.0,1,0,0,0,0.0,0.0,0.0,0.0,8,8,8,0,0,0,0,0,0,0,0,0,0,0,0,0,0.0,0.0,0.0,0.0,0.0,0.0,0.0,0.0,0.0,0.0,0.0,0.0,0.0,0.0,0.0,0.0,0.0,0.0,0.0,0.0,0.0,0.0,0.0,0.0,0.0,0.0,0.0,0.0,0.0,0.0,0.0,1.0,0.0,0.0,0.0,0.0,0.0,0.0,0.0,0.0,0.0,0.0,0.0,0.0,0.0,0.0,0.0,0.0,0.0,0.0,0.0,0,0,0,NMAP_UDP_SCAN
T1077,51036,179,tcp,-,6e-06,1,1,0,0,167772.16,167772.16,335544.32,1.0,20,20,20,20,20,20,0,0,1,0,0,1,0,0,0,0,0.0,0.0,0.0,0.0,0.0,0.0,0.0,0.0,0.0,0.0,0.0,0.0,0.0,0.0,0.0,0.0,0.0,0.0,0.0,0.0,0.0,0.0,0.0,0.0,0.0,5.960464,5.960464,5.960464,5.960464,0.0,0.0,1.0,1.0,0.0,0.0,0.0,0.0,0.0,0.0,0.0,0.0,5.960464,5.960464,5.960464,5.960464,0.0,0.0,0.0,0.0,0.0,0.0,1024,0,1024,NMAP_OS_DETECTION
T1078,52197,443,tcp,ssl,6.129098,11,15,5,7,1.794718,2.447342,4.24206,1.363636,224,20,24,304,20,24,4,2,0,5,7,25,0,0,0,0,0.0,357.0,808.0,73.454545,117.243647,0.0,421.0,1375.0,91.666667,144.531592,0.0,421.0,2183.0,83.961538,131.455994,6138.801575,2767395.019531,8959847.211838001,895984.721184,1010966.725377,245.09429900000003,2206914.9017330003,8959886.074066,639991.862433,724966.077666,245.09429900000003,2143560.8863830003,8988135.099411,359525.4039760001,603525.409296,356.169854,1.833333,2.5,134.666667,229.166667,0.0,0.0,0.0,0.0,0.0,0.0,8988135.099411,8988135.099411,8988135.099411,8988135.099411,0.0,0.0,0.0,0.0,0.0,0.0,4380,65535,3716,Wipro_bulb
T1079,44591,53,udp,dns,0.140379,2,2,2,2,14.24715,14.24715,28.4943,1.0,16,8,8,16,8,8,0,0,0,0,0,0,0,0,0,0,53.0,53.0,106.0,53.0,0.0,132.0,144.0,276.0,138.0,8.485281,53.0,144.0,382.0,95.5,49.318692,211.000443,211.000443,211.000443,211.000443,0.0,160.932541,160.932541,160.932541,160.932541,0.0,160.932541,140007.019043,140378.952026,46792.984009,80725.726211,2721.205669,2.0,2.0,106.0,276.0,0.0,0.0,0.0,0.0,0.0,0.0,140378.952026,140378.952026,140378.952026,140378.952026,0.0,0.0,0.0,0.0,0.0,0.0,0,0,0,ARP_poisioning
T1080,36242,2006,tcp,-,8e-06,1,1,0,0,127100.12121199998,127100.12121199998,254200.242424,1.0,20,20,20,20,20,20,1,0,1,1,0,1,1,0,0,0,0.0,0.0,0.0,0.0,0.0,0.0,0.0,0.0,0.0,0.0,0.0,0.0,0.0,0.0,0.0,0.0,0.0,0.0,0.0,0.0,0.0,0.0,0.0,0.0,0.0,7.867813000000001,7.867813000000001,7.867813000000001,7.867813000000001,0.0,0.0,1.0,1.0,0.0,0.0,0.0,0.0,0.0,0.0,0.0,0.0,7.867813000000001,7.867813000000001,7.867813000000001,7.867813000000001,0.0,0.0,0.0,0.0,0.0,0.0,1024,0,1024,NMAP_XMAS_TREE_SCAN
T1081,51036,32784,tcp,-,7.000000000000001e-06,1,1,0,0,144631.172414,144631.172414,289262.344828,1.0,20,20,20,20,20,20,0,0,1,0,0,1,0,0,0,0,0.0,0.0,0.0,0.0,0.0,0.0,0.0,0.0,0.0,0.0,0.0,0.0,0.0,0.0,0.0,0.0,0.0,0.0,0.0,0.0,0.0,0.0,0.0,0.0,0.0,6.914139,6.914139,6.914139,6.914139,0.0,0.0,1.0,1.0,0.0,0.0,0.0,0.0,0.0,0.0,0.0,0.0,6.914139,6.914139,6.914139,6.914139,0.0,0.0,0.0,0.0,0.0,0.0,1024,0,1024,NMAP_OS_DETECTION
T1082,50078,42557,udp,-,0.0,1,0,1,0,0.0,0.0,0.0,0.0,8,8,8,0,0,0,0,0,0,0,0,0,0,0,0,0,40.0,40.0,40.0,40.0,0.0,0.0,0.0,0.0,0.0,0.0,40.0,40.0,40.0,40.0,0.0,0.0,0.0,0.0,0.0,0.0,0.0,0.0,0.0,0.0,0.0,0.0,0.0,0.0,0.0,0.0,0.0,1.0,0.0,40.0,0.0,0.0,0.0,0.0,0.0,0.0,0.0,0.0,0.0,0.0,0.0,0.0,0.0,0.0,0.0,0.0,0.0,0,0,0,NMAP_UDP_SCAN
T1083,23482,21,tcp,-,1e-06,1,1,1,0,1048576.0,1048576.0,2097152.0,1.0,20,20,20,20,20,20,0,1,1,0,0,1,0,0,0,0,120.0,120.0,120.0,120.0,0.0,0.0,0.0,0.0,0.0,0.0,0.0,120.0,120.0,60.0,84.852814,0.0,0.0,0.0,0.0,0.0,0.0,0.0,0.0,0.0,0.0,0.953674,0.953674,0.953674,0.953674,0.0,125829120.0,1.0,1.0,120.0,0.0,0.0,0.0,0.0,0.0,0.0,0.0,0.953674,0.953674,0.953674,0.953674,0.0,0.0,0.0,0.0,0.0,0.0,64,0,64,DOS_SYN_Hping
T1084,33850,5353,udp,dns,0.0,1,0,1,0,0.0,0.0,0.0,0.0,8,8,8,0,0,0,0,0,0,0,0,0,0,0,0,0,39.0,39.0,39.0,39.0,0.0,0.0,0.0,0.0,0.0,0.0,39.0,39.0,39.0,39.0,0.0,0.0,0.0,0.0,0.0,0.0,0.0,0.0,0.0,0.0,0.0,0.0,0.0,0.0,0.0,0.0,0.0,1.0,0.0,39.0,0.0,0.0,0.0,0.0,0.0,0.0,0.0,0.0,0.0,0.0,0.0,0.0,0.0,0.0,0.0,0.0,0.0,0,0,0,ARP_poisioning
T1085,989,21,tcp,-,4e-06,1,1,1,0,246723.764706,246723.764706,493447.529412,1.0,20,20,20,20,20,20,0,1,1,0,0,1,0,0,0,0,120.0,120.0,120.0,120.0,0.0,0.0,0.0,0.0,0.0,0.0,0.0,120.0,120.0,60.0,84.852814,0.0,0.0,0.0,0.0,0.0,0.0,0.0,0.0,0.0,0.0,4.053116,4.053116,4.053116,4.053116,0.0,29606851.764706,1.0,1.0,120.0,0.0,0.0,0.0,0.0,0.0,0.0,0.0,4.053116,4.053116,4.053116,4.053116,0.0,0.0,0.0,0.0,0.0,0.0,64,0,64,DOS_SYN_Hping
T1086,44536,4129,tcp,-,3e-06,1,1,0,0,349525.333333,349525.333333,699050.666667,1.0,40,40,40,20,20,20,0,1,1,0,0,1,0,0,0,0,0.0,0.0,0.0,0.0,0.0,0.0,0.0,0.0,0.0,0.0,0.0,0.0,0.0,0.0,0.0,0.0,0.0,0.0,0.0,0.0,0.0,0.0,0.0,0.0,0.0,2.861023,2.861023,2.861023,2.861023,0.0,0.0,1.0,1.0,0.0,0.0,0.0,0.0,0.0,0.0,0.0,0.0,2.861023,2.861023,2.861023,2.861023,0.0,0.0,0.0,0.0,0.0,0.0,64240,0,64240,NMAP_TCP_scan
T1087,48761,1883,tcp,mqtt,12.020786,10,6,3,4,0.831892,0.4991350000000001,1.331028,0.6,328,32,40,200,32,40,0,2,1,3,4,15,0,0,0,0,0.0,33.0,78.0,7.8,12.934021,0.0,23.0,36.0,6.0,8.602325,0.0,33.0,114.0,7.125,11.218289,237.941742,9761662.960052,12020786.046982003,1335642.894109,3182797.449046,146.865845,1498013.9732360004,2006608.009338,401321.601868,625957.003355,146.865845,9761662.960052,12020786.046982003,801385.736465,2499430.056818,9.483573,3.333333,2.0,26.0,12.0,0.0,0.0,0.0,0.0,0.0,0.0,2259123.086929,2259123.086929,2259123.086929,2259123.086929,0.0,9761662.960052,9761662.960052,9761662.960052,9761662.960052,0.0,64240,26847,502,MQTT_Publish
T1088,49866,80,tcp,http,0.006356,4,3,2,0,629.3265309999999,471.994899,1101.32143,0.75,136,32,40,104,32,40,0,2,0,2,0,6,0,0,0,0,0.0,168.0,189.0,47.25,81.106412,0.0,0.0,0.0,0.0,0.0,0.0,168.0,189.0,27.0,62.665780000000005,151.872635,4569.05365,6337.881088,2112.627029,2249.9200530000003,1598.119736,4732.847214,6330.966949000001,3165.483475,2216.587057,18.119812,4544.019699,6356.0009,1059.333483,1813.106516,29735.678608,4.0,3.0,189.0,0.0,0.0,0.0,0.0,0.0,0.0,0.0,6356.0009,6356.0009,6356.0009,6356.0009,0.0,0.0,0.0,0.0,0.0,0.0,64240,65160,502,DDOS_Slowloris
T1089,36242,6346,tcp,-,2.5e-05,1,1,0,0,39945.752381,39945.752381,79891.504762,1.0,20,20,20,20,20,20,1,0,1,1,0,1,1,0,0,0,0.0,0.0,0.0,0.0,0.0,0.0,0.0,0.0,0.0,0.0,0.0,0.0,0.0,0.0,0.0,0.0,0.0,0.0,0.0,0.0,0.0,0.0,0.0,0.0,0.0,25.033951,25.033951,25.033951,25.033951,0.0,0.0,1.0,1.0,0.0,0.0,0.0,0.0,0.0,0.0,0.0,0.0,25.033951,25.033951,25.033951,25.033951,0.0,0.0,0.0,0.0,0.0,0.0,1024,0,1024,NMAP_XMAS_TREE_SCAN
T1090,34865,443,udp,-,29.603935,9,14,9,14,0.304014,0.47291,0.776924,1.555556,72,8,8,112,8,8,0,0,0,0,0,0,0,0,0,0,31.0,1357.0,1897.0,210.777778,433.889899,28.0,1357.0,4517.0,322.642857,482.941565,28.0,1357.0,6414.0,278.869565,457.595524,1226.902008,29226089.954376,29542452.096939,3692806.512117,10317057.528824,9.059906,29212773.084641,29556609.869003,2273585.374539,8094274.639783001,9.059906,29180294.99054,29603935.003281,1345633.40924,6217010.742037999,216.660387,4.5,7.0,948.5,2258.5,0.0,0.0,0.0,0.0,0.0,0.0,173642.87376400002,249997.138977,423640.012741,211820.006371,53990.61870499999,29180294.99054,29180294.99054,29180294.99054,29180294.99054,0.0,0,0,0,ARP_poisioning
T1091,59902,1151,tcp,-,1e-06,1,1,0,0,1048576.0,1048576.0,2097152.0,1.0,40,40,40,20,20,20,0,1,1,0,0,1,0,0,0,0,0.0,0.0,0.0,0.0,0.0,0.0,0.0,0.0,0.0,0.0,0.0,0.0,0.0,0.0,0.0,0.0,0.0,0.0,0.0,0.0,0.0,0.0,0.0,0.0,0.0,0.953674,0.953674,0.953674,0.953674,0.0,0.0,1.0,1.0,0.0,0.0,0.0,0.0,0.0,0.0,0.0,0.0,0.953674,0.953674,0.953674,0.953674,0.0,0.0,0.0,0.0,0.0,0.0,64240,0,64240,NMAP_TCP_scan
T1092,64178,20249,udp,-,0.0,1,0,0,0,0.0,0.0,0.0,0.0,8,8,8,0,0,0,0,0,0,0,0,0,0,0,0,0,0.0,0.0,0.0,0.0,0.0,0.0,0.0,0.0,0.0,0.0,0.0,0.0,0.0,0.0,0.0,0.0,0.0,0.0,0.0,0.0,0.0,0.0,0.0,0.0,0.0,0.0,0.0,0.0,0.0,0.0,0.0,1.0,0.0,0.0,0.0,0.0,0.0,0.0,0.0,0.0,0.0,0.0,0.0,0.0,0.0,0.0,0.0,0.0,0.0,0.0,0.0,0,0,0,NMAP_UDP_SCAN
T1093,46600,6005,tcp,-,2e-06,1,1,0,0,524288.0,524288.0,1048576.0,1.0,20,20,20,20,20,20,0,0,1,0,0,1,0,0,0,0,0.0,0.0,0.0,0.0,0.0,0.0,0.0,0.0,0.0,0.0,0.0,0.0,0.0,0.0,0.0,0.0,0.0,0.0,0.0,0.0,0.0,0.0,0.0,0.0,0.0,1.907349,1.907349,1.907349,1.907349,0.0,0.0,1.0,1.0,0.0,0.0,0.0,0.0,0.0,0.0,0.0,0.0,1.907349,1.907349,1.907349,1.907349,0.0,0.0,0.0,0.0,0.0,0.0,1024,0,1024,NMAP_OS_DETECTION
T1094,60683,443,tcp,ssl,0.643158,10,11,5,4,15.548279999999998,17.103108,32.651388,1.1,204,20,24,224,20,24,2,2,2,5,4,20,0,0,0,0,0.0,373.0,728.0,72.8,115.826307,0.0,293.0,605.0,55.0,94.191295,0.0,373.0,1333.0,63.47619,102.742698,228.881836,202173.948288,645619.869232,71735.541026,67049.888546,57.935715,201982.975006,625525.951385,62552.595139,67657.148547,57.935715,184885.025024,645619.869232,32280.993462,47106.8179,2072.585718,10.0,11.0,728.0,605.0,0.0,0.0,0.0,0.0,0.0,0.0,645619.869232,645619.869232,645619.869232,645619.869232,0.0,0.0,0.0,0.0,0.0,0.0,4380,65535,4380,Wipro_bulb
T1095,48600,5101,tcp,-,6e-06,1,1,0,0,161319.38461500002,161319.38461500002,322638.769231,1.0,40,40,40,20,20,20,0,1,1,0,0,1,0,0,0,0,0.0,0.0,0.0,0.0,0.0,0.0,0.0,0.0,0.0,0.0,0.0,0.0,0.0,0.0,0.0,0.0,0.0,0.0,0.0,0.0,0.0,0.0,0.0,0.0,0.0,6.198883,6.198883,6.198883,6.198883,0.0,0.0,1.0,1.0,0.0,0.0,0.0,0.0,0.0,0.0,0.0,0.0,6.198883,6.198883,6.198883,6.198883,0.0,0.0,0.0,0.0,0.0,0.0,64240,0,64240,NMAP_TCP_scan
T1096,59247,427,tcp,-,5e-06,1,1,0,0,199728.761905,199728.761905,399457.52381,1.0,20,20,20,20,20,20,1,0,1,1,0,1,1,0,0,0,0.0,0.0,0.0,0.0,0.0,0.0,0.0,0.0,0.0,0.0,0.0,0.0,0.0,0.0,0.0,0.0,0.0,0.0,0.0,0.0,0.0,0.0,0.0,0.0,0.0,5.0067900000000005,5.0067900000000005,5.0067900000000005,5.0067900000000005,0.0,0.0,1.0,1.0,0.0,0.0,0.0,0.0,0.0,0.0,0.0,0.0,5.0067900000000005,5.0067900000000005,5.0067900000000005,5.0067900000000005,0.0,0.0,0.0,0.0,0.0,0.0,1024,0,1024,NMAP_XMAS_TREE_SCAN
T1097,51398,80,tcp,http,0.00053,8,0,2,0,15094.211426,0.0,15094.211426,0.0,260,20,40,0,0,0,1,2,1,2,0,6,0,0,0,0,0.0,126.0,212.0,26.5,50.219518,0.0,0.0,0.0,0.0,0.0,0.0,126.0,212.0,26.5,50.219518,18.835068,325.918198,530.004501,75.714929,112.063822,0.0,0.0,0.0,0.0,0.0,18.835068,325.918198,530.004501,75.714929,112.063822,399996.602789,8.0,0.0,212.0,0.0,0.0,0.0,0.0,0.0,0.0,0.0,530.004501,530.004501,530.004501,530.004501,0.0,0.0,0.0,0.0,0.0,0.0,65476,0,0,DDOS_Slowloris
T1098,55412,443,tcp,ssl,1.566151,15,13,3,10,9.577621,8.300605000000001,17.878226,0.866667,464,20,40,424,32,40,2,2,2,3,6,25,0,0,0,0,0.0,517.0,840.0,56.0,140.136158,0.0,1352.0,6494.0,499.538462,611.8415669999999,0.0,1352.0,7334.0,261.928571,476.763543,184.059143,313400.0301,1568726.063,112051.8616,139661.4986,22.888184,380016.0885,1284570.932,107047.5777,159253.7462,22.888184,311003.9234,1568726.063,58100.96529,112932.8621,4682.818228,15.0,13.0,840.0,6494.0,0.0,4548.0,0.0,5.0,0.0,4797709.907,1568726.063,1568726.063,1568726.063,1568726.063,0.0,0.0,0.0,0.0,0.0,0.0,64240,26847,0,Thing_Speak
T1099,57780,1087,tcp,-,6e-06,1,1,0,0,167772.16,167772.16,335544.32,1.0,40,40,40,20,20,20,0,1,1,0,0,1,0,0,0,0,0.0,0.0,0.0,0.0,0.0,0.0,0.0,0.0,0.0,0.0,0.0,0.0,0.0,0.0,0.0,0.0,0.0,0.0,0.0,0.0,0.0,0.0,0.0,0.0,0.0,5.960464,5.960464,5.960464,5.960464,0.0,0.0,1.0,1.0,0.0,0.0,0.0,0.0,0.0,0.0,0.0,0.0,5.960464,5.960464,5.960464,5.960464,0.0,0.0,0.0,0.0,0.0,0.0,64240,0,64240,NMAP_TCP_scan
T1100,51036,2702,tcp,-,6e-06,1,1,0,0,167772.16,167772.16,335544.32,1.0,20,20,20,20,20,20,0,0,1,0,0,1,0,0,0,0,0.0,0.0,0.0,0.0,0.0,0.0,0.0,0.0,0.0,0.0,0.0,0.0,0.0,0.0,0.0,0.0,0.0,0.0,0.0,0.0,0.0,0.0,0.0,0.0,0.0,5.960464,5.960464,5.960464,5.960464,0.0,0.0,1.0,1.0,0.0,0.0,0.0,0.0,0.0,0.0,0.0,0.0,5.960464,5.960464,5.960464,5.960464,0.0,0.0,0.0,0.0,0.0,0.0,1024,0,1024,NMAP_OS_DETECTION
T1101,56084,443,tcp,ssl,0.632935,10,11,5,4,15.79941,17.37935,33.17876,1.1,204,20,24,224,20,24,2,2,2,5,4,20,0,0,0,0,0.0,357.0,808.0,80.8,120.888194,0.0,517.0,829.0,75.363636,155.228395,0.0,517.0,1637.0,77.952381,136.49889199999998,350.952148,124145.030975,735768.079758,81752.008862,46854.867068,57.935715,107525.8255,610785.007477,61078.500748,51350.476958,57.935715,102482.08046,735768.079758,36788.403988,35754.667883999995,2586.363336,10.0,11.0,808.0,829.0,0.0,0.0,0.0,0.0,0.0,0.0,735768.079758,735768.079758,735768.079758,735768.079758,0.0,0.0,0.0,0.0,0.0,0.0,4380,65535,4380,Wipro_bulb
T1102,53044,22,tcp,-,0.0,1,0,0,0,0.0,0.0,0.0,0.0,20,20,20,0,0,0,1,0,0,0,0,0,0,0,0,0,0.0,0.0,0.0,0.0,0.0,0.0,0.0,0.0,0.0,0.0,0.0,0.0,0.0,0.0,0.0,0.0,0.0,0.0,0.0,0.0,0.0,0.0,0.0,0.0,0.0,0.0,0.0,0.0,0.0,0.0,0.0,1.0,0.0,0.0,0.0,0.0,0.0,0.0,0.0,0.0,0.0,0.0,0.0,0.0,0.0,0.0,0.0,0.0,0.0,0.0,0.0,1024,0,1024,NMAP_FIN_SCAN
T1103,36242,5298,tcp,-,6e-06,1,1,0,0,161319.38461500002,161319.38461500002,322638.769231,1.0,20,20,20,20,20,20,1,0,1,1,0,1,1,0,0,0,0.0,0.0,0.0,0.0,0.0,0.0,0.0,0.0,0.0,0.0,0.0,0.0,0.0,0.0,0.0,0.0,0.0,0.0,0.0,0.0,0.0,0.0,0.0,0.0,0.0,6.198883,6.198883,6.198883,6.198883,0.0,0.0,1.0,1.0,0.0,0.0,0.0,0.0,0.0,0.0,0.0,0.0,6.198883,6.198883,6.198883,6.198883,0.0,0.0,0.0,0.0,0.0,0.0,1024,0,1024,NMAP_XMAS_TREE_SCAN
T1104,50078,19161,udp,-,0.0,1,0,0,0,0.0,0.0,0.0,0.0,8,8,8,0,0,0,0,0,0,0,0,0,0,0,0,0,0.0,0.0,0.0,0.0,0.0,0.0,0.0,0.0,0.0,0.0,0.0,0.0,0.0,0.0,0.0,0.0,0.0,0.0,0.0,0.0,0.0,0.0,0.0,0.0,0.0,0.0,0.0,0.0,0.0,0.0,0.0,1.0,0.0,0.0,0.0,0.0,0.0,0.0,0.0,0.0,0.0,0.0,0.0,0.0,0.0,0.0,0.0,0.0,0.0,0.0,0.0,0,0,0,NMAP_UDP_SCAN
T1105,4759,21,tcp,-,5e-06,1,1,1,0,199728.761905,199728.761905,399457.52381,1.0,20,20,20,20,20,20,0,1,1,0,0,1,0,0,0,0,120.0,120.0,120.0,120.0,0.0,0.0,0.0,0.0,0.0,0.0,0.0,120.0,120.0,60.0,84.852814,0.0,0.0,0.0,0.0,0.0,0.0,0.0,0.0,0.0,0.0,5.0067900000000005,5.0067900000000005,5.0067900000000005,5.0067900000000005,0.0,23967451.428571,1.0,1.0,120.0,0.0,0.0,0.0,0.0,0.0,0.0,0.0,5.0067900000000005,5.0067900000000005,5.0067900000000005,5.0067900000000005,0.0,0.0,0.0,0.0,0.0,0.0,64,0,64,DOS_SYN_Hping
T1106,39687,53,udp,dns,0.0004469999999999,2,2,2,2,4473.924267,4473.924267,8947.848533,1.0,16,8,8,16,8,8,0,0,0,0,0,0,0,0,0,0,41.0,41.0,82.0,41.0,0.0,96.0,288.0,384.0,192.0,135.764502,41.0,288.0,466.0,116.5,117.236229,5.960464,5.960464,5.960464,5.960464,0.0,162.124634,162.124634,162.124634,162.124634,0.0,5.960464,278.949738,447.034836,149.011612,136.966234,1042424.354133,2.0,2.0,82.0,384.0,0.0,0.0,0.0,0.0,0.0,0.0,447.034836,447.034836,447.034836,447.034836,0.0,0.0,0.0,0.0,0.0,0.0,0,0,0,ARP_poisioning
T1107,34039,1883,tcp,mqtt,62.189747,10,6,3,4,0.160798,0.096479,0.257277,0.6,328,32,40,200,32,40,0,2,1,3,4,15,0,0,0,0,0.0,33.0,78.0,7.8,12.934021,0.0,23.0,36.0,6.0,8.602325,0.0,33.0,114.0,7.125,11.218289,257.015228,59812019.824982,62189746.856689,6909971.872965,19842739.959685,133.037567,1622629.880905,2126087.903976,425217.580795,680912.449126,133.037567,59812019.824982,62189746.856689,4145983.123779,15403529.495214002,1.8331,3.333333,2.0,26.0,12.0,0.0,0.0,0.0,0.0,0.0,0.0,2377727.031708,2377727.031708,2377727.031708,2377727.031708,0.0,59812019.824982,59812019.824982,59812019.824982,59812019.824982,0.0,64240,26847,502,MQTT_Publish
T1108,7182,21,tcp,-,4e-06,1,1,1,0,262144.0,262144.0,524288.0,1.0,20,20,20,20,20,20,0,1,1,0,0,1,0,0,0,0,120.0,120.0,120.0,120.0,0.0,0.0,0.0,0.0,0.0,0.0,0.0,120.0,120.0,60.0,84.852814,0.0,0.0,0.0,0.0,0.0,0.0,0.0,0.0,0.0,0.0,3.814697,3.814697,3.814697,3.814697,0.0,31457280.0,1.0,1.0,120.0,0.0,0.0,0.0,0.0,0.0,0.0,0.0,3.814697,3.814697,3.814697,3.814697,0.0,0.0,0.0,0.0,0.0,0.0,64,0,64,DOS_SYN_Hping
T1109,36242,27000,tcp,-,7.000000000000001e-06,1,1,0,0,144631.172414,144631.172414,289262.344828,1.0,20,20,20,20,20,20,1,0,1,1,0,1,1,0,0,0,0.0,0.0,0.0,0.0,0.0,0.0,0.0,0.0,0.0,0.0,0.0,0.0,0.0,0.0,0.0,0.0,0.0,0.0,0.0,0.0,0.0,0.0,0.0,0.0,0.0,6.914139,6.914139,6.914139,6.914139,0.0,0.0,1.0,1.0,0.0,0.0,0.0,0.0,0.0,0.0,0.0,0.0,6.914139,6.914139,6.914139,6.914139,0.0,0.0,0.0,0.0,0.0,0.0,1024,0,1024,NMAP_XMAS_TREE_SCAN
T1110,36291,1883,tcp,mqtt,14.017089000000002,10,6,3,4,0.7134149999999999,0.428049,1.141464,0.6,328,32,40,200,32,40,0,2,1,3,4,15,0,0,0,0,0.0,33.0,76.0,7.6,12.650867,0.0,21.0,34.0,5.666667,7.814516,0.0,33.0,110.0,6.875,10.831282,240.087509,11760966.062546,14017089.128494,1557454.34761,3845049.346859,76.055527,1491438.865662,2001482.963562,400296.592712,622977.618403,76.055527,11760966.062546,14017089.128494,934472.608566,3011928.245186,7.847564,3.333333,2.0,25.333333,11.333333,0.0,0.0,0.0,0.0,0.0,0.0,2256123.065948,2256123.065948,2256123.065948,2256123.065948,0.0,11760966.062546,11760966.062546,11760966.062546,11760966.062546,0.0,64240,26847,502,MQTT_Publish
T1111,50078,16545,udp,-,0.0,1,0,0,0,0.0,0.0,0.0,0.0,8,8,8,0,0,0,0,0,0,0,0,0,0,0,0,0,0.0,0.0,0.0,0.0,0.0,0.0,0.0,0.0,0.0,0.0,0.0,0.0,0.0,0.0,0.0,0.0,0.0,0.0,0.0,0.0,0.0,0.0,0.0,0.0,0.0,0.0,0.0,0.0,0.0,0.0,0.0,1.0,0.0,0.0,0.0,0.0,0.0,0.0,0.0,0.0,0.0,0.0,0.0,0.0,0.0,0.0,0.0,0.0,0.0,0.0,0.0,0,0,0,NMAP_UDP_SCAN
T1112,36655,21,tcp,-,1e-06,1,1,1,0,1048576.0,1048576.0,2097152.0,1.0,20,20,20,20,20,20,0,1,1,0,0,1,0,0,0,0,120.0,120.0,120.0,120.0,0.0,0.0,0.0,0.0,0.0,0.0,0.0,120.0,120.0,60.0,84.852814,0.0,0.0,0.0,0.0,0.0,0.0,0.0,0.0,0.0,0.0,0.953674,0.953674,0.953674,0.953674,0.0,125829120.0,1.0,1.0,120.0,0.0,0.0,0.0,0.0,0.0,0.0,0.0,0.953674,0.953674,0.953674,0.953674,0.0,0.0,0.0,0.0,0.0,0.0,64,0,64,DOS_SYN_Hping
T1113,50078,42577,udp,-,0.0,1,0,1,0,0.0,0.0,0.0,0.0,8,8,8,0,0,0,0,0,0,0,0,0,0,0,0,0,40.0,40.0,40.0,40.0,0.0,0.0,0.0,0.0,0.0,0.0,40.0,40.0,40.0,40.0,0.0,0.0,0.0,0.0,0.0,0.0,0.0,0.0,0.0,0.0,0.0,0.0,0.0,0.0,0.0,0.0,0.0,1.0,0.0,40.0,0.0,0.0,0.0,0.0,0.0,0.0,0.0,0.0,0.0,0.0,0.0,0.0,0.0,0.0,0.0,0.0,0.0,0,0,0,NMAP_UDP_SCAN
T1114,55466,80,tcp,http,24.201006,6,5,4,0,0.2479239999999999,0.206603,0.454527,0.833333,200,32,40,168,32,40,0,2,0,4,0,10,0,0,0,0,0.0,168.0,210.0,35.0,65.59878,0.0,0.0,0.0,0.0,0.0,0.0,168.0,210.0,19.090909,49.856704,4.053116,19068411.827087,24200999.975204,4840199.995041001,8257616.016075999,2063.035965,19068416.118622,24200977.087021,6050244.271755001,9008678.737891,1.907349,19068409.919739,24201006.174088,2420100.617409,6067413.641933001,8.677325,2.0,1.666667,70.0,0.0,0.0,0.0,0.0,0.0,0.0,0.0,1.907349,5584.001541,5592.107773,1864.035924,3221.58544,5127004.146576,19068409.919739,24195414.066315,12097707.033157,9858062.561477,64240,65160,502,DDOS_Slowloris
T1115,59247,6007,tcp,-,3e-06,1,1,0,0,349525.333333,349525.333333,699050.666667,1.0,20,20,20,20,20,20,1,0,1,1,0,1,1,0,0,0,0.0,0.0,0.0,0.0,0.0,0.0,0.0,0.0,0.0,0.0,0.0,0.0,0.0,0.0,0.0,0.0,0.0,0.0,0.0,0.0,0.0,0.0,0.0,0.0,0.0,2.861023,2.861023,2.861023,2.861023,0.0,0.0,1.0,1.0,0.0,0.0,0.0,0.0,0.0,0.0,0.0,0.0,2.861023,2.861023,2.861023,2.861023,0.0,0.0,0.0,0.0,0.0,0.0,1024,0,1024,NMAP_XMAS_TREE_SCAN
T1116,48978,53,udp,dns,0.1093339999999999,2,2,2,2,18.292573,18.292573,36.585145,1.0,16,8,8,16,8,8,0,0,0,0,0,0,0,0,0,0,48.0,48.0,96.0,48.0,0.0,64.0,76.0,140.0,70.0,8.485281,48.0,76.0,236.0,59.0,13.613719,130.8918,130.8918,130.8918,130.8918,0.0,36.95488,36.95488,36.95488,36.95488,0.0,36.95488,109166.145325,109333.992004,36444.664001,62978.667741,2158.523581,2.0,2.0,96.0,140.0,0.0,0.0,0.0,0.0,0.0,0.0,109333.992004,109333.992004,109333.992004,109333.992004,0.0,0.0,0.0,0.0,0.0,0.0,0,0,0,ARP_poisioning
T1117,21437,21,tcp,-,2e-06,1,1,1,0,466033.777778,466033.777778,932067.555556,1.0,20,20,20,20,20,20,0,1,1,0,0,1,0,0,0,0,120.0,120.0,120.0,120.0,0.0,0.0,0.0,0.0,0.0,0.0,0.0,120.0,120.0,60.0,84.852814,0.0,0.0,0.0,0.0,0.0,0.0,0.0,0.0,0.0,0.0,2.145767,2.145767,2.145767,2.145767,0.0,55924053.33333299,1.0,1.0,120.0,0.0,0.0,0.0,0.0,0.0,0.0,0.0,2.145767,2.145767,2.145767,2.145767,0.0,0.0,0.0,0.0,0.0,0.0,64,0,64,DOS_SYN_Hping
T1118,59853,53,udp,dns,0.000856,2,2,2,2,2336.65961,2336.65961,4673.31922,1.0,16,8,8,16,8,8,0,0,0,0,0,0,0,0,0,0,58.0,58.0,116.0,58.0,0.0,58.0,90.0,148.0,74.0,22.627417,58.0,90.0,264.0,66.0,16.0,31.948090000000004,31.948090000000004,31.948090000000004,31.948090000000004,0.0,241.994858,241.994858,241.994858,241.994858,0.0,31.948090000000004,581.979752,855.922699,285.307566,277.562066,308439.068524,2.0,2.0,116.0,148.0,0.0,0.0,0.0,0.0,0.0,0.0,855.922699,855.922699,855.922699,855.922699,0.0,0.0,0.0,0.0,0.0,0.0,0,0,0,Metasploit_Brute_Force_SSH
T1119,51496,80,tcp,http,0.000503,8,0,2,0,15910.114746,0.0,15910.114746,0.0,260,20,40,0,0,0,1,2,1,2,0,6,0,0,0,0,0.0,126.0,212.0,26.5,50.219518,0.0,0.0,0.0,0.0,0.0,0.0,126.0,212.0,26.5,50.219518,20.027161,317.09671000000003,502.824783,71.832112,109.01038,0.0,0.0,0.0,0.0,0.0,20.027161,317.09671000000003,502.824783,71.832112,109.01038,421618.040778,8.0,0.0,212.0,0.0,0.0,0.0,0.0,0.0,0.0,0.0,502.824783,502.824783,502.824783,502.824783,0.0,0.0,0.0,0.0,0.0,0.0,65476,0,0,DDOS_Slowloris
T1120,41276,80,tcp,http,0.851657,7,5,2,1,8.219272,5.870908999999999,14.090181,0.714286,232,32,40,168,32,40,2,2,0,2,1,11,0,0,0,0,0.0,169.0,203.0,29.0,63.02116,0.0,539.0,539.0,107.8,241.048128,0.0,539.0,742.0,61.833333,157.929117,93.93692,314147.9492,853673.9349,142278.9892,157767.1413,3968.954086,307904.0051,619907.856,154976.964,165190.155,93.93692,231749.0578,853673.9349,77606.72136,100016.1649,871.242854,7.0,5.0,203.0,539.0,0.0,0.0,0.0,0.0,0.0,0.0,853673.9349,853673.9349,853673.9349,853673.9349,0.0,0.0,0.0,0.0,0.0,0.0,64240,26847,501,Thing_Speak
T1121,68,67,udp,dhcp,0.013456,0,2,0,2,0.0,148.634041,148.634041,0.0,0,0,0,16,8,8,0,0,0,0,0,0,0,0,0,0,0.0,0.0,0.0,0.0,0.0,300.0,300.0,600.0,300.0,0.0,300.0,300.0,600.0,300.0,0.0,0.0,0.0,0.0,0.0,0.0,13455.867766999998,13455.867766999998,13455.867766999998,13455.867766999998,0.0,13455.867766999998,13455.867766999998,13455.867766999998,13455.867766999998,0.0,44590.212268,0.0,2.0,0.0,600.0,0.0,0.0,0.0,0.0,0.0,0.0,13455.867766999998,13455.867766999998,13455.867766999998,13455.867766999998,0.0,0.0,0.0,0.0,0.0,0.0,0,0,0,Wipro_bulb
T1122,59247,17877,tcp,-,7.000000000000001e-06,1,1,0,0,139810.133333,139810.133333,279620.266667,1.0,20,20,20,20,20,20,1,0,1,1,0,1,1,0,0,0,0.0,0.0,0.0,0.0,0.0,0.0,0.0,0.0,0.0,0.0,0.0,0.0,0.0,0.0,0.0,0.0,0.0,0.0,0.0,0.0,0.0,0.0,0.0,0.0,0.0,7.152557000000001,7.152557000000001,7.152557000000001,7.152557000000001,0.0,0.0,1.0,1.0,0.0,0.0,0.0,0.0,0.0,0.0,0.0,0.0,7.152557000000001,7.152557000000001,7.152557000000001,7.152557000000001,0.0,0.0,0.0,0.0,0.0,0.0,1024,0,1024,NMAP_XMAS_TREE_SCAN
