flow_id,id.orig_p,id.resp_p,proto,service,flow_duration,fwd_pkts_tot,bwd_pkts_tot,fwd_data_pkts_tot,bwd_data_pkts_tot,fwd_pkts_per_sec,bwd_pkts_per_sec,flow_pkts_per_sec,down_up_ratio,fwd_header_size_tot,fwd_header_size_min,fwd_header_size_max,bwd_header_size_tot,bwd_header_size_min,bwd_header_size_max,flow_FIN_flag_count,flow_SYN_flag_count,flow_RST_flag_count,fwd_PSH_flag_count,bwd_PSH_flag_count,flow_ACK_flag_count,fwd_URG_flag_count,bwd_URG_flag_count,flow_CWR_flag_count,flow_ECE_flag_count,fwd_pkts_payload.min,fwd_pkts_payload.max,fwd_pkts_payload.tot,fwd_pkts_payload.avg,fwd_pkts_payload.std,bwd_pkts_payload.min,bwd_pkts_payload.max,bwd_pkts_payload.tot,bwd_pkts_payload.avg,bwd_pkts_payload.std,flow_pkts_payload.min,flow_pkts_payload.max,flow_pkts_payload.tot,flow_pkts_payload.avg,flow_pkts_payload.std,fwd_iat.min,fwd_iat.max,fwd_iat.tot,fwd_iat.avg,fwd_iat.std,bwd_iat.min,bwd_iat.max,bwd_iat.tot,bwd_iat.avg,bwd_iat.std,flow_iat.min,flow_iat.max,flow_iat.tot,flow_iat.avg,flow_iat.std,payload_bytes_per_second,fwd_subflow_pkts,bwd_subflow_pkts,fwd_subflow_bytes,bwd_subflow_bytes,fwd_bulk_bytes,bwd_bulk_bytes,fwd_bulk_packets,bwd_bulk_packets,fwd_bulk_rate,bwd_bulk_rate,active.min,active.max,active.tot,active.avg,active.std,idle.min,idle.max,idle.tot,idle.avg,idle.std,fwd_init_window_size,bwd_init_window_size,fwd_last_window_size
T0000,60261,53,udp,dns,0.044702,1,1,1,1,22.370456,22.370456,44.740913,1.0,8,8,8,8,8,8,0,0,0,0,0,0,0,0,0,0,60.0,60.0,60.0,60.0,0.0,76.0,76.0,76.0,76.0,0.0,60.0,76.0,136.0,68.0,11.313708,0.0,0.0,0.0,0.0,0.0,0.0,0.0,0.0,0.0,0.0,44701.81465,44701.81465,44701.81465,44701.81465,0.0,3042.382084,1.0,1.0,60.0,76.0,0.0,0.0,0.0,0.0,0.0,0.0,44701.81465,44701.81465,44701.81465,44701.81465,0.0,0.0,0.0,0.0,0.0,0.0,0,0,0
T0001,50078,18985,udp,-,0.0,1,0,0,0,0.0,0.0,0.0,0.0,8,8,8,0,0,0,0,0,0,0,0,0,0,0,0,0,0.0,0.0,0.0,0.0,0.0,0.0,0.0,0.0,0.0,0.0,0.0,0.0,0.0,0.0,0.0,0.0,0.0,0.0,0.0,0.0,0.0,0.0,0.0,0.0,0.0,0.0,0.0,0.0,0.0,0.0,0.0,1.0,0.0,0.0,0.0,0.0,0.0,0.0,0.0,0.0,0.0,0.0,0.0,0.0,0.0,0.0,0.0,0.0,0.0,0.0,0.0,0,0,0
T0002,40884,5353,udp,dns,0.0,1,0,1,0,0.0,0.0,0.0,0.0,8,8,8,0,0,0,0,0,0,0,0,0,0,0,0,0,50.0,50.0,50.0,50.0,0.0,0.0,0.0,0.0,0.0,0.0,50.0,50.0,50.0,50.0,0.0,0.0,0.0,0.0,0.0,0.0,0.0,0.0,0.0,0.0,0.0,0.0,0.0,0.0,0.0,0.0,0.0,1.0,0.0,50.0,0.0,0.0,0.0,0.0,0.0,0.0,0.0,0.0,0.0,0.0,0.0,0.0,0.0,0.0,0.0,0.0,0.0,0,0,0
T0003,59558,9290,tcp,-,2e-06,1,1,0,0,524288.0,524288.0,1048576.0,1.0,40,40,40,20,20,20,0,1,1,0,0,1,0,0,0,0,0.0,0.0,0.0,0.0,0.0,0.0,0.0,0.0,0.0,0.0,0.0,0.0,0.0,0.0,0.0,0.0,0.0,0.0,0.0,0.0,0.0,0.0,0.0,0.0,0.0,1.907349,1.907349,1.907349,1.907349,0.0,0.0,1.0,1.0,0.0,0.0,0.0,0.0,0.0,0.0,0.0,0.0,1.907349,1.907349,1.907349,1.907349,0.0,0.0,0.0,0.0,0.0,0.0,64240,0,64240
T0004,39166,80,tcp,http,0.682539,7,5,2,1,10.255824,7.325589,17.581413,0.714286,232,32,40,168,32,40,2,2,0,2,1,11,0,0,0,0,0.0,169.0,215.0,30.714286,63.34223000000001,0.0,538.0,538.0,107.6,240.600914,0.0,538.0,753.0,62.75,157.50043300000002,91.075897,240044.8322,684466.1236,114077.6873,124116.4007,78.91655,223652.8397,464294.9104,116073.7276,121985.7067,78.91655,219497.9191,684466.1236,62224.19305,100363.6149,1103.233684,7.0,5.0,215.0,538.0,0.0,0.0,0.0,0.0,0.0,0.0,684466.1236,684466.1236,684466.1236,684466.1236,0.0,0.0,0.0,0.0,0.0,0.0,64240,26847,501
T0005,64177,20360,udp,-,0.0,1,0,0,0,0.0,0.0,0.0,0.0,8,8,8,0,0,0,0,0,0,0,0,0,0,0,0,0,0.0,0.0,0.0,0.0,0.0,0.0,0.0,0.0,0.0,0.0,0.0,0.0,0.0,0.0,0.0,0.0,0.0,0.0,0.0,0.0,0.0,0.0,0.0,0.0,0.0,0.0,0.0,0.0,0.0,0.0,0.0,1.0,0.0,0.0,0.0,0.0,0.0,0.0,0.0,0.0,0.0,0.0,0.0,0.0,0.0,0.0,0.0,0.0,0.0,0.0,0.0,0,0,0
T0006,41917,1883,tcp,mqtt,62.05241700000001,10,6,3,4,0.161154,0.096692,0.257847,0.6,328,32,40,200,32,40,0,2,1,3,4,15,0,0,0,0,0.0,33.0,77.0,7.7,12.789318,0.0,22.0,35.0,5.8333330000000005,8.20772,0.0,33.0,112.0,7.0,11.021192,252.962112,59815909.147263,62052417.039871,6894713.004430002,19849109.918781,77.962875,1490724.802017,1987900.972366,397580.194473,623431.983341,77.962875,59815909.147263,62052417.039871,4136827.802658,15406461.924454998,1.804926,3.333333,2.0,25.666667,11.666667,0.0,0.0,0.0,0.0,0.0,0.0,2236507.892609,2236507.892609,2236507.892609,2236507.892609,0.0,59815909.147263,59815909.147263,59815909.147263,59815909.147263,0.0,64240,26847,502
T0007,40501,1883,tcp,mqtt,33.044366,10,6,3,4,0.302623,0.181574,0.484198,0.6,328,32,40,200,32,40,0,2,1,3,4,15,0,0,0,0,0.0,33.0,77.0,7.7,12.789318,0.0,22.0,35.0,5.8333330000000005,8.20772,0.0,33.0,112.0,7.0,11.021192,258.922577,30768748.998642,33044366.121292,3671596.235699,10168213.482144,1893.9971920000007,1479357.95784,2011269.09256,402253.818512,616196.027775,86.06910699999997,30768748.998642,33044366.121292,2202957.741419,7908701.026355,3.389383,3.333333,2.0,25.666667,11.666667,0.0,0.0,0.0,0.0,0.0,0.0,2275617.12265,2275617.12265,2275617.12265,2275617.12265,0.0,30768748.998642,30768748.998642,30768748.998642,30768748.998642,0.0,64240,26847,502
T0008,55170,80,tcp,http,30.681577,7,11,4,4,0.22815,0.358521,0.586671,1.5714290000000002,232,32,40,348,20,40,5,2,1,4,4,16,0,0,0,0,0.0,168.0,210.0,30.0,61.326992,0.0,482.0,1928.0,175.272727,243.18104,0.0,482.0,2138.0,118.777778,203.529895,7.152557000000001,15292563.915253,30681566.953659,5113594.492277,6722096.890756,87.976456,13724554.06189,30681560.993195,3068156.099319,5212511.403389,2.861023,13724554.06189,30681576.967239,1804798.645132,4205102.632599,69.683511,1.75,2.75,52.5,482.0,0.0,0.0,0.0,0.0,0.0,0.0,2.861023,5347969.055176,5352067.947388,1784022.649129,3086468.803891,11604954.957962,13724554.06189,25329509.019852,12664754.509926,1498782.899784,64240,65160,501
T0009,33036,1091,tcp,-,5e-06,1,1,0,0,199728.761905,199728.761905,399457.52381,1.0,40,40,40,20,20,20,0,1,1,0,0,1,0,0,0,0,0.0,0.0,0.0,0.0,0.0,0.0,0.0,0.0,0.0,0.0,0.0,0.0,0.0,0.0,0.0,0.0,0.0,0.0,0.0,0.0,0.0,0.0,0.0,0.0,0.0,5.0067900000000005,5.0067900000000005,5.0067900000000005,5.0067900000000005,0.0,0.0,1.0,1.0,0.0,0.0,0.0,0.0,0.0,0.0,0.0,0.0,5.0067900000000005,5.0067900000000005,5.0067900000000005,5.0067900000000005,0.0,0.0,0.0,0.0,0.0,0.0,64240,0,64240
T0010,41010,80,tcp,http,0.8342510000000001,7,5,2,1,8.390758,5.993399,14.384157,0.714286,232,32,40,168,32,40,2,2,0,2,1,11,0,0,0,0,0.0,169.0,203.0,29.0,63.02116,0.0,539.0,539.0,107.8,241.048128,0.0,539.0,742.0,61.833333,157.929117,91.075897,295254.9458,836310.1482,139385.0247,152667.9774,546.93222,272499.0845,566253.1853,141563.2963,150791.7809,91.075897,268496.0365,836310.1482,76028.19529,123525.3637,889.420394,7.0,5.0,203.0,539.0,0.0,0.0,0.0,0.0,0.0,0.0,836310.1482,836310.1482,836310.1482,836310.1482,0.0,0.0,0.0,0.0,0.0,0.0,64240,26847,501
T0011,37814,80,tcp,http,0.893789,7,5,2,1,7.831825999999999,5.594161,13.425987,0.714286,232,32,40,168,32,40,2,2,0,2,1,11,0,0,0,0,0.0,169.0,203.0,29.0,63.02116,0.0,539.0,539.0,107.8,241.048128,0.0,539.0,742.0,61.833333,157.929117,92.983246,345320.94,930804.0142,155134.0024,170864.164,62.942505,319911.0031,664165.02,166041.255,175853.8664,62.942505,229624.033,930804.0142,84618.54675,97944.8651,830.1735150000001,7.0,5.0,203.0,539.0,0.0,0.0,0.0,0.0,0.0,0.0,930804.0142,930804.0142,930804.0142,930804.0142,0.0,0.0,0.0,0.0,0.0,0.0,64240,26847,501
T0012,53036,21,tcp,-,0.0,1,0,1,0,0.0,0.0,0.0,0.0,20,20,20,0,0,0,0,1,0,0,0,0,0,0,0,0,120.0,120.0,120.0,120.0,0.0,0.0,0.0,0.0,0.0,0.0,120.0,120.0,120.0,120.0,0.0,0.0,0.0,0.0,0.0,0.0,0.0,0.0,0.0,0.0,0.0,0.0,0.0,0.0,0.0,0.0,0.0,1.0,0.0,120.0,0.0,0.0,0.0,0.0,0.0,0.0,0.0,0.0,0.0,0.0,0.0,0.0,0.0,0.0,0.0,0.0,0.0,64,0,64
T0013,40911,1883,tcp,mqtt,61.994275,10,6,3,4,0.161305,0.096783,0.258088,0.6,328,32,40,200,32,40,0,2,1,3,4,15,0,0,0,0,0.0,33.0,76.0,7.6,12.650867,0.0,21.0,34.0,5.666667,7.814516,0.0,33.0,110.0,6.875,10.831282,262.022018,59906021.118164,61994275.093079,6888252.78812,19887035.111947,60.081482,1627735.853195,1936020.13588,387204.027176,697317.1655369999,60.081482,59906021.118164,61994275.093079,4132951.672872,15433645.901294,1.774357,3.333333,2.0,25.333333,11.333333,0.0,0.0,0.0,0.0,0.0,0.0,2088253.974915,2088253.974915,2088253.974915,2088253.974915,0.0,59906021.118164,59906021.118164,59906021.118164,59906021.118164,0.0,64240,26847,502
T0014,59247,1081,tcp,-,9e-06,1,1,0,0,110376.421053,110376.421053,220752.842105,1.0,20,20,20,20,20,20,1,0,1,1,0,1,1,0,0,0,0.0,0.0,0.0,0.0,0.0,0.0,0.0,0.0,0.0,0.0,0.0,0.0,0.0,0.0,0.0,0.0,0.0,0.0,0.0,0.0,0.0,0.0,0.0,0.0,0.0,9.059906,9.059906,9.059906,9.059906,0.0,0.0,1.0,1.0,0.0,0.0,0.0,0.0,0.0,0.0,0.0,0.0,9.059906,9.059906,9.059906,9.059906,0.0,0.0,0.0,0.0,0.0,0.0,1024,0,1024
T0015,16147,21,tcp,-,4e-06,1,1,1,0,262144.0,262144.0,524288.0,1.0,20,20,20,20,20,20,0,1,1,0,0,1,0,0,0,0,120.0,120.0,120.0,120.0,0.0,0.0,0.0,0.0,0.0,0.0,0.0,120.0,120.0,60.0,84.852814,0.0,0.0,0.0,0.0,0.0,0.0,0.0,0.0,0.0,0.0,3.814697,3.814697,3.814697,3.814697,0.0,31457280.0,1.0,1.0,120.0,0.0,0.0,0.0,0.0,0.0,0.0,0.0,3.814697,3.814697,3.814697,3.814697,0.0,0.0,0.0,0.0,0.0,0.0,64,0,64
T0016,50079,57843,udp,-,0.0,1,0,1,0,0.0,0.0,0.0,0.0,8,8,8,0,0,0,0,0,0,0,0,0,0,0,0,0,40.0,40.0,40.0,40.0,0.0,0.0,0.0,0.0,0.0,0.0,40.0,40.0,40.0,40.0,0.0,0.0,0.0,0.0,0.0,0.0,0.0,0.0,0.0,0.0,0.0,0.0,0.0,0.0,0.0,0.0,0.0,1.0,0.0,40.0,0.0,0.0,0.0,0.0,0.0,0.0,0.0,0.0,0.0,0.0,0.0,0.0,0.0,0.0,0.0,0.0,0.0,0,0,0
T0017,47630,22,tcp,-,0.0,1,0,0,0,0.0,0.0,0.0,0.0,20,20,20,0,0,0,1,0,0,0,0,0,0,0,0,0,0.0,0.0,0.0,0.0,0.0,0.0,0.0,0.0,0.0,0.0,0.0,0.0,0.0,0.0,0.0,0.0,0.0,0.0,0.0,0.0,0.0,0.0,0.0,0.0,0.0,0.0,0.0,0.0,0.0,0.0,0.0,1.0,0.0,0.0,0.0,0.0,0.0,0.0,0.0,0.0,0.0,0.0,0.0,0.0,0.0,0.0,0.0,0.0,0.0,0.0,0.0,1024,0,1024
T0018,55496,80,tcp,http,23.144454,6,5,4,0,0.259241,0.216034,0.475276,0.833333,200,32,40,168,32,40,0,2,0,4,0,10,0,0,0,0,0.0,168.0,210.0,35.0,65.629262,0.0,0.0,0.0,0.0,0.0,0.0,168.0,210.0,19.090909,49.876757,15.974045000000002,19067203.998566,23144448.99559,4628889.799118,8261749.59918,1365.90004,19067207.098007,23144407.03392,5786101.75848,9059860.334358,1.907349,19067202.091217,23144454.00238,2314445.4002380003,6023955.145125,9.073448,2.0,1.666667,70.0,0.0,0.0,0.0,0.0,0.0,0.0,0.0,5.0067900000000005,4077246.904373,4077251.911163,2038625.955582,2883045.394319,19067202.091217,19067202.091217,19067202.091217,19067202.091217,0.0,64240,65160,502
T0019,24610,21,tcp,-,1e-06,1,1,1,0,1048576.0,1048576.0,2097152.0,1.0,20,20,20,20,20,20,0,1,1,0,0,1,0,0,0,0,120.0,120.0,120.0,120.0,0.0,0.0,0.0,0.0,0.0,0.0,0.0,120.0,120.0,60.0,84.852814,0.0,0.0,0.0,0.0,0.0,0.0,0.0,0.0,0.0,0.0,0.953674,0.953674,0.953674,0.953674,0.0,125829120.0,1.0,1.0,120.0,0.0,0.0,0.0,0.0,0.0,0.0,0.0,0.953674,0.953674,0.953674,0.953674,0.0,0.0,0.0,0.0,0.0,0.0,64,0,64
T0020,50078,1007,udp,-,0.0,1,0,0,0,0.0,0.0,0.0,0.0,8,8,8,0,0,0,0,0,0,0,0,0,0,0,0,0,0.0,0.0,0.0,0.0,0.0,0.0,0.0,0.0,0.0,0.0,0.0,0.0,0.0,0.0,0.0,0.0,0.0,0.0,0.0,0.0,0.0,0.0,0.0,0.0,0.0,0.0,0.0,0.0,0.0,0.0,0.0,1.0,0.0,0.0,0.0,0.0,0.0,0.0,0.0,0.0,0.0,0.0,0.0,0.0,0.0,0.0,0.0,0.0,0.0,0.0,0.0,0,0,0
T0021,51036,1192,tcp,-,5e-06,1,1,0,0,199728.761905,199728.761905,399457.52381,1.0,20,20,20,20,20,20,0,0,1,0,0,1,0,0,0,0,0.0,0.0,0.0,0.0,0.0,0.0,0.0,0.0,0.0,0.0,0.0,0.0,0.0,0.0,0.0,0.0,0.0,0.0,0.0,0.0,0.0,0.0,0.0,0.0,0.0,5.0067900000000005,5.0067900000000005,5.0067900000000005,5.0067900000000005,0.0,0.0,1.0,1.0,0.0,0.0,0.0,0.0,0.0,0.0,0.0,0.0,5.0067900000000005,5.0067900000000005,5.0067900000000005,5.0067900000000005,0.0,0.0,0.0,0.0,0.0,0.0,1024,0,1024
T0022,51592,80,tcp,http,0.000303,8,0,2,0,26400.025177,0.0,26400.025177,0.0,260,20,40,0,0,0,1,2,1,2,0,6,0,0,0,0,0.0,126.0,212.0,26.5,50.219518,0.0,0.0,0.0,0.0,0.0,0.0,126.0,212.0,26.5,50.219518,10.967255,188.112259,303.030014,43.290002,65.039909,0.0,0.0,0.0,0.0,0.0,10.967255,188.112259,303.030014,43.290002,65.039909,699600.667191,8.0,0.0,212.0,0.0,0.0,0.0,0.0,0.0,0.0,0.0,303.030014,303.030014,303.030014,303.030014,0.0,0.0,0.0,0.0,0.0,0.0,65476,0,0
T0023,49696,80,tcp,http,0.0066939999999999,4,3,2,0,597.543042,448.157282,1045.700324,0.75,136,32,40,104,32,40,0,2,0,2,0,6,0,0,0,0,0.0,168.0,188.0,47.0,81.215762,0.0,0.0,0.0,0.0,0.0,0.0,168.0,188.0,26.857143,62.682875,7.867813000000001,4810.094833,6674.0512850000005,2224.683762,2422.239225,1865.148544,4806.995392,6672.143936,3336.071968,2080.1998550000003,7.867813000000001,4786.968231,6694.078445,1115.679741,1939.701908,28084.52299,4.0,3.0,188.0,0.0,0.0,0.0,0.0,0.0,0.0,0.0,6694.078445,6694.078445,6694.078445,6694.078445,0.0,0.0,0.0,0.0,0.0,0.0,64240,65160,502
T0024,51036,9103,tcp,-,3e-06,1,1,0,0,349525.333333,349525.333333,699050.666667,1.0,20,20,20,20,20,20,0,0,1,0,0,1,0,0,0,0,0.0,0.0,0.0,0.0,0.0,0.0,0.0,0.0,0.0,0.0,0.0,0.0,0.0,0.0,0.0,0.0,0.0,0.0,0.0,0.0,0.0,0.0,0.0,0.0,0.0,2.861023,2.861023,2.861023,2.861023,0.0,0.0,1.0,1.0,0.0,0.0,0.0,0.0,0.0,0.0,0.0,0.0,2.861023,2.861023,2.861023,2.861023,0.0,0.0,0.0,0.0,0.0,0.0,1024,0,1024
T0025,39920,1111,tcp,-,2e-06,1,1,0,0,466033.777778,466033.777778,932067.555556,1.0,40,40,40,20,20,20,0,1,1,0,0,1,0,0,0,0,0.0,0.0,0.0,0.0,0.0,0.0,0.0,0.0,0.0,0.0,0.0,0.0,0.0,0.0,0.0,0.0,0.0,0.0,0.0,0.0,0.0,0.0,0.0,0.0,0.0,2.145767,2.145767,2.145767,2.145767,0.0,0.0,1.0,1.0,0.0,0.0,0.0,0.0,0.0,0.0,0.0,0.0,2.145767,2.145767,2.145767,2.145767,0.0,0.0,0.0,0.0,0.0,0.0,64240,0,64240
T0026,56376,2170,tcp,-,1e-06,1,1,0,0,838860.8,838860.8,1677721.6,1.0,40,40,40,20,20,20,0,1,1,0,0,1,0,0,0,0,0.0,0.0,0.0,0.0,0.0,0.0,0.0,0.0,0.0,0.0,0.0,0.0,0.0,0.0,0.0,0.0,0.0,0.0,0.0,0.0,0.0,0.0,0.0,0.0,0.0,1.192093,1.192093,1.192093,1.192093,0.0,0.0,1.0,1.0,0.0,0.0,0.0,0.0,0.0,0.0,0.0,0.0,1.192093,1.192093,1.192093,1.192093,0.0,0.0,0.0,0.0,0.0,0.0,64240,0,64240
T0027,46600,49161,tcp,-,6e-06,1,1,0,0,161319.38461500002,161319.38461500002,322638.769231,1.0,20,20,20,20,20,20,0,0,1,0,0,1,0,0,0,0,0.0,0.0,0.0,0.0,0.0,0.0,0.0,0.0,0.0,0.0,0.0,0.0,0.0,0.0,0.0,0.0,0.0,0.0,0.0,0.0,0.0,0.0,0.0,0.0,0.0,6.198883,6.198883,6.198883,6.198883,0.0,0.0,1.0,1.0,0.0,0.0,0.0,0.0,0.0,0.0,0.0,0.0,6.198883,6.198883,6.198883,6.198883,0.0,0.0,0.0,0.0,0.0,0.0,1024,0,1024
T0028,5753,21,tcp,-,4e-06,1,1,1,0,246723.764706,246723.764706,493447.529412,1.0,20,20,20,20,20,20,0,1,1,0,0,1,0,0,0,0,120.0,120.0,120.0,120.0,0.0,0.0,0.0,0.0,0.0,0.0,0.0,120.0,120.0,60.0,84.852814,0.0,0.0,0.0,0.0,0.0,0.0,0.0,0.0,0.0,0.0,4.053116,4.053116,4.053116,4.053116,0.0,29606851.764706,1.0,1.0,120.0,0.0,0.0,0.0,0.0,0.0,0.0,0.0,4.053116,4.053116,4.053116,4.053116,0.0,0.0,0.0,0.0,0.0,0.0,64,0,64
T0029,40244,80,tcp,http,0.697495,8,6,2,2,11.469617,8.602212,20.071829,0.75,264,32,40,200,32,40,2,2,0,2,2,13,0,0,0,0,0.0,169.0,214.0,26.75,59.595661,0.0,535.0,539.0,89.833333,218.092106,0.0,535.0,753.0,53.785714,145.793942,92.029572,257250.0706,699484.8251,99926.40359,124583.6364,3670.930862,220116.1385,480054.1401,96010.82802,112043.6958,92.029572,218080.0438,699484.8251,53806.525010000005,92959.81901,1079.577657,8.0,6.0,214.0,539.0,0.0,0.0,0.0,0.0,0.0,0.0,699484.8251,699484.8251,699484.8251,699484.8251,0.0,0.0,0.0,0.0,0.0,0.0,64240,26847,501
T0030,57429,1883,tcp,mqtt,19.107509,10,6,3,4,0.523354,0.314013,0.837367,0.6,328,32,40,200,32,40,0,2,1,3,4,15,0,0,0,0,0.0,33.0,77.0,7.7,12.789318,0.0,22.0,35.0,5.8333330000000005,8.20772,0.0,33.0,112.0,7.0,11.021192,239.849091,16555895.090103,19107509.1362,2123056.570689,5427824.444566,180.006027,1603864.908218,2205565.929413,441113.185883,666797.4842810001,180.006027,16555895.090103,19107509.1362,1273833.942413,4241171.892921,5.86157,3.333333,2.0,25.666667,11.666667,0.0,0.0,0.0,0.0,0.0,0.0,2551614.046097,2551614.046097,2551614.046097,2551614.046097,0.0,16555895.090103,16555895.090103,16555895.090103,16555895.090103,0.0,64240,26847,502
T0031,51318,80,tcp,http,0.000546,8,0,2,0,14652.590393,0.0,14652.590393,0.0,260,20,40,0,0,0,1,2,1,2,0,6,0,0,0,0,0.0,126.0,212.0,26.5,50.219518,0.0,0.0,0.0,0.0,0.0,0.0,126.0,212.0,26.5,50.219518,20.980835,331.163406,545.978546,77.996935,114.158061,0.0,0.0,0.0,0.0,0.0,20.980835,331.163406,545.978546,77.996935,114.158061,388293.645415,8.0,0.0,212.0,0.0,0.0,0.0,0.0,0.0,0.0,0.0,545.978546,545.978546,545.978546,545.978546,0.0,0.0,0.0,0.0,0.0,0.0,65476,0,0
T0032,50078,22124,udp,-,0.0,1,0,0,0,0.0,0.0,0.0,0.0,8,8,8,0,0,0,0,0,0,0,0,0,0,0,0,0,0.0,0.0,0.0,0.0,0.0,0.0,0.0,0.0,0.0,0.0,0.0,0.0,0.0,0.0,0.0,0.0,0.0,0.0,0.0,0.0,0.0,0.0,0.0,0.0,0.0,0.0,0.0,0.0,0.0,0.0,0.0,1.0,0.0,0.0,0.0,0.0,0.0,0.0,0.0,0.0,0.0,0.0,0.0,0.0,0.0,0.0,0.0,0.0,0.0,0.0,0.0,0,0,0
T0033,50201,6668,tcp,irc,31.285402,15,6,6,3,0.479457,0.191783,0.67124,0.4,372,20,44,124,20,24,2,4,1,6,3,18,0,0,0,0,0.0,128.0,568.0,37.866667,52.587161,0.0,156.0,212.0,35.333333,60.68497900000001,0.0,156.0,780.0,37.142857,53.458662,163.07830800000005,8864636.898041,31319798.946381,2237128.49617,2818850.28017,292045.116425,17875207.901001006,29534574.985504,5906914.997101001,7502156.725225,163.07830800000005,8832634.925842,31577446.937561,1578872.346878,2540461.36516,24.931756,1.875,0.75,71.0,26.5,0.0,0.0,0.0,0.0,0.0,0.0,1195235.967636,11085444.927216,15080796.003342,5026932.001114,5307833.213374,7664016.008377002,8832634.925842,16496650.934219,8248325.4671100015,826338.361163,65535,4380,65535
T0034,41802,53,udp,dns,0.105038,2,2,2,2,19.040741,19.040741,38.081482,1.0,16,8,8,16,8,8,0,0,0,0,0,0,0,0,0,0,37.0,37.0,74.0,37.0,0.0,104.0,120.0,224.0,112.0,11.313708,37.0,120.0,298.0,74.5,43.791171000000006,10.967255,10.967255,10.967255,10.967255,0.0,58679.819107,58679.819107,58679.819107,58679.819107,0.0,10.967255,58679.819107,105037.927628,35012.642543,30933.181059,2837.070444,2.0,2.0,74.0,224.0,0.0,0.0,0.0,0.0,0.0,0.0,105037.927628,105037.927628,105037.927628,105037.927628,0.0,0.0,0.0,0.0,0.0,0.0,0,0,0
T0035,40320,8886,tcp,ssl,42.635743,34,27,18,21,0.797453,0.633271,1.430724,0.794118,684,20,24,544,20,24,2,2,6,18,21,60,0,0,0,0,0.0,453.0,2932.0,86.235294,105.470105,0.0,213.0,1842.0,68.222222,54.559307,0.0,453.0,4774.0,78.262295,86.541686,1591.920853,31254637.002945,42635742.902756,1291992.209174,5404102.404062,195.026398,31585293.054581,40917434.93080101,1573747.497339,6146762.167882,195.026398,31254637.002945,42635742.902756,710595.715046,4028357.430615,111.971779,6.8,5.4,586.4,368.4,0.0,0.0,0.0,0.0,0.0,0.0,1757935.04715,9623170.852661,11381105.899811,5690552.949905002,5561561.5737080015,31254637.002945,31254637.002945,31254637.002945,31254637.002945,0.0,4380,4096,4380
T0036,52202,443,tcp,-,0.001209,2,0,1,0,1654.2315130000004,0.0,1654.2315130000004,0.0,40,20,20,0,0,0,1,0,0,1,0,2,0,0,0,0,0.0,71.0,71.0,35.5,50.204581,0.0,0.0,0.0,0.0,0.0,0.0,71.0,71.0,35.5,50.204581,1209.020615,1209.020615,1209.020615,1209.020615,0.0,0.0,0.0,0.0,0.0,0.0,1209.020615,1209.020615,1209.020615,1209.020615,0.0,58725.218695,2.0,0.0,71.0,0.0,0.0,0.0,0.0,0.0,0.0,0.0,1209.020615,1209.020615,1209.020615,1209.020615,0.0,0.0,0.0,0.0,0.0,0.0,4380,0,4380
T0037,50078,52503,udp,-,0.0,1,0,1,0,0.0,0.0,0.0,0.0,8,8,8,0,0,0,0,0,0,0,0,0,0,0,0,0,40.0,40.0,40.0,40.0,0.0,0.0,0.0,0.0,0.0,0.0,40.0,40.0,40.0,40.0,0.0,0.0,0.0,0.0,0.0,0.0,0.0,0.0,0.0,0.0,0.0,0.0,0.0,0.0,0.0,0.0,0.0,1.0,0.0,40.0,0.0,0.0,0.0,0.0,0.0,0.0,0.0,0.0,0.0,0.0,0.0,0.0,0.0,0.0,0.0,0.0,0.0,0,0,0
T0038,44279,53,udp,dns,0.021338,1,1,1,1,46.864779,46.864779,93.729558,1.0,8,8,8,8,8,8,0,0,0,0,0,0,0,0,0,0,31.0,31.0,31.0,31.0,0.0,153.0,153.0,153.0,153.0,0.0,31.0,153.0,184.0,92.0,86.267027,0.0,0.0,0.0,0.0,0.0,0.0,0.0,0.0,0.0,0.0,21337.985992,21337.985992,21337.985992,21337.985992,0.0,8623.119354999999,1.0,1.0,31.0,153.0,0.0,0.0,0.0,0.0,0.0,0.0,21337.985992,21337.985992,21337.985992,21337.985992,0.0,0.0,0.0,0.0,0.0,0.0,0,0,0
T0039,51036,19,tcp,-,6e-06,1,1,0,0,167772.16,167772.16,335544.32,1.0,20,20,20,20,20,20,0,0,1,0,0,1,0,0,0,0,0.0,0.0,0.0,0.0,0.0,0.0,0.0,0.0,0.0,0.0,0.0,0.0,0.0,0.0,0.0,0.0,0.0,0.0,0.0,0.0,0.0,0.0,0.0,0.0,0.0,5.960464,5.960464,5.960464,5.960464,0.0,0.0,1.0,1.0,0.0,0.0,0.0,0.0,0.0,0.0,0.0,0.0,5.960464,5.960464,5.960464,5.960464,0.0,0.0,0.0,0.0,0.0,0.0,1024,0,1024
T0040,55442,53,udp,dns,0.179973,1,1,1,1,5.556385,5.556385,11.11277,1.0,8,8,8,8,8,8,0,0,0,0,0,0,0,0,0,0,43.0,43.0,43.0,43.0,0.0,137.0,137.0,137.0,137.0,0.0,43.0,137.0,180.0,90.0,66.468037,0.0,0.0,0.0,0.0,0.0,0.0,0.0,0.0,0.0,0.0,179973.125458,179973.125458,179973.125458,179973.125458,0.0,1000.149325,1.0,1.0,43.0,137.0,0.0,0.0,0.0,0.0,0.0,0.0,179973.125458,179973.125458,179973.125458,179973.125458,0.0,0.0,0.0,0.0,0.0,0.0,0,0,0
T0041,56708,53,udp,dns,0.281064,2,2,2,2,7.115816000000001,7.115816000000001,14.231632,1.0,16,8,8,16,8,8,0,0,0,0,0,0,0,0,0,0,62.0,62.0,124.0,62.0,0.0,108.0,120.0,228.0,114.0,8.485281,62.0,120.0,352.0,88.0,30.419292,16.212463,16.212463,16.212463,16.212463,0.0,165302.991867,165302.991867,165302.991867,165302.991867,0.0,16.212463,165302.991867,281064.033508,93688.011169,84822.209809,1252.383649,2.0,2.0,124.0,228.0,0.0,0.0,0.0,0.0,0.0,0.0,281064.033508,281064.033508,281064.033508,281064.033508,0.0,0.0,0.0,0.0,0.0,0.0,0,0,0
T0042,50078,162,udp,-,0.0,1,0,0,0,0.0,0.0,0.0,0.0,8,8,8,0,0,0,0,0,0,0,0,0,0,0,0,0,0.0,0.0,0.0,0.0,0.0,0.0,0.0,0.0,0.0,0.0,0.0,0.0,0.0,0.0,0.0,0.0,0.0,0.0,0.0,0.0,0.0,0.0,0.0,0.0,0.0,0.0,0.0,0.0,0.0,0.0,0.0,1.0,0.0,0.0,0.0,0.0,0.0,0.0,0.0,0.0,0.0,0.0,0.0,0.0,0.0,0.0,0.0,0.0,0.0,0.0,0.0,0,0,0
T0043,43080,443,udp,-,32.259839,32,40,32,40,0.991945,1.239932,2.231877,1.25,256,8,8,320,8,8,0,0,0,0,0,0,0,0,0,0,31.0,1357.0,6173.0,192.90625,331.653371,28.0,1357.0,13826.0,345.65,530.621143,28.0,1357.0,19999.0,277.763889,456.646888,482.082367,21573436.975479,32206300.020218,1038912.903878,4039383.651853,2.145767,21564821.958542,32212393.045425,825958.796037,3611541.012838,2.145767,21530351.877213,32259839.057922,454363.930393,2687821.525115,619.934897,8.0,10.0,1543.25,3456.5,0.0,8888.0,0.0,8.0,0.0,12641225.483893,196617.126465,2649630.0697330004,3354074.2397310003,1118024.746577,1335505.1675530002,7375412.940978999,21530351.877213,28905764.818192,14452882.409096,10009053.309092,0,0,0
T0044,44783,1883,tcp,mqtt,44.987174,9,5,3,3,0.200057,0.111143,0.3112,0.555556,296,32,40,168,32,40,0,2,1,3,3,13,0,0,0,0,0.0,33.0,76.0,8.444444,13.115935999999998,0.0,23.0,32.0,6.4,9.555103,0.0,33.0,108.0,7.714286,11.618477,474.92981,42884624.004364,44987174.034119,5623396.754265,15063406.648222,4424.81041,1624845.027924,1944257.974625,486064.49365600006,762610.709171,474.92981,42884624.004364,44987174.034119,3460551.848778,11852009.183393,2.400684,3.0,1.666667,25.333333,10.666667,0.0,0.0,0.0,0.0,0.0,0.0,2102550.029755,2102550.029755,2102550.029755,2102550.029755,0.0,42884624.004364,42884624.004364,42884624.004364,42884624.004364,0.0,64240,26847,502
T0045,64177,21710,udp,-,0.0,1,0,0,0,0.0,0.0,0.0,0.0,8,8,8,0,0,0,0,0,0,0,0,0,0,0,0,0,0.0,0.0,0.0,0.0,0.0,0.0,0.0,0.0,0.0,0.0,0.0,0.0,0.0,0.0,0.0,0.0,0.0,0.0,0.0,0.0,0.0,0.0,0.0,0.0,0.0,0.0,0.0,0.0,0.0,0.0,0.0,1.0,0.0,0.0,0.0,0.0,0.0,0.0,0.0,0.0,0.0,0.0,0.0,0.0,0.0,0.0,0.0,0.0,0.0,0.0,0.0,0,0,0
T0046,51036,563,tcp,-,1.9e-05,1,1,0,0,52428.8,52428.8,104857.6,1.0,20,20,20,20,20,20,0,0,1,0,0,1,0,0,0,0,0.0,0.0,0.0,0.0,0.0,0.0,0.0,0.0,0.0,0.0,0.0,0.0,0.0,0.0,0.0,0.0,0.0,0.0,0.0,0.0,0.0,0.0,0.0,0.0,0.0,19.073486,19.073486,19.073486,19.073486,0.0,0.0,1.0,1.0,0.0,0.0,0.0,0.0,0.0,0.0,0.0,0.0,19.073486,19.073486,19.073486,19.073486,0.0,0.0,0.0,0.0,0.0,0.0,1024,0,1024
T0047,51036,545,tcp,-,6e-06,1,1,0,0,161319.38461500002,161319.38461500002,322638.769231,1.0,20,20,20,20,20,20,0,0,1,0,0,1,0,0,0,0,0.0,0.0,0.0,0.0,0.0,0.0,0.0,0.0,0.0,0.0,0.0,0.0,0.0,0.0,0.0,0.0,0.0,0.0,0.0,0.0,0.0,0.0,0.0,0.0,0.0,6.198883,6.198883,6.198883,6.198883,0.0,0.0,1.0,1.0,0.0,0.0,0.0,0.0,0.0,0.0,0.0,0.0,6.198883,6.198883,6.198883,6.198883,0.0,0.0,0.0,0.0,0.0,0.0,1024,0,1024
T0048,64184,48489,udp,-,0.0,1,0,1,0,0.0,0.0,0.0,0.0,8,8,8,0,0,0,0,0,0,0,0,0,0,0,0,0,40.0,40.0,40.0,40.0,0.0,0.0,0.0,0.0,0.0,0.0,40.0,40.0,40.0,40.0,0.0,0.0,0.0,0.0,0.0,0.0,0.0,0.0,0.0,0.0,0.0,0.0,0.0,0.0,0.0,0.0,0.0,1.0,0.0,40.0,0.0,0.0,0.0,0.0,0.0,0.0,0.0,0.0,0.0,0.0,0.0,0.0,0.0,0.0,0.0,0.0,0.0,0,0,0
T0049,46600,42510,tcp,-,6e-06,1,1,0,0,167772.16,167772.16,335544.32,1.0,20,20,20,20,20,20,0,0,1,0,0,1,0,0,0,0,0.0,0.0,0.0,0.0,0.0,0.0,0.0,0.0,0.0,0.0,0.0,0.0,0.0,0.0,0.0,0.0,0.0,0.0,0.0,0.0,0.0,0.0,0.0,0.0,0.0,5.960464,5.960464,5.960464,5.960464,0.0,0.0,1.0,1.0,0.0,0.0,0.0,0.0,0.0,0.0,0.0,0.0,5.960464,5.960464,5.960464,5.960464,0.0,0.0,0.0,0.0,0.0,0.0,1024,0,1024
T0050,19781,21,tcp,-,0.0,1,0,1,0,0.0,0.0,0.0,0.0,20,20,20,0,0,0,0,1,0,0,0,0,0,0,0,0,120.0,120.0,120.0,120.0,0.0,0.0,0.0,0.0,0.0,0.0,120.0,120.0,120.0,120.0,0.0,0.0,0.0,0.0,0.0,0.0,0.0,0.0,0.0,0.0,0.0,0.0,0.0,0.0,0.0,0.0,0.0,1.0,0.0,120.0,0.0,0.0,0.0,0.0,0.0,0.0,0.0,0.0,0.0,0.0,0.0,0.0,0.0,0.0,0.0,0.0,0.0,64,0,64
T0051,46600,26214,tcp,-,3.2e-05,1,1,0,0,31300.776119,31300.776119,62601.552239,1.0,20,20,20,20,20,20,0,0,1,0,0,1,0,0,0,0,0.0,0.0,0.0,0.0,0.0,0.0,0.0,0.0,0.0,0.0,0.0,0.0,0.0,0.0,0.0,0.0,0.0,0.0,0.0,0.0,0.0,0.0,0.0,0.0,0.0,31.948090000000004,31.948090000000004,31.948090000000004,31.948090000000004,0.0,0.0,1.0,1.0,0.0,0.0,0.0,0.0,0.0,0.0,0.0,0.0,31.948090000000004,31.948090000000004,31.948090000000004,31.948090000000004,0.0,0.0,0.0,0.0,0.0,0.0,1024,0,1024
T0052,46600,1417,tcp,-,6e-06,1,1,0,0,167772.16,167772.16,335544.32,1.0,20,20,20,20,20,20,0,0,1,0,0,1,0,0,0,0,0.0,0.0,0.0,0.0,0.0,0.0,0.0,0.0,0.0,0.0,0.0,0.0,0.0,0.0,0.0,0.0,0.0,0.0,0.0,0.0,0.0,0.0,0.0,0.0,0.0,5.960464,5.960464,5.960464,5.960464,0.0,0.0,1.0,1.0,0.0,0.0,0.0,0.0,0.0,0.0,0.0,0.0,5.960464,5.960464,5.960464,5.960464,0.0,0.0,0.0,0.0,0.0,0.0,1024,0,1024
T0053,51036,1121,tcp,-,7.000000000000001e-06,1,1,0,0,144631.172414,144631.172414,289262.344828,1.0,20,20,20,20,20,20,0,0,1,0,0,1,0,0,0,0,0.0,0.0,0.0,0.0,0.0,0.0,0.0,0.0,0.0,0.0,0.0,0.0,0.0,0.0,0.0,0.0,0.0,0.0,0.0,0.0,0.0,0.0,0.0,0.0,0.0,6.914139,6.914139,6.914139,6.914139,0.0,0.0,1.0,1.0,0.0,0.0,0.0,0.0,0.0,0.0,0.0,0.0,6.914139,6.914139,6.914139,6.914139,0.0,0.0,0.0,0.0,0.0,0.0,1024,0,1024
T0054,50570,443,udp,-,0.402236,9,12,9,12,22.374925,29.833233,52.208158000000005,1.333333,72,8,8,96,8,8,0,0,0,0,0,0,0,0,0,0,44.0,1357.0,1879.0,208.777778,431.1240480000001,27.0,1246.0,6439.0,536.583333,564.962019,27.0,1357.0,8318.0,396.095238,526.810203,16.927719,192553.043365,399059.057236,49882.382154,63352.55663300001,9.059906,232175.111771,339534.044266,30866.731297,68372.29647100001,9.059906,192553.043365,402235.984802,20111.79924,44244.113997,20679.402923,9.0,12.0,1879.0,6439.0,0.0,0.0,0.0,0.0,0.0,0.0,402235.984802,402235.984802,402235.984802,402235.984802,0.0,0.0,0.0,0.0,0.0,0.0,0,0,0
T0055,58676,443,tcp,ssl,120.746857,28,30,7,7,0.23189,0.248454,0.4803439999999999,1.0714290000000002,904,32,40,932,20,40,2,2,0,7,5,57,0,0,0,0,0.0,633.0,2924.0,104.428571,216.064707,0.0,1382.0,5798.0,193.266667,429.526438,0.0,1382.0,8722.0,150.37931,343.487369,32.901764,10499969.959259,120746873.140335,4472106.412605001,5068124.1044540005,18.119812,10500365.972519,120486047.029495,4154691.276879,5048756.371983,1.907349,10239820.00351,120746879.1008,2118366.300014,4004381.663933,72.23376400000001,2.153846,2.307692,224.923077,446.0,0.0,0.0,0.0,0.0,0.0,0.0,260149.95575,4617574.930191,8367319.822311,697276.651859,1260049.469882,10030946.016312,10239820.00351,112379559.278488,10216323.570772,61531.663533000006,64240,13500,501
T0056,45808,2022,tcp,-,5e-06,1,1,0,0,199728.761905,199728.761905,399457.52381,1.0,40,40,40,20,20,20,0,1,1,0,0,1,0,0,0,0,0.0,0.0,0.0,0.0,0.0,0.0,0.0,0.0,0.0,0.0,0.0,0.0,0.0,0.0,0.0,0.0,0.0,0.0,0.0,0.0,0.0,0.0,0.0,0.0,0.0,5.0067900000000005,5.0067900000000005,5.0067900000000005,5.0067900000000005,0.0,0.0,1.0,1.0,0.0,0.0,0.0,0.0,0.0,0.0,0.0,0.0,5.0067900000000005,5.0067900000000005,5.0067900000000005,5.0067900000000005,0.0,0.0,0.0,0.0,0.0,0.0,64240,0,64240
T0057,36242,2725,tcp,-,6e-06,1,1,0,0,167772.16,167772.16,335544.32,1.0,20,20,20,20,20,20,1,0,1,1,0,1,1,0,0,0,0.0,0.0,0.0,0.0,0.0,0.0,0.0,0.0,0.0,0.0,0.0,0.0,0.0,0.0,0.0,0.0,0.0,0.0,0.0,0.0,0.0,0.0,0.0,0.0,0.0,5.960464,5.960464,5.960464,5.960464,0.0,0.0,1.0,1.0,0.0,0.0,0.0,0.0,0.0,0.0,0.0,0.0,5.960464,5.960464,5.960464,5.960464,0.0,0.0,0.0,0.0,0.0,0.0,1024,0,1024
T0058,56519,21,tcp,-,4e-06,1,1,1,0,246723.764706,246723.764706,493447.529412,1.0,20,20,20,20,20,20,0,1,1,0,0,1,0,0,0,0,120.0,120.0,120.0,120.0,0.0,0.0,0.0,0.0,0.0,0.0,0.0,120.0,120.0,60.0,84.852814,0.0,0.0,0.0,0.0,0.0,0.0,0.0,0.0,0.0,0.0,4.053116,4.053116,4.053116,4.053116,0.0,29606851.764706,1.0,1.0,120.0,0.0,0.0,0.0,0.0,0.0,0.0,0.0,4.053116,4.053116,4.053116,4.053116,0.0,0.0,0.0,0.0,0.0,0.0,64,0,64
T0059,47011,21,tcp,-,1e-06,1,1,1,0,838860.8,838860.8,1677721.6,1.0,20,20,20,20,20,20,0,1,1,0,0,1,0,0,0,0,120.0,120.0,120.0,120.0,0.0,0.0,0.0,0.0,0.0,0.0,0.0,120.0,120.0,60.0,84.852814,0.0,0.0,0.0,0.0,0.0,0.0,0.0,0.0,0.0,0.0,1.192093,1.192093,1.192093,1.192093,0.0,100663296.0,1.0,1.0,120.0,0.0,0.0,0.0,0.0,0.0,0.0,0.0,1.192093,1.192093,1.192093,1.192093,0.0,0.0,0.0,0.0,0.0,0.0,64,0,64
T0060,36242,125,tcp,-,6e-06,1,1,0,0,167772.16,167772.16,335544.32,1.0,20,20,20,20,20,20,1,0,1,1,0,1,1,0,0,0,0.0,0.0,0.0,0.0,0.0,0.0,0.0,0.0,0.0,0.0,0.0,0.0,0.0,0.0,0.0,0.0,0.0,0.0,0.0,0.0,0.0,0.0,0.0,0.0,0.0,5.960464,5.960464,5.960464,5.960464,0.0,0.0,1.0,1.0,0.0,0.0,0.0,0.0,0.0,0.0,0.0,0.0,5.960464,5.960464,5.960464,5.960464,0.0,0.0,0.0,0.0,0.0,0.0,1024,0,1024
T0061,57713,1883,tcp,mqtt,55.011583,10,6,3,4,0.18178,0.109068,0.290848,0.6,328,32,40,200,32,40,0,2,1,3,4,15,0,0,0,0,0.0,33.0,78.0,7.8,12.934021,0.0,23.0,36.0,6.0,8.602325,0.0,33.0,114.0,7.125,11.218289,236.034393,52896694.898605,55011582.85141,6112398.094601002,17550122.197519,73.19450400000002,1627648.830414,1956126.928329,391225.385666,696039.7416640001,73.19450400000002,52896694.898605,55011582.85141,3667438.856761,13623909.922301,2.072291,3.333333,2.0,26.0,12.0,0.0,0.0,0.0,0.0,0.0,0.0,2114887.952805,2114887.952805,2114887.952805,2114887.952805,0.0,52896694.898605,52896694.898605,52896694.898605,52896694.898605,0.0,64240,26847,502
T0062,36242,3001,tcp,-,7.000000000000001e-06,1,1,0,0,144631.172414,144631.172414,289262.344828,1.0,20,20,20,20,20,20,1,0,1,1,0,1,1,0,0,0,0.0,0.0,0.0,0.0,0.0,0.0,0.0,0.0,0.0,0.0,0.0,0.0,0.0,0.0,0.0,0.0,0.0,0.0,0.0,0.0,0.0,0.0,0.0,0.0,0.0,6.914139,6.914139,6.914139,6.914139,0.0,0.0,1.0,1.0,0.0,0.0,0.0,0.0,0.0,0.0,0.0,0.0,6.914139,6.914139,6.914139,6.914139,0.0,0.0,0.0,0.0,0.0,0.0,1024,0,1024
T0063,48987,1883,tcp,mqtt,32.046158,9,7,3,3,0.280845,0.218435,0.49928,0.777778,296,32,40,232,32,40,0,2,1,3,3,15,0,0,0,0,0.0,33.0,76.0,8.444444,13.115935999999998,0.0,23.0,32.0,4.571429,8.403514,0.0,33.0,108.0,6.75,11.132535,252.962112,29751808.166504,32046158.075333007,4005769.759417,10409093.010203,1173.019409,1420486.927032,2020556.926727,336759.487788,549482.0231560001,252.962112,29751808.166504,32046158.075333007,2136410.538356,7645444.751265,3.370139,3.0,2.333333,25.333333,10.666667,0.0,0.0,0.0,0.0,0.0,0.0,2294349.9088290003,2294349.9088290003,2294349.9088290003,2294349.9088290003,0.0,29751808.166504,29751808.166504,29751808.166504,29751808.166504,0.0,64240,26847,502
T0064,32316,21,tcp,-,4e-06,1,1,1,0,246723.764706,246723.764706,493447.529412,1.0,20,20,20,20,20,20,0,1,1,0,0,1,0,0,0,0,120.0,120.0,120.0,120.0,0.0,0.0,0.0,0.0,0.0,0.0,0.0,120.0,120.0,60.0,84.852814,0.0,0.0,0.0,0.0,0.0,0.0,0.0,0.0,0.0,0.0,4.053116,4.053116,4.053116,4.053116,0.0,29606851.764706,1.0,1.0,120.0,0.0,0.0,0.0,0.0,0.0,0.0,0.0,4.053116,4.053116,4.053116,4.053116,0.0,0.0,0.0,0.0,0.0,0.0,64,0,64
T0065,54806,53,udp,dns,0.032755,2,2,2,2,61.05957,61.05957,122.11914099999998,1.0,16,8,8,16,8,8,0,0,0,0,0,0,0,0,0,0,36.0,36.0,72.0,36.0,0.0,36.0,68.0,104.0,52.0,22.627417,36.0,68.0,176.0,44.0,16.0,691.890717,691.890717,691.890717,691.890717,0.0,31867.98096,31867.98096,31867.98096,31867.98096,0.0,195.026398,31867.98096,32754.89807,10918.29936,18144.65728,5373.242182,2.0,2.0,72.0,104.0,0.0,0.0,0.0,0.0,0.0,0.0,32754.89807,32754.89807,32754.89807,32754.89807,0.0,0.0,0.0,0.0,0.0,0.0,0,0,0
T0066,51566,1081,tcp,-,4e-06,1,1,0,0,246723.764706,246723.764706,493447.529412,1.0,40,40,40,20,20,20,0,1,1,0,0,1,0,0,0,0,0.0,0.0,0.0,0.0,0.0,0.0,0.0,0.0,0.0,0.0,0.0,0.0,0.0,0.0,0.0,0.0,0.0,0.0,0.0,0.0,0.0,0.0,0.0,0.0,0.0,4.053116,4.053116,4.053116,4.053116,0.0,0.0,1.0,1.0,0.0,0.0,0.0,0.0,0.0,0.0,0.0,0.0,4.053116,4.053116,4.053116,4.053116,0.0,0.0,0.0,0.0,0.0,0.0,64240,0,64240
T0067,32882,443,tcp,ssl,1.221595,12,10,3,8,9.823223,8.186019,18.009241,0.833333,380,20,40,328,32,40,1,2,1,3,5,20,0,0,0,0,0.0,517.0,840.0,70.0,154.676789,0.0,1408.0,6078.0,607.8,675.034946,0.0,1408.0,6918.0,314.454545,531.9253190000001,227.928162,234539.9857,1221595.049,111054.0954,109113.1161,89.883804,312027.9312,1007716.894,111968.5438,134203.9872,89.883804,232008.934,1221595.049,58171.19281,94124.58292,5663.087785,12.0,10.0,840.0,6078.0,0.0,0.0,0.0,0.0,0.0,0.0,1221595.049,1221595.049,1221595.049,1221595.049,0.0,0.0,0.0,0.0,0.0,0.0,64240,26847,0
T0068,59247,3269,tcp,-,6e-06,1,1,0,0,167772.16,167772.16,335544.32,1.0,20,20,20,20,20,20,1,0,1,1,0,1,1,0,0,0,0.0,0.0,0.0,0.0,0.0,0.0,0.0,0.0,0.0,0.0,0.0,0.0,0.0,0.0,0.0,0.0,0.0,0.0,0.0,0.0,0.0,0.0,0.0,0.0,0.0,5.960464,5.960464,5.960464,5.960464,0.0,0.0,1.0,1.0,0.0,0.0,0.0,0.0,0.0,0.0,0.0,0.0,5.960464,5.960464,5.960464,5.960464,0.0,0.0,0.0,0.0,0.0,0.0,1024,0,1024
T0069,36242,8086,tcp,-,8e-06,1,1,0,0,127100.12121199998,127100.12121199998,254200.242424,1.0,20,20,20,20,20,20,1,0,1,1,0,1,1,0,0,0,0.0,0.0,0.0,0.0,0.0,0.0,0.0,0.0,0.0,0.0,0.0,0.0,0.0,0.0,0.0,0.0,0.0,0.0,0.0,0.0,0.0,0.0,0.0,0.0,0.0,7.867813000000001,7.867813000000001,7.867813000000001,7.867813000000001,0.0,0.0,1.0,1.0,0.0,0.0,0.0,0.0,0.0,0.0,0.0,0.0,7.867813000000001,7.867813000000001,7.867813000000001,7.867813000000001,0.0,0.0,0.0,0.0,0.0,0.0,1024,0,1024
T0070,59247,544,tcp,-,2.2e-05,1,1,0,0,45100.043011,45100.043011,90200.086022,1.0,20,20,20,20,20,20,1,0,1,1,0,1,1,0,0,0,0.0,0.0,0.0,0.0,0.0,0.0,0.0,0.0,0.0,0.0,0.0,0.0,0.0,0.0,0.0,0.0,0.0,0.0,0.0,0.0,0.0,0.0,0.0,0.0,0.0,22.172928,22.172928,22.172928,22.172928,0.0,0.0,1.0,1.0,0.0,0.0,0.0,0.0,0.0,0.0,0.0,0.0,22.172928,22.172928,22.172928,22.172928,0.0,0.0,0.0,0.0,0.0,0.0,1024,0,1024
T0071,55246,80,tcp,http,30.591893,7,10,4,3,0.228819,0.326884,0.555703,1.4285709999999998,232,32,40,316,20,40,4,2,1,4,3,15,0,0,0,0,0.0,168.0,209.0,29.857143,61.37976999999999,0.0,482.0,1446.0,144.6,232.82812,0.0,482.0,1655.0,97.352941,187.865957,9.059906,15443566.083908,30591888.189316,5098648.031553,6757018.749042,108.003616,14732668.876648,30591880.083084,3399097.787009,5694355.958829,3.099442,14732668.876648,30591893.196106,1911993.324757,4505975.220776,54.0993,1.75,2.5,52.25,361.5,0.0,0.0,0.0,0.0,0.0,0.0,3.099442,4338255.167007,4343936.443329,1447978.814443,2503054.353639,11515287.876129,14732668.876648,26247956.752777,13123978.376389,2275031.923128,64240,65160,501
T0072,59285,53,udp,dns,0.0002279999999999,1,1,1,1,4382.7628,4382.7628,8765.525601000001,1.0,8,8,8,8,8,8,0,0,0,0,0,0,0,0,0,0,53.0,53.0,53.0,53.0,0.0,53.0,53.0,53.0,53.0,0.0,53.0,53.0,106.0,53.0,0.0,0.0,0.0,0.0,0.0,0.0,0.0,0.0,0.0,0.0,0.0,228.16658,228.16658,228.16658,228.16658,0.0,464572.8568,1.0,1.0,53.0,53.0,0.0,0.0,0.0,0.0,0.0,0.0,228.16658,228.16658,228.16658,228.16658,0.0,0.0,0.0,0.0,0.0,0.0,0,0,0
T0073,55146,80,tcp,http,30.70278,7,12,4,5,0.227992,0.390844,0.6188359999999999,1.714286,232,32,40,380,20,40,6,2,1,4,5,17,0,0,0,0,0.0,168.0,210.0,30.0,61.326992,0.0,482.0,2410.0,200.833333,248.19561,0.0,482.0,2620.0,137.89473700000002,214.63169900000003,244.140625,16003900.051117,30702776.193619,5117129.365603,6979845.947143,80.108643,12719788.074492998,30702766.895294,2791160.626845,4741964.594408,2.861023,12719788.074492998,30702780.008316,1705710.000462,3894695.914092,85.334292,1.4,2.4,42.0,482.0,0.0,0.0,0.0,0.0,0.0,0.0,2.861023,6354749.917984,6357707.977295,2119235.992432,3668062.954644,11625283.956528,12719788.074492998,24345072.031021,12172536.015511,773931.28385,64240,65160,501
T0074,34000,21,tcp,-,4e-06,1,1,1,0,246723.764706,246723.764706,493447.529412,1.0,20,20,20,20,20,20,0,1,1,0,0,1,0,0,0,0,120.0,120.0,120.0,120.0,0.0,0.0,0.0,0.0,0.0,0.0,0.0,120.0,120.0,60.0,84.852814,0.0,0.0,0.0,0.0,0.0,0.0,0.0,0.0,0.0,0.0,4.053116,4.053116,4.053116,4.053116,0.0,29606851.764706,1.0,1.0,120.0,0.0,0.0,0.0,0.0,0.0,0.0,0.0,4.053116,4.053116,4.053116,4.053116,0.0,0.0,0.0,0.0,0.0,0.0,64,0,64
T0075,35374,443,tcp,ssl,170.87528600000002,21,17,8,9,0.122897,0.099488,0.222384,0.809524,680,32,40,552,32,40,2,2,0,8,5,37,0,0,0,0,0.0,517.0,923.0,43.952381,115.28593899999998,0.0,1352.0,7351.0,432.41176500000006,612.8672429999999,0.0,1352.0,8274.0,217.736842,455.986882,14.066696,58898806.095123,170875302.07634,8543765.103817,20793066.412925,21.934509,58918688.058853,170854990.005493,10678436.875343,22892452.496754,2.145767,58898806.095123,170875308.036804,4618251.568562,15710443.393865,48.42128,5.25,4.25,230.75,1837.75,0.0,6634.0,0.0,5.0,0.0,14675639.628692,19803.04718,642699.00322,713742.97142,178435.742855,309556.180289,52837840.080261,58898806.095123,170161565.065384,56720521.688461,3370838.860549,64240,65535,501
T0076,36242,1046,tcp,-,6e-06,1,1,0,0,167772.16,167772.16,335544.32,1.0,20,20,20,20,20,20,1,0,1,1,0,1,1,0,0,0,0.0,0.0,0.0,0.0,0.0,0.0,0.0,0.0,0.0,0.0,0.0,0.0,0.0,0.0,0.0,0.0,0.0,0.0,0.0,0.0,0.0,0.0,0.0,0.0,0.0,5.960464,5.960464,5.960464,5.960464,0.0,0.0,1.0,1.0,0.0,0.0,0.0,0.0,0.0,0.0,0.0,0.0,5.960464,5.960464,5.960464,5.960464,0.0,0.0,0.0,0.0,0.0,0.0,1024,0,1024
T0077,8829,21,tcp,-,3e-06,1,1,1,0,349525.333333,349525.333333,699050.666667,1.0,20,20,20,20,20,20,0,1,1,0,0,1,0,0,0,0,120.0,120.0,120.0,120.0,0.0,0.0,0.0,0.0,0.0,0.0,0.0,120.0,120.0,60.0,84.852814,0.0,0.0,0.0,0.0,0.0,0.0,0.0,0.0,0.0,0.0,2.861023,2.861023,2.861023,2.861023,0.0,41943040.0,1.0,1.0,120.0,0.0,0.0,0.0,0.0,0.0,0.0,0.0,2.861023,2.861023,2.861023,2.861023,0.0,0.0,0.0,0.0,0.0,0.0,64,0,64
T0078,46600,2393,tcp,-,7.000000000000001e-06,1,1,0,0,144631.172414,144631.172414,289262.344828,1.0,20,20,20,20,20,20,0,0,1,0,0,1,0,0,0,0,0.0,0.0,0.0,0.0,0.0,0.0,0.0,0.0,0.0,0.0,0.0,0.0,0.0,0.0,0.0,0.0,0.0,0.0,0.0,0.0,0.0,0.0,0.0,0.0,0.0,6.914139,6.914139,6.914139,6.914139,0.0,0.0,1.0,1.0,0.0,0.0,0.0,0.0,0.0,0.0,0.0,0.0,6.914139,6.914139,6.914139,6.914139,0.0,0.0,0.0,0.0,0.0,0.0,1024,0,1024
T0079,46520,53,udp,dns,0.00036,2,2,2,2,5555.369536,5555.369536,11110.739073,1.0,16,8,8,16,8,8,0,0,0,0,0,0,0,0,0,0,46.0,46.0,92.0,46.0,0.0,98.0,110.0,208.0,104.0,8.485281,46.0,110.0,300.0,75.0,33.842774,11.920929,11.920929,11.920929,11.920929,0.0,132.083893,132.083893,132.083893,132.083893,0.0,11.920929,216.007233,360.012054,120.004018,102.578006,833305.4304640001,2.0,2.0,92.0,208.0,0.0,0.0,0.0,0.0,0.0,0.0,360.012054,360.012054,360.012054,360.012054,0.0,0.0,0.0,0.0,0.0,0.0,0,0,0
T0080,13115,21,tcp,-,1e-06,1,1,1,0,1048576.0,1048576.0,2097152.0,1.0,20,20,20,20,20,20,0,1,1,0,0,1,0,0,0,0,120.0,120.0,120.0,120.0,0.0,0.0,0.0,0.0,0.0,0.0,0.0,120.0,120.0,60.0,84.852814,0.0,0.0,0.0,0.0,0.0,0.0,0.0,0.0,0.0,0.0,0.953674,0.953674,0.953674,0.953674,0.0,125829120.0,1.0,1.0,120.0,0.0,0.0,0.0,0.0,0.0,0.0,0.0,0.953674,0.953674,0.953674,0.953674,0.0,0.0,0.0,0.0,0.0,0.0,64,0,64
T0081,56862,1185,tcp,-,5e-06,1,1,0,0,199728.761905,199728.761905,399457.52381,1.0,40,40,40,20,20,20,0,1,1,0,0,1,0,0,0,0,0.0,0.0,0.0,0.0,0.0,0.0,0.0,0.0,0.0,0.0,0.0,0.0,0.0,0.0,0.0,0.0,0.0,0.0,0.0,0.0,0.0,0.0,0.0,0.0,0.0,5.0067900000000005,5.0067900000000005,5.0067900000000005,5.0067900000000005,0.0,0.0,1.0,1.0,0.0,0.0,0.0,0.0,0.0,0.0,0.0,0.0,5.0067900000000005,5.0067900000000005,5.0067900000000005,5.0067900000000005,0.0,0.0,0.0,0.0,0.0,0.0,64240,0,64240
T0082,46600,1068,tcp,-,2e-06,1,1,0,0,524288.0,524288.0,1048576.0,1.0,20,20,20,20,20,20,0,0,1,0,0,1,0,0,0,0,0.0,0.0,0.0,0.0,0.0,0.0,0.0,0.0,0.0,0.0,0.0,0.0,0.0,0.0,0.0,0.0,0.0,0.0,0.0,0.0,0.0,0.0,0.0,0.0,0.0,1.907349,1.907349,1.907349,1.907349,0.0,0.0,1.0,1.0,0.0,0.0,0.0,0.0,0.0,0.0,0.0,0.0,1.907349,1.907349,1.907349,1.907349,0.0,0.0,0.0,0.0,0.0,0.0,1024,0,1024
T0083,42672,53,udp,dns,0.000131,2,2,2,2,15279.795993000002,15279.795993000002,30559.591985000003,1.0,16,8,8,16,8,8,0,0,0,0,0,0,0,0,0,0,43.0,43.0,86.0,43.0,0.0,43.0,91.0,134.0,67.0,33.941125,43.0,91.0,220.0,55.0,24.0,6.914139,6.914139,6.914139,6.914139,0.0,49.829483,49.829483,49.829483,49.829483,0.0,6.914139,74.148178,130.8918,43.6306,34.042967,1680777.559199,2.0,2.0,86.0,134.0,0.0,0.0,0.0,0.0,0.0,0.0,130.8918,130.8918,130.8918,130.8918,0.0,0.0,0.0,0.0,0.0,0.0,0,0,0
T0084,33284,80,tcp,http,0.909392,8,6,2,2,8.797088,6.597816000000001,15.394903,0.75,264,32,40,200,32,40,2,2,0,2,2,13,0,0,0,0,0.0,169.0,215.0,26.875,59.640440000000005,0.0,535.0,538.0,89.666667,218.171187,0.0,535.0,753.0,53.785714,145.8161,91.075897,340897.7985,911314.0106,130187.7158,163152.3207,138.04435700000002,286818.0275,626812.9349,125362.587,148449.6974,91.075897,282776.8326,911314.0106,70101.07774,122032.216,828.025867,8.0,6.0,215.0,538.0,0.0,0.0,0.0,0.0,0.0,0.0,911314.0106,911314.0106,911314.0106,911314.0106,0.0,0.0,0.0,0.0,0.0,0.0,64240,26847,501
T0085,44052,53,udp,dns,0.000162,2,2,2,2,12336.188235,12336.188235,24672.376471,1.0,16,8,8,16,8,8,0,0,0,0,0,0,0,0,0,0,47.0,47.0,94.0,47.0,0.0,69.0,85.0,154.0,77.0,11.313708,47.0,85.0,248.0,62.0,18.511258,4.053116,4.053116,4.053116,4.053116,0.0,71.048737,71.048737,71.048737,71.048737,0.0,4.053116,87.02278100000001,162.124634,54.04154499999999,44.021867,1529687.341176,2.0,2.0,94.0,154.0,0.0,0.0,0.0,0.0,0.0,0.0,162.124634,162.124634,162.124634,162.124634,0.0,0.0,0.0,0.0,0.0,0.0,0,0,0
T0086,42012,5959,tcp,-,5e-06,1,1,0,0,199728.761905,199728.761905,399457.52381,1.0,40,40,40,20,20,20,0,1,1,0,0,1,0,0,0,0,0.0,0.0,0.0,0.0,0.0,0.0,0.0,0.0,0.0,0.0,0.0,0.0,0.0,0.0,0.0,0.0,0.0,0.0,0.0,0.0,0.0,0.0,0.0,0.0,0.0,5.0067900000000005,5.0067900000000005,5.0067900000000005,5.0067900000000005,0.0,0.0,1.0,1.0,0.0,0.0,0.0,0.0,0.0,0.0,0.0,0.0,5.0067900000000005,5.0067900000000005,5.0067900000000005,5.0067900000000005,0.0,0.0,0.0,0.0,0.0,0.0,64240,0,64240
T0087,50079,782,udp,-,0.0,1,0,0,0,0.0,0.0,0.0,0.0,8,8,8,0,0,0,0,0,0,0,0,0,0,0,0,0,0.0,0.0,0.0,0.0,0.0,0.0,0.0,0.0,0.0,0.0,0.0,0.0,0.0,0.0,0.0,0.0,0.0,0.0,0.0,0.0,0.0,0.0,0.0,0.0,0.0,0.0,0.0,0.0,0.0,0.0,0.0,1.0,0.0,0.0,0.0,0.0,0.0,0.0,0.0,0.0,0.0,0.0,0.0,0.0,0.0,0.0,0.0,0.0,0.0,0.0,0.0,0,0,0
T0088,53555,1883,tcp,mqtt,11.905197,9,5,3,3,0.755972,0.4199850000000001,1.175957,0.555556,296,32,40,168,32,40,0,2,1,3,3,13,0,0,0,0,0.0,33.0,78.0,8.666667,13.407088,0.0,27.0,36.0,7.2,11.300442,0.0,33.0,114.0,8.142857000000001,12.265381,236.98806800000003,9854494.810104,11905196.905136,1488149.613142,3411906.052123,3976.106644,1572035.074234,1895967.960358,473991.990089,735720.746783,236.98806800000003,9854494.810104,11905196.905136,915784.377318,2712607.309486,9.57565,3.0,1.666667,26.0,12.0,0.0,0.0,0.0,0.0,0.0,0.0,2050702.095032,2050702.095032,2050702.095032,2050702.095032,0.0,9854494.810104,9854494.810104,9854494.810104,9854494.810104,0.0,64240,26847,502
T0089,57993,1883,tcp,mqtt,61.88969,10,6,3,4,0.161578,0.096947,0.258524,0.6,328,32,40,200,32,40,0,2,1,3,4,15,0,0,0,0,0.0,33.0,78.0,7.8,12.934021,0.0,23.0,36.0,6.0,8.602325,0.0,33.0,114.0,7.125,11.218289,239.849091,59856991.052628,61889689.922333,6876632.213593,19872528.395814,68.187714,1559654.951096,1876085.042953,375217.008591,666819.391249,68.187714,59856991.052628,61889689.922333,4125979.328156,15421630.946416,1.841987,3.333333,2.0,26.0,12.0,0.0,0.0,0.0,0.0,0.0,0.0,2032698.869705,2032698.869705,2032698.869705,2032698.869705,0.0,59856991.052628,59856991.052628,59856991.052628,59856991.052628,0.0,64240,26847,502
T0090,50078,17505,udp,-,0.0,1,0,0,0,0.0,0.0,0.0,0.0,8,8,8,0,0,0,0,0,0,0,0,0,0,0,0,0,0.0,0.0,0.0,0.0,0.0,0.0,0.0,0.0,0.0,0.0,0.0,0.0,0.0,0.0,0.0,0.0,0.0,0.0,0.0,0.0,0.0,0.0,0.0,0.0,0.0,0.0,0.0,0.0,0.0,0.0,0.0,1.0,0.0,0.0,0.0,0.0,0.0,0.0,0.0,0.0,0.0,0.0,0.0,0.0,0.0,0.0,0.0,0.0,0.0,0.0,0.0,0,0,0
T0091,46600,1322,tcp,-,2e-06,1,1,0,0,466033.777778,466033.777778,932067.555556,1.0,20,20,20,20,20,20,0,0,1,0,0,1,0,0,0,0,0.0,0.0,0.0,0.0,0.0,0.0,0.0,0.0,0.0,0.0,0.0,0.0,0.0,0.0,0.0,0.0,0.0,0.0,0.0,0.0,0.0,0.0,0.0,0.0,0.0,2.145767,2.145767,2.145767,2.145767,0.0,0.0,1.0,1.0,0.0,0.0,0.0,0.0,0.0,0.0,0.0,0.0,2.145767,2.145767,2.145767,2.145767,0.0,0.0,0.0,0.0,0.0,0.0,1024,0,1024
T0092,36242,10009,tcp,-,6e-06,1,1,0,0,161319.38461500002,161319.38461500002,322638.769231,1.0,20,20,20,20,20,20,1,0,1,1,0,1,1,0,0,0,0.0,0.0,0.0,0.0,0.0,0.0,0.0,0.0,0.0,0.0,0.0,0.0,0.0,0.0,0.0,0.0,0.0,0.0,0.0,0.0,0.0,0.0,0.0,0.0,0.0,6.198883,6.198883,6.198883,6.198883,0.0,0.0,1.0,1.0,0.0,0.0,0.0,0.0,0.0,0.0,0.0,0.0,6.198883,6.198883,6.198883,6.198883,0.0,0.0,0.0,0.0,0.0,0.0,1024,0,1024
T0093,34748,2909,tcp,-,2e-06,1,1,0,0,524288.0,524288.0,1048576.0,1.0,40,40,40,20,20,20,0,1,1,0,0,1,0,0,0,0,0.0,0.0,0.0,0.0,0.0,0.0,0.0,0.0,0.0,0.0,0.0,0.0,0.0,0.0,0.0,0.0,0.0,0.0,0.0,0.0,0.0,0.0,0.0,0.0,0.0,1.907349,1.907349,1.907349,1.907349,0.0,0.0,1.0,1.0,0.0,0.0,0.0,0.0,0.0,0.0,0.0,0.0,1.907349,1.907349,1.907349,1.907349,0.0,0.0,0.0,0.0,0.0,0.0,64240,0,64240
T0094,52442,5353,udp,dns,0.0,1,0,1,0,0.0,0.0,0.0,0.0,8,8,8,0,0,0,0,0,0,0,0,0,0,0,0,0,43.0,43.0,43.0,43.0,0.0,0.0,0.0,0.0,0.0,0.0,43.0,43.0,43.0,43.0,0.0,0.0,0.0,0.0,0.0,0.0,0.0,0.0,0.0,0.0,0.0,0.0,0.0,0.0,0.0,0.0,0.0,1.0,0.0,43.0,0.0,0.0,0.0,0.0,0.0,0.0,0.0,0.0,0.0,0.0,0.0,0.0,0.0,0.0,0.0,0.0,0.0,0,0,0
T0095,40977,53,udp,dns,0.028063,2,2,2,2,71.268068,71.268068,142.53613700000002,1.0,16,8,8,16,8,8,0,0,0,0,0,0,0,0,0,0,32.0,32.0,64.0,32.0,0.0,32.0,64.0,96.0,48.0,22.627417,32.0,64.0,160.0,40.0,16.0,774.145126,774.145126,774.145126,774.145126,0.0,27098.89412,27098.89412,27098.89412,27098.89412,0.0,190.019608,27098.89412,28063.05885,9354.352951,15369.99859,5701.445478000001,2.0,2.0,64.0,96.0,0.0,0.0,0.0,0.0,0.0,0.0,28063.05885,28063.05885,28063.05885,28063.05885,0.0,0.0,0.0,0.0,0.0,0.0,0,0,0
T0096,35919,21,tcp,-,5e-06,1,1,1,0,199728.761905,199728.761905,399457.52381,1.0,20,20,20,20,20,20,0,1,1,0,0,1,0,0,0,0,120.0,120.0,120.0,120.0,0.0,0.0,0.0,0.0,0.0,0.0,0.0,120.0,120.0,60.0,84.852814,0.0,0.0,0.0,0.0,0.0,0.0,0.0,0.0,0.0,0.0,5.0067900000000005,5.0067900000000005,5.0067900000000005,5.0067900000000005,0.0,23967451.428571,1.0,1.0,120.0,0.0,0.0,0.0,0.0,0.0,0.0,0.0,5.0067900000000005,5.0067900000000005,5.0067900000000005,5.0067900000000005,0.0,0.0,0.0,0.0,0.0,0.0,64,0,64
T0097,64177,32773,udp,-,0.0,1,0,1,0,0.0,0.0,0.0,0.0,8,8,8,0,0,0,0,0,0,0,0,0,0,0,0,0,40.0,40.0,40.0,40.0,0.0,0.0,0.0,0.0,0.0,0.0,40.0,40.0,40.0,40.0,0.0,0.0,0.0,0.0,0.0,0.0,0.0,0.0,0.0,0.0,0.0,0.0,0.0,0.0,0.0,0.0,0.0,1.0,0.0,40.0,0.0,0.0,0.0,0.0,0.0,0.0,0.0,0.0,0.0,0.0,0.0,0.0,0.0,0.0,0.0,0.0,0.0,0,0,0
T0098,54097,21,tcp,-,5e-06,1,1,1,0,199728.761905,199728.761905,399457.52381,1.0,20,20,20,20,20,20,0,1,1,0,0,1,0,0,0,0,120.0,120.0,120.0,120.0,0.0,0.0,0.0,0.0,0.0,0.0,0.0,120.0,120.0,60.0,84.852814,0.0,0.0,0.0,0.0,0.0,0.0,0.0,0.0,0.0,0.0,5.0067900000000005,5.0067900000000005,5.0067900000000005,5.0067900000000005,0.0,23967451.428571,1.0,1.0,120.0,0.0,0.0,0.0,0.0,0.0,0.0,0.0,5.0067900000000005,5.0067900000000005,5.0067900000000005,5.0067900000000005,0.0,0.0,0.0,0.0,0.0,0.0,64,0,64
T0099,52565,1883,tcp,mqtt,61.996351,10,6,3,4,0.1613,0.09678,0.25808,0.6,328,32,40,200,32,40,0,2,1,3,4,15,0,0,0,0,0.0,33.0,77.0,7.7,12.789318,0.0,22.0,35.0,5.8333330000000005,8.20772,0.0,33.0,112.0,7.0,11.021192,489.95018,59760727.16713001,61996351.003647,6888483.44485,19830721.838062,1648.902893,1485574.960709,1988062.143326,397612.428665,620506.967647,321.149826,59760727.16713001,61996351.003647,4133090.06691,15392207.780035,1.806558,3.333333,2.0,25.666667,11.666667,0.0,0.0,0.0,0.0,0.0,0.0,2235623.836517,2235623.836517,2235623.836517,2235623.836517,0.0,59760727.16713001,59760727.16713001,59760727.16713001,59760727.16713001,0.0,64240,26847,502
T0100,55200,80,tcp,http,30.646649,7,11,4,4,0.22841,0.35893,0.58734,1.5714290000000002,232,32,40,348,20,40,5,2,1,4,4,16,0,0,0,0,0.0,168.0,208.0,29.714286,61.432115,0.0,482.0,1928.0,175.272727,243.18104,0.0,482.0,2136.0,118.666667,203.592442,8.106232,15288020.849228,30646643.877029,5107773.979505001,6714630.462291,118.017197,13720485.925674,30646639.823914003,3064663.982391,5205888.489047,0.953674,13720485.925674,30646648.88382,1802744.051989,4199885.668866999,69.69766899999999,1.75,2.75,52.0,482.0,0.0,0.0,0.0,0.0,0.0,0.0,0.953674,5351032.972336,5353398.799896,1784466.266632,3088737.59758,11572764.158249,13720485.925674,25293250.083923,12646625.041962,1518668.625849,64240,65160,501
T0101,55322,80,tcp,http,30.515599,6,5,4,0,0.196621,0.163851,0.360471,0.833333,200,32,40,168,32,40,0,2,0,4,0,10,0,0,0,0,0.0,168.0,210.0,35.0,65.59878,0.0,0.0,0.0,0.0,0.0,0.0,168.0,210.0,19.090909,49.856704,18.119812,19075695.037842,30515594.005585,6103118.801117,8781231.664826,1430.988312,19075697.898865,30515552.043915004,7628888.010979,9343097.000741,2.145767,19075692.892075,30515599.012375,3051559.901237,6679651.481093,6.881726,2.0,1.666667,70.0,0.0,0.0,0.0,0.0,0.0,0.0,0.0,2.145767,3211.975098,3219.127655,1073.042552,1852.370474,11436686.992645,19075692.892075,30512379.88472,15256189.94236,5401592.873011,64240,65160,502
T0102,46600,1434,tcp,-,4e-06,1,1,0,0,246723.764706,246723.764706,493447.529412,1.0,20,20,20,20,20,20,0,0,1,0,0,1,0,0,0,0,0.0,0.0,0.0,0.0,0.0,0.0,0.0,0.0,0.0,0.0,0.0,0.0,0.0,0.0,0.0,0.0,0.0,0.0,0.0,0.0,0.0,0.0,0.0,0.0,0.0,4.053116,4.053116,4.053116,4.053116,0.0,0.0,1.0,1.0,0.0,0.0,0.0,0.0,0.0,0.0,0.0,0.0,4.053116,4.053116,4.053116,4.053116,0.0,0.0,0.0,0.0,0.0,0.0,1024,0,1024
T0103,43299,53,udp,dns,0.060274,2,2,2,2,33.181735,33.181735,66.36346999999999,1.0,16,8,8,16,8,8,0,0,0,0,0,0,0,0,0,0,36.0,36.0,72.0,36.0,0.0,68.0,120.0,188.0,94.0,36.769553,36.0,120.0,260.0,65.0,39.648455,31622.1714,31622.1714,31622.1714,31622.1714,0.0,30474.9012,30474.9012,30474.9012,30474.9012,0.0,1822.948456,29799.22295,60274.12415,20091.37472,15831.31724,4313.625518,2.0,2.0,72.0,188.0,0.0,0.0,0.0,0.0,0.0,0.0,60274.12415,60274.12415,60274.12415,60274.12415,0.0,0.0,0.0,0.0,0.0,0.0,0,0,0
T0104,50078,28547,udp,-,0.0,1,0,0,0,0.0,0.0,0.0,0.0,8,8,8,0,0,0,0,0,0,0,0,0,0,0,0,0,0.0,0.0,0.0,0.0,0.0,0.0,0.0,0.0,0.0,0.0,0.0,0.0,0.0,0.0,0.0,0.0,0.0,0.0,0.0,0.0,0.0,0.0,0.0,0.0,0.0,0.0,0.0,0.0,0.0,0.0,0.0,1.0,0.0,0.0,0.0,0.0,0.0,0.0,0.0,0.0,0.0,0.0,0.0,0.0,0.0,0.0,0.0,0.0,0.0,0.0,0.0,0,0,0
T0105,35422,80,tcp,http,0.681569,7,5,2,1,10.270419,7.336013,17.606432,0.714286,232,32,40,168,32,40,2,2,0,2,1,11,0,0,0,0,0.0,169.0,203.0,29.0,63.02116,0.0,539.0,539.0,107.8,241.048128,0.0,539.0,742.0,61.833333,157.929117,91.791153,244382.143,683490.9916,113915.1653,124145.1189,55.789948,223977.0889,466138.1245,116534.5311,123155.3737,55.789948,219775.1999,683490.9916,62135.54469,99950.75238,1088.664378,7.0,5.0,203.0,539.0,0.0,0.0,0.0,0.0,0.0,0.0,683490.9916,683490.9916,683490.9916,683490.9916,0.0,0.0,0.0,0.0,0.0,0.0,64240,26847,501
T0106,49920,80,tcp,http,0.005823,4,3,2,0,686.943291,515.207468,1202.15076,0.75,136,32,40,104,32,40,0,2,0,2,0,6,0,0,0,0,0.0,168.0,189.0,47.25,81.106412,0.0,0.0,0.0,0.0,0.0,0.0,168.0,189.0,27.0,62.665780000000005,11.205673,3337.860107,5787.849426,1929.283142,1720.857491,2465.963364,3339.0522,5805.015564,2902.507782,617.367037,11.205673,3304.004669,5822.896957,970.482826,1491.91239,32458.070507,4.0,3.0,189.0,0.0,0.0,0.0,0.0,0.0,0.0,0.0,5822.896957,5822.896957,5822.896957,5822.896957,0.0,0.0,0.0,0.0,0.0,0.0,64240,65160,502
T0107,48352,5902,tcp,-,8e-06,1,1,0,0,127100.12121199998,127100.12121199998,254200.242424,1.0,40,40,40,20,20,20,0,1,1,0,0,1,0,0,0,0,0.0,0.0,0.0,0.0,0.0,0.0,0.0,0.0,0.0,0.0,0.0,0.0,0.0,0.0,0.0,0.0,0.0,0.0,0.0,0.0,0.0,0.0,0.0,0.0,0.0,7.867813000000001,7.867813000000001,7.867813000000001,7.867813000000001,0.0,0.0,1.0,1.0,0.0,0.0,0.0,0.0,0.0,0.0,0.0,0.0,7.867813000000001,7.867813000000001,7.867813000000001,7.867813000000001,0.0,0.0,0.0,0.0,0.0,0.0,64240,0,64240
T0108,36242,5000,tcp,-,7.000000000000001e-06,1,1,0,0,144631.172414,144631.172414,289262.344828,1.0,20,20,20,20,20,20,1,0,1,1,0,1,1,0,0,0,0.0,0.0,0.0,0.0,0.0,0.0,0.0,0.0,0.0,0.0,0.0,0.0,0.0,0.0,0.0,0.0,0.0,0.0,0.0,0.0,0.0,0.0,0.0,0.0,0.0,6.914139,6.914139,6.914139,6.914139,0.0,0.0,1.0,1.0,0.0,0.0,0.0,0.0,0.0,0.0,0.0,0.0,6.914139,6.914139,6.914139,6.914139,0.0,0.0,0.0,0.0,0.0,0.0,1024,0,1024
T0109,44481,1883,tcp,mqtt,61.965029,10,6,3,4,0.161381,0.096829,0.25821,0.6,328,32,40,200,32,40,0,2,1,3,4,15,0,0,0,0,0.0,33.0,78.0,7.8,12.934021,0.0,23.0,36.0,6.0,8.602325,0.0,33.0,114.0,7.125,11.218289,251.77002,59898506.879807,61965029.001236,6885003.222360001,19884990.784139,56.98204000000001,1576241.016388,1903652.906418,380730.581284,673086.325448,56.98204000000001,59898506.879807,61965029.001236,4131001.9334160006,15431767.171167,1.839747,3.333333,2.0,26.0,12.0,0.0,0.0,0.0,0.0,0.0,0.0,2066522.121429,2066522.121429,2066522.121429,2066522.121429,0.0,59898506.879807,59898506.879807,59898506.879807,59898506.879807,0.0,64240,26847,502
T0110,57570,53,tcp,dns,10.265899,10,8,3,3,0.974099,0.7792789999999999,1.753378,0.8,328,32,40,264,32,40,2,2,0,3,3,17,0,0,0,0,0.0,58.0,156.0,15.6,25.237538,0.0,197.0,526.0,65.75,92.016691,0.0,197.0,682.0,37.888889,66.94149200000001,124.21608,10030433.177948,10265938.043594,1140659.782622,3333774.924582,5.960464,10109769.821167,10225569.963455,1460795.709065,3813891.471887,5.960464,10030433.177948,10265938.043594,603878.708447,2429244.335979,66.433539,5.0,4.0,78.0,263.0,0.0,0.0,0.0,0.0,0.0,0.0,32362.937927,203141.927719,235504.865646,117752.432823,120758.981766,10030433.177948,10030433.177948,10030433.177948,10030433.177948,0.0,64240,65160,501
T0111,44054,443,udp,-,0.255481,5,9,5,9,19.570927,35.227668,54.798595,1.8,40,8,8,72,8,8,0,0,0,0,0,0,0,0,0,0,32.0,1357.0,2179.0,435.8,564.433521,28.0,1357.0,4296.0,477.333333,568.57893,28.0,1357.0,6475.0,462.5,545.339802,3437.042236,105396.032333,194159.030914,48539.757729,44453.191823,5.0067900000000005,62299.013138,186407.089233,23300.886154,25961.896873,5.0067900000000005,65636.87324500001,255481.004715,19652.384978,23968.997865,25344.349993,5.0,9.0,2179.0,4296.0,0.0,3379.0,0.0,5.0,0.0,94554.288642,255481.004715,255481.004715,255481.004715,255481.004715,0.0,0.0,0.0,0.0,0.0,0.0,0,0,0
T0112,33728,443,udp,-,0.378089,6,9,6,9,15.869272,23.803907,39.673179,1.5,48,8,8,72,8,8,0,0,0,0,0,0,0,0,0,0,33.0,1357.0,2199.0,366.5,529.038656,28.0,1357.0,3829.0,425.444444,561.324129,28.0,1357.0,6028.0,401.866667,529.999712,40030.002594,106705.188751,318288.087845,63657.61756900001,26377.22306,9.059906,88227.987289,319287.061691,39910.882711,32502.784455,9.059906,67571.878433,378089.189529,27006.370681,24096.717466,15943.328101,6.0,9.0,2199.0,3829.0,0.0,0.0,0.0,0.0,0.0,0.0,378089.189529,378089.189529,378089.189529,378089.189529,0.0,0.0,0.0,0.0,0.0,0.0,0,0,0
T0113,56954,443,tcp,ssl,1.488297,14,12,3,9,9.406725,8.062907000000001,17.469632,0.857143,432,20,40,392,32,40,2,2,2,3,6,23,0,0,0,0,0.0,517.0,840.0,60.0,144.534798,0.0,1352.0,6172.0,514.333333,595.421521,0.0,1352.0,7012.0,269.692308,469.261187,227.212906,294639.1106,1490808.01,114677.5392,134138.2899,44.107437,365406.9901,1221275.091,111025.0083,155283.8821,44.107437,292666.9121,1490808.01,59632.3204,110355.4128,4711.425252,14.0,12.0,840.0,6172.0,0.0,4548.0,0.0,5.0,0.0,2891132.857,1490808.01,1490808.01,1490808.01,1490808.01,0.0,0.0,0.0,0.0,0.0,0.0,64240,26847,0
T0114,46600,1334,tcp,-,7.000000000000001e-06,1,1,0,0,139810.133333,139810.133333,279620.266667,1.0,20,20,20,20,20,20,0,0,1,0,0,1,0,0,0,0,0.0,0.0,0.0,0.0,0.0,0.0,0.0,0.0,0.0,0.0,0.0,0.0,0.0,0.0,0.0,0.0,0.0,0.0,0.0,0.0,0.0,0.0,0.0,0.0,0.0,7.152557000000001,7.152557000000001,7.152557000000001,7.152557000000001,0.0,0.0,1.0,1.0,0.0,0.0,0.0,0.0,0.0,0.0,0.0,0.0,7.152557000000001,7.152557000000001,7.152557000000001,7.152557000000001,0.0,0.0,0.0,0.0,0.0,0.0,1024,0,1024
T0115,50078,21948,udp,-,0.0,1,0,0,0,0.0,0.0,0.0,0.0,8,8,8,0,0,0,0,0,0,0,0,0,0,0,0,0,0.0,0.0,0.0,0.0,0.0,0.0,0.0,0.0,0.0,0.0,0.0,0.0,0.0,0.0,0.0,0.0,0.0,0.0,0.0,0.0,0.0,0.0,0.0,0.0,0.0,0.0,0.0,0.0,0.0,0.0,0.0,1.0,0.0,0.0,0.0,0.0,0.0,0.0,0.0,0.0,0.0,0.0,0.0,0.0,0.0,0.0,0.0,0.0,0.0,0.0,0.0,0,0,0
T0116,46600,3168,tcp,-,6e-06,1,1,0,0,167772.16,167772.16,335544.32,1.0,20,20,20,20,20,20,0,0,1,0,0,1,0,0,0,0,0.0,0.0,0.0,0.0,0.0,0.0,0.0,0.0,0.0,0.0,0.0,0.0,0.0,0.0,0.0,0.0,0.0,0.0,0.0,0.0,0.0,0.0,0.0,0.0,0.0,5.960464,5.960464,5.960464,5.960464,0.0,0.0,1.0,1.0,0.0,0.0,0.0,0.0,0.0,0.0,0.0,0.0,5.960464,5.960464,5.960464,5.960464,0.0,0.0,0.0,0.0,0.0,0.0,1024,0,1024
T0117,57097,1883,tcp,mqtt,62.055137,10,6,3,4,0.161147,0.096688,0.257835,0.6,328,32,40,200,32,40,0,2,1,3,4,15,0,0,0,0,0.0,33.0,78.0,7.8,12.934021,0.0,23.0,36.0,6.0,8.602325,0.0,33.0,114.0,7.125,11.218289,255.823135,59899855.136871,62055136.919022,6895015.213225,19881585.792496,61.98883100000001,1563105.106354,1958487.987518,391697.597504,661847.8108529999,61.98883100000001,59899855.136871,62055136.919022,4137009.127935,15430409.161951002,1.837076,3.333333,2.0,26.0,12.0,0.0,0.0,0.0,0.0,0.0,0.0,2155281.78215,2155281.78215,2155281.78215,2155281.78215,0.0,59899855.136871,59899855.136871,59899855.136871,59899855.136871,0.0,64240,26847,502
T0118,33675,1883,tcp,mqtt,46.031866,10,6,3,4,0.217241,0.130344,0.347585,0.6,328,32,40,200,32,40,0,2,1,3,4,15,0,0,0,0,0.0,33.0,78.0,7.8,12.934021,0.0,23.0,36.0,6.0,8.602325,0.0,33.0,114.0,7.125,11.218289,266.075134,43795150.04158,46031866.073608,5114651.785956,14510040.392297,1178.979874,1477408.8859559996,1984655.857086,396931.171417,616560.817007,266.075134,43795150.04158,46031866.073608,3068791.071574,11271015.951812,2.476545,3.333333,2.0,26.0,12.0,0.0,0.0,0.0,0.0,0.0,0.0,2236716.032028,2236716.032028,2236716.032028,2236716.032028,0.0,43795150.04158,43795150.04158,43795150.04158,43795150.04158,0.0,64240,26847,502
T0119,51672,80,tcp,http,0.000507,8,0,2,0,15775.473437,0.0,15775.473437,0.0,260,20,40,0,0,0,1,2,1,2,0,6,0,0,0,0,0.0,126.0,212.0,26.5,50.219518,0.0,0.0,0.0,0.0,0.0,0.0,126.0,212.0,26.5,50.219518,20.027161,314.950943,507.116318,72.445188,107.993478,0.0,0.0,0.0,0.0,0.0,20.027161,314.950943,507.116318,72.445188,107.993478,418050.046074,8.0,0.0,212.0,0.0,0.0,0.0,0.0,0.0,0.0,0.0,507.116318,507.116318,507.116318,507.116318,0.0,0.0,0.0,0.0,0.0,0.0,65476,0,0
T0120,46600,19350,tcp,-,7.000000000000001e-06,1,1,0,0,144631.172414,144631.172414,289262.344828,1.0,20,20,20,20,20,20,0,0,1,0,0,1,0,0,0,0,0.0,0.0,0.0,0.0,0.0,0.0,0.0,0.0,0.0,0.0,0.0,0.0,0.0,0.0,0.0,0.0,0.0,0.0,0.0,0.0,0.0,0.0,0.0,0.0,0.0,6.914139,6.914139,6.914139,6.914139,0.0,0.0,1.0,1.0,0.0,0.0,0.0,0.0,0.0,0.0,0.0,0.0,6.914139,6.914139,6.914139,6.914139,0.0,0.0,0.0,0.0,0.0,0.0,1024,0,1024
T0121,60248,53,udp,dns,0.0097489999999999,2,2,2,2,205.150599,205.150599,410.301198,1.0,16,8,8,16,8,8,0,0,0,0,0,0,0,0,0,0,44.0,44.0,88.0,44.0,0.0,44.0,60.0,104.0,52.0,11.313708,44.0,60.0,192.0,48.0,8.0,5.0067900000000005,5.0067900000000005,5.0067900000000005,5.0067900000000005,0.0,9636.878967,9636.878967,9636.878967,9636.878967,0.0,5.0067900000000005,9636.878967,9748.935699,3249.645233,5531.741975,19694.45752,2.0,2.0,88.0,104.0,0.0,0.0,0.0,0.0,0.0,0.0,9748.935699,9748.935699,9748.935699,9748.935699,0.0,0.0,0.0,0.0,0.0,0.0,0,0,0
T0122,64177,19722,udp,-,0.0,1,0,0,0,0.0,0.0,0.0,0.0,8,8,8,0,0,0,0,0,0,0,0,0,0,0,0,0,0.0,0.0,0.0,0.0,0.0,0.0,0.0,0.0,0.0,0.0,0.0,0.0,0.0,0.0,0.0,0.0,0.0,0.0,0.0,0.0,0.0,0.0,0.0,0.0,0.0,0.0,0.0,0.0,0.0,0.0,0.0,1.0,0.0,0.0,0.0,0.0,0.0,0.0,0.0,0.0,0.0,0.0,0.0,0.0,0.0,0.0,0.0,0.0,0.0,0.0,0.0,0,0,0
T0123,36242,1641,tcp,-,7.000000000000001e-06,1,1,0,0,144631.172414,144631.172414,289262.344828,1.0,20,20,20,20,20,20,1,0,1,1,0,1,1,0,0,0,0.0,0.0,0.0,0.0,0.0,0.0,0.0,0.0,0.0,0.0,0.0,0.0,0.0,0.0,0.0,0.0,0.0,0.0,0.0,0.0,0.0,0.0,0.0,0.0,0.0,6.914139,6.914139,6.914139,6.914139,0.0,0.0,1.0,1.0,0.0,0.0,0.0,0.0,0.0,0.0,0.0,0.0,6.914139,6.914139,6.914139,6.914139,0.0,0.0,0.0,0.0,0.0,0.0,1024,0,1024
T0124,46600,1055,tcp,-,7.000000000000001e-06,1,1,0,0,144631.172414,144631.172414,289262.344828,1.0,20,20,20,20,20,20,0,0,1,0,0,1,0,0,0,0,0.0,0.0,0.0,0.0,0.0,0.0,0.0,0.0,0.0,0.0,0.0,0.0,0.0,0.0,0.0,0.0,0.0,0.0,0.0,0.0,0.0,0.0,0.0,0.0,0.0,6.914139,6.914139,6.914139,6.914139,0.0,0.0,1.0,1.0,0.0,0.0,0.0,0.0,0.0,0.0,0.0,0.0,6.914139,6.914139,6.914139,6.914139,0.0,0.0,0.0,0.0,0.0,0.0,1024,0,1024
T0125,31663,21,tcp,-,4e-06,1,1,1,0,262144.0,262144.0,524288.0,1.0,20,20,20,20,20,20,0,1,1,0,0,1,0,0,0,0,120.0,120.0,120.0,120.0,0.0,0.0,0.0,0.0,0.0,0.0,0.0,120.0,120.0,60.0,84.852814,0.0,0.0,0.0,0.0,0.0,0.0,0.0,0.0,0.0,0.0,3.814697,3.814697,3.814697,3.814697,0.0,31457280.0,1.0,1.0,120.0,0.0,0.0,0.0,0.0,0.0,0.0,0.0,3.814697,3.814697,3.814697,3.814697,0.0,0.0,0.0,0.0,0.0,0.0,64,0,64
T0126,46600,3283,tcp,-,6e-06,1,1,0,0,167772.16,167772.16,335544.32,1.0,20,20,20,20,20,20,0,0,1,0,0,1,0,0,0,0,0.0,0.0,0.0,0.0,0.0,0.0,0.0,0.0,0.0,0.0,0.0,0.0,0.0,0.0,0.0,0.0,0.0,0.0,0.0,0.0,0.0,0.0,0.0,0.0,0.0,5.960464,5.960464,5.960464,5.960464,0.0,0.0,1.0,1.0,0.0,0.0,0.0,0.0,0.0,0.0,0.0,0.0,5.960464,5.960464,5.960464,5.960464,0.0,0.0,0.0,0.0,0.0,0.0,1024,0,1024
T0127,51036,135,tcp,-,3.8e-05,1,1,0,0,26379.27044,26379.27044,52758.540881,1.0,20,20,20,20,20,20,0,0,1,0,0,1,0,0,0,0,0.0,0.0,0.0,0.0,0.0,0.0,0.0,0.0,0.0,0.0,0.0,0.0,0.0,0.0,0.0,0.0,0.0,0.0,0.0,0.0,0.0,0.0,0.0,0.0,0.0,37.908554,37.908554,37.908554,37.908554,0.0,0.0,1.0,1.0,0.0,0.0,0.0,0.0,0.0,0.0,0.0,0.0,37.908554,37.908554,37.908554,37.908554,0.0,0.0,0.0,0.0,0.0,0.0,1024,0,1024
T0128,51036,32783,tcp,-,9e-06,1,1,0,0,110376.421053,110376.421053,220752.842105,1.0,20,20,20,20,20,20,0,0,1,0,0,1,0,0,0,0,0.0,0.0,0.0,0.0,0.0,0.0,0.0,0.0,0.0,0.0,0.0,0.0,0.0,0.0,0.0,0.0,0.0,0.0,0.0,0.0,0.0,0.0,0.0,0.0,0.0,9.059906,9.059906,9.059906,9.059906,0.0,0.0,1.0,1.0,0.0,0.0,0.0,0.0,0.0,0.0,0.0,0.0,9.059906,9.059906,9.059906,9.059906,0.0,0.0,0.0,0.0,0.0,0.0,1024,0,1024
T0129,44029,22,tcp,ssh,2.462943,14,13,6,5,5.684256,5.278238,10.962495,0.928571,456,32,40,424,32,40,2,2,0,6,5,26,0,0,0,0,0.0,800.0,1249.0,89.214286,211.470376,0.0,1080.0,1633.0,125.615385,300.04098,0.0,1080.0,2882.0,106.740741,253.482148,1652.956009,2319135.904312,2467393.159866,189799.473836,640019.139406,144.958496,2270857.095718,2462895.870209,205241.322517,650803.435421,5.0067900000000005,2270857.095718,2467393.159866,94899.736918,443998.284433,1170.1447859999998,7.0,6.5,624.5,816.5,0.0,0.0,0.0,0.0,0.0,0.0,2467393.159866,2467393.159866,2467393.159866,2467393.159866,0.0,0.0,0.0,0.0,0.0,0.0,64240,65160,501
T0130,52301,53,udp,dns,0.506117,2,2,2,2,3.951655,3.951655,7.903308999999999,1.0,16,8,8,16,8,8,0,0,0,0,0,0,0,0,0,0,41.0,41.0,82.0,41.0,0.0,41.0,89.0,130.0,65.0,33.941125,41.0,89.0,212.0,53.0,24.0,25.987625,25.987625,25.987625,25.987625,0.0,472338.914871,472338.914871,472338.914871,472338.914871,0.0,25.987625,472338.914871,506117.105484,168705.701828,263494.23228600004,418.87539,2.0,2.0,82.0,130.0,0.0,0.0,0.0,0.0,0.0,0.0,506117.105484,506117.105484,506117.105484,506117.105484,0.0,0.0,0.0,0.0,0.0,0.0,0,0,0
T0131,37818,80,tcp,http,0.708141,7,5,2,1,9.885036,7.060739999999999,16.945776000000002,0.714286,232,32,40,168,32,40,2,2,0,2,1,11,0,0,0,0,0.0,169.0,203.0,29.0,63.02116,0.0,539.0,539.0,107.8,241.048128,0.0,539.0,742.0,61.833333,157.929117,92.029572,255040.884,710005.9986,118334.3331,129077.9698,76.055527,231965.065,484248.1613,121062.0403,126239.4574,76.055527,229070.9019,710005.9986,64545.99987000001,103724.3622,1047.813793,7.0,5.0,203.0,539.0,0.0,0.0,0.0,0.0,0.0,0.0,710005.9986,710005.9986,710005.9986,710005.9986,0.0,0.0,0.0,0.0,0.0,0.0,64240,26847,501
T0132,50983,1883,tcp,mqtt,53.987884,10,6,3,4,0.185227,0.1111359999999999,0.296363,0.6,328,32,40,200,32,40,0,2,1,3,4,15,0,0,0,0,0.0,33.0,78.0,7.8,12.934021,0.0,23.0,36.0,6.0,8.602325,0.0,33.0,114.0,7.125,11.218289,198.125839,51899647.951126,53987883.806229,5998653.756248,17218864.198373,77.009201,1604026.079178,1924525.976181,384905.195236,686166.809244,77.009201,51899647.951126,53987883.806229,3599192.253749,13366946.845246,2.111585,3.333333,2.0,26.0,12.0,0.0,0.0,0.0,0.0,0.0,0.0,2088235.855103,2088235.855103,2088235.855103,2088235.855103,0.0,51899647.951126,51899647.951126,51899647.951126,51899647.951126,0.0,64240,26847,502
T0133,5184,53,udp,dns,0.043167,1,1,1,1,23.165911,23.165911,46.331822,1.0,8,8,8,8,8,8,0,0,0,0,0,0,0,0,0,0,31.0,31.0,31.0,31.0,0.0,156.0,156.0,156.0,156.0,0.0,31.0,156.0,187.0,93.5,88.388348,0.0,0.0,0.0,0.0,0.0,0.0,0.0,0.0,0.0,0.0,43166.875839,43166.875839,43166.875839,43166.875839,0.0,4332.02534,1.0,1.0,31.0,156.0,0.0,0.0,0.0,0.0,0.0,0.0,43166.875839,43166.875839,43166.875839,43166.875839,0.0,0.0,0.0,0.0,0.0,0.0,0,0,0
T0134,41094,21,tcp,-,4e-06,1,1,1,0,246723.764706,246723.764706,493447.529412,1.0,20,20,20,20,20,20,0,1,1,0,0,1,0,0,0,0,120.0,120.0,120.0,120.0,0.0,0.0,0.0,0.0,0.0,0.0,0.0,120.0,120.0,60.0,84.852814,0.0,0.0,0.0,0.0,0.0,0.0,0.0,0.0,0.0,0.0,4.053116,4.053116,4.053116,4.053116,0.0,29606851.764706,1.0,1.0,120.0,0.0,0.0,0.0,0.0,0.0,0.0,0.0,4.053116,4.053116,4.053116,4.053116,0.0,0.0,0.0,0.0,0.0,0.0,64,0,64
T0135,55061,1883,tcp,mqtt,62.106209,10,6,3,4,0.161014,0.096609,0.257623,0.6,328,32,40,200,32,40,0,2,1,3,4,15,0,0,0,0,0.0,33.0,78.0,7.8,12.934021,0.0,23.0,36.0,6.0,8.602325,0.0,33.0,114.0,7.125,11.218289,283.956528,59797888.994217,62106209.039688,6900689.893299,19839992.493878,72.002411,1495707.988739,2037390.947342,407478.189468,622811.566012,72.002411,59797888.994217,62106209.039688,4140413.935979,15400436.625368,1.835565,3.333333,2.0,26.0,12.0,0.0,0.0,0.0,0.0,0.0,0.0,2308320.045471,2308320.045471,2308320.045471,2308320.045471,0.0,59797888.994217,59797888.994217,59797888.994217,59797888.994217,0.0,64240,26847,502
T0136,64177,3664,udp,-,0.0,1,0,0,0,0.0,0.0,0.0,0.0,8,8,8,0,0,0,0,0,0,0,0,0,0,0,0,0,0.0,0.0,0.0,0.0,0.0,0.0,0.0,0.0,0.0,0.0,0.0,0.0,0.0,0.0,0.0,0.0,0.0,0.0,0.0,0.0,0.0,0.0,0.0,0.0,0.0,0.0,0.0,0.0,0.0,0.0,0.0,1.0,0.0,0.0,0.0,0.0,0.0,0.0,0.0,0.0,0.0,0.0,0.0,0.0,0.0,0.0,0.0,0.0,0.0,0.0,0.0,0,0,0
T0137,59247,8088,tcp,-,2.6e-05,1,1,0,0,38479.853211,38479.853211,76959.706422,1.0,20,20,20,20,20,20,1,0,1,1,0,1,1,0,0,0,0.0,0.0,0.0,0.0,0.0,0.0,0.0,0.0,0.0,0.0,0.0,0.0,0.0,0.0,0.0,0.0,0.0,0.0,0.0,0.0,0.0,0.0,0.0,0.0,0.0,25.987625,25.987625,25.987625,25.987625,0.0,0.0,1.0,1.0,0.0,0.0,0.0,0.0,0.0,0.0,0.0,0.0,25.987625,25.987625,25.987625,25.987625,0.0,0.0,0.0,0.0,0.0,0.0,1024,0,1024
T0138,43257,5353,udp,dns,0.0,1,0,1,0,0.0,0.0,0.0,0.0,8,8,8,0,0,0,0,0,0,0,0,0,0,0,0,0,45.0,45.0,45.0,45.0,0.0,0.0,0.0,0.0,0.0,0.0,45.0,45.0,45.0,45.0,0.0,0.0,0.0,0.0,0.0,0.0,0.0,0.0,0.0,0.0,0.0,0.0,0.0,0.0,0.0,0.0,0.0,1.0,0.0,45.0,0.0,0.0,0.0,0.0,0.0,0.0,0.0,0.0,0.0,0.0,0.0,0.0,0.0,0.0,0.0,0.0,0.0,0,0,0
T0139,59247,33,tcp,-,6e-06,1,1,0,0,161319.38461500002,161319.38461500002,322638.769231,1.0,20,20,20,20,20,20,1,0,1,1,0,1,1,0,0,0,0.0,0.0,0.0,0.0,0.0,0.0,0.0,0.0,0.0,0.0,0.0,0.0,0.0,0.0,0.0,0.0,0.0,0.0,0.0,0.0,0.0,0.0,0.0,0.0,0.0,6.198883,6.198883,6.198883,6.198883,0.0,0.0,1.0,1.0,0.0,0.0,0.0,0.0,0.0,0.0,0.0,0.0,6.198883,6.198883,6.198883,6.198883,0.0,0.0,0.0,0.0,0.0,0.0,1024,0,1024
T0140,49630,80,tcp,http,19.035359,5,4,3,0,0.262669,0.210135,0.472804,0.8,168,32,40,136,32,40,0,2,0,3,0,8,0,0,0,0,0.0,168.0,199.0,39.8,72.154002,0.0,0.0,0.0,0.0,0.0,0.0,168.0,199.0,22.111111,55.164401,1016.85524,19030678.033829,19035353.899002,4758838.474751,9514559.714807,1981.019974,19030663.013458,19035341.978073,6345113.992691,10986007.718785,5.0067900000000005,19030658.006668,19035358.905792,2379419.863224,6728116.279088,10.454229,2.5,2.0,99.5,0.0,0.0,0.0,0.0,0.0,0.0,0.0,5.0067900000000005,4695.892334,4700.8991240000005,2350.449562,3316.956978,19030658.006668,19030658.006668,19030658.006668,19030658.006668,0.0,64240,65160,502
T0141,58629,53,udp,dns,0.043816,2,2,2,2,45.645581,45.645581,91.291163,1.0,16,8,8,16,8,8,0,0,0,0,0,0,0,0,0,0,45.0,45.0,90.0,45.0,0.0,45.0,77.0,122.0,61.0,22.627417,45.0,77.0,212.0,53.0,16.0,28.848648,28.848648,28.848648,28.848648,0.0,41785.955429,41785.955429,41785.955429,41785.955429,0.0,28.848648,41785.955429,43815.851212,14605.283737,23559.797897,4838.431621,2.0,2.0,90.0,122.0,0.0,0.0,0.0,0.0,0.0,0.0,43815.851212,43815.851212,43815.851212,43815.851212,0.0,0.0,0.0,0.0,0.0,0.0,0,0,0
T0142,51036,8994,tcp,-,5e-06,1,1,0,0,199728.761905,199728.761905,399457.52381,1.0,20,20,20,20,20,20,0,0,1,0,0,1,0,0,0,0,0.0,0.0,0.0,0.0,0.0,0.0,0.0,0.0,0.0,0.0,0.0,0.0,0.0,0.0,0.0,0.0,0.0,0.0,0.0,0.0,0.0,0.0,0.0,0.0,0.0,5.0067900000000005,5.0067900000000005,5.0067900000000005,5.0067900000000005,0.0,0.0,1.0,1.0,0.0,0.0,0.0,0.0,0.0,0.0,0.0,0.0,5.0067900000000005,5.0067900000000005,5.0067900000000005,5.0067900000000005,0.0,0.0,0.0,0.0,0.0,0.0,1024,0,1024
T0143,51383,1883,tcp,mqtt,62.11054300000001,10,6,3,4,0.161003,0.096602,0.257605,0.6,328,32,40,200,32,40,0,2,1,3,4,15,0,0,0,0,0.0,33.0,78.0,7.8,12.934021,0.0,23.0,36.0,6.0,8.602325,0.0,33.0,114.0,7.125,11.218289,245.09429900000003,59775244.951248,62110543.012619,6901171.445847,19831402.628351,76.055527,1524238.109589,2058618.068695,411723.613739,635847.310083,76.055527,59775244.951248,62110543.012619,4140702.867508,15394169.068626,1.835437,3.333333,2.0,26.0,12.0,0.0,0.0,0.0,0.0,0.0,0.0,2335298.061371,2335298.061371,2335298.061371,2335298.061371,0.0,59775244.951248,59775244.951248,59775244.951248,59775244.951248,0.0,64240,26847,502
T0144,36242,1052,tcp,-,7.000000000000001e-06,1,1,0,0,144631.172414,144631.172414,289262.344828,1.0,20,20,20,20,20,20,1,0,1,1,0,1,1,0,0,0,0.0,0.0,0.0,0.0,0.0,0.0,0.0,0.0,0.0,0.0,0.0,0.0,0.0,0.0,0.0,0.0,0.0,0.0,0.0,0.0,0.0,0.0,0.0,0.0,0.0,6.914139,6.914139,6.914139,6.914139,0.0,0.0,1.0,1.0,0.0,0.0,0.0,0.0,0.0,0.0,0.0,0.0,6.914139,6.914139,6.914139,6.914139,0.0,0.0,0.0,0.0,0.0,0.0,1024,0,1024
T0145,49588,80,tcp,http,21.198151,5,4,3,0,0.2358699999999999,0.188696,0.4245649999999999,0.8,168,32,40,136,32,40,0,2,0,3,0,8,0,0,0,0,0.0,168.0,197.0,39.4,72.358828,0.0,0.0,0.0,0.0,0.0,0.0,168.0,197.0,21.888889,55.218757,407.934189,21190606.117249,21198145.151138,5299536.287785,10594046.657562,3594.16008,21190574.884415,21198134.899139,7066044.96638,12232201.726943,5.960464,21190568.92395,21198151.111603,2649768.88895,7491614.695958001,9.293263,2.5,2.0,98.5,0.0,0.0,0.0,0.0,0.0,0.0,0.0,5.960464,7576.227188,7582.187653,3791.093826,5352.986936,21190568.92395,21190568.92395,21190568.92395,21190568.92395,0.0,64240,65160,502
T0146,44341,53,udp,dns,0.028899,2,2,2,2,69.20665600000001,69.20665600000001,138.41331200000002,1.0,16,8,8,16,8,8,0,0,0,0,0,0,0,0,0,0,32.0,32.0,64.0,32.0,0.0,32.0,64.0,96.0,48.0,22.627417,32.0,64.0,160.0,40.0,16.0,1081.9435119999998,1081.9435119999998,1081.9435119999998,1081.9435119999998,0.0,27550.93575,27550.93575,27550.93575,27550.93575,0.0,266.075134,27550.93575,28898.95439,9632.984797,15522.76183,5536.532493,2.0,2.0,64.0,96.0,0.0,0.0,0.0,0.0,0.0,0.0,28898.95439,28898.95439,28898.95439,28898.95439,0.0,0.0,0.0,0.0,0.0,0.0,0,0,0
T0147,36086,21,tcp,-,4e-06,1,1,1,0,246723.764706,246723.764706,493447.529412,1.0,20,20,20,20,20,20,0,1,1,0,0,1,0,0,0,0,120.0,120.0,120.0,120.0,0.0,0.0,0.0,0.0,0.0,0.0,0.0,120.0,120.0,60.0,84.852814,0.0,0.0,0.0,0.0,0.0,0.0,0.0,0.0,0.0,0.0,4.053116,4.053116,4.053116,4.053116,0.0,29606851.764706,1.0,1.0,120.0,0.0,0.0,0.0,0.0,0.0,0.0,0.0,4.053116,4.053116,4.053116,4.053116,0.0,0.0,0.0,0.0,0.0,0.0,64,0,64
T0148,64949,21,tcp,-,1e-06,1,1,1,0,1048576.0,1048576.0,2097152.0,1.0,20,20,20,20,20,20,0,1,1,0,0,1,0,0,0,0,120.0,120.0,120.0,120.0,0.0,0.0,0.0,0.0,0.0,0.0,0.0,120.0,120.0,60.0,84.852814,0.0,0.0,0.0,0.0,0.0,0.0,0.0,0.0,0.0,0.0,0.953674,0.953674,0.953674,0.953674,0.0,125829120.0,1.0,1.0,120.0,0.0,0.0,0.0,0.0,0.0,0.0,0.0,0.953674,0.953674,0.953674,0.953674,0.0,0.0,0.0,0.0,0.0,0.0,64,0,64
T0149,49798,80,tcp,http,0.004076,4,3,2,0,981.353299,736.014974,1717.368273,0.75,136,32,40,104,32,40,0,2,0,2,0,6,0,0,0,0,0.0,168.0,188.0,47.0,81.215762,0.0,0.0,0.0,0.0,0.0,0.0,168.0,188.0,26.857143,62.682875,10.01358,2165.079117,4055.023193,1351.674398,1170.627074,1878.023148,2151.012421,4029.035568,2014.517784,193.032566,10.01358,2130.031586,4076.004028,679.3340049999999,1013.093389,46123.605054,4.0,3.0,188.0,0.0,0.0,0.0,0.0,0.0,0.0,0.0,4076.004028,4076.004028,4076.004028,4076.004028,0.0,0.0,0.0,0.0,0.0,0.0,64240,65160,502
T0150,50078,207,udp,-,0.0,1,0,0,0,0.0,0.0,0.0,0.0,8,8,8,0,0,0,0,0,0,0,0,0,0,0,0,0,0.0,0.0,0.0,0.0,0.0,0.0,0.0,0.0,0.0,0.0,0.0,0.0,0.0,0.0,0.0,0.0,0.0,0.0,0.0,0.0,0.0,0.0,0.0,0.0,0.0,0.0,0.0,0.0,0.0,0.0,0.0,1.0,0.0,0.0,0.0,0.0,0.0,0.0,0.0,0.0,0.0,0.0,0.0,0.0,0.0,0.0,0.0,0.0,0.0,0.0,0.0,0,0,0
T0151,59535,53,udp,dns,0.021251,2,2,2,2,94.112325,94.112325,188.224651,1.0,16,8,8,16,8,8,0,0,0,0,0,0,0,0,0,0,36.0,36.0,72.0,36.0,0.0,36.0,68.0,104.0,52.0,22.627417,36.0,68.0,176.0,44.0,16.0,1077.17514,1077.17514,1077.17514,1077.17514,0.0,19908.18977,19908.18977,19908.18977,19908.18977,0.0,265.836716,19908.18977,21251.20163,7083.733877,11113.71087,8281.884623,2.0,2.0,72.0,104.0,0.0,0.0,0.0,0.0,0.0,0.0,21251.20163,21251.20163,21251.20163,21251.20163,0.0,0.0,0.0,0.0,0.0,0.0,0,0,0
T0152,51036,2046,tcp,-,7.000000000000001e-06,1,1,0,0,144631.172414,144631.172414,289262.344828,1.0,20,20,20,20,20,20,0,0,1,0,0,1,0,0,0,0,0.0,0.0,0.0,0.0,0.0,0.0,0.0,0.0,0.0,0.0,0.0,0.0,0.0,0.0,0.0,0.0,0.0,0.0,0.0,0.0,0.0,0.0,0.0,0.0,0.0,6.914139,6.914139,6.914139,6.914139,0.0,0.0,1.0,1.0,0.0,0.0,0.0,0.0,0.0,0.0,0.0,0.0,6.914139,6.914139,6.914139,6.914139,0.0,0.0,0.0,0.0,0.0,0.0,1024,0,1024
T0153,36242,981,tcp,-,2.2e-05,1,1,0,0,45590.26087,45590.26087,91180.521739,1.0,20,20,20,20,20,20,1,0,1,1,0,1,1,0,0,0,0.0,0.0,0.0,0.0,0.0,0.0,0.0,0.0,0.0,0.0,0.0,0.0,0.0,0.0,0.0,0.0,0.0,0.0,0.0,0.0,0.0,0.0,0.0,0.0,0.0,21.934509,21.934509,21.934509,21.934509,0.0,0.0,1.0,1.0,0.0,0.0,0.0,0.0,0.0,0.0,0.0,0.0,21.934509,21.934509,21.934509,21.934509,0.0,0.0,0.0,0.0,0.0,0.0,1024,0,1024
T0154,28914,21,tcp,-,2e-06,1,1,1,0,524288.0,524288.0,1048576.0,1.0,20,20,20,20,20,20,0,1,1,0,0,1,0,0,0,0,120.0,120.0,120.0,120.0,0.0,0.0,0.0,0.0,0.0,0.0,0.0,120.0,120.0,60.0,84.852814,0.0,0.0,0.0,0.0,0.0,0.0,0.0,0.0,0.0,0.0,1.907349,1.907349,1.907349,1.907349,0.0,62914560.0,1.0,1.0,120.0,0.0,0.0,0.0,0.0,0.0,0.0,0.0,1.907349,1.907349,1.907349,1.907349,0.0,0.0,0.0,0.0,0.0,0.0,64,0,64
T0155,51036,9010,tcp,-,1e-05,1,1,0,0,99864.380952,99864.380952,199728.761905,1.0,20,20,20,20,20,20,0,0,1,0,0,1,0,0,0,0,0.0,0.0,0.0,0.0,0.0,0.0,0.0,0.0,0.0,0.0,0.0,0.0,0.0,0.0,0.0,0.0,0.0,0.0,0.0,0.0,0.0,0.0,0.0,0.0,0.0,10.01358,10.01358,10.01358,10.01358,0.0,0.0,1.0,1.0,0.0,0.0,0.0,0.0,0.0,0.0,0.0,0.0,10.01358,10.01358,10.01358,10.01358,0.0,0.0,0.0,0.0,0.0,0.0,1024,0,1024
T0156,41306,80,tcp,http,0.7302420000000001,7,5,2,1,9.585863,6.847045,16.432907999999998,0.714286,232,32,40,168,32,40,2,2,0,2,1,11,0,0,0,0,0.0,169.0,201.0,28.714286,62.999244,0.0,539.0,539.0,107.8,241.048128,0.0,539.0,740.0,61.666667,157.962213,92.983246,271733.9993,732139.1106,122023.1851,133568.2202,56.982040000000005,232027.0538,504061.9373,126015.4843,123306.9512,56.982040000000005,229638.0997,732139.1106,66558.10096,104221.1335,1013.362674,7.0,5.0,201.0,539.0,0.0,0.0,0.0,0.0,0.0,0.0,732139.1106,732139.1106,732139.1106,732139.1106,0.0,0.0,0.0,0.0,0.0,0.0,64240,26847,501
T0157,47839,53,udp,dns,0.066471,2,2,2,2,30.088372,30.088372,60.17674399999999,1.0,16,8,8,16,8,8,0,0,0,0,0,0,0,0,0,0,32.0,32.0,64.0,32.0,0.0,32.0,64.0,96.0,48.0,22.627417,32.0,64.0,160.0,40.0,16.0,865.9362789999999,865.9362789999999,865.9362789999999,865.9362789999999,0.0,65340.99579,65340.99579,65340.99579,65340.99579,0.0,263.929367,65340.99579,66470.86144,22156.95381,37399.68869,2407.069753,2.0,2.0,64.0,96.0,0.0,0.0,0.0,0.0,0.0,0.0,66470.86144,66470.86144,66470.86144,66470.86144,0.0,0.0,0.0,0.0,0.0,0.0,0,0,0
T0158,46600,6106,tcp,-,6e-06,1,1,0,0,167772.16,167772.16,335544.32,1.0,20,20,20,20,20,20,0,0,1,0,0,1,0,0,0,0,0.0,0.0,0.0,0.0,0.0,0.0,0.0,0.0,0.0,0.0,0.0,0.0,0.0,0.0,0.0,0.0,0.0,0.0,0.0,0.0,0.0,0.0,0.0,0.0,0.0,5.960464,5.960464,5.960464,5.960464,0.0,0.0,1.0,1.0,0.0,0.0,0.0,0.0,0.0,0.0,0.0,0.0,5.960464,5.960464,5.960464,5.960464,0.0,0.0,0.0,0.0,0.0,0.0,1024,0,1024
T0159,55182,80,tcp,http,30.663656,7,11,4,4,0.2282829999999999,0.358731,0.587014,1.5714290000000002,232,32,40,348,20,40,5,2,1,4,4,16,0,0,0,0,0.0,168.0,210.0,30.0,61.326992,0.0,482.0,1928.0,175.272727,243.18104,0.0,482.0,2138.0,118.777778,203.529895,3.814697,15289932.012557998,30663645.982742,5110607.663790001,6718048.56777,72.002411,13723303.079605,30663637.876511,3066363.787651,5209210.619448001,2.861023,13723303.079605,30663655.996323,1803744.470372,4202518.445761,69.724236,1.75,2.75,52.5,482.0,0.0,0.0,0.0,0.0,0.0,0.0,2.861023,5348794.937134,5352268.93425,1784089.64475,3087125.82727,11588083.982468,13723303.079605,25311387.062073,12655693.531036,1509827.902905,64240,65160,501
T0160,38868,9111,tcp,-,3e-06,1,1,0,0,322638.769231,322638.769231,645277.538462,1.0,40,40,40,20,20,20,0,1,1,0,0,1,0,0,0,0,0.0,0.0,0.0,0.0,0.0,0.0,0.0,0.0,0.0,0.0,0.0,0.0,0.0,0.0,0.0,0.0,0.0,0.0,0.0,0.0,0.0,0.0,0.0,0.0,0.0,3.099442,3.099442,3.099442,3.099442,0.0,0.0,1.0,1.0,0.0,0.0,0.0,0.0,0.0,0.0,0.0,0.0,3.099442,3.099442,3.099442,3.099442,0.0,0.0,0.0,0.0,0.0,0.0,64240,0,64240
T0161,59247,1132,tcp,-,5e-06,1,1,0,0,199728.761905,199728.761905,399457.52381,1.0,20,20,20,20,20,20,1,0,1,1,0,1,1,0,0,0,0.0,0.0,0.0,0.0,0.0,0.0,0.0,0.0,0.0,0.0,0.0,0.0,0.0,0.0,0.0,0.0,0.0,0.0,0.0,0.0,0.0,0.0,0.0,0.0,0.0,5.0067900000000005,5.0067900000000005,5.0067900000000005,5.0067900000000005,0.0,0.0,1.0,1.0,0.0,0.0,0.0,0.0,0.0,0.0,0.0,0.0,5.0067900000000005,5.0067900000000005,5.0067900000000005,5.0067900000000005,0.0,0.0,0.0,0.0,0.0,0.0,1024,0,1024
T0162,58693,1883,tcp,mqtt,61.99108199999999,10,6,3,4,0.161314,0.096788,0.258102,0.6,328,32,40,200,32,40,0,2,1,3,4,15,0,0,0,0,0.0,33.0,76.0,7.6,12.650867,0.0,21.0,34.0,5.666667,7.814516,0.0,33.0,110.0,6.875,10.831282,254.154205,59915198.08769201,61991081.953049,6887897.994783,19890760.944442,66.995621,1636527.061462,1927941.0839080005,385588.216782,702784.5249579999,66.995621,59915198.08769201,61991081.953049,4132738.79687,15436349.005454,1.7744490000000002,3.333333,2.0,25.333333,11.333333,0.0,0.0,0.0,0.0,0.0,0.0,2075883.865356,2075883.865356,2075883.865356,2075883.865356,0.0,59915198.08769201,59915198.08769201,59915198.08769201,59915198.08769201,0.0,64240,26847,502
T0163,46600,19842,tcp,-,8e-06,1,1,0,0,127100.12121199998,127100.12121199998,254200.242424,1.0,20,20,20,20,20,20,0,0,1,0,0,1,0,0,0,0,0.0,0.0,0.0,0.0,0.0,0.0,0.0,0.0,0.0,0.0,0.0,0.0,0.0,0.0,0.0,0.0,0.0,0.0,0.0,0.0,0.0,0.0,0.0,0.0,0.0,7.867813000000001,7.867813000000001,7.867813000000001,7.867813000000001,0.0,0.0,1.0,1.0,0.0,0.0,0.0,0.0,0.0,0.0,0.0,0.0,7.867813000000001,7.867813000000001,7.867813000000001,7.867813000000001,0.0,0.0,0.0,0.0,0.0,0.0,1024,0,1024
T0164,33189,53,udp,dns,0.028963,2,2,2,2,69.05340799999999,69.05340799999999,138.10681599999998,1.0,16,8,8,16,8,8,0,0,0,0,0,0,0,0,0,0,36.0,36.0,72.0,36.0,0.0,36.0,68.0,104.0,52.0,22.627417,36.0,68.0,176.0,44.0,16.0,247.955322,247.955322,247.955322,247.955322,0.0,27722.12029,27722.12029,27722.12029,27722.12029,0.0,247.955322,27722.12029,28963.08899,9654.362996,15651.570780000002,6076.699901,2.0,2.0,72.0,104.0,0.0,0.0,0.0,0.0,0.0,0.0,28963.08899,28963.08899,28963.08899,28963.08899,0.0,0.0,0.0,0.0,0.0,0.0,0,0,0
T0165,64178,48078,udp,-,0.0,1,0,1,0,0.0,0.0,0.0,0.0,8,8,8,0,0,0,0,0,0,0,0,0,0,0,0,0,40.0,40.0,40.0,40.0,0.0,0.0,0.0,0.0,0.0,0.0,40.0,40.0,40.0,40.0,0.0,0.0,0.0,0.0,0.0,0.0,0.0,0.0,0.0,0.0,0.0,0.0,0.0,0.0,0.0,0.0,0.0,1.0,0.0,40.0,0.0,0.0,0.0,0.0,0.0,0.0,0.0,0.0,0.0,0.0,0.0,0.0,0.0,0.0,0.0,0.0,0.0,0,0,0
T0166,45714,5904,tcp,-,4e-06,1,1,0,0,262144.0,262144.0,524288.0,1.0,40,40,40,20,20,20,0,1,1,0,0,1,0,0,0,0,0.0,0.0,0.0,0.0,0.0,0.0,0.0,0.0,0.0,0.0,0.0,0.0,0.0,0.0,0.0,0.0,0.0,0.0,0.0,0.0,0.0,0.0,0.0,0.0,0.0,3.814697,3.814697,3.814697,3.814697,0.0,0.0,1.0,1.0,0.0,0.0,0.0,0.0,0.0,0.0,0.0,0.0,3.814697,3.814697,3.814697,3.814697,0.0,0.0,0.0,0.0,0.0,0.0,64240,0,64240
T0167,5353,5353,udp,dns,4.017784,3,0,3,0,0.74668,0.0,0.74668,0.0,24,8,8,0,0,0,0,0,0,0,0,0,0,0,0,0,115.0,115.0,345.0,115.0,0.0,0.0,0.0,0.0,0.0,0.0,115.0,115.0,345.0,115.0,0.0,1007290.124893,3010493.993759,4017784.118652,2008892.059326,1416479.039774,0.0,0.0,0.0,0.0,0.0,1007290.124893,3010493.993759,4017784.118652,2008892.059326,1416479.039774,85.868227,1.0,0.0,115.0,0.0,0.0,0.0,0.0,0.0,0.0,0.0,4017784.118652,4017784.118652,4017784.118652,4017784.118652,0.0,0.0,0.0,0.0,0.0,0.0,0,0,0
T0168,54969,1883,tcp,mqtt,38.026763,9,5,3,3,0.236675,0.131486,0.368162,0.555556,296,32,40,168,32,40,0,2,1,3,3,13,0,0,0,0,0.0,33.0,76.0,8.444444,13.115935999999998,0.0,23.0,32.0,6.4,9.555103,0.0,33.0,108.0,7.714286,11.618477,295.162201,35879055.976868,38026762.962341,4753345.370293,12586520.107252,88.93013,1676470.041275,1996208.190918,499052.047729,788548.843044,88.93013,35879055.976868,38026762.962341,2925135.612488,9909851.714589,2.840105,3.0,1.666667,25.333333,10.666667,0.0,0.0,0.0,0.0,0.0,0.0,2147706.985474,2147706.985474,2147706.985474,2147706.985474,0.0,35879055.976868,35879055.976868,35879055.976868,35879055.976868,0.0,64240,26847,502
T0169,43348,6792,tcp,-,3.5e-05,1,1,0,0,28532.680272,28532.680272,57065.360544,1.0,40,40,40,20,20,20,0,1,1,0,0,1,0,0,0,0,0.0,0.0,0.0,0.0,0.0,0.0,0.0,0.0,0.0,0.0,0.0,0.0,0.0,0.0,0.0,0.0,0.0,0.0,0.0,0.0,0.0,0.0,0.0,0.0,0.0,35.047531,35.047531,35.047531,35.047531,0.0,0.0,1.0,1.0,0.0,0.0,0.0,0.0,0.0,0.0,0.0,0.0,35.047531,35.047531,35.047531,35.047531,0.0,0.0,0.0,0.0,0.0,0.0,64240,0,64240
T0170,55505,53,udp,dns,0.031945,2,2,2,2,62.607626,62.607626,125.215252,1.0,16,8,8,16,8,8,0,0,0,0,0,0,0,0,0,0,36.0,36.0,72.0,36.0,0.0,36.0,68.0,104.0,52.0,22.627417,36.0,68.0,176.0,44.0,16.0,31728.02925,31728.02925,31728.02925,31728.02925,0.0,2218.008041,2218.008041,2218.008041,2218.008041,0.0,216.960907,29726.98212,31944.99016,10648.33005,16546.660219999998,5509.471098,2.0,2.0,72.0,104.0,0.0,0.0,0.0,0.0,0.0,0.0,31944.99016,31944.99016,31944.99016,31944.99016,0.0,0.0,0.0,0.0,0.0,0.0,0,0,0
T0171,47069,1883,tcp,mqtt,62.052651,10,6,3,4,0.161153,0.096692,0.257846,0.6,328,32,40,200,32,40,0,2,1,3,4,15,0,0,0,0,0.0,33.0,78.0,7.8,12.934021,0.0,23.0,36.0,6.0,8.602325,0.0,33.0,114.0,7.125,11.218289,264.167786,59804820.06073,62052650.92849699,6894738.992055002,19845082.197197,139.951706,1520233.869553,2016309.976578,403261.995316,636625.4820000001,139.951706,59804820.06073,62052650.92849699,4136843.395233,15403498.907468,1.83715,3.333333,2.0,26.0,12.0,0.0,0.0,0.0,0.0,0.0,0.0,2247830.867767,2247830.867767,2247830.867767,2247830.867767,0.0,59804820.06073,59804820.06073,59804820.06073,59804820.06073,0.0,64240,26847,502
T0172,49774,80,tcp,http,0.004535,4,3,2,0,881.9901169999999,661.492588,1543.482704,0.75,136,32,40,104,32,40,0,2,0,2,0,6,0,0,0,0,0.0,168.0,189.0,47.25,81.106412,0.0,0.0,0.0,0.0,0.0,0.0,168.0,189.0,27.0,62.665780000000005,10.01358,2321.004868,4502.058029,1500.68601,1293.1359619999998,2197.027206,2321.004868,4518.032074000001,2259.0160370000003,87.66544499999999,10.01358,2287.864685,4535.198211999999,755.8663690000001,1135.6129019999998,41674.033014,4.0,3.0,189.0,0.0,0.0,0.0,0.0,0.0,0.0,0.0,4535.198211999999,4535.198211999999,4535.198211999999,4535.198211999999,0.0,0.0,0.0,0.0,0.0,0.0,64240,65160,502
T0173,36242,3998,tcp,-,2.9e-05,1,1,0,0,34663.669421,34663.669421,69327.33884299999,1.0,20,20,20,20,20,20,1,0,1,1,0,1,1,0,0,0,0.0,0.0,0.0,0.0,0.0,0.0,0.0,0.0,0.0,0.0,0.0,0.0,0.0,0.0,0.0,0.0,0.0,0.0,0.0,0.0,0.0,0.0,0.0,0.0,0.0,28.848648,28.848648,28.848648,28.848648,0.0,0.0,1.0,1.0,0.0,0.0,0.0,0.0,0.0,0.0,0.0,0.0,28.848648,28.848648,28.848648,28.848648,0.0,0.0,0.0,0.0,0.0,0.0,1024,0,1024
T0174,43673,53,udp,dns,0.001834,2,2,2,2,1090.5626630000002,1090.5626630000002,2181.125325,1.0,16,8,8,16,8,8,0,0,0,0,0,0,0,0,0,0,49.0,49.0,98.0,49.0,0.0,96.0,108.0,204.0,102.0,8.485281,49.0,108.0,302.0,75.5,30.989245,9.059906,9.059906,9.059906,9.059906,0.0,545.024872,545.024872,545.024872,545.024872,0.0,9.059906,1279.830933,1833.91571,611.305237,637.973013,164674.962038,2.0,2.0,98.0,204.0,0.0,0.0,0.0,0.0,0.0,0.0,1833.91571,1833.91571,1833.91571,1833.91571,0.0,0.0,0.0,0.0,0.0,0.0,0,0,0
T0175,47754,53,udp,dns,0.1822619999999999,2,2,2,2,10.973218,10.973218,21.946436,1.0,16,8,8,16,8,8,0,0,0,0,0,0,0,0,0,0,44.0,44.0,88.0,44.0,0.0,114.0,130.0,244.0,122.0,11.313708,44.0,130.0,332.0,83.0,45.504579,12.874603,12.874603,12.874603,12.874603,0.0,71484.088898,71484.088898,71484.088898,71484.088898,0.0,12.874603,110764.98031600002,182261.943817,60753.981272000005,56150.321791,1821.554149,2.0,2.0,88.0,244.0,0.0,0.0,0.0,0.0,0.0,0.0,182261.943817,182261.943817,182261.943817,182261.943817,0.0,0.0,0.0,0.0,0.0,0.0,0,0,0
T0176,59247,5998,tcp,-,6e-06,1,1,0,0,167772.16,167772.16,335544.32,1.0,20,20,20,20,20,20,1,0,1,1,0,1,1,0,0,0,0.0,0.0,0.0,0.0,0.0,0.0,0.0,0.0,0.0,0.0,0.0,0.0,0.0,0.0,0.0,0.0,0.0,0.0,0.0,0.0,0.0,0.0,0.0,0.0,0.0,5.960464,5.960464,5.960464,5.960464,0.0,0.0,1.0,1.0,0.0,0.0,0.0,0.0,0.0,0.0,0.0,0.0,5.960464,5.960464,5.960464,5.960464,0.0,0.0,0.0,0.0,0.0,0.0,1024,0,1024
T0177,55080,80,tcp,http,30.786871,7,13,4,6,0.22737,0.4222579999999999,0.649628,1.857143,232,32,40,412,20,40,7,2,1,4,6,18,0,0,0,0,0.0,168.0,211.0,30.142857,61.300975,0.0,482.0,2892.0,222.461538,250.097519,0.0,482.0,3103.0,155.15,222.594811,10.01358,15370283.842087,30786849.021912,5131141.503652,6768678.037206,105.142593,11707465.88707,30786855.93605,2565571.328004,3850777.483152,3.814697,11707462.072372,30786870.956421003,1620361.629285,3265029.1657040003,100.789717,1.166667,2.166667,35.166667,482.0,0.0,0.0,0.0,0.0,0.0,0.0,3.814697,10381947.040558,10384893.894196,3461631.298065,5993169.4153930005,8694514.989853,11707462.072372,20401977.062225,10200988.531113,2130475.313406,64240,65160,501
T0178,47672,53,udp,dns,0.191969,2,2,2,2,10.418353,10.418353,20.836707,1.0,16,8,8,16,8,8,0,0,0,0,0,0,0,0,0,0,40.0,40.0,80.0,40.0,0.0,102.0,118.0,220.0,110.0,11.313708,40.0,118.0,300.0,75.0,40.938979,25.987625,25.987625,25.987625,25.987625,0.0,120454.072952,120454.072952,120454.072952,120454.072952,0.0,25.987625,120454.072952,191968.917847,63989.639282,60563.2697,1562.7529880000002,2.0,2.0,80.0,220.0,0.0,0.0,0.0,0.0,0.0,0.0,191968.917847,191968.917847,191968.917847,191968.917847,0.0,0.0,0.0,0.0,0.0,0.0,0,0,0
T0179,36242,3814,tcp,-,5e-06,1,1,0,0,199728.761905,199728.761905,399457.52381,1.0,20,20,20,20,20,20,1,0,1,1,0,1,1,0,0,0,0.0,0.0,0.0,0.0,0.0,0.0,0.0,0.0,0.0,0.0,0.0,0.0,0.0,0.0,0.0,0.0,0.0,0.0,0.0,0.0,0.0,0.0,0.0,0.0,0.0,5.0067900000000005,5.0067900000000005,5.0067900000000005,5.0067900000000005,0.0,0.0,1.0,1.0,0.0,0.0,0.0,0.0,0.0,0.0,0.0,0.0,5.0067900000000005,5.0067900000000005,5.0067900000000005,5.0067900000000005,0.0,0.0,0.0,0.0,0.0,0.0,1024,0,1024
T0180,36242,1117,tcp,-,7.000000000000001e-06,1,1,0,0,144631.172414,144631.172414,289262.344828,1.0,20,20,20,20,20,20,1,0,1,1,0,1,1,0,0,0,0.0,0.0,0.0,0.0,0.0,0.0,0.0,0.0,0.0,0.0,0.0,0.0,0.0,0.0,0.0,0.0,0.0,0.0,0.0,0.0,0.0,0.0,0.0,0.0,0.0,6.914139,6.914139,6.914139,6.914139,0.0,0.0,1.0,1.0,0.0,0.0,0.0,0.0,0.0,0.0,0.0,0.0,6.914139,6.914139,6.914139,6.914139,0.0,0.0,0.0,0.0,0.0,0.0,1024,0,1024
T0181,34683,1883,tcp,mqtt,23.930331,10,6,3,4,0.41788,0.250728,0.668608,0.6,328,32,40,200,32,40,0,2,1,3,4,15,0,0,0,0,0.0,33.0,78.0,7.8,12.934021,0.0,23.0,36.0,6.0,8.602325,0.0,33.0,114.0,7.125,11.218289,239.133835,21868395.805359,23930330.991745006,2658925.6657490004,7217714.752897998,75.81710799999998,1596229.076385,1904407.024384,380881.404877,683549.417354,75.81710799999998,21868395.805359,23930330.991745006,1595355.39945,5620196.564605,4.763829,3.333333,2.0,26.0,12.0,0.0,0.0,0.0,0.0,0.0,0.0,2061935.186386,2061935.186386,2061935.186386,2061935.186386,0.0,21868395.805359,21868395.805359,21868395.805359,21868395.805359,0.0,64240,26847,502
T0182,46600,50800,tcp,-,6e-06,1,1,0,0,167772.16,167772.16,335544.32,1.0,20,20,20,20,20,20,0,0,1,0,0,1,0,0,0,0,0.0,0.0,0.0,0.0,0.0,0.0,0.0,0.0,0.0,0.0,0.0,0.0,0.0,0.0,0.0,0.0,0.0,0.0,0.0,0.0,0.0,0.0,0.0,0.0,0.0,5.960464,5.960464,5.960464,5.960464,0.0,0.0,1.0,1.0,0.0,0.0,0.0,0.0,0.0,0.0,0.0,0.0,5.960464,5.960464,5.960464,5.960464,0.0,0.0,0.0,0.0,0.0,0.0,1024,0,1024
T0183,46600,1783,tcp,-,2e-06,1,1,0,0,524288.0,524288.0,1048576.0,1.0,20,20,20,20,20,20,0,0,1,0,0,1,0,0,0,0,0.0,0.0,0.0,0.0,0.0,0.0,0.0,0.0,0.0,0.0,0.0,0.0,0.0,0.0,0.0,0.0,0.0,0.0,0.0,0.0,0.0,0.0,0.0,0.0,0.0,1.907349,1.907349,1.907349,1.907349,0.0,0.0,1.0,1.0,0.0,0.0,0.0,0.0,0.0,0.0,0.0,0.0,1.907349,1.907349,1.907349,1.907349,0.0,0.0,0.0,0.0,0.0,0.0,1024,0,1024
T0184,55916,2001,tcp,-,6e-06,1,1,0,0,167772.16,167772.16,335544.32,1.0,40,40,40,20,20,20,0,1,1,0,0,1,0,0,0,0,0.0,0.0,0.0,0.0,0.0,0.0,0.0,0.0,0.0,0.0,0.0,0.0,0.0,0.0,0.0,0.0,0.0,0.0,0.0,0.0,0.0,0.0,0.0,0.0,0.0,5.960464,5.960464,5.960464,5.960464,0.0,0.0,1.0,1.0,0.0,0.0,0.0,0.0,0.0,0.0,0.0,0.0,5.960464,5.960464,5.960464,5.960464,0.0,0.0,0.0,0.0,0.0,0.0,64240,0,64240
T0185,34306,53,udp,dns,0.085444,1,1,1,1,11.703576,11.703576,23.407151,1.0,8,8,8,8,8,8,0,0,0,0,0,0,0,0,0,0,41.0,41.0,41.0,41.0,0.0,288.0,288.0,288.0,288.0,0.0,41.0,288.0,329.0,164.5,174.655375,0.0,0.0,0.0,0.0,0.0,0.0,0.0,0.0,0.0,0.0,85443.973541,85443.973541,85443.973541,85443.973541,0.0,3850.476357,1.0,1.0,41.0,288.0,0.0,0.0,0.0,0.0,0.0,0.0,85443.973541,85443.973541,85443.973541,85443.973541,0.0,0.0,0.0,0.0,0.0,0.0,0,0,0
T0186,48875,21,tcp,-,1e-06,1,1,1,0,1048576.0,1048576.0,2097152.0,1.0,20,20,20,20,20,20,0,1,1,0,0,1,0,0,0,0,120.0,120.0,120.0,120.0,0.0,0.0,0.0,0.0,0.0,0.0,0.0,120.0,120.0,60.0,84.852814,0.0,0.0,0.0,0.0,0.0,0.0,0.0,0.0,0.0,0.0,0.953674,0.953674,0.953674,0.953674,0.0,125829120.0,1.0,1.0,120.0,0.0,0.0,0.0,0.0,0.0,0.0,0.0,0.953674,0.953674,0.953674,0.953674,0.0,0.0,0.0,0.0,0.0,0.0,64,0,64
T0187,46600,3826,tcp,-,8e-06,1,1,0,0,123361.882353,123361.882353,246723.764706,1.0,20,20,20,20,20,20,0,0,1,0,0,1,0,0,0,0,0.0,0.0,0.0,0.0,0.0,0.0,0.0,0.0,0.0,0.0,0.0,0.0,0.0,0.0,0.0,0.0,0.0,0.0,0.0,0.0,0.0,0.0,0.0,0.0,0.0,8.106232,8.106232,8.106232,8.106232,0.0,0.0,1.0,1.0,0.0,0.0,0.0,0.0,0.0,0.0,0.0,0.0,8.106232,8.106232,8.106232,8.106232,0.0,0.0,0.0,0.0,0.0,0.0,1024,0,1024
T0188,52198,443,tcp,ssl,4.182818,11,12,5,5,2.6298060000000003,2.868879,5.498685,1.090909,224,20,24,244,20,24,2,2,2,5,5,22,0,0,0,0,0.0,357.0,808.0,73.454545,117.243647,0.0,421.0,824.0,68.666667,122.506648,0.0,421.0,1632.0,70.95652199999998,117.295074,3142.118454,1330708.98056,4643920.898438,464392.089844,464458.509078,185.966492,1036178.827286,4156131.029129,377830.093557,389275.09234,185.966492,1010028.839111,4643920.898438,211087.313565,311152.010894,390.167592,5.5,6.0,404.0,412.0,0.0,0.0,0.0,0.0,0.0,0.0,4643920.898438,4643920.898438,4643920.898438,4643920.898438,0.0,0.0,0.0,0.0,0.0,0.0,4380,65535,4380
T0189,57288,7496,tcp,-,2e-06,1,1,0,0,466033.777778,466033.777778,932067.555556,1.0,40,40,40,20,20,20,0,1,1,0,0,1,0,0,0,0,0.0,0.0,0.0,0.0,0.0,0.0,0.0,0.0,0.0,0.0,0.0,0.0,0.0,0.0,0.0,0.0,0.0,0.0,0.0,0.0,0.0,0.0,0.0,0.0,0.0,2.145767,2.145767,2.145767,2.145767,0.0,0.0,1.0,1.0,0.0,0.0,0.0,0.0,0.0,0.0,0.0,0.0,2.145767,2.145767,2.145767,2.145767,0.0,0.0,0.0,0.0,0.0,0.0,64240,0,64240
T0190,64177,40847,udp,-,0.0,1,0,1,0,0.0,0.0,0.0,0.0,8,8,8,0,0,0,0,0,0,0,0,0,0,0,0,0,40.0,40.0,40.0,40.0,0.0,0.0,0.0,0.0,0.0,0.0,40.0,40.0,40.0,40.0,0.0,0.0,0.0,0.0,0.0,0.0,0.0,0.0,0.0,0.0,0.0,0.0,0.0,0.0,0.0,0.0,0.0,1.0,0.0,40.0,0.0,0.0,0.0,0.0,0.0,0.0,0.0,0.0,0.0,0.0,0.0,0.0,0.0,0.0,0.0,0.0,0.0,0,0,0
T0191,50078,1885,udp,-,0.0,1,0,0,0,0.0,0.0,0.0,0.0,8,8,8,0,0,0,0,0,0,0,0,0,0,0,0,0,0.0,0.0,0.0,0.0,0.0,0.0,0.0,0.0,0.0,0.0,0.0,0.0,0.0,0.0,0.0,0.0,0.0,0.0,0.0,0.0,0.0,0.0,0.0,0.0,0.0,0.0,0.0,0.0,0.0,0.0,0.0,1.0,0.0,0.0,0.0,0.0,0.0,0.0,0.0,0.0,0.0,0.0,0.0,0.0,0.0,0.0,0.0,0.0,0.0,0.0,0.0,0,0,0
T0192,63554,21,tcp,-,5e-06,1,1,1,0,199728.761905,199728.761905,399457.52381,1.0,20,20,20,20,20,20,0,1,1,0,0,1,0,0,0,0,120.0,120.0,120.0,120.0,0.0,0.0,0.0,0.0,0.0,0.0,0.0,120.0,120.0,60.0,84.852814,0.0,0.0,0.0,0.0,0.0,0.0,0.0,0.0,0.0,0.0,5.0067900000000005,5.0067900000000005,5.0067900000000005,5.0067900000000005,0.0,23967451.428571,1.0,1.0,120.0,0.0,0.0,0.0,0.0,0.0,0.0,0.0,5.0067900000000005,5.0067900000000005,5.0067900000000005,5.0067900000000005,0.0,0.0,0.0,0.0,0.0,0.0,64,0,64
T0193,44501,1883,tcp,mqtt,61.043374,10,6,3,4,0.163818,0.098291,0.262109,0.6,328,32,40,200,32,40,0,2,1,3,4,15,0,0,0,0,0.0,33.0,77.0,7.7,12.789318,0.0,22.0,35.0,5.8333330000000005,8.20772,0.0,33.0,112.0,7.0,11.021192,252.962112,58817502.975464,61043374.061584,6782597.117954,19516836.873997,87.976456,1490328.073502,1980915.06958,396183.013916,623680.719258,87.976456,58817502.975464,61043374.061584,4069558.270772,15148938.916542,1.834761,3.333333,2.0,25.666667,11.666667,0.0,0.0,0.0,0.0,0.0,0.0,2225871.086121,2225871.086121,2225871.086121,2225871.086121,0.0,58817502.975464,58817502.975464,58817502.975464,58817502.975464,0.0,64240,26847,502
T0194,49312,443,tcp,ssl,1.060641,11,11,3,5,10.371089,10.371089,20.742178,1.0,360,32,40,360,32,40,2,2,0,3,4,21,0,0,0,0,0.0,517.0,641.0,58.272727,154.772795,0.0,1392.0,4710.0,428.181818,613.7924429999999,0.0,1392.0,5351.0,243.227273,476.072117,6.914139,268419.027328,1060658.931732,106065.893173,136439.935787,25.033951,268755.912781,796985.864639,79698.58646399999,128109.487849,0.953674,267995.834351,1060665.845871,50507.897422,106279.824937,5045.063267,11.0,11.0,641.0,4710.0,0.0,0.0,0.0,0.0,0.0,0.0,1060665.845871,1060665.845871,1060665.845871,1060665.845871,0.0,0.0,0.0,0.0,0.0,0.0,64240,62643,501
T0195,33242,1461,tcp,-,3e-06,1,1,0,0,322638.769231,322638.769231,645277.538462,1.0,40,40,40,20,20,20,0,1,1,0,0,1,0,0,0,0,0.0,0.0,0.0,0.0,0.0,0.0,0.0,0.0,0.0,0.0,0.0,0.0,0.0,0.0,0.0,0.0,0.0,0.0,0.0,0.0,0.0,0.0,0.0,0.0,0.0,3.099442,3.099442,3.099442,3.099442,0.0,0.0,1.0,1.0,0.0,0.0,0.0,0.0,0.0,0.0,0.0,0.0,3.099442,3.099442,3.099442,3.099442,0.0,0.0,0.0,0.0,0.0,0.0,64240,0,64240
T0196,47630,80,tcp,http,2.747418,11,17,2,11,4.003759,6.187628,10.191387,1.545455,360,32,40,516,20,40,2,2,0,2,1,27,0,0,0,0,0.0,216.0,432.0,39.272727,87.376302,0.0,1408.0,15202.0,894.235294,684.167334,0.0,1408.0,15634.0,558.357143,678.9829110000002,88.93013,1839570.045471,2747417.926788,274741.792679,573118.329391,42.915344,2057893.037796,2742818.117142,171426.132321,520463.48958100006,42.915344,1839570.045471,2909152.030945,107746.371516,356692.08637,5690.433861,5.5,8.5,216.0,7601.0,0.0,15202.0,0.0,11.0,0.0,11567817.381713,2909152.030945,2909152.030945,2909152.030945,2909152.030945,0.0,0.0,0.0,0.0,0.0,0.0,64240,65160,501
T0197,39298,5353,udp,dns,0.0,1,0,1,0,0.0,0.0,0.0,0.0,8,8,8,0,0,0,0,0,0,0,0,0,0,0,0,0,43.0,43.0,43.0,43.0,0.0,0.0,0.0,0.0,0.0,0.0,43.0,43.0,43.0,43.0,0.0,0.0,0.0,0.0,0.0,0.0,0.0,0.0,0.0,0.0,0.0,0.0,0.0,0.0,0.0,0.0,0.0,1.0,0.0,43.0,0.0,0.0,0.0,0.0,0.0,0.0,0.0,0.0,0.0,0.0,0.0,0.0,0.0,0.0,0.0,0.0,0.0,0,0,0
T0198,48348,57294,tcp,-,4e-06,1,1,0,0,246723.764706,246723.764706,493447.529412,1.0,40,40,40,20,20,20,0,1,1,0,0,1,0,0,0,0,0.0,0.0,0.0,0.0,0.0,0.0,0.0,0.0,0.0,0.0,0.0,0.0,0.0,0.0,0.0,0.0,0.0,0.0,0.0,0.0,0.0,0.0,0.0,0.0,0.0,4.053116,4.053116,4.053116,4.053116,0.0,0.0,1.0,1.0,0.0,0.0,0.0,0.0,0.0,0.0,0.0,0.0,4.053116,4.053116,4.053116,4.053116,0.0,0.0,0.0,0.0,0.0,0.0,64240,0,64240
T0199,44135,53,udp,dns,0.026331,2,2,2,2,75.95555999999999,75.95555999999999,151.91111999999998,1.0,16,8,8,16,8,8,0,0,0,0,0,0,0,0,0,0,36.0,36.0,72.0,36.0,0.0,36.0,68.0,104.0,52.0,22.627417,36.0,68.0,176.0,44.0,16.0,26092.05246,26092.05246,26092.05246,26092.05246,0.0,2089.02359,2089.02359,2089.02359,2089.02359,0.0,239.133835,24242.1627,26331.1863,8777.062098,13417.36324,6684.089278,2.0,2.0,72.0,104.0,0.0,0.0,0.0,0.0,0.0,0.0,26331.1863,26331.1863,26331.1863,26331.1863,0.0,0.0,0.0,0.0,0.0,0.0,0,0,0
T0200,45550,53,udp,dns,0.02694,2,2,2,2,74.239411,74.239411,148.478822,1.0,16,8,8,16,8,8,0,0,0,0,0,0,0,0,0,0,36.0,36.0,72.0,36.0,0.0,36.0,68.0,104.0,52.0,22.627417,36.0,68.0,176.0,44.0,16.0,26695.96672,26695.96672,26695.96672,26695.96672,0.0,2125.97847,2125.97847,2125.97847,2125.97847,0.0,243.902206,24813.89046,26939.86893,8979.956309000001,13737.03048,6533.068163,2.0,2.0,72.0,104.0,0.0,0.0,0.0,0.0,0.0,0.0,26939.86893,26939.86893,26939.86893,26939.86893,0.0,0.0,0.0,0.0,0.0,0.0,0,0,0
T0201,35984,443,tcp,ssl,657.278395,78,116,43,73,0.118671,0.176485,0.295157,1.487179,2516,32,44,3720,32,40,2,2,0,43,73,193,0,0,0,0,0.0,664.0,3650.0,46.794872,92.534635,0.0,824.0,10171.0,87.681034,132.781258,0.0,824.0,13821.0,71.24226800000001,119.689573,9.059906,58927527.18925501,657278414.011002,8536083.298844,16227817.962286,2.861023,59003934.144974,657229351.997375,5715037.843455,13858380.075482998,2.861023,58921488.046646,657278414.011002,3405587.6373630003,11025723.49411,21.02762,3.714286,5.52381,173.809524,484.333333,0.0,0.0,0.0,0.0,0.0,0.0,38538.9328,1504992.008209,4647666.692733999,232383.334637,305817.39165500004,7657527.208328,58921488.046646,652630747.318268,34348986.700961,13250460.310463,64240,65535,501
T0202,55350,80,tcp,http,29.467018,7,5,4,0,0.237554,0.169681,0.407235,0.714286,240,32,40,168,32,40,0,3,0,4,0,10,0,0,0,0,0.0,168.0,210.0,30.0,61.326992,0.0,0.0,0.0,0.0,0.0,0.0,168.0,210.0,17.5,47.854894,25.033951,19073293.924332,29467012.882233,4911168.813705,7846599.750343,1832.962036,19073293.924332,28449006.795883,7112251.6989710005,9113905.544642,5.0067900000000005,19073288.917542003,29467017.889023,2678819.808093,6112490.909382,7.126612,1.75,1.25,52.5,0.0,0.0,0.0,0.0,0.0,0.0,0.0,5.0067900000000005,1026988.983154,1026998.996735,342332.998912,592929.4752069999,9366729.974747,19073288.917542003,28440018.892288,14220009.446144,6863573.650437,64240,65160,502
T0203,36876,8084,tcp,-,0.0052899999999999,3,1,0,0,567.104381,189.034794,756.139174,0.333333,104,32,40,40,40,40,0,2,1,0,0,3,0,0,0,0,0.0,0.0,0.0,0.0,0.0,0.0,0.0,0.0,0.0,0.0,0.0,0.0,0.0,0.0,0.0,20.980835,5269.050598,5290.031433,2645.015717,3710.945718,0.0,0.0,0.0,0.0,0.0,11.205673,5257.844925,5290.031433,1763.343811,3026.3306850000004,0.0,3.0,1.0,0.0,0.0,0.0,0.0,0.0,0.0,0.0,0.0,5290.031433,5290.031433,5290.031433,5290.031433,0.0,0.0,0.0,0.0,0.0,0.0,64240,65160,502
T0204,41534,416,tcp,-,1.2e-05,1,1,0,0,83886.08,83886.08,167772.16,1.0,40,40,40,20,20,20,0,1,1,0,0,1,0,0,0,0,0.0,0.0,0.0,0.0,0.0,0.0,0.0,0.0,0.0,0.0,0.0,0.0,0.0,0.0,0.0,0.0,0.0,0.0,0.0,0.0,0.0,0.0,0.0,0.0,0.0,11.920929,11.920929,11.920929,11.920929,0.0,0.0,1.0,1.0,0.0,0.0,0.0,0.0,0.0,0.0,0.0,0.0,11.920929,11.920929,11.920929,11.920929,0.0,0.0,0.0,0.0,0.0,0.0,64240,0,64240
T0205,60310,21,tcp,-,4e-06,1,1,1,0,246723.764706,246723.764706,493447.529412,1.0,20,20,20,20,20,20,0,1,1,0,0,1,0,0,0,0,120.0,120.0,120.0,120.0,0.0,0.0,0.0,0.0,0.0,0.0,0.0,120.0,120.0,60.0,84.852814,0.0,0.0,0.0,0.0,0.0,0.0,0.0,0.0,0.0,0.0,4.053116,4.053116,4.053116,4.053116,0.0,29606851.764706,1.0,1.0,120.0,0.0,0.0,0.0,0.0,0.0,0.0,0.0,4.053116,4.053116,4.053116,4.053116,0.0,0.0,0.0,0.0,0.0,0.0,64,0,64
T0206,53518,53,udp,dns,0.1028589999999999,2,2,2,2,19.44409,19.44409,38.888179,1.0,16,8,8,16,8,8,0,0,0,0,0,0,0,0,0,0,36.0,36.0,72.0,36.0,0.0,36.0,68.0,104.0,52.0,22.627417,36.0,68.0,176.0,44.0,16.0,194.072723,194.072723,194.072723,194.072723,0.0,101972.1031,101972.1031,101972.1031,101972.1031,0.0,194.072723,101972.1031,102859.0202,34286.34008,58618.12077,1711.07988,2.0,2.0,72.0,104.0,0.0,0.0,0.0,0.0,0.0,0.0,102859.0202,102859.0202,102859.0202,102859.0202,0.0,0.0,0.0,0.0,0.0,0.0,0,0,0
T0207,47662,49154,tcp,-,4e-06,1,1,0,0,246723.764706,246723.764706,493447.529412,1.0,40,40,40,20,20,20,0,1,1,0,0,1,0,0,0,0,0.0,0.0,0.0,0.0,0.0,0.0,0.0,0.0,0.0,0.0,0.0,0.0,0.0,0.0,0.0,0.0,0.0,0.0,0.0,0.0,0.0,0.0,0.0,0.0,0.0,4.053116,4.053116,4.053116,4.053116,0.0,0.0,1.0,1.0,0.0,0.0,0.0,0.0,0.0,0.0,0.0,0.0,4.053116,4.053116,4.053116,4.053116,0.0,0.0,0.0,0.0,0.0,0.0,64240,0,64240
T0208,49668,80,tcp,http,0.005416,4,3,2,0,738.563832,553.922874,1292.486705,0.75,136,32,40,104,32,40,0,2,0,2,0,6,0,0,0,0,0.0,168.0,187.0,46.75,81.328039,0.0,0.0,0.0,0.0,0.0,0.0,168.0,187.0,26.714286,62.70224399999999,10.967255,3710.985184000001,5382.776260000001,1794.258753,1853.614531,1688.957214,3709.077835,5398.035049,2699.017525,1428.44099,10.967255,3675.937653,5415.916443,902.65274,1505.048322,34527.859130000004,4.0,3.0,187.0,0.0,0.0,0.0,0.0,0.0,0.0,0.0,5415.916443,5415.916443,5415.916443,5415.916443,0.0,0.0,0.0,0.0,0.0,0.0,64240,65160,502
T0209,35897,1883,tcp,mqtt,31.968343,9,5,3,3,0.281529,0.156405,0.437933,0.555556,296,32,40,168,32,40,0,2,1,3,3,13,0,0,0,0,0.0,33.0,76.0,8.444444,13.115935999999998,0.0,23.0,32.0,6.4,9.555103,0.0,33.0,108.0,7.714286,11.618477,252.962112,29852793.931961,31968343.019485,3996042.877436,10458715.283632,4144.191742,1630059.0038299996,1952376.127243,488094.031811,764805.745802,252.962112,29852793.931961,31968343.019485,2459103.309191,8240266.252957,3.378342,3.0,1.666667,25.333333,10.666667,0.0,0.0,0.0,0.0,0.0,0.0,2115549.087524,2115549.087524,2115549.087524,2115549.087524,0.0,29852793.931961,29852793.931961,29852793.931961,29852793.931961,0.0,64240,26847,502
T0210,55136,80,tcp,http,30.706471,7,12,4,5,0.227965,0.390797,0.618762,1.714286,232,32,40,380,20,40,6,2,1,4,5,17,0,0,0,0,0.0,168.0,210.0,30.0,61.354163,0.0,482.0,2410.0,200.833333,248.19561,0.0,482.0,2620.0,137.89473700000002,214.634287,7.152557000000001,15998502.016067998,30706459.999084003,5117743.333180999,6979458.764761,121.116638,12720633.029938,30706457.138062,2791496.10346,4743482.487185,0.953674,12720633.029938,30706471.204758003,1705915.066931,3896143.245926,85.324034,1.4,2.4,42.0,482.0,0.0,0.0,0.0,0.0,0.0,0.0,0.953674,6350067.138672,6353075.265884,2117691.755295,3665344.908559,11632762.908936,12720633.029938,24353395.938873,12176697.969437,769240.3396109999,64240,65160,501
T0211,50078,27482,udp,-,0.0,1,0,0,0,0.0,0.0,0.0,0.0,8,8,8,0,0,0,0,0,0,0,0,0,0,0,0,0,0.0,0.0,0.0,0.0,0.0,0.0,0.0,0.0,0.0,0.0,0.0,0.0,0.0,0.0,0.0,0.0,0.0,0.0,0.0,0.0,0.0,0.0,0.0,0.0,0.0,0.0,0.0,0.0,0.0,0.0,0.0,1.0,0.0,0.0,0.0,0.0,0.0,0.0,0.0,0.0,0.0,0.0,0.0,0.0,0.0,0.0,0.0,0.0,0.0,0.0,0.0,0,0,0
T0212,64177,111,udp,-,0.0,1,0,1,0,0.0,0.0,0.0,0.0,8,8,8,0,0,0,0,0,0,0,0,0,0,0,0,0,40.0,40.0,40.0,40.0,0.0,0.0,0.0,0.0,0.0,0.0,40.0,40.0,40.0,40.0,0.0,0.0,0.0,0.0,0.0,0.0,0.0,0.0,0.0,0.0,0.0,0.0,0.0,0.0,0.0,0.0,0.0,1.0,0.0,40.0,0.0,0.0,0.0,0.0,0.0,0.0,0.0,0.0,0.0,0.0,0.0,0.0,0.0,0.0,0.0,0.0,0.0,0,0,0
T0213,48513,53,udp,dns,0.053051,2,2,2,2,37.699576,37.699576,75.399152,1.0,16,8,8,16,8,8,0,0,0,0,0,0,0,0,0,0,32.0,32.0,64.0,32.0,0.0,32.0,64.0,96.0,48.0,22.627417,32.0,64.0,160.0,40.0,16.0,241.994858,241.994858,241.994858,241.994858,0.0,51815.98663,51815.98663,51815.98663,51815.98663,0.0,241.994858,51815.98663,53050.99487,17683.66496,29561.84271,3015.96606,2.0,2.0,64.0,96.0,0.0,0.0,0.0,0.0,0.0,0.0,53050.99487,53050.99487,53050.99487,53050.99487,0.0,0.0,0.0,0.0,0.0,0.0,0,0,0
T0214,44516,443,tcp,ssl,170.353305,21,15,11,8,0.123273,0.0880519999999999,0.211326,0.714286,680,32,40,488,32,40,2,2,0,11,8,35,0,0,0,0,0.0,864.0,2684.0,127.809524,282.28436400000004,0.0,762.0,1689.0,112.6,249.483409,0.0,864.0,4373.0,121.472222,265.496891,1.907349,58747859.00116,170353327.035904,8517666.351795,20768915.438375,0.953674,58740347.146988,170307348.012924,12164810.572352,24161600.967147,0.0,58692368.030548,170353327.035904,4867237.915312001,16098001.658439,25.67018,5.25,3.75,671.0,422.25,0.0,0.0,0.0,0.0,0.0,0.0,45260.906219,313686.847687,496370.077133,124092.519283,128056.35134,52710217.952728,58692368.030548,169856956.958771,56618985.652924,3387183.099586,64240,65535,501
T0215,9982,21,tcp,-,1e-06,1,1,1,0,1048576.0,1048576.0,2097152.0,1.0,20,20,20,20,20,20,0,1,1,0,0,1,0,0,0,0,120.0,120.0,120.0,120.0,0.0,0.0,0.0,0.0,0.0,0.0,0.0,120.0,120.0,60.0,84.852814,0.0,0.0,0.0,0.0,0.0,0.0,0.0,0.0,0.0,0.0,0.953674,0.953674,0.953674,0.953674,0.0,125829120.0,1.0,1.0,120.0,0.0,0.0,0.0,0.0,0.0,0.0,0.0,0.953674,0.953674,0.953674,0.953674,0.0,0.0,0.0,0.0,0.0,0.0,64,0,64
T0216,56104,80,tcp,http,2.328824,8,5,2,1,3.43521,2.147006,5.582217,0.625,272,32,40,168,32,40,2,3,0,2,1,11,0,0,0,0,0.0,87.0,174.0,21.75,40.273174,0.0,148.0,148.0,29.6,66.187612,0.0,148.0,322.0,24.769231,49.215773,185.966492,1020911.931992,2328840.970993,332691.567285,401541.610928,631.093979,996362.924576,1307519.91272,326879.97818000003,460613.336927,16.927719,1020911.931992,2591192.960739,215932.74672800003,333811.046265,138.267209,4.0,2.5,87.0,74.0,0.0,0.0,0.0,0.0,0.0,0.0,2591192.960739,2591192.960739,2591192.960739,2591192.960739,0.0,0.0,0.0,0.0,0.0,0.0,64240,64768,501
T0217,46600,7070,tcp,-,6e-06,1,1,0,0,167772.16,167772.16,335544.32,1.0,20,20,20,20,20,20,0,0,1,0,0,1,0,0,0,0,0.0,0.0,0.0,0.0,0.0,0.0,0.0,0.0,0.0,0.0,0.0,0.0,0.0,0.0,0.0,0.0,0.0,0.0,0.0,0.0,0.0,0.0,0.0,0.0,0.0,5.960464,5.960464,5.960464,5.960464,0.0,0.0,1.0,1.0,0.0,0.0,0.0,0.0,0.0,0.0,0.0,0.0,5.960464,5.960464,5.960464,5.960464,0.0,0.0,0.0,0.0,0.0,0.0,1024,0,1024
T0218,59247,3005,tcp,-,6e-06,1,1,0,0,161319.38461500002,161319.38461500002,322638.769231,1.0,20,20,20,20,20,20,1,0,1,1,0,1,1,0,0,0,0.0,0.0,0.0,0.0,0.0,0.0,0.0,0.0,0.0,0.0,0.0,0.0,0.0,0.0,0.0,0.0,0.0,0.0,0.0,0.0,0.0,0.0,0.0,0.0,0.0,6.198883,6.198883,6.198883,6.198883,0.0,0.0,1.0,1.0,0.0,0.0,0.0,0.0,0.0,0.0,0.0,0.0,6.198883,6.198883,6.198883,6.198883,0.0,0.0,0.0,0.0,0.0,0.0,1024,0,1024
T0219,41448,5353,udp,dns,0.0,1,0,1,0,0.0,0.0,0.0,0.0,8,8,8,0,0,0,0,0,0,0,0,0,0,0,0,0,46.0,46.0,46.0,46.0,0.0,0.0,0.0,0.0,0.0,0.0,46.0,46.0,46.0,46.0,0.0,0.0,0.0,0.0,0.0,0.0,0.0,0.0,0.0,0.0,0.0,0.0,0.0,0.0,0.0,0.0,0.0,1.0,0.0,46.0,0.0,0.0,0.0,0.0,0.0,0.0,0.0,0.0,0.0,0.0,0.0,0.0,0.0,0.0,0.0,0.0,0.0,0,0,0
T0220,47717,1883,tcp,mqtt,62.08944399999999,10,6,3,4,0.1610579999999999,0.096635,0.257693,0.6,328,32,40,200,32,40,0,2,1,3,4,15,0,0,0,0,0.0,33.0,78.0,7.8,12.934021,0.0,23.0,36.0,6.0,8.602325,0.0,33.0,114.0,7.125,11.218289,237.941742,59821860.074997,62089443.922043,6898827.102449001,19849886.297062,182.86705,1508049.0112299996,2016417.02652,403283.405304,630125.285826,182.86705,59821860.074997,62089443.922043,4139296.26147,15407506.745413,1.836061,3.333333,2.0,26.0,12.0,0.0,0.0,0.0,0.0,0.0,0.0,2267583.847046,2267583.847046,2267583.847046,2267583.847046,0.0,59821860.074997,59821860.074997,59821860.074997,59821860.074997,0.0,64240,26847,502
T0221,50078,123,udp,ntp,0.0,1,0,1,0,0.0,0.0,0.0,0.0,8,8,8,0,0,0,0,0,0,0,0,0,0,0,0,0,48.0,48.0,48.0,48.0,0.0,0.0,0.0,0.0,0.0,0.0,48.0,48.0,48.0,48.0,0.0,0.0,0.0,0.0,0.0,0.0,0.0,0.0,0.0,0.0,0.0,0.0,0.0,0.0,0.0,0.0,0.0,1.0,0.0,48.0,0.0,0.0,0.0,0.0,0.0,0.0,0.0,0.0,0.0,0.0,0.0,0.0,0.0,0.0,0.0,0.0,0.0,0,0,0
T0222,51036,3369,tcp,-,1.9e-05,1,1,0,0,52428.8,52428.8,104857.6,1.0,20,20,20,20,20,20,0,0,1,0,0,1,0,0,0,0,0.0,0.0,0.0,0.0,0.0,0.0,0.0,0.0,0.0,0.0,0.0,0.0,0.0,0.0,0.0,0.0,0.0,0.0,0.0,0.0,0.0,0.0,0.0,0.0,0.0,19.073486,19.073486,19.073486,19.073486,0.0,0.0,1.0,1.0,0.0,0.0,0.0,0.0,0.0,0.0,0.0,0.0,19.073486,19.073486,19.073486,19.073486,0.0,0.0,0.0,0.0,0.0,0.0,1024,0,1024
T0223,51919,1883,tcp,mqtt,7.031772,9,5,3,3,1.2799049999999998,0.711058,1.990963,0.555556,296,32,40,168,32,40,0,2,1,3,3,13,0,0,0,0,0.0,33.0,76.0,8.444444,13.115935999999998,0.0,23.0,32.0,6.4,9.555103,0.0,33.0,108.0,7.714286,11.618477,293.970108,4732796.192169,7031772.136688001,878971.5170860002,1598346.067527,662.088394,1441953.897476,2014060.974121,503515.24353,639894.728617,293.970108,4732796.192169,7031772.136688001,540905.548976,1299217.927485,15.358859,3.0,1.666667,25.333333,10.666667,0.0,0.0,0.0,0.0,0.0,0.0,7031772.136688001,7031772.136688001,7031772.136688001,7031772.136688001,0.0,0.0,0.0,0.0,0.0,0.0,64240,26847,502
T0224,50078,959,udp,-,0.0,1,0,0,0,0.0,0.0,0.0,0.0,8,8,8,0,0,0,0,0,0,0,0,0,0,0,0,0,0.0,0.0,0.0,0.0,0.0,0.0,0.0,0.0,0.0,0.0,0.0,0.0,0.0,0.0,0.0,0.0,0.0,0.0,0.0,0.0,0.0,0.0,0.0,0.0,0.0,0.0,0.0,0.0,0.0,0.0,0.0,1.0,0.0,0.0,0.0,0.0,0.0,0.0,0.0,0.0,0.0,0.0,0.0,0.0,0.0,0.0,0.0,0.0,0.0,0.0,0.0,0,0,0
T0225,36020,26,tcp,-,4e-06,1,1,0,0,246723.764706,246723.764706,493447.529412,1.0,40,40,40,20,20,20,0,1,1,0,0,1,0,0,0,0,0.0,0.0,0.0,0.0,0.0,0.0,0.0,0.0,0.0,0.0,0.0,0.0,0.0,0.0,0.0,0.0,0.0,0.0,0.0,0.0,0.0,0.0,0.0,0.0,0.0,4.053116,4.053116,4.053116,4.053116,0.0,0.0,1.0,1.0,0.0,0.0,0.0,0.0,0.0,0.0,0.0,0.0,4.053116,4.053116,4.053116,4.053116,0.0,0.0,0.0,0.0,0.0,0.0,64240,0,64240
T0226,42760,80,tcp,http,0.916197,7,5,2,1,7.640280000000001,5.457343,13.097622,0.714286,232,32,40,168,32,40,2,2,0,2,1,11,0,0,0,0,0.0,169.0,203.0,29.0,63.02116,0.0,539.0,539.0,107.8,241.048128,0.0,539.0,742.0,61.833333,157.929117,93.93692,319457.0541,918075.7999,153012.6333,166747.1547,42.200089,300712.8239,620762.825,155190.7063,166537.7755,42.200089,296561.9564,918075.7999,83461.43636,136497.0585,809.869649,7.0,5.0,203.0,539.0,0.0,0.0,0.0,0.0,0.0,0.0,918075.7999,918075.7999,918075.7999,918075.7999,0.0,0.0,0.0,0.0,0.0,0.0,64240,26847,501
T0227,55282,80,tcp,http,30.559441,8,7,4,1,0.261785,0.229062,0.490847,0.875,264,32,40,220,20,40,1,2,1,4,1,13,0,0,0,0,0.0,168.0,211.0,26.375,57.745594,0.0,482.0,482.0,68.85714300000001,182.178876,0.0,482.0,693.0,46.2,127.954903,10.01358,15751523.971558,30559432.029724,4365633.147103,6547805.171485,133.037567,15742022.037506,30559393.882751,5093232.313792,6856626.161648001,5.960464,15742022.037506,30559440.851212,2182817.203658,4989592.936152,22.677116,2.0,1.75,52.75,120.5,0.0,0.0,0.0,0.0,0.0,0.0,5.960464,3335655.927658,3338063.7168880003,1112687.9056290002,1925147.151588,11479355.096817,15742022.037506,27221377.134323,13610688.567162,3014160.699701,64240,65160,501
T0228,52437,53,udp,dns,0.055125,2,2,2,2,36.28118,36.28118,72.562361,1.0,16,8,8,16,8,8,0,0,0,0,0,0,0,0,0,0,31.0,31.0,62.0,31.0,0.0,63.0,63.0,126.0,63.0,0.0,31.0,63.0,188.0,47.0,18.475209,20176.88751,20176.88751,20176.88751,20176.88751,0.0,20070.07599,20070.07599,20070.07599,20070.07599,0.0,14878.03459,20176.88751,55124.99809,18374.99936,3028.931188,3410.430957,2.0,2.0,62.0,126.0,0.0,0.0,0.0,0.0,0.0,0.0,55124.99809,55124.99809,55124.99809,55124.99809,0.0,0.0,0.0,0.0,0.0,0.0,0,0,0
T0229,59247,179,tcp,-,7.000000000000001e-06,1,1,0,0,144631.172414,144631.172414,289262.344828,1.0,20,20,20,20,20,20,1,0,1,1,0,1,1,0,0,0,0.0,0.0,0.0,0.0,0.0,0.0,0.0,0.0,0.0,0.0,0.0,0.0,0.0,0.0,0.0,0.0,0.0,0.0,0.0,0.0,0.0,0.0,0.0,0.0,0.0,6.914139,6.914139,6.914139,6.914139,0.0,0.0,1.0,1.0,0.0,0.0,0.0,0.0,0.0,0.0,0.0,0.0,6.914139,6.914139,6.914139,6.914139,0.0,0.0,0.0,0.0,0.0,0.0,1024,0,1024
T0230,59392,25734,tcp,-,3e-06,1,1,0,0,322638.769231,322638.769231,645277.538462,1.0,40,40,40,20,20,20,0,1,1,0,0,1,0,0,0,0,0.0,0.0,0.0,0.0,0.0,0.0,0.0,0.0,0.0,0.0,0.0,0.0,0.0,0.0,0.0,0.0,0.0,0.0,0.0,0.0,0.0,0.0,0.0,0.0,0.0,3.099442,3.099442,3.099442,3.099442,0.0,0.0,1.0,1.0,0.0,0.0,0.0,0.0,0.0,0.0,0.0,0.0,3.099442,3.099442,3.099442,3.099442,0.0,0.0,0.0,0.0,0.0,0.0,64240,0,64240
T0231,59247,27355,tcp,-,5e-06,1,1,0,0,199728.761905,199728.761905,399457.52381,1.0,20,20,20,20,20,20,1,0,1,1,0,1,1,0,0,0,0.0,0.0,0.0,0.0,0.0,0.0,0.0,0.0,0.0,0.0,0.0,0.0,0.0,0.0,0.0,0.0,0.0,0.0,0.0,0.0,0.0,0.0,0.0,0.0,0.0,5.0067900000000005,5.0067900000000005,5.0067900000000005,5.0067900000000005,0.0,0.0,1.0,1.0,0.0,0.0,0.0,0.0,0.0,0.0,0.0,0.0,5.0067900000000005,5.0067900000000005,5.0067900000000005,5.0067900000000005,0.0,0.0,0.0,0.0,0.0,0.0,1024,0,1024
T0232,60441,1883,tcp,mqtt,60.033473,10,6,3,4,0.166574,0.099944,0.266518,0.6,328,32,40,200,32,40,0,2,1,3,4,15,0,0,0,0,0.0,33.0,78.0,7.8,12.934021,0.0,23.0,36.0,6.0,8.602325,0.0,33.0,114.0,7.125,11.218289,242.948532,57808403.015137,60033473.014832,6670385.890537,19180342.34714,990.152359,1463395.833969,1972115.039825,394423.007965,610648.680914,43.869019,57808403.015137,60033473.014832,4002231.534322,14888296.106185,1.898941,3.333333,2.0,26.0,12.0,0.0,0.0,0.0,0.0,0.0,0.0,2225069.999695,2225069.999695,2225069.999695,2225069.999695,0.0,57808403.015137,57808403.015137,57808403.015137,57808403.015137,0.0,64240,26847,502
T0233,51036,1433,tcp,-,5e-06,1,1,0,0,199728.761905,199728.761905,399457.52381,1.0,20,20,20,20,20,20,0,0,1,0,0,1,0,0,0,0,0.0,0.0,0.0,0.0,0.0,0.0,0.0,0.0,0.0,0.0,0.0,0.0,0.0,0.0,0.0,0.0,0.0,0.0,0.0,0.0,0.0,0.0,0.0,0.0,0.0,5.0067900000000005,5.0067900000000005,5.0067900000000005,5.0067900000000005,0.0,0.0,1.0,1.0,0.0,0.0,0.0,0.0,0.0,0.0,0.0,0.0,5.0067900000000005,5.0067900000000005,5.0067900000000005,5.0067900000000005,0.0,0.0,0.0,0.0,0.0,0.0,1024,0,1024
T0234,3636,21,tcp,-,1e-06,1,1,1,0,1048576.0,1048576.0,2097152.0,1.0,20,20,20,20,20,20,0,1,1,0,0,1,0,0,0,0,120.0,120.0,120.0,120.0,0.0,0.0,0.0,0.0,0.0,0.0,0.0,120.0,120.0,60.0,84.852814,0.0,0.0,0.0,0.0,0.0,0.0,0.0,0.0,0.0,0.0,0.953674,0.953674,0.953674,0.953674,0.0,125829120.0,1.0,1.0,120.0,0.0,0.0,0.0,0.0,0.0,0.0,0.0,0.953674,0.953674,0.953674,0.953674,0.0,0.0,0.0,0.0,0.0,0.0,64,0,64
T0235,44065,53,udp,dns,0.051733,2,2,2,2,38.66003,38.66003,77.32006,1.0,16,8,8,16,8,8,0,0,0,0,0,0,0,0,0,0,32.0,32.0,64.0,32.0,0.0,64.0,116.0,180.0,90.0,36.769553,32.0,116.0,244.0,61.0,39.648455,231.027603,231.027603,231.027603,231.027603,0.0,25576.11466,25576.11466,25576.11466,25576.11466,0.0,231.027603,25925.87471,51733.01697,17244.33899,14734.99767,4716.523688,2.0,2.0,64.0,180.0,0.0,0.0,0.0,0.0,0.0,0.0,51733.01697,51733.01697,51733.01697,51733.01697,0.0,0.0,0.0,0.0,0.0,0.0,0,0,0
T0236,38898,21,tcp,-,1e-06,1,1,1,0,1048576.0,1048576.0,2097152.0,1.0,20,20,20,20,20,20,0,1,1,0,0,1,0,0,0,0,120.0,120.0,120.0,120.0,0.0,0.0,0.0,0.0,0.0,0.0,0.0,120.0,120.0,60.0,84.852814,0.0,0.0,0.0,0.0,0.0,0.0,0.0,0.0,0.0,0.0,0.953674,0.953674,0.953674,0.953674,0.0,125829120.0,1.0,1.0,120.0,0.0,0.0,0.0,0.0,0.0,0.0,0.0,0.953674,0.953674,0.953674,0.953674,0.0,0.0,0.0,0.0,0.0,0.0,64,0,64
T0237,59247,3801,tcp,-,6e-06,1,1,0,0,167772.16,167772.16,335544.32,1.0,20,20,20,20,20,20,1,0,1,1,0,1,1,0,0,0,0.0,0.0,0.0,0.0,0.0,0.0,0.0,0.0,0.0,0.0,0.0,0.0,0.0,0.0,0.0,0.0,0.0,0.0,0.0,0.0,0.0,0.0,0.0,0.0,0.0,5.960464,5.960464,5.960464,5.960464,0.0,0.0,1.0,1.0,0.0,0.0,0.0,0.0,0.0,0.0,0.0,0.0,5.960464,5.960464,5.960464,5.960464,0.0,0.0,0.0,0.0,0.0,0.0,1024,0,1024
T0238,64177,18156,udp,-,0.0,1,0,0,0,0.0,0.0,0.0,0.0,8,8,8,0,0,0,0,0,0,0,0,0,0,0,0,0,0.0,0.0,0.0,0.0,0.0,0.0,0.0,0.0,0.0,0.0,0.0,0.0,0.0,0.0,0.0,0.0,0.0,0.0,0.0,0.0,0.0,0.0,0.0,0.0,0.0,0.0,0.0,0.0,0.0,0.0,0.0,1.0,0.0,0.0,0.0,0.0,0.0,0.0,0.0,0.0,0.0,0.0,0.0,0.0,0.0,0.0,0.0,0.0,0.0,0.0,0.0,0,0,0
T0239,50079,5353,udp,-,0.0,1,0,1,0,0.0,0.0,0.0,0.0,8,8,8,0,0,0,0,0,0,0,0,0,0,0,0,0,30.0,30.0,30.0,30.0,0.0,0.0,0.0,0.0,0.0,0.0,30.0,30.0,30.0,30.0,0.0,0.0,0.0,0.0,0.0,0.0,0.0,0.0,0.0,0.0,0.0,0.0,0.0,0.0,0.0,0.0,0.0,1.0,0.0,30.0,0.0,0.0,0.0,0.0,0.0,0.0,0.0,0.0,0.0,0.0,0.0,0.0,0.0,0.0,0.0,0.0,0.0,0,0,0
T0240,43314,2106,tcp,-,1.9e-05,1,1,0,0,52428.8,52428.8,104857.6,1.0,40,40,40,20,20,20,0,1,1,0,0,1,0,0,0,0,0.0,0.0,0.0,0.0,0.0,0.0,0.0,0.0,0.0,0.0,0.0,0.0,0.0,0.0,0.0,0.0,0.0,0.0,0.0,0.0,0.0,0.0,0.0,0.0,0.0,19.073486,19.073486,19.073486,19.073486,0.0,0.0,1.0,1.0,0.0,0.0,0.0,0.0,0.0,0.0,0.0,0.0,19.073486,19.073486,19.073486,19.073486,0.0,0.0,0.0,0.0,0.0,0.0,64240,0,64240
T0241,49450,21,tcp,-,1e-06,1,1,1,0,1048576.0,1048576.0,2097152.0,1.0,20,20,20,20,20,20,0,1,1,0,0,1,0,0,0,0,120.0,120.0,120.0,120.0,0.0,0.0,0.0,0.0,0.0,0.0,0.0,120.0,120.0,60.0,84.852814,0.0,0.0,0.0,0.0,0.0,0.0,0.0,0.0,0.0,0.0,0.953674,0.953674,0.953674,0.953674,0.0,125829120.0,1.0,1.0,120.0,0.0,0.0,0.0,0.0,0.0,0.0,0.0,0.953674,0.953674,0.953674,0.953674,0.0,0.0,0.0,0.0,0.0,0.0,64,0,64
T0242,51036,9290,tcp,-,2e-06,1,1,0,0,524288.0,524288.0,1048576.0,1.0,20,20,20,20,20,20,0,0,1,0,0,1,0,0,0,0,0.0,0.0,0.0,0.0,0.0,0.0,0.0,0.0,0.0,0.0,0.0,0.0,0.0,0.0,0.0,0.0,0.0,0.0,0.0,0.0,0.0,0.0,0.0,0.0,0.0,1.907349,1.907349,1.907349,1.907349,0.0,0.0,1.0,1.0,0.0,0.0,0.0,0.0,0.0,0.0,0.0,0.0,1.907349,1.907349,1.907349,1.907349,0.0,0.0,0.0,0.0,0.0,0.0,1024,0,1024
T0243,59906,21,tcp,-,4e-06,1,1,1,0,246723.764706,246723.764706,493447.529412,1.0,20,20,20,20,20,20,0,1,1,0,0,1,0,0,0,0,120.0,120.0,120.0,120.0,0.0,0.0,0.0,0.0,0.0,0.0,0.0,120.0,120.0,60.0,84.852814,0.0,0.0,0.0,0.0,0.0,0.0,0.0,0.0,0.0,0.0,4.053116,4.053116,4.053116,4.053116,0.0,29606851.764706,1.0,1.0,120.0,0.0,0.0,0.0,0.0,0.0,0.0,0.0,4.053116,4.053116,4.053116,4.053116,0.0,0.0,0.0,0.0,0.0,0.0,64,0,64
T0244,17537,21,tcp,-,4e-06,1,1,1,0,246723.764706,246723.764706,493447.529412,1.0,20,20,20,20,20,20,0,1,1,0,0,1,0,0,0,0,120.0,120.0,120.0,120.0,0.0,0.0,0.0,0.0,0.0,0.0,0.0,120.0,120.0,60.0,84.852814,0.0,0.0,0.0,0.0,0.0,0.0,0.0,0.0,0.0,0.0,4.053116,4.053116,4.053116,4.053116,0.0,29606851.764706,1.0,1.0,120.0,0.0,0.0,0.0,0.0,0.0,0.0,0.0,4.053116,4.053116,4.053116,4.053116,0.0,0.0,0.0,0.0,0.0,0.0,64,0,64
T0245,36242,27353,tcp,-,6e-06,1,1,0,0,167772.16,167772.16,335544.32,1.0,20,20,20,20,20,20,1,0,1,1,0,1,1,0,0,0,0.0,0.0,0.0,0.0,0.0,0.0,0.0,0.0,0.0,0.0,0.0,0.0,0.0,0.0,0.0,0.0,0.0,0.0,0.0,0.0,0.0,0.0,0.0,0.0,0.0,5.960464,5.960464,5.960464,5.960464,0.0,0.0,1.0,1.0,0.0,0.0,0.0,0.0,0.0,0.0,0.0,0.0,5.960464,5.960464,5.960464,5.960464,0.0,0.0,0.0,0.0,0.0,0.0,1024,0,1024
T0246,33684,53,udp,dns,0.000239,1,1,1,1,4185.932136,4185.932136,8371.864270999999,1.0,8,8,8,8,8,8,0,0,0,0,0,0,0,0,0,0,93.0,93.0,93.0,93.0,0.0,152.0,152.0,152.0,152.0,0.0,93.0,152.0,245.0,122.5,41.7193,0.0,0.0,0.0,0.0,0.0,0.0,0.0,0.0,0.0,0.0,238.895416,238.895416,238.895416,238.895416,0.0,1025553.373253,1.0,1.0,93.0,152.0,0.0,0.0,0.0,0.0,0.0,0.0,238.895416,238.895416,238.895416,238.895416,0.0,0.0,0.0,0.0,0.0,0.0,0,0,0
T0247,3,0,icmp,-,0.0051979999999999,4,0,4,0,769.526465,0.0,769.526465,0.0,32,8,8,0,0,0,0,0,0,0,0,0,0,0,0,0,60.0,98.0,304.0,76.0,19.113695,0.0,0.0,0.0,0.0,0.0,60.0,98.0,304.0,76.0,19.113695,989.198685,2653.837204,5198.001862,1732.6672870000002,846.427001,0.0,0.0,0.0,0.0,0.0,989.198685,2653.837204,5198.001862,1732.6672870000002,846.427001,58484.011375,4.0,0.0,304.0,0.0,0.0,0.0,0.0,0.0,0.0,0.0,5198.001862,5198.001862,5198.001862,5198.001862,0.0,0.0,0.0,0.0,0.0,0.0,0,0,0
T0248,58895,123,udp,ntp,0.240179,1,1,1,1,4.163564,4.163564,8.327129,1.0,8,8,8,8,8,8,0,0,0,0,0,0,0,0,0,0,48.0,48.0,48.0,48.0,0.0,48.0,48.0,48.0,48.0,0.0,48.0,48.0,96.0,48.0,0.0,0.0,0.0,0.0,0.0,0.0,0.0,0.0,0.0,0.0,0.0,240178.823471,240178.823471,240178.823471,240178.823471,0.0,399.702183,1.0,1.0,48.0,48.0,0.0,0.0,0.0,0.0,0.0,0.0,240178.823471,240178.823471,240178.823471,240178.823471,0.0,0.0,0.0,0.0,0.0,0.0,0,0,0
T0249,10289,21,tcp,-,5e-06,1,1,1,0,199728.761905,199728.761905,399457.52381,1.0,20,20,20,20,20,20,0,1,1,0,0,1,0,0,0,0,120.0,120.0,120.0,120.0,0.0,0.0,0.0,0.0,0.0,0.0,0.0,120.0,120.0,60.0,84.852814,0.0,0.0,0.0,0.0,0.0,0.0,0.0,0.0,0.0,0.0,5.0067900000000005,5.0067900000000005,5.0067900000000005,5.0067900000000005,0.0,23967451.428571,1.0,1.0,120.0,0.0,0.0,0.0,0.0,0.0,0.0,0.0,5.0067900000000005,5.0067900000000005,5.0067900000000005,5.0067900000000005,0.0,0.0,0.0,0.0,0.0,0.0,64,0,64
T0250,36242,5560,tcp,-,8e-06,1,1,0,0,127100.12121199998,127100.12121199998,254200.242424,1.0,20,20,20,20,20,20,1,0,1,1,0,1,1,0,0,0,0.0,0.0,0.0,0.0,0.0,0.0,0.0,0.0,0.0,0.0,0.0,0.0,0.0,0.0,0.0,0.0,0.0,0.0,0.0,0.0,0.0,0.0,0.0,0.0,0.0,7.867813000000001,7.867813000000001,7.867813000000001,7.867813000000001,0.0,0.0,1.0,1.0,0.0,0.0,0.0,0.0,0.0,0.0,0.0,0.0,7.867813000000001,7.867813000000001,7.867813000000001,7.867813000000001,0.0,0.0,0.0,0.0,0.0,0.0,1024,0,1024
T0251,51451,1883,tcp,mqtt,62.015081,10,8,3,4,0.161251,0.129001,0.290252,0.8,328,32,40,264,32,40,0,2,1,3,4,17,0,0,0,0,0.0,33.0,78.0,7.8,12.934021,0.0,23.0,36.0,4.5,7.782764999999999,0.0,33.0,114.0,6.3333330000000005,10.786702,253.915787,47506442.785263,62015080.928802,6890564.547645,15525604.915004997,58.889389,9160165.071487,14311451.911926,2044493.130275,3356356.859452,58.889389,47506442.785263,62015080.928802,3647945.936988,11529864.26227,1.838263,2.0,1.6,15.6,7.2,0.0,0.0,0.0,0.0,0.0,0.0,54243.08776900001,5296013.1168370005,5350256.204605,2675128.102303,3706491.132974,9158381.938934,47506442.785263,56664824.724197,28332412.362099,27116173.869793,64240,26847,502
T0252,36242,50002,tcp,-,7.000000000000001e-06,1,1,0,0,144631.172414,144631.172414,289262.344828,1.0,20,20,20,20,20,20,1,0,1,1,0,1,1,0,0,0,0.0,0.0,0.0,0.0,0.0,0.0,0.0,0.0,0.0,0.0,0.0,0.0,0.0,0.0,0.0,0.0,0.0,0.0,0.0,0.0,0.0,0.0,0.0,0.0,0.0,6.914139,6.914139,6.914139,6.914139,0.0,0.0,1.0,1.0,0.0,0.0,0.0,0.0,0.0,0.0,0.0,0.0,6.914139,6.914139,6.914139,6.914139,0.0,0.0,0.0,0.0,0.0,0.0,1024,0,1024
T0253,41940,53,udp,dns,0.0202539999999999,2,2,2,2,98.745268,98.745268,197.490536,1.0,16,8,8,16,8,8,0,0,0,0,0,0,0,0,0,0,36.0,36.0,72.0,36.0,0.0,36.0,68.0,104.0,52.0,22.627417,36.0,68.0,176.0,44.0,16.0,1091.003418,1091.003418,1091.003418,1091.003418,0.0,18965.00588,18965.00588,18965.00588,18965.00588,0.0,198.125839,18965.00588,20254.13513,6751.378377,10586.72896,8689.583577,2.0,2.0,72.0,104.0,0.0,0.0,0.0,0.0,0.0,0.0,20254.13513,20254.13513,20254.13513,20254.13513,0.0,0.0,0.0,0.0,0.0,0.0,0,0,0
T0254,59247,5822,tcp,-,8e-06,1,1,0,0,123361.882353,123361.882353,246723.764706,1.0,20,20,20,20,20,20,1,0,1,1,0,1,1,0,0,0,0.0,0.0,0.0,0.0,0.0,0.0,0.0,0.0,0.0,0.0,0.0,0.0,0.0,0.0,0.0,0.0,0.0,0.0,0.0,0.0,0.0,0.0,0.0,0.0,0.0,8.106232,8.106232,8.106232,8.106232,0.0,0.0,1.0,1.0,0.0,0.0,0.0,0.0,0.0,0.0,0.0,0.0,8.106232,8.106232,8.106232,8.106232,0.0,0.0,0.0,0.0,0.0,0.0,1024,0,1024
T0255,55250,80,tcp,http,30.586722,7,10,4,3,0.228857,0.326939,0.555797,1.4285709999999998,232,32,40,316,20,40,4,2,1,4,3,15,0,0,0,0,0.0,168.0,211.0,30.142857,61.300975,0.0,482.0,1446.0,144.6,232.82812,0.0,482.0,1657.0,97.470588,187.811447,9.059906,15444140.911102,30586717.128754,5097786.188126001,6756558.058969,136.852264,14732387.065887,30586709.976196,3398523.330688,5693543.900245,0.953674,14732387.065887,30586722.135544,1911670.133471,4505282.847446,54.173834,1.75,2.5,52.75,361.5,0.0,0.0,0.0,0.0,0.0,0.0,0.953674,4339087.009430001,4343461.990356,1447820.663452,2503911.059419,11510873.0793,14732387.065887,26243260.145187,13121630.072594,2277954.385603,64240,65160,501
T0256,51036,3,tcp,-,2.9e-05,1,1,0,0,34379.540984,34379.540984,68759.08196699999,1.0,20,20,20,20,20,20,0,0,1,0,0,1,0,0,0,0,0.0,0.0,0.0,0.0,0.0,0.0,0.0,0.0,0.0,0.0,0.0,0.0,0.0,0.0,0.0,0.0,0.0,0.0,0.0,0.0,0.0,0.0,0.0,0.0,0.0,29.087067,29.087067,29.087067,29.087067,0.0,0.0,1.0,1.0,0.0,0.0,0.0,0.0,0.0,0.0,0.0,0.0,29.087067,29.087067,29.087067,29.087067,0.0,0.0,0.0,0.0,0.0,0.0,1024,0,1024
T0257,47499,1883,tcp,mqtt,62.057335,10,6,3,4,0.161141,0.096685,0.257826,0.6,328,32,40,200,32,40,0,2,1,3,4,15,0,0,0,0,0.0,33.0,78.0,7.8,12.934021,0.0,23.0,36.0,6.0,8.602325,0.0,33.0,114.0,7.125,11.218289,245.809555,59802258.01467901,62057334.899902,6895259.433322,19843565.05491,391.00647,1470711.946487,1994642.972946,398928.594589,612657.583463,245.809555,59802258.01467901,62057334.899902,4137155.659993,15402440.750424,1.837011,3.333333,2.0,26.0,12.0,0.0,0.0,0.0,0.0,0.0,0.0,2255076.885223,2255076.885223,2255076.885223,2255076.885223,0.0,59802258.01467901,59802258.01467901,59802258.01467901,59802258.01467901,0.0,64240,26847,502
T0258,59247,15000,tcp,-,1e-06,1,1,0,0,1048576.0,1048576.0,2097152.0,1.0,20,20,20,20,20,20,1,0,1,1,0,1,1,0,0,0,0.0,0.0,0.0,0.0,0.0,0.0,0.0,0.0,0.0,0.0,0.0,0.0,0.0,0.0,0.0,0.0,0.0,0.0,0.0,0.0,0.0,0.0,0.0,0.0,0.0,0.953674,0.953674,0.953674,0.953674,0.0,0.0,1.0,1.0,0.0,0.0,0.0,0.0,0.0,0.0,0.0,0.0,0.953674,0.953674,0.953674,0.953674,0.0,0.0,0.0,0.0,0.0,0.0,1024,0,1024
T0259,33158,21,tcp,-,4e-06,1,1,1,0,262144.0,262144.0,524288.0,1.0,20,20,20,20,20,20,0,1,1,0,0,1,0,0,0,0,120.0,120.0,120.0,120.0,0.0,0.0,0.0,0.0,0.0,0.0,0.0,120.0,120.0,60.0,84.852814,0.0,0.0,0.0,0.0,0.0,0.0,0.0,0.0,0.0,0.0,3.814697,3.814697,3.814697,3.814697,0.0,31457280.0,1.0,1.0,120.0,0.0,0.0,0.0,0.0,0.0,0.0,0.0,3.814697,3.814697,3.814697,3.814697,0.0,0.0,0.0,0.0,0.0,0.0,64,0,64
T0260,59921,53,udp,dns,0.067598,1,1,1,1,14.793314,14.793314,29.586628,1.0,8,8,8,8,8,8,0,0,0,0,0,0,0,0,0,0,42.0,42.0,42.0,42.0,0.0,170.0,170.0,170.0,170.0,0.0,42.0,170.0,212.0,106.0,90.509668,0.0,0.0,0.0,0.0,0.0,0.0,0.0,0.0,0.0,0.0,67598.10448,67598.10448,67598.10448,67598.10448,0.0,3136.1826140000003,1.0,1.0,42.0,170.0,0.0,0.0,0.0,0.0,0.0,0.0,67598.10448,67598.10448,67598.10448,67598.10448,0.0,0.0,0.0,0.0,0.0,0.0,0,0,0
T0261,60928,8888,tcp,-,0.0002109999999999,3,0,2,0,14217.979661,0.0,14217.979661,0.0,96,32,32,0,0,0,0,0,0,2,0,3,0,0,0,0,0.0,6.0,8.0,2.666667,3.05505,0.0,0.0,0.0,0.0,0.0,0.0,6.0,8.0,2.666667,3.05505,21.934509,189.065933,211.000443,105.500221,118.179763,0.0,0.0,0.0,0.0,0.0,21.934509,189.065933,211.000443,105.500221,118.179763,37914.612429,3.0,0.0,8.0,0.0,0.0,0.0,0.0,0.0,0.0,0.0,211.000443,211.000443,211.000443,211.000443,0.0,0.0,0.0,0.0,0.0,0.0,512,0,512
T0262,64177,24007,udp,-,0.0,1,0,0,0,0.0,0.0,0.0,0.0,8,8,8,0,0,0,0,0,0,0,0,0,0,0,0,0,0.0,0.0,0.0,0.0,0.0,0.0,0.0,0.0,0.0,0.0,0.0,0.0,0.0,0.0,0.0,0.0,0.0,0.0,0.0,0.0,0.0,0.0,0.0,0.0,0.0,0.0,0.0,0.0,0.0,0.0,0.0,1.0,0.0,0.0,0.0,0.0,0.0,0.0,0.0,0.0,0.0,0.0,0.0,0.0,0.0,0.0,0.0,0.0,0.0,0.0,0.0,0,0,0
T0263,36592,53,udp,dns,0.03007,2,2,2,2,66.511326,66.511326,133.022652,1.0,16,8,8,16,8,8,0,0,0,0,0,0,0,0,0,0,36.0,36.0,72.0,36.0,0.0,36.0,68.0,104.0,52.0,22.627417,36.0,68.0,176.0,44.0,16.0,232.934952,232.934952,232.934952,232.934952,0.0,28788.08975,28788.08975,28788.08975,28788.08975,0.0,232.934952,28788.08975,30070.06645,10023.35548,16255.85884,5852.99671,2.0,2.0,72.0,104.0,0.0,0.0,0.0,0.0,0.0,0.0,30070.06645,30070.06645,30070.06645,30070.06645,0.0,0.0,0.0,0.0,0.0,0.0,0,0,0
T0264,46600,2601,tcp,-,6e-06,1,1,0,0,167772.16,167772.16,335544.32,1.0,20,20,20,20,20,20,0,0,1,0,0,1,0,0,0,0,0.0,0.0,0.0,0.0,0.0,0.0,0.0,0.0,0.0,0.0,0.0,0.0,0.0,0.0,0.0,0.0,0.0,0.0,0.0,0.0,0.0,0.0,0.0,0.0,0.0,5.960464,5.960464,5.960464,5.960464,0.0,0.0,1.0,1.0,0.0,0.0,0.0,0.0,0.0,0.0,0.0,0.0,5.960464,5.960464,5.960464,5.960464,0.0,0.0,0.0,0.0,0.0,0.0,1024,0,1024
T0265,59247,7937,tcp,-,4.8e-05,1,1,0,0,20763.881188,20763.881188,41527.762376,1.0,20,20,20,20,20,20,1,0,1,1,0,1,1,0,0,0,0.0,0.0,0.0,0.0,0.0,0.0,0.0,0.0,0.0,0.0,0.0,0.0,0.0,0.0,0.0,0.0,0.0,0.0,0.0,0.0,0.0,0.0,0.0,0.0,0.0,48.160553,48.160553,48.160553,48.160553,0.0,0.0,1.0,1.0,0.0,0.0,0.0,0.0,0.0,0.0,0.0,0.0,48.160553,48.160553,48.160553,48.160553,0.0,0.0,0.0,0.0,0.0,0.0,1024,0,1024
T0266,13758,21,tcp,-,1e-06,1,1,1,0,1048576.0,1048576.0,2097152.0,1.0,20,20,20,20,20,20,0,1,1,0,0,1,0,0,0,0,120.0,120.0,120.0,120.0,0.0,0.0,0.0,0.0,0.0,0.0,0.0,120.0,120.0,60.0,84.852814,0.0,0.0,0.0,0.0,0.0,0.0,0.0,0.0,0.0,0.0,0.953674,0.953674,0.953674,0.953674,0.0,125829120.0,1.0,1.0,120.0,0.0,0.0,0.0,0.0,0.0,0.0,0.0,0.953674,0.953674,0.953674,0.953674,0.0,0.0,0.0,0.0,0.0,0.0,64,0,64
T0267,44856,21,tcp,-,5e-06,1,1,1,0,199728.761905,199728.761905,399457.52381,1.0,20,20,20,20,20,20,0,1,1,0,0,1,0,0,0,0,120.0,120.0,120.0,120.0,0.0,0.0,0.0,0.0,0.0,0.0,0.0,120.0,120.0,60.0,84.852814,0.0,0.0,0.0,0.0,0.0,0.0,0.0,0.0,0.0,0.0,5.0067900000000005,5.0067900000000005,5.0067900000000005,5.0067900000000005,0.0,23967451.428571,1.0,1.0,120.0,0.0,0.0,0.0,0.0,0.0,0.0,0.0,5.0067900000000005,5.0067900000000005,5.0067900000000005,5.0067900000000005,0.0,0.0,0.0,0.0,0.0,0.0,64,0,64
T0268,39250,443,tcp,ssl,1.131783,16,14,3,10,14.136985999999998,12.369862,26.506848,0.875,496,20,40,456,32,40,2,2,2,3,7,27,0,0,0,0,0.0,517.0,674.0,42.125,130.5715,0.0,1352.0,5651.0,403.642857,571.20542,0.0,1352.0,6325.0,210.833333,434.430827,2.145767,283213.13858,1131785.8695979998,75452.391307,127838.178672,3.814697,290183.067322,850203.990936,65400.306995000006,124065.400061,0.953674,283176.183701,1131785.8695979998,39027.098952,98179.297297,5588.527087,16.0,14.0,674.0,5651.0,0.0,5450.0,0.0,7.0,0.0,4726831.430935,1131785.8695979998,1131785.8695979998,1131785.8695979998,1131785.8695979998,0.0,0.0,0.0,0.0,0.0,0.0,64240,26847,0
T0269,64427,21,tcp,-,4e-06,1,1,1,0,246723.764706,246723.764706,493447.529412,1.0,20,20,20,20,20,20,0,1,1,0,0,1,0,0,0,0,120.0,120.0,120.0,120.0,0.0,0.0,0.0,0.0,0.0,0.0,0.0,120.0,120.0,60.0,84.852814,0.0,0.0,0.0,0.0,0.0,0.0,0.0,0.0,0.0,0.0,4.053116,4.053116,4.053116,4.053116,0.0,29606851.764706,1.0,1.0,120.0,0.0,0.0,0.0,0.0,0.0,0.0,0.0,4.053116,4.053116,4.053116,4.053116,0.0,0.0,0.0,0.0,0.0,0.0,64,0,64
T0270,50126,53,udp,dns,0.000124,2,2,2,2,16100.975047999998,16100.975047999998,32201.950096,1.0,16,8,8,16,8,8,0,0,0,0,0,0,0,0,0,0,54.0,54.0,108.0,54.0,0.0,70.0,82.0,152.0,76.0,8.485281,54.0,82.0,260.0,65.0,13.613719,6.198883,6.198883,6.198883,6.198883,0.0,50.067902,50.067902,50.067902,50.067902,0.0,6.198883,67.94929499999999,124.21608,41.40536,31.773544,2093126.756238,2.0,2.0,108.0,152.0,0.0,0.0,0.0,0.0,0.0,0.0,124.21608,124.21608,124.21608,124.21608,0.0,0.0,0.0,0.0,0.0,0.0,0,0,0
T0271,51893,53,udp,dns,1.024937,2,2,2,2,1.951339,1.951339,3.902678,1.0,16,8,8,16,8,8,0,0,0,0,0,0,0,0,0,0,43.0,43.0,86.0,43.0,0.0,71.0,139.0,210.0,105.0,48.083261,43.0,139.0,296.0,74.0,45.299007,30.040741,30.040741,30.040741,30.040741,0.0,71727.03743,71727.03743,71727.03743,71727.03743,0.0,30.040741,953180.074692,1024937.152863,341645.717621,530816.180275,288.798195,2.0,2.0,86.0,210.0,0.0,0.0,0.0,0.0,0.0,0.0,1024937.152863,1024937.152863,1024937.152863,1024937.152863,0.0,0.0,0.0,0.0,0.0,0.0,0,0,0
T0272,52701,53,udp,dns,0.094959,2,2,2,2,21.061717,21.061717,42.123434,1.0,16,8,8,16,8,8,0,0,0,0,0,0,0,0,0,0,44.0,44.0,88.0,44.0,0.0,163.0,259.0,422.0,211.0,67.882251,44.0,259.0,510.0,127.5,104.078496,4.053116,4.053116,4.053116,4.053116,0.0,355.958939,355.958939,355.958939,355.958939,0.0,4.053116,94599.00856,94959.020615,31653.006872,54513.120493,5370.737785,2.0,2.0,88.0,422.0,0.0,0.0,0.0,0.0,0.0,0.0,94959.020615,94959.020615,94959.020615,94959.020615,0.0,0.0,0.0,0.0,0.0,0.0,0,0,0
T0273,34037,1883,tcp,mqtt,32.11487,9,5,3,3,0.280244,0.155691,0.435935,0.555556,296,32,40,168,32,40,0,2,1,3,3,13,0,0,0,0,0.0,33.0,75.0,8.333333,12.980755,0.0,22.0,31.0,6.2,9.121403,0.0,33.0,106.0,7.571428999999998,11.420052,270.12825,29790802.001953,32114870.071411,4014358.758926,10421907.993557,2960.920334,1473960.876465,2034054.994583,508513.748646,656613.457893,270.12825,29790802.001953,32114870.071411,2470374.620878,8215299.948263002,3.3006519999999995,3.0,1.666667,25.0,10.333333,0.0,0.0,0.0,0.0,0.0,0.0,2324068.0694580004,2324068.0694580004,2324068.0694580004,2324068.0694580004,0.0,29790802.001953,29790802.001953,29790802.001953,29790802.001953,0.0,64240,26847,502
T0274,55102,80,tcp,http,30.748279,7,13,4,6,0.227655,0.422788,0.650443,1.857143,232,32,40,412,20,40,7,2,1,4,6,18,0,0,0,0,0.0,168.0,210.0,30.0,61.354163,0.0,482.0,2892.0,222.461538,250.097519,0.0,482.0,3102.0,155.1,222.629005,458.00209,18434845.924377,30748268.127441,5124711.354574,7986251.827149001,165.939331,11715588.092804,30748250.007629,2562354.167302,4379226.628823,7.867813000000001,11715588.092804,30748279.094696004,1618330.478668,3650916.461893,100.883695,1.4,2.6,42.0,578.4,0.0,0.0,0.0,0.0,0.0,0.0,7.867813000000001,7357161.998749001,7361094.95163,2453698.31721,4246524.566428,11671596.050262,11715588.092804,23387184.143066,11693592.071533,31107.071599000003,64240,65160,501
T0275,51312,80,tcp,http,0.000181,8,0,2,0,44150.568421,0.0,44150.568421,0.0,260,20,40,0,0,0,1,2,1,2,0,6,0,0,0,0,0.0,126.0,212.0,26.5,50.219518,0.0,0.0,0.0,0.0,0.0,0.0,126.0,212.0,26.5,50.219518,5.960464,115.871429,181.19812,25.885446,40.69302,0.0,0.0,0.0,0.0,0.0,5.960464,115.871429,181.19812,25.885446,40.69302,1169990.063158,8.0,0.0,212.0,0.0,0.0,0.0,0.0,0.0,0.0,0.0,181.19812,181.19812,181.19812,181.19812,0.0,0.0,0.0,0.0,0.0,0.0,65476,0,0
T0276,62366,6667,udp,-,17747.121108000007,3549,0,3549,0,0.199976,0.0,0.199976,0.0,28392,8,8,0,0,0,0,0,0,0,0,0,0,0,0,0,172.0,172.0,610428.0,172.0,0.0,0.0,0.0,0.0,0.0,0.0,172.0,172.0,610428.0,172.0,0.0,3909075.021744,5385733.127594002,17747121108.055115,5002007.076677999,28191.59986,0.0,0.0,0.0,0.0,0.0,3909075.021744,5385733.127594002,17747121108.055115,5002007.076677999,28191.59986,34.395889000000004,1.0,0.0,172.0,0.0,0.0,0.0,0.0,0.0,0.0,0.0,3909075.021744,9997605.085373,1146247301.578522,5117175.4534760015,872750.249579,5000010.967255,5385733.127594002,16600873806.476591,5004785.591341,14656.422863999998,0,0,0
T0277,50651,21,tcp,-,2e-06,1,1,1,0,524288.0,524288.0,1048576.0,1.0,20,20,20,20,20,20,0,1,1,0,0,1,0,0,0,0,120.0,120.0,120.0,120.0,0.0,0.0,0.0,0.0,0.0,0.0,0.0,120.0,120.0,60.0,84.852814,0.0,0.0,0.0,0.0,0.0,0.0,0.0,0.0,0.0,0.0,1.907349,1.907349,1.907349,1.907349,0.0,62914560.0,1.0,1.0,120.0,0.0,0.0,0.0,0.0,0.0,0.0,0.0,1.907349,1.907349,1.907349,1.907349,0.0,0.0,0.0,0.0,0.0,0.0,64,0,64
T0278,57530,53,udp,dns,0.238013,2,2,2,2,8.402901,8.402901,16.805803,1.0,16,8,8,16,8,8,0,0,0,0,0,0,0,0,0,0,93.0,93.0,186.0,93.0,0.0,152.0,164.0,316.0,158.0,8.485281,93.0,164.0,502.0,125.5,37.84618,12.159348,12.159348,12.159348,12.159348,0.0,120.87822,120.87822,120.87822,120.87822,0.0,12.159348,237879.991531,238013.029099,79337.676366,137301.683269,2109.128235,2.0,2.0,186.0,316.0,0.0,0.0,0.0,0.0,0.0,0.0,238013.029099,238013.029099,238013.029099,238013.029099,0.0,0.0,0.0,0.0,0.0,0.0,0,0,0
T0279,37298,631,tcp,-,4e-06,1,1,0,0,246723.764706,246723.764706,493447.529412,1.0,40,40,40,20,20,20,0,1,1,0,0,1,0,0,0,0,0.0,0.0,0.0,0.0,0.0,0.0,0.0,0.0,0.0,0.0,0.0,0.0,0.0,0.0,0.0,0.0,0.0,0.0,0.0,0.0,0.0,0.0,0.0,0.0,0.0,4.053116,4.053116,4.053116,4.053116,0.0,0.0,1.0,1.0,0.0,0.0,0.0,0.0,0.0,0.0,0.0,0.0,4.053116,4.053116,4.053116,4.053116,0.0,0.0,0.0,0.0,0.0,0.0,64240,0,64240
T0280,45162,3945,tcp,-,4e-06,1,1,0,0,246723.764706,246723.764706,493447.529412,1.0,40,40,40,20,20,20,0,1,1,0,0,1,0,0,0,0,0.0,0.0,0.0,0.0,0.0,0.0,0.0,0.0,0.0,0.0,0.0,0.0,0.0,0.0,0.0,0.0,0.0,0.0,0.0,0.0,0.0,0.0,0.0,0.0,0.0,4.053116,4.053116,4.053116,4.053116,0.0,0.0,1.0,1.0,0.0,0.0,0.0,0.0,0.0,0.0,0.0,0.0,4.053116,4.053116,4.053116,4.053116,0.0,0.0,0.0,0.0,0.0,0.0,64240,0,64240
T0281,59247,1099,tcp,-,7.000000000000001e-06,1,1,0,0,144631.172414,144631.172414,289262.344828,1.0,20,20,20,20,20,20,1,0,1,1,0,1,1,0,0,0,0.0,0.0,0.0,0.0,0.0,0.0,0.0,0.0,0.0,0.0,0.0,0.0,0.0,0.0,0.0,0.0,0.0,0.0,0.0,0.0,0.0,0.0,0.0,0.0,0.0,6.914139,6.914139,6.914139,6.914139,0.0,0.0,1.0,1.0,0.0,0.0,0.0,0.0,0.0,0.0,0.0,0.0,6.914139,6.914139,6.914139,6.914139,0.0,0.0,0.0,0.0,0.0,0.0,1024,0,1024
T0282,60930,80,tcp,http,0.8700829999999999,7,5,2,1,8.045209,5.746578,13.791785999999998,0.714286,232,32,40,168,32,40,2,2,0,2,1,11,0,0,0,0,0.0,169.0,215.0,30.714286,63.34223000000001,0.0,538.0,538.0,107.6,240.600914,0.0,538.0,753.0,62.75,157.50043300000002,92.029572,309532.8808,872049.0932,145341.5155,159240.1268,183.105469,284342.0506,591335.0582,147833.7646,156393.1951,92.029572,278803.8254,872049.0932,79277.1903,128289.3295,865.434584,7.0,5.0,215.0,538.0,0.0,0.0,0.0,0.0,0.0,0.0,872049.0932,872049.0932,872049.0932,872049.0932,0.0,0.0,0.0,0.0,0.0,0.0,64240,26847,501
T0283,40217,1883,tcp,mqtt,15.045704,10,6,3,4,0.664642,0.398785,1.063426,0.6,328,32,40,200,32,40,0,2,1,3,4,15,0,0,0,0,0.0,33.0,78.0,7.8,12.934021,0.0,23.0,36.0,6.0,8.602325,0.0,33.0,114.0,7.125,11.218289,246.047974,12715205.907822,15045704.126358,1671744.902929,4160217.779056,70.095062,1547056.913376,2059215.068817,411843.013763,647245.089868,70.095062,12715205.907822,15045704.126358,1003046.941757,3256955.579790001,7.576914,3.333333,2.0,26.0,12.0,0.0,0.0,0.0,0.0,0.0,0.0,2330498.218536,2330498.218536,2330498.218536,2330498.218536,0.0,12715205.907822,12715205.907822,12715205.907822,12715205.907822,0.0,64240,26847,502
T0284,36465,1883,tcp,mqtt,48.079791,10,6,3,4,0.207988,0.124793,0.33278,0.6,328,32,40,200,32,40,0,2,1,3,4,15,0,0,0,0,0.0,33.0,77.0,7.7,12.789318,0.0,22.0,35.0,5.8333330000000005,8.20772,0.0,33.0,112.0,7.0,11.021192,244.140625,45796676.874161,48079791.069031,5342199.007669998,15175448.720926998,932.216644,1524201.869965,2031073.093414,406214.618683,637372.50586,244.140625,45796676.874161,48079791.069031,3205319.404602,11787072.663615,2.329461,3.333333,2.0,25.666667,11.666667,0.0,0.0,0.0,0.0,0.0,0.0,2283114.19487,2283114.19487,2283114.19487,2283114.19487,0.0,45796676.874161,45796676.874161,45796676.874161,45796676.874161,0.0,64240,26847,502
T0285,32998,21,tcp,-,4e-06,1,1,1,0,246723.764706,246723.764706,493447.529412,1.0,20,20,20,20,20,20,0,1,1,0,0,1,0,0,0,0,120.0,120.0,120.0,120.0,0.0,0.0,0.0,0.0,0.0,0.0,0.0,120.0,120.0,60.0,84.852814,0.0,0.0,0.0,0.0,0.0,0.0,0.0,0.0,0.0,0.0,4.053116,4.053116,4.053116,4.053116,0.0,29606851.764706,1.0,1.0,120.0,0.0,0.0,0.0,0.0,0.0,0.0,0.0,4.053116,4.053116,4.053116,4.053116,0.0,0.0,0.0,0.0,0.0,0.0,64,0,64
T0286,40853,1883,tcp,mqtt,15.01827,10,6,3,4,0.665856,0.399513,1.065369,0.6,328,32,40,200,32,40,0,2,1,3,4,15,0,0,0,0,0.0,33.0,78.0,7.8,12.934021,0.0,23.0,36.0,6.0,8.602325,0.0,33.0,114.0,7.125,11.218289,258.207321,12735018.014908,15018270.015717002,1668696.668413,4165415.253335,68.902969,1452160.12001,2006374.835968,401274.967194,603337.071012,68.902969,12735018.014908,15018270.015717002,1001218.001048,3260427.849427,7.590754,3.333333,2.0,26.0,12.0,0.0,0.0,0.0,0.0,0.0,0.0,2283252.000809,2283252.000809,2283252.000809,2283252.000809,0.0,12735018.014908,12735018.014908,12735018.014908,12735018.014908,0.0,64240,26847,502
T0287,50078,28465,udp,-,0.0,1,0,0,0,0.0,0.0,0.0,0.0,8,8,8,0,0,0,0,0,0,0,0,0,0,0,0,0,0.0,0.0,0.0,0.0,0.0,0.0,0.0,0.0,0.0,0.0,0.0,0.0,0.0,0.0,0.0,0.0,0.0,0.0,0.0,0.0,0.0,0.0,0.0,0.0,0.0,0.0,0.0,0.0,0.0,0.0,0.0,1.0,0.0,0.0,0.0,0.0,0.0,0.0,0.0,0.0,0.0,0.0,0.0,0.0,0.0,0.0,0.0,0.0,0.0,0.0,0.0,0,0,0
T0288,46600,1052,tcp,-,6e-06,1,1,0,0,161319.38461500002,161319.38461500002,322638.769231,1.0,20,20,20,20,20,20,0,0,1,0,0,1,0,0,0,0,0.0,0.0,0.0,0.0,0.0,0.0,0.0,0.0,0.0,0.0,0.0,0.0,0.0,0.0,0.0,0.0,0.0,0.0,0.0,0.0,0.0,0.0,0.0,0.0,0.0,6.198883,6.198883,6.198883,6.198883,0.0,0.0,1.0,1.0,0.0,0.0,0.0,0.0,0.0,0.0,0.0,0.0,6.198883,6.198883,6.198883,6.198883,0.0,0.0,0.0,0.0,0.0,0.0,1024,0,1024
T0289,51674,80,tcp,http,0.000518,8,0,2,0,15441.52416,0.0,15441.52416,0.0,260,20,40,0,0,0,1,2,1,2,0,6,0,0,0,0,0.0,126.0,212.0,26.5,50.219518,0.0,0.0,0.0,0.0,0.0,0.0,126.0,212.0,26.5,50.219518,20.027161,326.871872,518.083572,74.011939,112.533305,0.0,0.0,0.0,0.0,0.0,20.027161,326.871872,518.083572,74.011939,112.533305,409200.390244,8.0,0.0,212.0,0.0,0.0,0.0,0.0,0.0,0.0,0.0,518.083572,518.083572,518.083572,518.083572,0.0,0.0,0.0,0.0,0.0,0.0,65476,0,0
T0290,35285,1883,tcp,mqtt,32.074138,9,5,3,3,0.2806,0.155889,0.436489,0.555556,296,32,40,168,32,40,0,2,1,3,3,13,0,0,0,0,0.0,33.0,76.0,8.444444,13.115935999999998,0.0,23.0,32.0,6.4,9.555103,0.0,33.0,108.0,7.714286,11.618477,518.083572,29795946.836472,32074137.926102,4009267.240763,10426684.113799,2654.075623,1499743.938446,2018791.913986,504697.978497,674213.740346,518.083572,29795946.836472,32074137.926102,2467241.3789310004,8218200.189261,3.367199,3.0,1.666667,25.333333,10.666667,0.0,0.0,0.0,0.0,0.0,0.0,2278191.08963,2278191.08963,2278191.08963,2278191.08963,0.0,29795946.836472,29795946.836472,29795946.836472,29795946.836472,0.0,64240,26847,502
T0291,51036,2004,tcp,-,5e-06,1,1,0,0,199728.761905,199728.761905,399457.52381,1.0,20,20,20,20,20,20,0,0,1,0,0,1,0,0,0,0,0.0,0.0,0.0,0.0,0.0,0.0,0.0,0.0,0.0,0.0,0.0,0.0,0.0,0.0,0.0,0.0,0.0,0.0,0.0,0.0,0.0,0.0,0.0,0.0,0.0,5.0067900000000005,5.0067900000000005,5.0067900000000005,5.0067900000000005,0.0,0.0,1.0,1.0,0.0,0.0,0.0,0.0,0.0,0.0,0.0,0.0,5.0067900000000005,5.0067900000000005,5.0067900000000005,5.0067900000000005,0.0,0.0,0.0,0.0,0.0,0.0,1024,0,1024
T0292,47261,21,tcp,-,5e-06,1,1,1,0,199728.761905,199728.761905,399457.52381,1.0,20,20,20,20,20,20,0,1,1,0,0,1,0,0,0,0,120.0,120.0,120.0,120.0,0.0,0.0,0.0,0.0,0.0,0.0,0.0,120.0,120.0,60.0,84.852814,0.0,0.0,0.0,0.0,0.0,0.0,0.0,0.0,0.0,0.0,5.0067900000000005,5.0067900000000005,5.0067900000000005,5.0067900000000005,0.0,23967451.428571,1.0,1.0,120.0,0.0,0.0,0.0,0.0,0.0,0.0,0.0,5.0067900000000005,5.0067900000000005,5.0067900000000005,5.0067900000000005,0.0,0.0,0.0,0.0,0.0,0.0,64,0,64
T0293,51036,515,tcp,-,7.000000000000001e-06,1,1,0,0,144631.172414,144631.172414,289262.344828,1.0,20,20,20,20,20,20,0,0,1,0,0,1,0,0,0,0,0.0,0.0,0.0,0.0,0.0,0.0,0.0,0.0,0.0,0.0,0.0,0.0,0.0,0.0,0.0,0.0,0.0,0.0,0.0,0.0,0.0,0.0,0.0,0.0,0.0,6.914139,6.914139,6.914139,6.914139,0.0,0.0,1.0,1.0,0.0,0.0,0.0,0.0,0.0,0.0,0.0,0.0,6.914139,6.914139,6.914139,6.914139,0.0,0.0,0.0,0.0,0.0,0.0,1024,0,1024
T0294,50191,5353,udp,dns,0.0,1,0,1,0,0.0,0.0,0.0,0.0,8,8,8,0,0,0,0,0,0,0,0,0,0,0,0,0,43.0,43.0,43.0,43.0,0.0,0.0,0.0,0.0,0.0,0.0,43.0,43.0,43.0,43.0,0.0,0.0,0.0,0.0,0.0,0.0,0.0,0.0,0.0,0.0,0.0,0.0,0.0,0.0,0.0,0.0,0.0,1.0,0.0,43.0,0.0,0.0,0.0,0.0,0.0,0.0,0.0,0.0,0.0,0.0,0.0,0.0,0.0,0.0,0.0,0.0,0.0,0,0,0
T0295,46600,2179,tcp,-,1e-06,1,1,0,0,1048576.0,1048576.0,2097152.0,1.0,20,20,20,20,20,20,0,0,1,0,0,1,0,0,0,0,0.0,0.0,0.0,0.0,0.0,0.0,0.0,0.0,0.0,0.0,0.0,0.0,0.0,0.0,0.0,0.0,0.0,0.0,0.0,0.0,0.0,0.0,0.0,0.0,0.0,0.953674,0.953674,0.953674,0.953674,0.0,0.0,1.0,1.0,0.0,0.0,0.0,0.0,0.0,0.0,0.0,0.0,0.953674,0.953674,0.953674,0.953674,0.0,0.0,0.0,0.0,0.0,0.0,1024,0,1024
T0296,39485,5353,udp,dns,0.0,1,0,1,0,0.0,0.0,0.0,0.0,8,8,8,0,0,0,0,0,0,0,0,0,0,0,0,0,47.0,47.0,47.0,47.0,0.0,0.0,0.0,0.0,0.0,0.0,47.0,47.0,47.0,47.0,0.0,0.0,0.0,0.0,0.0,0.0,0.0,0.0,0.0,0.0,0.0,0.0,0.0,0.0,0.0,0.0,0.0,1.0,0.0,47.0,0.0,0.0,0.0,0.0,0.0,0.0,0.0,0.0,0.0,0.0,0.0,0.0,0.0,0.0,0.0,0.0,0.0,0,0,0
T0297,50078,539,udp,-,0.0,1,0,0,0,0.0,0.0,0.0,0.0,8,8,8,0,0,0,0,0,0,0,0,0,0,0,0,0,0.0,0.0,0.0,0.0,0.0,0.0,0.0,0.0,0.0,0.0,0.0,0.0,0.0,0.0,0.0,0.0,0.0,0.0,0.0,0.0,0.0,0.0,0.0,0.0,0.0,0.0,0.0,0.0,0.0,0.0,0.0,1.0,0.0,0.0,0.0,0.0,0.0,0.0,0.0,0.0,0.0,0.0,0.0,0.0,0.0,0.0,0.0,0.0,0.0,0.0,0.0,0,0,0
T0298,5777,21,tcp,-,4e-06,1,1,1,0,246723.764706,246723.764706,493447.529412,1.0,20,20,20,20,20,20,0,1,1,0,0,1,0,0,0,0,120.0,120.0,120.0,120.0,0.0,0.0,0.0,0.0,0.0,0.0,0.0,120.0,120.0,60.0,84.852814,0.0,0.0,0.0,0.0,0.0,0.0,0.0,0.0,0.0,0.0,4.053116,4.053116,4.053116,4.053116,0.0,29606851.764706,1.0,1.0,120.0,0.0,0.0,0.0,0.0,0.0,0.0,0.0,4.053116,4.053116,4.053116,4.053116,0.0,0.0,0.0,0.0,0.0,0.0,64,0,64
T0299,50079,22739,udp,-,0.0,1,0,0,0,0.0,0.0,0.0,0.0,8,8,8,0,0,0,0,0,0,0,0,0,0,0,0,0,0.0,0.0,0.0,0.0,0.0,0.0,0.0,0.0,0.0,0.0,0.0,0.0,0.0,0.0,0.0,0.0,0.0,0.0,0.0,0.0,0.0,0.0,0.0,0.0,0.0,0.0,0.0,0.0,0.0,0.0,0.0,1.0,0.0,0.0,0.0,0.0,0.0,0.0,0.0,0.0,0.0,0.0,0.0,0.0,0.0,0.0,0.0,0.0,0.0,0.0,0.0,0,0,0
