flow_id,id.orig_p,id.resp_p,proto,service,flow_duration,fwd_pkts_tot,bwd_pkts_tot,fwd_data_pkts_tot,bwd_data_pkts_tot,fwd_pkts_per_sec,bwd_pkts_per_sec,flow_pkts_per_sec,down_up_ratio,fwd_header_size_tot,fwd_header_size_min,fwd_header_size_max,bwd_header_size_tot,bwd_header_size_min,bwd_header_size_max,flow_FIN_flag_count,flow_SYN_flag_count,flow_RST_flag_count,fwd_PSH_flag_count,bwd_PSH_flag_count,flow_ACK_flag_count,fwd_URG_flag_count,bwd_URG_flag_count,flow_CWR_flag_count,flow_ECE_flag_count,fwd_pkts_payload.min,fwd_pkts_payload.max,fwd_pkts_payload.tot,fwd_pkts_payload.avg,fwd_pkts_payload.std,bwd_pkts_payload.min,bwd_pkts_payload.max,bwd_pkts_payload.tot,bwd_pkts_payload.avg,bwd_pkts_payload.std,flow_pkts_payload.min,flow_pkts_payload.max,flow_pkts_payload.tot,flow_pkts_payload.avg,flow_pkts_payload.std,fwd_iat.min,fwd_iat.max,fwd_iat.tot,fwd_iat.avg,fwd_iat.std,bwd_iat.min,bwd_iat.max,bwd_iat.tot,bwd_iat.avg,bwd_iat.std,flow_iat.min,flow_iat.max,flow_iat.tot,flow_iat.avg,flow_iat.std,payload_bytes_per_second,fwd_subflow_pkts,bwd_subflow_pkts,fwd_subflow_bytes,bwd_subflow_bytes,fwd_bulk_bytes,bwd_bulk_bytes,fwd_bulk_packets,bwd_bulk_packets,fwd_bulk_rate,bwd_bulk_rate,active.min,active.max,active.tot,active.avg,active.std,idle.min,idle.max,idle.tot,idle.avg,idle.std,fwd_init_window_size,bwd_init_window_size,fwd_last_window_size,Attack_type
S0000,54240,21,tcp,-,0.0,1,0,1,0,0.0,0.0,0.0,0.0,20,20,20,0,0,0,0,1,0,0,0,0,0,0,0,0,120.0,120.0,120.0,120.0,0.0,0.0,0.0,0.0,0.0,0.0,120.0,120.0,120.0,120.0,0.0,0.0,0.0,0.0,0.0,0.0,0.0,0.0,0.0,0.0,0.0,0.0,0.0,0.0,0.0,0.0,0.0,1.0,0.0,120.0,0.0,0.0,0.0,0.0,0.0,0.0,0.0,0.0,0.0,0.0,0.0,0.0,0.0,0.0,0.0,0.0,0.0,64,0,64,DOS_SYN_Hping
S0001,4875,21,tcp,-,5e-06,1,1,1,0,209715.2,209715.2,419430.4,1.0,20,20,20,20,20,20,0,1,1,0,0,1,0,0,0,0,120.0,120.0,120.0,120.0,0.0,0.0,0.0,0.0,0.0,0.0,0.0,120.0,120.0,60.0,84.852814,0.0,0.0,0.0,0.0,0.0,0.0,0.0,0.0,0.0,0.0,4.768372,4.768372,4.768372,4.768372,0.0,25165824.0,1.0,1.0,120.0,0.0,0.0,0.0,0.0,0.0,0.0,0.0,4.768372,4.768372,4.768372,4.768372,0.0,0.0,0.0,0.0,0.0,0.0,64,0,64,DOS_SYN_Hping
S0002,42939,21,tcp,-,4e-06,1,1,1,0,246723.764706,246723.764706,493447.529412,1.0,20,20,20,20,20,20,0,1,1,0,0,1,0,0,0,0,120.0,120.0,120.0,120.0,0.0,0.0,0.0,0.0,0.0,0.0,0.0,120.0,120.0,60.0,84.852814,0.0,0.0,0.0,0.0,0.0,0.0,0.0,0.0,0.0,0.0,4.053116,4.053116,4.053116,4.053116,0.0,29606851.764706,1.0,1.0,120.0,0.0,0.0,0.0,0.0,0.0,0.0,0.0,4.053116,4.053116,4.053116,4.053116,0.0,0.0,0.0,0.0,0.0,0.0,64,0,64,DOS_SYN_Hping
S0003,57494,21,tcp,-,1e-06,1,1,1,0,1048576.0,1048576.0,2097152.0,1.0,20,20,20,20,20,20,0,1,1,0,0,1,0,0,0,0,120.0,120.0,120.0,120.0,0.0,0.0,0.0,0.0,0.0,0.0,0.0,120.0,120.0,60.0,84.852814,0.0,0.0,0.0,0.0,0.0,0.0,0.0,0.0,0.0,0.0,0.953674,0.953674,0.953674,0.953674,0.0,125829120.0,1.0,1.0,120.0,0.0,0.0,0.0,0.0,0.0,0.0,0.0,0.953674,0.953674,0.953674,0.953674,0.0,0.0,0.0,0.0,0.0,0.0,64,0,64,DOS_SYN_Hping
S0004,9546,21,tcp,-,5e-06,1,1,1,0,199728.761905,199728.761905,399457.52381,1.0,20,20,20,20,20,20,0,1,1,0,0,1,0,0,0,0,120.0,120.0,120.0,120.0,0.0,0.0,0.0,0.0,0.0,0.0,0.0,120.0,120.0,60.0,84.852814,0.0,0.0,0.0,0.0,0.0,0.0,0.0,0.0,0.0,0.0,5.0067900000000005,5.0067900000000005,5.0067900000000005,5.0067900000000005,0.0,23967451.428571,1.0,1.0,120.0,0.0,0.0,0.0,0.0,0.0,0.0,0.0,5.0067900000000005,5.0067900000000005,5.0067900000000005,5.0067900000000005,0.0,0.0,0.0,0.0,0.0,0.0,64,0,64,DOS_SYN_Hping
S0005,33308,443,udp,-,0.191166,3,5,3,5,15.693154000000002,26.155256,41.84841,1.666667,24,8,8,40,8,8,0,0,0,0,0,0,0,0,0,0,32.0,1357.0,1547.0,515.666667,731.334625,28.0,1357.0,3458.0,691.6,647.004482,28.0,1357.0,5005.0,625.625,632.703482,76142.072678,115024.089813,191166.162491,95583.081245,27493.737983,50.067902,32946.109772,92293.977737,23073.494434,15557.968936,50.067902,78330.993652,191166.162491,27309.451784,25881.344472,26181.411683,3.0,5.0,1547.0,3458.0,0.0,0.0,0.0,0.0,0.0,0.0,191166.162491,191166.162491,191166.162491,191166.162491,0.0,0.0,0.0,0.0,0.0,0.0,0,0,0,ARP_poisioning
S0006,26406,21,tcp,-,4e-06,1,1,1,0,246723.764706,246723.764706,493447.529412,1.0,20,20,20,20,20,20,0,1,1,0,0,1,0,0,0,0,120.0,120.0,120.0,120.0,0.0,0.0,0.0,0.0,0.0,0.0,0.0,120.0,120.0,60.0,84.852814,0.0,0.0,0.0,0.0,0.0,0.0,0.0,0.0,0.0,0.0,4.053116,4.053116,4.053116,4.053116,0.0,29606851.764706,1.0,1.0,120.0,0.0,0.0,0.0,0.0,0.0,0.0,0.0,4.053116,4.053116,4.053116,4.053116,0.0,0.0,0.0,0.0,0.0,0.0,64,0,64,DOS_SYN_Hping
S0007,7753,21,tcp,-,5e-06,1,1,1,0,199728.761905,199728.761905,399457.52381,1.0,20,20,20,20,20,20,0,1,1,0,0,1,0,0,0,0,120.0,120.0,120.0,120.0,0.0,0.0,0.0,0.0,0.0,0.0,0.0,120.0,120.0,60.0,84.852814,0.0,0.0,0.0,0.0,0.0,0.0,0.0,0.0,0.0,0.0,5.0067900000000005,5.0067900000000005,5.0067900000000005,5.0067900000000005,0.0,23967451.428571,1.0,1.0,120.0,0.0,0.0,0.0,0.0,0.0,0.0,0.0,5.0067900000000005,5.0067900000000005,5.0067900000000005,5.0067900000000005,0.0,0.0,0.0,0.0,0.0,0.0,64,0,64,DOS_SYN_Hping
S0008,16347,21,tcp,-,1e-06,1,1,1,0,1048576.0,1048576.0,2097152.0,1.0,20,20,20,20,20,20,0,1,1,0,0,1,0,0,0,0,120.0,120.0,120.0,120.0,0.0,0.0,0.0,0.0,0.0,0.0,0.0,120.0,120.0,60.0,84.852814,0.0,0.0,0.0,0.0,0.0,0.0,0.0,0.0,0.0,0.0,0.953674,0.953674,0.953674,0.953674,0.0,125829120.0,1.0,1.0,120.0,0.0,0.0,0.0,0.0,0.0,0.0,0.0,0.953674,0.953674,0.953674,0.953674,0.0,0.0,0.0,0.0,0.0,0.0,64,0,64,DOS_SYN_Hping
S0009,3112,21,tcp,-,1e-06,1,1,1,0,1048576.0,1048576.0,2097152.0,1.0,20,20,20,20,20,20,0,1,1,0,0,1,0,0,0,0,120.0,120.0,120.0,120.0,0.0,0.0,0.0,0.0,0.0,0.0,0.0,120.0,120.0,60.0,84.852814,0.0,0.0,0.0,0.0,0.0,0.0,0.0,0.0,0.0,0.0,0.953674,0.953674,0.953674,0.953674,0.0,125829120.0,1.0,1.0,120.0,0.0,0.0,0.0,0.0,0.0,0.0,0.0,0.953674,0.953674,0.953674,0.953674,0.0,0.0,0.0,0.0,0.0,0.0,64,0,64,DOS_SYN_Hping
S0010,62771,21,tcp,-,1e-06,1,1,1,0,1048576.0,1048576.0,2097152.0,1.0,20,20,20,20,20,20,0,1,1,0,0,1,0,0,0,0,120.0,120.0,120.0,120.0,0.0,0.0,0.0,0.0,0.0,0.0,0.0,120.0,120.0,60.0,84.852814,0.0,0.0,0.0,0.0,0.0,0.0,0.0,0.0,0.0,0.0,0.953674,0.953674,0.953674,0.953674,0.0,125829120.0,1.0,1.0,120.0,0.0,0.0,0.0,0.0,0.0,0.0,0.0,0.953674,0.953674,0.953674,0.953674,0.0,0.0,0.0,0.0,0.0,0.0,64,0,64,DOS_SYN_Hping
S0011,14044,21,tcp,-,0.0,1,0,1,0,0.0,0.0,0.0,0.0,20,20,20,0,0,0,0,1,0,0,0,0,0,0,0,0,120.0,120.0,120.0,120.0,0.0,0.0,0.0,0.0,0.0,0.0,120.0,120.0,120.0,120.0,0.0,0.0,0.0,0.0,0.0,0.0,0.0,0.0,0.0,0.0,0.0,0.0,0.0,0.0,0.0,0.0,0.0,1.0,0.0,120.0,0.0,0.0,0.0,0.0,0.0,0.0,0.0,0.0,0.0,0.0,0.0,0.0,0.0,0.0,0.0,0.0,0.0,64,0,64,DOS_SYN_Hping
S0012,8292,21,tcp,-,4e-06,1,1,1,0,262144.0,262144.0,524288.0,1.0,20,20,20,20,20,20,0,1,1,0,0,1,0,0,0,0,120.0,120.0,120.0,120.0,0.0,0.0,0.0,0.0,0.0,0.0,0.0,120.0,120.0,60.0,84.852814,0.0,0.0,0.0,0.0,0.0,0.0,0.0,0.0,0.0,0.0,3.814697,3.814697,3.814697,3.814697,0.0,31457280.0,1.0,1.0,120.0,0.0,0.0,0.0,0.0,0.0,0.0,0.0,3.814697,3.814697,3.814697,3.814697,0.0,0.0,0.0,0.0,0.0,0.0,64,0,64,DOS_SYN_Hping
S0013,19548,21,tcp,-,0.0,1,0,1,0,0.0,0.0,0.0,0.0,20,20,20,0,0,0,0,1,0,0,0,0,0,0,0,0,120.0,120.0,120.0,120.0,0.0,0.0,0.0,0.0,0.0,0.0,120.0,120.0,120.0,120.0,0.0,0.0,0.0,0.0,0.0,0.0,0.0,0.0,0.0,0.0,0.0,0.0,0.0,0.0,0.0,0.0,0.0,1.0,0.0,120.0,0.0,0.0,0.0,0.0,0.0,0.0,0.0,0.0,0.0,0.0,0.0,0.0,0.0,0.0,0.0,0.0,0.0,64,0,64,DOS_SYN_Hping
S0014,34193,21,tcp,-,4e-06,1,1,1,0,246723.764706,246723.764706,493447.529412,1.0,20,20,20,20,20,20,0,1,1,0,0,1,0,0,0,0,120.0,120.0,120.0,120.0,0.0,0.0,0.0,0.0,0.0,0.0,0.0,120.0,120.0,60.0,84.852814,0.0,0.0,0.0,0.0,0.0,0.0,0.0,0.0,0.0,0.0,4.053116,4.053116,4.053116,4.053116,0.0,29606851.764706,1.0,1.0,120.0,0.0,0.0,0.0,0.0,0.0,0.0,0.0,4.053116,4.053116,4.053116,4.053116,0.0,0.0,0.0,0.0,0.0,0.0,64,0,64,DOS_SYN_Hping
S0015,59247,26,tcp,-,3e-06,1,1,0,0,322638.769231,322638.769231,645277.538462,1.0,20,20,20,20,20,20,1,0,1,1,0,1,1,0,0,0,0.0,0.0,0.0,0.0,0.0,0.0,0.0,0.0,0.0,0.0,0.0,0.0,0.0,0.0,0.0,0.0,0.0,0.0,0.0,0.0,0.0,0.0,0.0,0.0,0.0,3.099442,3.099442,3.099442,3.099442,0.0,0.0,1.0,1.0,0.0,0.0,0.0,0.0,0.0,0.0,0.0,0.0,3.099442,3.099442,3.099442,3.099442,0.0,0.0,0.0,0.0,0.0,0.0,1024,0,1024,NMAP_XMAS_TREE_SCAN
S0016,16160,21,tcp,-,1e-06,1,1,1,0,1048576.0,1048576.0,2097152.0,1.0,20,20,20,20,20,20,0,1,1,0,0,1,0,0,0,0,120.0,120.0,120.0,120.0,0.0,0.0,0.0,0.0,0.0,0.0,0.0,120.0,120.0,60.0,84.852814,0.0,0.0,0.0,0.0,0.0,0.0,0.0,0.0,0.0,0.0,0.953674,0.953674,0.953674,0.953674,0.0,125829120.0,1.0,1.0,120.0,0.0,0.0,0.0,0.0,0.0,0.0,0.0,0.953674,0.953674,0.953674,0.953674,0.0,0.0,0.0,0.0,0.0,0.0,64,0,64,DOS_SYN_Hping
S0017,37733,21,tcp,-,1e-06,1,1,1,0,838860.8,838860.8,1677721.6,1.0,20,20,20,20,20,20,0,1,1,0,0,1,0,0,0,0,120.0,120.0,120.0,120.0,0.0,0.0,0.0,0.0,0.0,0.0,0.0,120.0,120.0,60.0,84.852814,0.0,0.0,0.0,0.0,0.0,0.0,0.0,0.0,0.0,0.0,1.192093,1.192093,1.192093,1.192093,0.0,100663296.0,1.0,1.0,120.0,0.0,0.0,0.0,0.0,0.0,0.0,0.0,1.192093,1.192093,1.192093,1.192093,0.0,0.0,0.0,0.0,0.0,0.0,64,0,64,DOS_SYN_Hping
S0018,50078,80,udp,-,0.0,1,0,1,0,0.0,0.0,0.0,0.0,8,8,8,0,0,0,0,0,0,0,0,0,0,0,0,0,14.0,14.0,14.0,14.0,0.0,0.0,0.0,0.0,0.0,0.0,14.0,14.0,14.0,14.0,0.0,0.0,0.0,0.0,0.0,0.0,0.0,0.0,0.0,0.0,0.0,0.0,0.0,0.0,0.0,0.0,0.0,1.0,0.0,14.0,0.0,0.0,0.0,0.0,0.0,0.0,0.0,0.0,0.0,0.0,0.0,0.0,0.0,0.0,0.0,0.0,0.0,0,0,0,NMAP_UDP_SCAN
S0019,47692,21,tcp,-,1e-06,1,1,1,0,1048576.0,1048576.0,2097152.0,1.0,20,20,20,20,20,20,0,1,1,0,0,1,0,0,0,0,120.0,120.0,120.0,120.0,0.0,0.0,0.0,0.0,0.0,0.0,0.0,120.0,120.0,60.0,84.852814,0.0,0.0,0.0,0.0,0.0,0.0,0.0,0.0,0.0,0.0,0.953674,0.953674,0.953674,0.953674,0.0,125829120.0,1.0,1.0,120.0,0.0,0.0,0.0,0.0,0.0,0.0,0.0,0.953674,0.953674,0.953674,0.953674,0.0,0.0,0.0,0.0,0.0,0.0,64,0,64,DOS_SYN_Hping
S0020,18282,21,tcp,-,4e-06,1,1,1,0,262144.0,262144.0,524288.0,1.0,20,20,20,20,20,20,0,1,1,0,0,1,0,0,0,0,120.0,120.0,120.0,120.0,0.0,0.0,0.0,0.0,0.0,0.0,0.0,120.0,120.0,60.0,84.852814,0.0,0.0,0.0,0.0,0.0,0.0,0.0,0.0,0.0,0.0,3.814697,3.814697,3.814697,3.814697,0.0,31457280.0,1.0,1.0,120.0,0.0,0.0,0.0,0.0,0.0,0.0,0.0,3.814697,3.814697,3.814697,3.814697,0.0,0.0,0.0,0.0,0.0,0.0,64,0,64,DOS_SYN_Hping
S0021,51036,2020,tcp,-,6e-06,1,1,0,0,167772.16,167772.16,335544.32,1.0,20,20,20,20,20,20,0,0,1,0,0,1,0,0,0,0,0.0,0.0,0.0,0.0,0.0,0.0,0.0,0.0,0.0,0.0,0.0,0.0,0.0,0.0,0.0,0.0,0.0,0.0,0.0,0.0,0.0,0.0,0.0,0.0,0.0,5.960464,5.960464,5.960464,5.960464,0.0,0.0,1.0,1.0,0.0,0.0,0.0,0.0,0.0,0.0,0.0,0.0,5.960464,5.960464,5.960464,5.960464,0.0,0.0,0.0,0.0,0.0,0.0,1024,0,1024,NMAP_OS_DETECTION
S0022,31732,21,tcp,-,3e-06,1,1,1,0,322638.769231,322638.769231,645277.538462,1.0,20,20,20,20,20,20,0,1,1,0,0,1,0,0,0,0,120.0,120.0,120.0,120.0,0.0,0.0,0.0,0.0,0.0,0.0,0.0,120.0,120.0,60.0,84.852814,0.0,0.0,0.0,0.0,0.0,0.0,0.0,0.0,0.0,0.0,3.099442,3.099442,3.099442,3.099442,0.0,38716652.307692,1.0,1.0,120.0,0.0,0.0,0.0,0.0,0.0,0.0,0.0,3.099442,3.099442,3.099442,3.099442,0.0,0.0,0.0,0.0,0.0,0.0,64,0,64,DOS_SYN_Hping
S0023,60018,53,udp,dns,0.000356,1,1,1,1,2809.312793,2809.312793,5618.625586,1.0,8,8,8,8,8,8,0,0,0,0,0,0,0,0,0,0,43.0,43.0,43.0,43.0,0.0,59.0,59.0,59.0,59.0,0.0,43.0,59.0,102.0,51.0,11.313708,0.0,0.0,0.0,0.0,0.0,0.0,0.0,0.0,0.0,0.0,355.958939,355.958939,355.958939,355.958939,0.0,286549.904889,1.0,1.0,43.0,59.0,0.0,0.0,0.0,0.0,0.0,0.0,355.958939,355.958939,355.958939,355.958939,0.0,0.0,0.0,0.0,0.0,0.0,0,0,0,ARP_poisioning
S0024,26080,21,tcp,-,5e-06,1,1,1,0,199728.761905,199728.761905,399457.52381,1.0,20,20,20,20,20,20,0,1,1,0,0,1,0,0,0,0,120.0,120.0,120.0,120.0,0.0,0.0,0.0,0.0,0.0,0.0,0.0,120.0,120.0,60.0,84.852814,0.0,0.0,0.0,0.0,0.0,0.0,0.0,0.0,0.0,0.0,5.0067900000000005,5.0067900000000005,5.0067900000000005,5.0067900000000005,0.0,23967451.428571,1.0,1.0,120.0,0.0,0.0,0.0,0.0,0.0,0.0,0.0,5.0067900000000005,5.0067900000000005,5.0067900000000005,5.0067900000000005,0.0,0.0,0.0,0.0,0.0,0.0,64,0,64,DOS_SYN_Hping
S0025,21458,21,tcp,-,3e-06,1,1,1,0,322638.769231,322638.769231,645277.538462,1.0,20,20,20,20,20,20,0,1,1,0,0,1,0,0,0,0,120.0,120.0,120.0,120.0,0.0,0.0,0.0,0.0,0.0,0.0,0.0,120.0,120.0,60.0,84.852814,0.0,0.0,0.0,0.0,0.0,0.0,0.0,0.0,0.0,0.0,3.099442,3.099442,3.099442,3.099442,0.0,38716652.307692,1.0,1.0,120.0,0.0,0.0,0.0,0.0,0.0,0.0,0.0,3.099442,3.099442,3.099442,3.099442,0.0,0.0,0.0,0.0,0.0,0.0,64,0,64,DOS_SYN_Hping
S0026,14000,21,tcp,-,2e-06,1,1,1,0,524288.0,524288.0,1048576.0,1.0,20,20,20,20,20,20,0,1,1,0,0,1,0,0,0,0,120.0,120.0,120.0,120.0,0.0,0.0,0.0,0.0,0.0,0.0,0.0,120.0,120.0,60.0,84.852814,0.0,0.0,0.0,0.0,0.0,0.0,0.0,0.0,0.0,0.0,1.907349,1.907349,1.907349,1.907349,0.0,62914560.0,1.0,1.0,120.0,0.0,0.0,0.0,0.0,0.0,0.0,0.0,1.907349,1.907349,1.907349,1.907349,0.0,0.0,0.0,0.0,0.0,0.0,64,0,64,DOS_SYN_Hping
S0027,10775,21,tcp,-,5e-06,1,1,1,0,199728.761905,199728.761905,399457.52381,1.0,20,20,20,20,20,20,0,1,1,0,0,1,0,0,0,0,120.0,120.0,120.0,120.0,0.0,0.0,0.0,0.0,0.0,0.0,0.0,120.0,120.0,60.0,84.852814,0.0,0.0,0.0,0.0,0.0,0.0,0.0,0.0,0.0,0.0,5.0067900000000005,5.0067900000000005,5.0067900000000005,5.0067900000000005,0.0,23967451.428571,1.0,1.0,120.0,0.0,0.0,0.0,0.0,0.0,0.0,0.0,5.0067900000000005,5.0067900000000005,5.0067900000000005,5.0067900000000005,0.0,0.0,0.0,0.0,0.0,0.0,64,0,64,DOS_SYN_Hping
S0028,51036,1063,tcp,-,5e-06,1,1,0,0,199728.761905,199728.761905,399457.52381,1.0,20,20,20,20,20,20,0,0,1,0,0,1,0,0,0,0,0.0,0.0,0.0,0.0,0.0,0.0,0.0,0.0,0.0,0.0,0.0,0.0,0.0,0.0,0.0,0.0,0.0,0.0,0.0,0.0,0.0,0.0,0.0,0.0,0.0,5.0067900000000005,5.0067900000000005,5.0067900000000005,5.0067900000000005,0.0,0.0,1.0,1.0,0.0,0.0,0.0,0.0,0.0,0.0,0.0,0.0,5.0067900000000005,5.0067900000000005,5.0067900000000005,5.0067900000000005,0.0,0.0,0.0,0.0,0.0,0.0,1024,0,1024,NMAP_OS_DETECTION
S0029,9272,21,tcp,-,1e-06,1,1,1,0,1048576.0,1048576.0,2097152.0,1.0,20,20,20,20,20,20,0,1,1,0,0,1,0,0,0,0,120.0,120.0,120.0,120.0,0.0,0.0,0.0,0.0,0.0,0.0,0.0,120.0,120.0,60.0,84.852814,0.0,0.0,0.0,0.0,0.0,0.0,0.0,0.0,0.0,0.0,0.953674,0.953674,0.953674,0.953674,0.0,125829120.0,1.0,1.0,120.0,0.0,0.0,0.0,0.0,0.0,0.0,0.0,0.953674,0.953674,0.953674,0.953674,0.0,0.0,0.0,0.0,0.0,0.0,64,0,64,DOS_SYN_Hping
S0030,48700,21,tcp,-,1e-06,1,1,1,0,1048576.0,1048576.0,2097152.0,1.0,20,20,20,20,20,20,0,1,1,0,0,1,0,0,0,0,120.0,120.0,120.0,120.0,0.0,0.0,0.0,0.0,0.0,0.0,0.0,120.0,120.0,60.0,84.852814,0.0,0.0,0.0,0.0,0.0,0.0,0.0,0.0,0.0,0.0,0.953674,0.953674,0.953674,0.953674,0.0,125829120.0,1.0,1.0,120.0,0.0,0.0,0.0,0.0,0.0,0.0,0.0,0.953674,0.953674,0.953674,0.953674,0.0,0.0,0.0,0.0,0.0,0.0,64,0,64,DOS_SYN_Hping
S0031,54399,1883,tcp,mqtt,50.954792,10,6,3,4,0.196252,0.117751,0.314004,0.6,328,32,40,200,32,40,0,2,1,3,4,15,0,0,0,0,0.0,33.0,78.0,7.8,12.934021,0.0,23.0,36.0,6.0,8.602325,0.0,33.0,114.0,7.125,11.218289,251.054764,48845854.997635,50954792.022705,5661643.558078,16200398.261234,87.976456,1603466.98761,1940088.033676,388017.606735,684425.78858,87.976456,48845854.997635,50954792.022705,3396986.134847,12578371.467553,2.237277,3.333333,2.0,26.0,12.0,0.0,0.0,0.0,0.0,0.0,0.0,2108937.02507,2108937.02507,2108937.02507,2108937.02507,0.0,48845854.997635,48845854.997635,48845854.997635,48845854.997635,0.0,64240,26847,502,MQTT_Publish
S0032,49154,80,tcp,http,115.610346,18,16,1,2,0.155695,0.138396,0.294091,0.8888889999999999,584,32,40,520,32,40,2,2,0,1,1,33,0,0,0,0,0.0,421.0,421.0,23.388889,99.230652,0.0,1352.0,1957.0,122.3125,360.976771,0.0,1352.0,2378.0,69.941176,258.483332,55.074692000000006,10240167.140961,115610359.90715,6800609.406303,4816193.790688,56.982040000000005,10241007.089615,115560509.204865,7704033.946991,4376023.548884,3.099442,10190734.148026,115610359.90715,3503344.2396110003,4814906.112763,20.569093,1.384615,1.230769,32.384615000000004,150.538462,0.0,0.0,0.0,0.0,0.0,0.0,49432.992935,3135154.96254,3744276.52359,312023.043633,889226.0902959999,10000813.961029,10190734.148026,111866083.38356002,10169643.94396,57027.023185000005,64240,65160,501,ARP_poisioning
S0033,59320,53,udp,dns,0.000246,2,2,2,2,8136.380212999999,8136.380212999999,16272.760427,1.0,16,8,8,16,8,8,0,0,0,0,0,0,0,0,0,0,50.0,50.0,100.0,50.0,0.0,88.0,216.0,304.0,152.0,90.509668,50.0,216.0,404.0,101.0,78.731612,6.914139,6.914139,6.914139,6.914139,0.0,87.976456,87.976456,87.976456,87.976456,0.0,6.914139,150.91896100000002,245.809555,81.936518,72.192159,1643548.8031040002,2.0,2.0,100.0,304.0,0.0,0.0,0.0,0.0,0.0,0.0,245.809555,245.809555,245.809555,245.809555,0.0,0.0,0.0,0.0,0.0,0.0,0,0,0,ARP_poisioning
S0034,12657,21,tcp,-,1e-06,1,1,1,0,838860.8,838860.8,1677721.6,1.0,20,20,20,20,20,20,0,1,1,0,0,1,0,0,0,0,120.0,120.0,120.0,120.0,0.0,0.0,0.0,0.0,0.0,0.0,0.0,120.0,120.0,60.0,84.852814,0.0,0.0,0.0,0.0,0.0,0.0,0.0,0.0,0.0,0.0,1.192093,1.192093,1.192093,1.192093,0.0,100663296.0,1.0,1.0,120.0,0.0,0.0,0.0,0.0,0.0,0.0,0.0,1.192093,1.192093,1.192093,1.192093,0.0,0.0,0.0,0.0,0.0,0.0,64,0,64,DOS_SYN_Hping
S0035,44162,5353,udp,dns,0.0,1,0,1,0,0.0,0.0,0.0,0.0,8,8,8,0,0,0,0,0,0,0,0,0,0,0,0,0,50.0,50.0,50.0,50.0,0.0,0.0,0.0,0.0,0.0,0.0,50.0,50.0,50.0,50.0,0.0,0.0,0.0,0.0,0.0,0.0,0.0,0.0,0.0,0.0,0.0,0.0,0.0,0.0,0.0,0.0,0.0,1.0,0.0,50.0,0.0,0.0,0.0,0.0,0.0,0.0,0.0,0.0,0.0,0.0,0.0,0.0,0.0,0.0,0.0,0.0,0.0,0,0,0,ARP_poisioning
S0036,29445,21,tcp,-,1e-06,1,1,1,0,1048576.0,1048576.0,2097152.0,1.0,20,20,20,20,20,20,0,1,1,0,0,1,0,0,0,0,120.0,120.0,120.0,120.0,0.0,0.0,0.0,0.0,0.0,0.0,0.0,120.0,120.0,60.0,84.852814,0.0,0.0,0.0,0.0,0.0,0.0,0.0,0.0,0.0,0.0,0.953674,0.953674,0.953674,0.953674,0.0,125829120.0,1.0,1.0,120.0,0.0,0.0,0.0,0.0,0.0,0.0,0.0,0.953674,0.953674,0.953674,0.953674,0.0,0.0,0.0,0.0,0.0,0.0,64,0,64,DOS_SYN_Hping
S0037,22237,21,tcp,-,2e-06,1,1,1,0,466033.777778,466033.777778,932067.555556,1.0,20,20,20,20,20,20,0,1,1,0,0,1,0,0,0,0,120.0,120.0,120.0,120.0,0.0,0.0,0.0,0.0,0.0,0.0,0.0,120.0,120.0,60.0,84.852814,0.0,0.0,0.0,0.0,0.0,0.0,0.0,0.0,0.0,0.0,2.145767,2.145767,2.145767,2.145767,0.0,55924053.33333299,1.0,1.0,120.0,0.0,0.0,0.0,0.0,0.0,0.0,0.0,2.145767,2.145767,2.145767,2.145767,0.0,0.0,0.0,0.0,0.0,0.0,64,0,64,DOS_SYN_Hping
S0038,32791,21,tcp,-,4e-06,1,1,1,0,262144.0,262144.0,524288.0,1.0,20,20,20,20,20,20,0,1,1,0,0,1,0,0,0,0,120.0,120.0,120.0,120.0,0.0,0.0,0.0,0.0,0.0,0.0,0.0,120.0,120.0,60.0,84.852814,0.0,0.0,0.0,0.0,0.0,0.0,0.0,0.0,0.0,0.0,3.814697,3.814697,3.814697,3.814697,0.0,31457280.0,1.0,1.0,120.0,0.0,0.0,0.0,0.0,0.0,0.0,0.0,3.814697,3.814697,3.814697,3.814697,0.0,0.0,0.0,0.0,0.0,0.0,64,0,64,DOS_SYN_Hping
S0039,41264,21,tcp,-,4e-06,1,1,1,0,246723.764706,246723.764706,493447.529412,1.0,20,20,20,20,20,20,0,1,1,0,0,1,0,0,0,0,120.0,120.0,120.0,120.0,0.0,0.0,0.0,0.0,0.0,0.0,0.0,120.0,120.0,60.0,84.852814,0.0,0.0,0.0,0.0,0.0,0.0,0.0,0.0,0.0,0.0,4.053116,4.053116,4.053116,4.053116,0.0,29606851.764706,1.0,1.0,120.0,0.0,0.0,0.0,0.0,0.0,0.0,0.0,4.053116,4.053116,4.053116,4.053116,0.0,0.0,0.0,0.0,0.0,0.0,64,0,64,DOS_SYN_Hping
S0040,44947,21,tcp,-,6e-06,1,1,1,0,167772.16,167772.16,335544.32,1.0,20,20,20,20,20,20,0,1,1,0,0,1,0,0,0,0,120.0,120.0,120.0,120.0,0.0,0.0,0.0,0.0,0.0,0.0,0.0,120.0,120.0,60.0,84.852814,0.0,0.0,0.0,0.0,0.0,0.0,0.0,0.0,0.0,0.0,5.960464,5.960464,5.960464,5.960464,0.0,20132659.2,1.0,1.0,120.0,0.0,0.0,0.0,0.0,0.0,0.0,0.0,5.960464,5.960464,5.960464,5.960464,0.0,0.0,0.0,0.0,0.0,0.0,64,0,64,DOS_SYN_Hping
S0041,54736,21,tcp,-,2e-06,1,1,1,0,524288.0,524288.0,1048576.0,1.0,20,20,20,20,20,20,0,1,1,0,0,1,0,0,0,0,120.0,120.0,120.0,120.0,0.0,0.0,0.0,0.0,0.0,0.0,0.0,120.0,120.0,60.0,84.852814,0.0,0.0,0.0,0.0,0.0,0.0,0.0,0.0,0.0,0.0,1.907349,1.907349,1.907349,1.907349,0.0,62914560.0,1.0,1.0,120.0,0.0,0.0,0.0,0.0,0.0,0.0,0.0,1.907349,1.907349,1.907349,1.907349,0.0,0.0,0.0,0.0,0.0,0.0,64,0,64,DOS_SYN_Hping
S0042,1648,21,tcp,-,1e-06,1,1,1,0,1048576.0,1048576.0,2097152.0,1.0,20,20,20,20,20,20,0,1,1,0,0,1,0,0,0,0,120.0,120.0,120.0,120.0,0.0,0.0,0.0,0.0,0.0,0.0,0.0,120.0,120.0,60.0,84.852814,0.0,0.0,0.0,0.0,0.0,0.0,0.0,0.0,0.0,0.0,0.953674,0.953674,0.953674,0.953674,0.0,125829120.0,1.0,1.0,120.0,0.0,0.0,0.0,0.0,0.0,0.0,0.0,0.953674,0.953674,0.953674,0.953674,0.0,0.0,0.0,0.0,0.0,0.0,64,0,64,DOS_SYN_Hping
S0043,33728,443,udp,-,0.378089,6,9,6,9,15.869272,23.803907,39.673179,1.5,48,8,8,72,8,8,0,0,0,0,0,0,0,0,0,0,33.0,1357.0,2199.0,366.5,529.038656,28.0,1357.0,3829.0,425.444444,561.324129,28.0,1357.0,6028.0,401.866667,529.999712,40030.002594,106705.188751,318288.087845,63657.61756900001,26377.22306,9.059906,88227.987289,319287.061691,39910.882711,32502.784455,9.059906,67571.878433,378089.189529,27006.370681,24096.717466,15943.328101,6.0,9.0,2199.0,3829.0,0.0,0.0,0.0,0.0,0.0,0.0,378089.189529,378089.189529,378089.189529,378089.189529,0.0,0.0,0.0,0.0,0.0,0.0,0,0,0,ARP_poisioning
S0044,11215,21,tcp,-,0.0,1,0,1,0,0.0,0.0,0.0,0.0,20,20,20,0,0,0,0,1,0,0,0,0,0,0,0,0,120.0,120.0,120.0,120.0,0.0,0.0,0.0,0.0,0.0,0.0,120.0,120.0,120.0,120.0,0.0,0.0,0.0,0.0,0.0,0.0,0.0,0.0,0.0,0.0,0.0,0.0,0.0,0.0,0.0,0.0,0.0,1.0,0.0,120.0,0.0,0.0,0.0,0.0,0.0,0.0,0.0,0.0,0.0,0.0,0.0,0.0,0.0,0.0,0.0,0.0,0.0,64,0,64,DOS_SYN_Hping
S0045,39106,80,tcp,http,0.969045,8,6,2,2,8.255550999999999,6.191663,14.447215,0.75,264,32,40,200,32,40,2,2,0,2,2,13,0,0,0,0,0.0,169.0,215.0,26.875,59.640440000000005,0.0,535.0,538.0,89.666667,218.171187,0.0,535.0,753.0,53.785714,145.8161,91.075897,372896.9097,970955.8487,138707.9784,173816.7587,48.160553,299150.9438,673377.9907,134675.5981,152768.1152,48.160553,295913.9347,970955.8487,74688.91144,127597.4338,777.053758,8.0,6.0,215.0,538.0,0.0,0.0,0.0,0.0,0.0,0.0,970955.8487,970955.8487,970955.8487,970955.8487,0.0,0.0,0.0,0.0,0.0,0.0,64240,26847,501,Thing_Speak
S0046,14198,21,tcp,-,2e-06,1,1,1,0,524288.0,524288.0,1048576.0,1.0,20,20,20,20,20,20,0,1,1,0,0,1,0,0,0,0,120.0,120.0,120.0,120.0,0.0,0.0,0.0,0.0,0.0,0.0,0.0,120.0,120.0,60.0,84.852814,0.0,0.0,0.0,0.0,0.0,0.0,0.0,0.0,0.0,0.0,1.907349,1.907349,1.907349,1.907349,0.0,62914560.0,1.0,1.0,120.0,0.0,0.0,0.0,0.0,0.0,0.0,0.0,1.907349,1.907349,1.907349,1.907349,0.0,0.0,0.0,0.0,0.0,0.0,64,0,64,DOS_SYN_Hping
S0047,55711,21,tcp,-,1e-06,1,1,1,0,838860.8,838860.8,1677721.6,1.0,20,20,20,20,20,20,0,1,1,0,0,1,0,0,0,0,120.0,120.0,120.0,120.0,0.0,0.0,0.0,0.0,0.0,0.0,0.0,120.0,120.0,60.0,84.852814,0.0,0.0,0.0,0.0,0.0,0.0,0.0,0.0,0.0,0.0,1.192093,1.192093,1.192093,1.192093,0.0,100663296.0,1.0,1.0,120.0,0.0,0.0,0.0,0.0,0.0,0.0,0.0,1.192093,1.192093,1.192093,1.192093,0.0,0.0,0.0,0.0,0.0,0.0,64,0,64,DOS_SYN_Hping
S0048,12335,21,tcp,-,0.0,1,0,1,0,0.0,0.0,0.0,0.0,20,20,20,0,0,0,0,1,0,0,0,0,0,0,0,0,120.0,120.0,120.0,120.0,0.0,0.0,0.0,0.0,0.0,0.0,120.0,120.0,120.0,120.0,0.0,0.0,0.0,0.0,0.0,0.0,0.0,0.0,0.0,0.0,0.0,0.0,0.0,0.0,0.0,0.0,0.0,1.0,0.0,120.0,0.0,0.0,0.0,0.0,0.0,0.0,0.0,0.0,0.0,0.0,0.0,0.0,0.0,0.0,0.0,0.0,0.0,64,0,64,DOS_SYN_Hping
S0049,3094,21,tcp,-,5e-06,1,1,1,0,199728.761905,199728.761905,399457.52381,1.0,20,20,20,20,20,20,0,1,1,0,0,1,0,0,0,0,120.0,120.0,120.0,120.0,0.0,0.0,0.0,0.0,0.0,0.0,0.0,120.0,120.0,60.0,84.852814,0.0,0.0,0.0,0.0,0.0,0.0,0.0,0.0,0.0,0.0,5.0067900000000005,5.0067900000000005,5.0067900000000005,5.0067900000000005,0.0,23967451.428571,1.0,1.0,120.0,0.0,0.0,0.0,0.0,0.0,0.0,0.0,5.0067900000000005,5.0067900000000005,5.0067900000000005,5.0067900000000005,0.0,0.0,0.0,0.0,0.0,0.0,64,0,64,DOS_SYN_Hping
S0050,2946,21,tcp,-,1e-06,1,1,1,0,838860.8,838860.8,1677721.6,1.0,20,20,20,20,20,20,0,1,1,0,0,1,0,0,0,0,120.0,120.0,120.0,120.0,0.0,0.0,0.0,0.0,0.0,0.0,0.0,120.0,120.0,60.0,84.852814,0.0,0.0,0.0,0.0,0.0,0.0,0.0,0.0,0.0,0.0,1.192093,1.192093,1.192093,1.192093,0.0,100663296.0,1.0,1.0,120.0,0.0,0.0,0.0,0.0,0.0,0.0,0.0,1.192093,1.192093,1.192093,1.192093,0.0,0.0,0.0,0.0,0.0,0.0,64,0,64,DOS_SYN_Hping
S0051,19768,21,tcp,-,4e-06,1,1,1,0,262144.0,262144.0,524288.0,1.0,20,20,20,20,20,20,0,1,1,0,0,1,0,0,0,0,120.0,120.0,120.0,120.0,0.0,0.0,0.0,0.0,0.0,0.0,0.0,120.0,120.0,60.0,84.852814,0.0,0.0,0.0,0.0,0.0,0.0,0.0,0.0,0.0,0.0,3.814697,3.814697,3.814697,3.814697,0.0,31457280.0,1.0,1.0,120.0,0.0,0.0,0.0,0.0,0.0,0.0,0.0,3.814697,3.814697,3.814697,3.814697,0.0,0.0,0.0,0.0,0.0,0.0,64,0,64,DOS_SYN_Hping
S0052,49137,21,tcp,-,6e-06,1,1,1,0,167772.16,167772.16,335544.32,1.0,20,20,20,20,20,20,0,1,1,0,0,1,0,0,0,0,120.0,120.0,120.0,120.0,0.0,0.0,0.0,0.0,0.0,0.0,0.0,120.0,120.0,60.0,84.852814,0.0,0.0,0.0,0.0,0.0,0.0,0.0,0.0,0.0,0.0,5.960464,5.960464,5.960464,5.960464,0.0,20132659.2,1.0,1.0,120.0,0.0,0.0,0.0,0.0,0.0,0.0,0.0,5.960464,5.960464,5.960464,5.960464,0.0,0.0,0.0,0.0,0.0,0.0,64,0,64,DOS_SYN_Hping
S0053,19178,21,tcp,-,1e-06,1,1,1,0,1048576.0,1048576.0,2097152.0,1.0,20,20,20,20,20,20,0,1,1,0,0,1,0,0,0,0,120.0,120.0,120.0,120.0,0.0,0.0,0.0,0.0,0.0,0.0,0.0,120.0,120.0,60.0,84.852814,0.0,0.0,0.0,0.0,0.0,0.0,0.0,0.0,0.0,0.0,0.953674,0.953674,0.953674,0.953674,0.0,125829120.0,1.0,1.0,120.0,0.0,0.0,0.0,0.0,0.0,0.0,0.0,0.953674,0.953674,0.953674,0.953674,0.0,0.0,0.0,0.0,0.0,0.0,64,0,64,DOS_SYN_Hping
S0054,64177,20389,udp,-,0.0,1,0,0,0,0.0,0.0,0.0,0.0,8,8,8,0,0,0,0,0,0,0,0,0,0,0,0,0,0.0,0.0,0.0,0.0,0.0,0.0,0.0,0.0,0.0,0.0,0.0,0.0,0.0,0.0,0.0,0.0,0.0,0.0,0.0,0.0,0.0,0.0,0.0,0.0,0.0,0.0,0.0,0.0,0.0,0.0,0.0,1.0,0.0,0.0,0.0,0.0,0.0,0.0,0.0,0.0,0.0,0.0,0.0,0.0,0.0,0.0,0.0,0.0,0.0,0.0,0.0,0,0,0,NMAP_UDP_SCAN
S0055,7271,21,tcp,-,4e-06,1,1,1,0,246723.764706,246723.764706,493447.529412,1.0,20,20,20,20,20,20,0,1,1,0,0,1,0,0,0,0,120.0,120.0,120.0,120.0,0.0,0.0,0.0,0.0,0.0,0.0,0.0,120.0,120.0,60.0,84.852814,0.0,0.0,0.0,0.0,0.0,0.0,0.0,0.0,0.0,0.0,4.053116,4.053116,4.053116,4.053116,0.0,29606851.764706,1.0,1.0,120.0,0.0,0.0,0.0,0.0,0.0,0.0,0.0,4.053116,4.053116,4.053116,4.053116,0.0,0.0,0.0,0.0,0.0,0.0,64,0,64,DOS_SYN_Hping
S0056,49618,53,udp,dns,0.004468,2,2,2,2,447.631163,447.631163,895.2623269999999,1.0,16,8,8,16,8,8,0,0,0,0,0,0,0,0,0,0,57.0,57.0,114.0,57.0,0.0,57.0,73.0,130.0,65.0,11.313708,57.0,73.0,244.0,61.0,8.0,28.848648,28.848648,28.848648,28.848648,0.0,734.0908049999999,734.0908049999999,734.0908049999999,734.0908049999999,0.0,28.848648,3705.024719,4467.964172,1489.321391,1950.986303,54611.001921,2.0,2.0,114.0,130.0,0.0,0.0,0.0,0.0,0.0,0.0,4467.964172,4467.964172,4467.964172,4467.964172,0.0,0.0,0.0,0.0,0.0,0.0,0,0,0,ARP_poisioning
S0057,54261,21,tcp,-,4e-06,1,1,1,0,246723.764706,246723.764706,493447.529412,1.0,20,20,20,20,20,20,0,1,1,0,0,1,0,0,0,0,120.0,120.0,120.0,120.0,0.0,0.0,0.0,0.0,0.0,0.0,0.0,120.0,120.0,60.0,84.852814,0.0,0.0,0.0,0.0,0.0,0.0,0.0,0.0,0.0,0.0,4.053116,4.053116,4.053116,4.053116,0.0,29606851.764706,1.0,1.0,120.0,0.0,0.0,0.0,0.0,0.0,0.0,0.0,4.053116,4.053116,4.053116,4.053116,0.0,0.0,0.0,0.0,0.0,0.0,64,0,64,DOS_SYN_Hping
S0058,63459,21,tcp,-,5e-06,1,1,1,0,199728.761905,199728.761905,399457.52381,1.0,20,20,20,20,20,20,0,1,1,0,0,1,0,0,0,0,120.0,120.0,120.0,120.0,0.0,0.0,0.0,0.0,0.0,0.0,0.0,120.0,120.0,60.0,84.852814,0.0,0.0,0.0,0.0,0.0,0.0,0.0,0.0,0.0,0.0,5.0067900000000005,5.0067900000000005,5.0067900000000005,5.0067900000000005,0.0,23967451.428571,1.0,1.0,120.0,0.0,0.0,0.0,0.0,0.0,0.0,0.0,5.0067900000000005,5.0067900000000005,5.0067900000000005,5.0067900000000005,0.0,0.0,0.0,0.0,0.0,0.0,64,0,64,DOS_SYN_Hping
S0059,6917,21,tcp,-,1e-06,1,1,1,0,1048576.0,1048576.0,2097152.0,1.0,20,20,20,20,20,20,0,1,1,0,0,1,0,0,0,0,120.0,120.0,120.0,120.0,0.0,0.0,0.0,0.0,0.0,0.0,0.0,120.0,120.0,60.0,84.852814,0.0,0.0,0.0,0.0,0.0,0.0,0.0,0.0,0.0,0.0,0.953674,0.953674,0.953674,0.953674,0.0,125829120.0,1.0,1.0,120.0,0.0,0.0,0.0,0.0,0.0,0.0,0.0,0.953674,0.953674,0.953674,0.953674,0.0,0.0,0.0,0.0,0.0,0.0,64,0,64,DOS_SYN_Hping
S0060,2238,21,tcp,-,5e-06,1,1,1,0,199728.761905,199728.761905,399457.52381,1.0,20,20,20,20,20,20,0,1,1,0,0,1,0,0,0,0,120.0,120.0,120.0,120.0,0.0,0.0,0.0,0.0,0.0,0.0,0.0,120.0,120.0,60.0,84.852814,0.0,0.0,0.0,0.0,0.0,0.0,0.0,0.0,0.0,0.0,5.0067900000000005,5.0067900000000005,5.0067900000000005,5.0067900000000005,0.0,23967451.428571,1.0,1.0,120.0,0.0,0.0,0.0,0.0,0.0,0.0,0.0,5.0067900000000005,5.0067900000000005,5.0067900000000005,5.0067900000000005,0.0,0.0,0.0,0.0,0.0,0.0,64,0,64,DOS_SYN_Hping
S0061,55379,21,tcp,-,1e-06,1,1,1,0,1048576.0,1048576.0,2097152.0,1.0,20,20,20,20,20,20,0,1,1,0,0,1,0,0,0,0,120.0,120.0,120.0,120.0,0.0,0.0,0.0,0.0,0.0,0.0,0.0,120.0,120.0,60.0,84.852814,0.0,0.0,0.0,0.0,0.0,0.0,0.0,0.0,0.0,0.0,0.953674,0.953674,0.953674,0.953674,0.0,125829120.0,1.0,1.0,120.0,0.0,0.0,0.0,0.0,0.0,0.0,0.0,0.953674,0.953674,0.953674,0.953674,0.0,0.0,0.0,0.0,0.0,0.0,64,0,64,DOS_SYN_Hping
S0062,51332,21,tcp,-,4e-06,1,1,1,0,246723.764706,246723.764706,493447.529412,1.0,20,20,20,20,20,20,0,1,1,0,0,1,0,0,0,0,120.0,120.0,120.0,120.0,0.0,0.0,0.0,0.0,0.0,0.0,0.0,120.0,120.0,60.0,84.852814,0.0,0.0,0.0,0.0,0.0,0.0,0.0,0.0,0.0,0.0,4.053116,4.053116,4.053116,4.053116,0.0,29606851.764706,1.0,1.0,120.0,0.0,0.0,0.0,0.0,0.0,0.0,0.0,4.053116,4.053116,4.053116,4.053116,0.0,0.0,0.0,0.0,0.0,0.0,64,0,64,DOS_SYN_Hping
S0063,50079,22029,udp,-,0.0,1,0,0,0,0.0,0.0,0.0,0.0,8,8,8,0,0,0,0,0,0,0,0,0,0,0,0,0,0.0,0.0,0.0,0.0,0.0,0.0,0.0,0.0,0.0,0.0,0.0,0.0,0.0,0.0,0.0,0.0,0.0,0.0,0.0,0.0,0.0,0.0,0.0,0.0,0.0,0.0,0.0,0.0,0.0,0.0,0.0,1.0,0.0,0.0,0.0,0.0,0.0,0.0,0.0,0.0,0.0,0.0,0.0,0.0,0.0,0.0,0.0,0.0,0.0,0.0,0.0,0,0,0,NMAP_UDP_SCAN
S0064,43330,80,tcp,http,0.7224510000000001,7,5,2,1,9.689236,6.920883,16.610118,0.714286,232,32,40,168,32,40,2,2,0,2,1,11,0,0,0,0,0.0,169.0,201.0,28.714286,62.999244,0.0,539.0,539.0,107.8,241.048128,0.0,539.0,740.0,61.666667,157.962213,92.029572,252562.0461,724568.1286,120761.3548,131836.0979,71.048737,239793.0622,492001.0567,123000.2642,132814.7753,71.048737,235546.1121,724568.1286,65869.82987,107496.734,1024.290623,7.0,5.0,201.0,539.0,0.0,0.0,0.0,0.0,0.0,0.0,724568.1286,724568.1286,724568.1286,724568.1286,0.0,0.0,0.0,0.0,0.0,0.0,64240,26847,501,Thing_Speak
S0065,31402,21,tcp,-,2e-06,1,1,1,0,524288.0,524288.0,1048576.0,1.0,20,20,20,20,20,20,0,1,1,0,0,1,0,0,0,0,120.0,120.0,120.0,120.0,0.0,0.0,0.0,0.0,0.0,0.0,0.0,120.0,120.0,60.0,84.852814,0.0,0.0,0.0,0.0,0.0,0.0,0.0,0.0,0.0,0.0,1.907349,1.907349,1.907349,1.907349,0.0,62914560.0,1.0,1.0,120.0,0.0,0.0,0.0,0.0,0.0,0.0,0.0,1.907349,1.907349,1.907349,1.907349,0.0,0.0,0.0,0.0,0.0,0.0,64,0,64,DOS_SYN_Hping
S0066,50686,21,tcp,-,1e-06,1,1,1,0,1048576.0,1048576.0,2097152.0,1.0,20,20,20,20,20,20,0,1,1,0,0,1,0,0,0,0,120.0,120.0,120.0,120.0,0.0,0.0,0.0,0.0,0.0,0.0,0.0,120.0,120.0,60.0,84.852814,0.0,0.0,0.0,0.0,0.0,0.0,0.0,0.0,0.0,0.0,0.953674,0.953674,0.953674,0.953674,0.0,125829120.0,1.0,1.0,120.0,0.0,0.0,0.0,0.0,0.0,0.0,0.0,0.953674,0.953674,0.953674,0.953674,0.0,0.0,0.0,0.0,0.0,0.0,64,0,64,DOS_SYN_Hping
S0067,11976,21,tcp,-,0.0,1,0,1,0,0.0,0.0,0.0,0.0,20,20,20,0,0,0,0,1,0,0,0,0,0,0,0,0,120.0,120.0,120.0,120.0,0.0,0.0,0.0,0.0,0.0,0.0,120.0,120.0,120.0,120.0,0.0,0.0,0.0,0.0,0.0,0.0,0.0,0.0,0.0,0.0,0.0,0.0,0.0,0.0,0.0,0.0,0.0,1.0,0.0,120.0,0.0,0.0,0.0,0.0,0.0,0.0,0.0,0.0,0.0,0.0,0.0,0.0,0.0,0.0,0.0,0.0,0.0,64,0,64,DOS_SYN_Hping
S0068,10435,21,tcp,-,5e-06,1,1,1,0,199728.761905,199728.761905,399457.52381,1.0,20,20,20,20,20,20,0,1,1,0,0,1,0,0,0,0,120.0,120.0,120.0,120.0,0.0,0.0,0.0,0.0,0.0,0.0,0.0,120.0,120.0,60.0,84.852814,0.0,0.0,0.0,0.0,0.0,0.0,0.0,0.0,0.0,0.0,5.0067900000000005,5.0067900000000005,5.0067900000000005,5.0067900000000005,0.0,23967451.428571,1.0,1.0,120.0,0.0,0.0,0.0,0.0,0.0,0.0,0.0,5.0067900000000005,5.0067900000000005,5.0067900000000005,5.0067900000000005,0.0,0.0,0.0,0.0,0.0,0.0,64,0,64,DOS_SYN_Hping
S0069,3047,21,tcp,-,5e-06,1,1,1,0,199728.761905,199728.761905,399457.52381,1.0,20,20,20,20,20,20,0,1,1,0,0,1,0,0,0,0,120.0,120.0,120.0,120.0,0.0,0.0,0.0,0.0,0.0,0.0,0.0,120.0,120.0,60.0,84.852814,0.0,0.0,0.0,0.0,0.0,0.0,0.0,0.0,0.0,0.0,5.0067900000000005,5.0067900000000005,5.0067900000000005,5.0067900000000005,0.0,23967451.428571,1.0,1.0,120.0,0.0,0.0,0.0,0.0,0.0,0.0,0.0,5.0067900000000005,5.0067900000000005,5.0067900000000005,5.0067900000000005,0.0,0.0,0.0,0.0,0.0,0.0,64,0,64,DOS_SYN_Hping
S0070,51036,16993,tcp,-,6e-06,1,1,0,0,167772.16,167772.16,335544.32,1.0,20,20,20,20,20,20,0,0,1,0,0,1,0,0,0,0,0.0,0.0,0.0,0.0,0.0,0.0,0.0,0.0,0.0,0.0,0.0,0.0,0.0,0.0,0.0,0.0,0.0,0.0,0.0,0.0,0.0,0.0,0.0,0.0,0.0,5.960464,5.960464,5.960464,5.960464,0.0,0.0,1.0,1.0,0.0,0.0,0.0,0.0,0.0,0.0,0.0,0.0,5.960464,5.960464,5.960464,5.960464,0.0,0.0,0.0,0.0,0.0,0.0,1024,0,1024,NMAP_OS_DETECTION
S0071,54531,21,tcp,-,5e-06,1,1,1,0,199728.761905,199728.761905,399457.52381,1.0,20,20,20,20,20,20,0,1,1,0,0,1,0,0,0,0,120.0,120.0,120.0,120.0,0.0,0.0,0.0,0.0,0.0,0.0,0.0,120.0,120.0,60.0,84.852814,0.0,0.0,0.0,0.0,0.0,0.0,0.0,0.0,0.0,0.0,5.0067900000000005,5.0067900000000005,5.0067900000000005,5.0067900000000005,0.0,23967451.428571,1.0,1.0,120.0,0.0,0.0,0.0,0.0,0.0,0.0,0.0,5.0067900000000005,5.0067900000000005,5.0067900000000005,5.0067900000000005,0.0,0.0,0.0,0.0,0.0,0.0,64,0,64,DOS_SYN_Hping
S0072,37584,53,udp,dns,0.000294,2,2,2,2,6803.412814,6803.412814,13606.825629,1.0,16,8,8,16,8,8,0,0,0,0,0,0,0,0,0,0,42.0,42.0,84.0,42.0,0.0,93.0,105.0,198.0,99.0,8.485281,42.0,105.0,282.0,70.5,33.271609999999995,27.894974,27.894974,27.894974,27.894974,0.0,83.92334,83.92334,83.92334,83.92334,0.0,27.894974,182.151794,293.970108,97.990036,78.084542,959281.206813,2.0,2.0,84.0,198.0,0.0,0.0,0.0,0.0,0.0,0.0,293.970108,293.970108,293.970108,293.970108,0.0,0.0,0.0,0.0,0.0,0.0,0,0,0,ARP_poisioning
S0073,50574,21,tcp,-,1e-06,1,1,1,0,1048576.0,1048576.0,2097152.0,1.0,20,20,20,20,20,20,0,1,1,0,0,1,0,0,0,0,120.0,120.0,120.0,120.0,0.0,0.0,0.0,0.0,0.0,0.0,0.0,120.0,120.0,60.0,84.852814,0.0,0.0,0.0,0.0,0.0,0.0,0.0,0.0,0.0,0.0,0.953674,0.953674,0.953674,0.953674,0.0,125829120.0,1.0,1.0,120.0,0.0,0.0,0.0,0.0,0.0,0.0,0.0,0.953674,0.953674,0.953674,0.953674,0.0,0.0,0.0,0.0,0.0,0.0,64,0,64,DOS_SYN_Hping
S0074,35554,21,tcp,-,0.0,1,0,1,0,0.0,0.0,0.0,0.0,20,20,20,0,0,0,0,1,0,0,0,0,0,0,0,0,120.0,120.0,120.0,120.0,0.0,0.0,0.0,0.0,0.0,0.0,120.0,120.0,120.0,120.0,0.0,0.0,0.0,0.0,0.0,0.0,0.0,0.0,0.0,0.0,0.0,0.0,0.0,0.0,0.0,0.0,0.0,1.0,0.0,120.0,0.0,0.0,0.0,0.0,0.0,0.0,0.0,0.0,0.0,0.0,0.0,0.0,0.0,0.0,0.0,0.0,0.0,64,0,64,DOS_SYN_Hping
S0075,1436,21,tcp,-,3e-06,1,1,1,0,322638.769231,322638.769231,645277.538462,1.0,20,20,20,20,20,20,0,1,1,0,0,1,0,0,0,0,120.0,120.0,120.0,120.0,0.0,0.0,0.0,0.0,0.0,0.0,0.0,120.0,120.0,60.0,84.852814,0.0,0.0,0.0,0.0,0.0,0.0,0.0,0.0,0.0,0.0,3.099442,3.099442,3.099442,3.099442,0.0,38716652.307692,1.0,1.0,120.0,0.0,0.0,0.0,0.0,0.0,0.0,0.0,3.099442,3.099442,3.099442,3.099442,0.0,0.0,0.0,0.0,0.0,0.0,64,0,64,DOS_SYN_Hping
S0076,8408,21,tcp,-,4e-06,1,1,1,0,262144.0,262144.0,524288.0,1.0,20,20,20,20,20,20,0,1,1,0,0,1,0,0,0,0,120.0,120.0,120.0,120.0,0.0,0.0,0.0,0.0,0.0,0.0,0.0,120.0,120.0,60.0,84.852814,0.0,0.0,0.0,0.0,0.0,0.0,0.0,0.0,0.0,0.0,3.814697,3.814697,3.814697,3.814697,0.0,31457280.0,1.0,1.0,120.0,0.0,0.0,0.0,0.0,0.0,0.0,0.0,3.814697,3.814697,3.814697,3.814697,0.0,0.0,0.0,0.0,0.0,0.0,64,0,64,DOS_SYN_Hping
S0077,36242,1071,tcp,-,6e-06,1,1,0,0,167772.16,167772.16,335544.32,1.0,20,20,20,20,20,20,1,0,1,1,0,1,1,0,0,0,0.0,0.0,0.0,0.0,0.0,0.0,0.0,0.0,0.0,0.0,0.0,0.0,0.0,0.0,0.0,0.0,0.0,0.0,0.0,0.0,0.0,0.0,0.0,0.0,0.0,5.960464,5.960464,5.960464,5.960464,0.0,0.0,1.0,1.0,0.0,0.0,0.0,0.0,0.0,0.0,0.0,0.0,5.960464,5.960464,5.960464,5.960464,0.0,0.0,0.0,0.0,0.0,0.0,1024,0,1024,NMAP_XMAS_TREE_SCAN
S0078,21071,21,tcp,-,0.0,1,0,1,0,0.0,0.0,0.0,0.0,20,20,20,0,0,0,0,1,0,0,0,0,0,0,0,0,120.0,120.0,120.0,120.0,0.0,0.0,0.0,0.0,0.0,0.0,120.0,120.0,120.0,120.0,0.0,0.0,0.0,0.0,0.0,0.0,0.0,0.0,0.0,0.0,0.0,0.0,0.0,0.0,0.0,0.0,0.0,1.0,0.0,120.0,0.0,0.0,0.0,0.0,0.0,0.0,0.0,0.0,0.0,0.0,0.0,0.0,0.0,0.0,0.0,0.0,0.0,64,0,64,DOS_SYN_Hping
S0079,45483,1883,tcp,mqtt,16.8999,10,6,3,4,0.591719,0.355032,0.946751,0.6,328,32,40,200,32,40,0,2,1,3,4,15,0,0,0,0,0.0,33.0,76.0,7.6,12.650867,0.0,21.0,34.0,5.666667,7.814516,0.0,33.0,110.0,6.875,10.831282,236.98806800000003,14856057.167053,16899900.197983,1877766.6886650005,4886251.898051,76.055527,1552353.143692,1880621.194839,376124.238968,662622.075956,76.055527,14856057.167053,16899900.197983,1126660.013199,3814396.573636,6.508914,3.333333,2.0,25.333333,11.333333,0.0,0.0,0.0,0.0,0.0,0.0,2043843.03093,2043843.03093,2043843.03093,2043843.03093,0.0,14856057.167053,14856057.167053,14856057.167053,14856057.167053,0.0,64240,26847,502,MQTT_Publish
S0080,32766,21,tcp,-,0.0,1,0,1,0,0.0,0.0,0.0,0.0,20,20,20,0,0,0,0,1,0,0,0,0,0,0,0,0,120.0,120.0,120.0,120.0,0.0,0.0,0.0,0.0,0.0,0.0,120.0,120.0,120.0,120.0,0.0,0.0,0.0,0.0,0.0,0.0,0.0,0.0,0.0,0.0,0.0,0.0,0.0,0.0,0.0,0.0,0.0,1.0,0.0,120.0,0.0,0.0,0.0,0.0,0.0,0.0,0.0,0.0,0.0,0.0,0.0,0.0,0.0,0.0,0.0,0.0,0.0,64,0,64,DOS_SYN_Hping
S0081,59402,21,tcp,-,2e-06,1,1,1,0,524288.0,524288.0,1048576.0,1.0,20,20,20,20,20,20,0,1,1,0,0,1,0,0,0,0,120.0,120.0,120.0,120.0,0.0,0.0,0.0,0.0,0.0,0.0,0.0,120.0,120.0,60.0,84.852814,0.0,0.0,0.0,0.0,0.0,0.0,0.0,0.0,0.0,0.0,1.907349,1.907349,1.907349,1.907349,0.0,62914560.0,1.0,1.0,120.0,0.0,0.0,0.0,0.0,0.0,0.0,0.0,1.907349,1.907349,1.907349,1.907349,0.0,0.0,0.0,0.0,0.0,0.0,64,0,64,DOS_SYN_Hping
S0082,36858,21,tcp,-,0.0,1,1,1,0,0.0,0.0,0.0,1.0,20,20,20,20,20,20,0,1,1,0,0,1,0,0,0,0,120.0,120.0,120.0,120.0,0.0,0.0,0.0,0.0,0.0,0.0,0.0,120.0,120.0,60.0,84.852814,0.0,0.0,0.0,0.0,0.0,0.0,0.0,0.0,0.0,0.0,0.0,0.0,0.0,0.0,0.0,0.0,1.0,1.0,120.0,0.0,0.0,0.0,0.0,0.0,0.0,0.0,0.0,0.0,0.0,0.0,0.0,0.0,0.0,0.0,0.0,0.0,64,0,64,DOS_SYN_Hping
S0083,49638,21,tcp,-,1e-06,1,1,1,0,1048576.0,1048576.0,2097152.0,1.0,20,20,20,20,20,20,0,1,1,0,0,1,0,0,0,0,120.0,120.0,120.0,120.0,0.0,0.0,0.0,0.0,0.0,0.0,0.0,120.0,120.0,60.0,84.852814,0.0,0.0,0.0,0.0,0.0,0.0,0.0,0.0,0.0,0.0,0.953674,0.953674,0.953674,0.953674,0.0,125829120.0,1.0,1.0,120.0,0.0,0.0,0.0,0.0,0.0,0.0,0.0,0.953674,0.953674,0.953674,0.953674,0.0,0.0,0.0,0.0,0.0,0.0,64,0,64,DOS_SYN_Hping
S0084,40012,21,tcp,-,4e-06,1,1,1,0,246723.764706,246723.764706,493447.529412,1.0,20,20,20,20,20,20,0,1,1,0,0,1,0,0,0,0,120.0,120.0,120.0,120.0,0.0,0.0,0.0,0.0,0.0,0.0,0.0,120.0,120.0,60.0,84.852814,0.0,0.0,0.0,0.0,0.0,0.0,0.0,0.0,0.0,0.0,4.053116,4.053116,4.053116,4.053116,0.0,29606851.764706,1.0,1.0,120.0,0.0,0.0,0.0,0.0,0.0,0.0,0.0,4.053116,4.053116,4.053116,4.053116,0.0,0.0,0.0,0.0,0.0,0.0,64,0,64,DOS_SYN_Hping
S0085,51036,3827,tcp,-,3e-06,1,1,0,0,322638.769231,322638.769231,645277.538462,1.0,20,20,20,20,20,20,0,0,1,0,0,1,0,0,0,0,0.0,0.0,0.0,0.0,0.0,0.0,0.0,0.0,0.0,0.0,0.0,0.0,0.0,0.0,0.0,0.0,0.0,0.0,0.0,0.0,0.0,0.0,0.0,0.0,0.0,3.099442,3.099442,3.099442,3.099442,0.0,0.0,1.0,1.0,0.0,0.0,0.0,0.0,0.0,0.0,0.0,0.0,3.099442,3.099442,3.099442,3.099442,0.0,0.0,0.0,0.0,0.0,0.0,1024,0,1024,NMAP_OS_DETECTION
S0086,45054,443,tcp,-,0.028869,1,1,0,0,34.639336,34.639336,69.278672,1.0,40,40,40,20,20,20,0,1,1,0,0,1,0,0,0,0,0.0,0.0,0.0,0.0,0.0,0.0,0.0,0.0,0.0,0.0,0.0,0.0,0.0,0.0,0.0,0.0,0.0,0.0,0.0,0.0,0.0,0.0,0.0,0.0,0.0,28868.913651,28868.913651,28868.913651,28868.913651,0.0,0.0,1.0,1.0,0.0,0.0,0.0,0.0,0.0,0.0,0.0,0.0,28868.913651,28868.913651,28868.913651,28868.913651,0.0,0.0,0.0,0.0,0.0,0.0,64240,0,64240,ARP_poisioning
S0087,52483,1883,tcp,mqtt,36.204766,10,6,3,4,0.276207,0.165724,0.441931,0.6,328,32,40,200,32,40,0,2,1,3,4,15,0,0,0,0,0.0,33.0,77.0,7.7,12.789318,0.0,22.0,35.0,5.8333330000000005,8.20772,0.0,33.0,112.0,7.0,11.021192,249.862671,33893462.181091,36204766.03508,4022751.781676,11208194.467005,69.85664399999999,1526741.027832,2052356.004715,410471.200943,635194.1574039999,69.85664399999999,33893462.181091,36204766.03508,2413651.069005,8714693.175472,3.093515,3.333333,2.0,25.666667,11.666667,0.0,0.0,0.0,0.0,0.0,0.0,2311303.853989,2311303.853989,2311303.853989,2311303.853989,0.0,33893462.181091,33893462.181091,33893462.181091,33893462.181091,0.0,64240,26847,502,MQTT_Publish
S0088,16457,21,tcp,-,4e-06,1,1,1,0,246723.764706,246723.764706,493447.529412,1.0,20,20,20,20,20,20,0,1,1,0,0,1,0,0,0,0,120.0,120.0,120.0,120.0,0.0,0.0,0.0,0.0,0.0,0.0,0.0,120.0,120.0,60.0,84.852814,0.0,0.0,0.0,0.0,0.0,0.0,0.0,0.0,0.0,0.0,4.053116,4.053116,4.053116,4.053116,0.0,29606851.764706,1.0,1.0,120.0,0.0,0.0,0.0,0.0,0.0,0.0,0.0,4.053116,4.053116,4.053116,4.053116,0.0,0.0,0.0,0.0,0.0,0.0,64,0,64,DOS_SYN_Hping
S0089,28090,21,tcp,-,4e-06,1,1,1,0,246723.764706,246723.764706,493447.529412,1.0,20,20,20,20,20,20,0,1,1,0,0,1,0,0,0,0,120.0,120.0,120.0,120.0,0.0,0.0,0.0,0.0,0.0,0.0,0.0,120.0,120.0,60.0,84.852814,0.0,0.0,0.0,0.0,0.0,0.0,0.0,0.0,0.0,0.0,4.053116,4.053116,4.053116,4.053116,0.0,29606851.764706,1.0,1.0,120.0,0.0,0.0,0.0,0.0,0.0,0.0,0.0,4.053116,4.053116,4.053116,4.053116,0.0,0.0,0.0,0.0,0.0,0.0,64,0,64,DOS_SYN_Hping
S0090,59247,1248,tcp,-,7.000000000000001e-06,1,1,0,0,144631.172414,144631.172414,289262.344828,1.0,20,20,20,20,20,20,1,0,1,1,0,1,1,0,0,0,0.0,0.0,0.0,0.0,0.0,0.0,0.0,0.0,0.0,0.0,0.0,0.0,0.0,0.0,0.0,0.0,0.0,0.0,0.0,0.0,0.0,0.0,0.0,0.0,0.0,6.914139,6.914139,6.914139,6.914139,0.0,0.0,1.0,1.0,0.0,0.0,0.0,0.0,0.0,0.0,0.0,0.0,6.914139,6.914139,6.914139,6.914139,0.0,0.0,0.0,0.0,0.0,0.0,1024,0,1024,NMAP_XMAS_TREE_SCAN
S0091,31886,21,tcp,-,6e-06,1,1,1,0,167772.16,167772.16,335544.32,1.0,20,20,20,20,20,20,0,1,1,0,0,1,0,0,0,0,120.0,120.0,120.0,120.0,0.0,0.0,0.0,0.0,0.0,0.0,0.0,120.0,120.0,60.0,84.852814,0.0,0.0,0.0,0.0,0.0,0.0,0.0,0.0,0.0,0.0,5.960464,5.960464,5.960464,5.960464,0.0,20132659.2,1.0,1.0,120.0,0.0,0.0,0.0,0.0,0.0,0.0,0.0,5.960464,5.960464,5.960464,5.960464,0.0,0.0,0.0,0.0,0.0,0.0,64,0,64,DOS_SYN_Hping
S0092,15299,21,tcp,-,1e-06,1,1,1,0,1048576.0,1048576.0,2097152.0,1.0,20,20,20,20,20,20,0,1,1,0,0,1,0,0,0,0,120.0,120.0,120.0,120.0,0.0,0.0,0.0,0.0,0.0,0.0,0.0,120.0,120.0,60.0,84.852814,0.0,0.0,0.0,0.0,0.0,0.0,0.0,0.0,0.0,0.0,0.953674,0.953674,0.953674,0.953674,0.0,125829120.0,1.0,1.0,120.0,0.0,0.0,0.0,0.0,0.0,0.0,0.0,0.953674,0.953674,0.953674,0.953674,0.0,0.0,0.0,0.0,0.0,0.0,64,0,64,DOS_SYN_Hping
S0093,5975,21,tcp,-,5e-06,1,1,1,0,199728.761905,199728.761905,399457.52381,1.0,20,20,20,20,20,20,0,1,1,0,0,1,0,0,0,0,120.0,120.0,120.0,120.0,0.0,0.0,0.0,0.0,0.0,0.0,0.0,120.0,120.0,60.0,84.852814,0.0,0.0,0.0,0.0,0.0,0.0,0.0,0.0,0.0,0.0,5.0067900000000005,5.0067900000000005,5.0067900000000005,5.0067900000000005,0.0,23967451.428571,1.0,1.0,120.0,0.0,0.0,0.0,0.0,0.0,0.0,0.0,5.0067900000000005,5.0067900000000005,5.0067900000000005,5.0067900000000005,0.0,0.0,0.0,0.0,0.0,0.0,64,0,64,DOS_SYN_Hping
S0094,47622,21,tcp,-,2e-06,1,1,1,0,466033.777778,466033.777778,932067.555556,1.0,20,20,20,20,20,20,0,1,1,0,0,1,0,0,0,0,120.0,120.0,120.0,120.0,0.0,0.0,0.0,0.0,0.0,0.0,0.0,120.0,120.0,60.0,84.852814,0.0,0.0,0.0,0.0,0.0,0.0,0.0,0.0,0.0,0.0,2.145767,2.145767,2.145767,2.145767,0.0,55924053.33333299,1.0,1.0,120.0,0.0,0.0,0.0,0.0,0.0,0.0,0.0,2.145767,2.145767,2.145767,2.145767,0.0,0.0,0.0,0.0,0.0,0.0,64,0,64,DOS_SYN_Hping
S0095,1902,21,tcp,-,5e-06,1,1,1,0,199728.761905,199728.761905,399457.52381,1.0,20,20,20,20,20,20,0,1,1,0,0,1,0,0,0,0,120.0,120.0,120.0,120.0,0.0,0.0,0.0,0.0,0.0,0.0,0.0,120.0,120.0,60.0,84.852814,0.0,0.0,0.0,0.0,0.0,0.0,0.0,0.0,0.0,0.0,5.0067900000000005,5.0067900000000005,5.0067900000000005,5.0067900000000005,0.0,23967451.428571,1.0,1.0,120.0,0.0,0.0,0.0,0.0,0.0,0.0,0.0,5.0067900000000005,5.0067900000000005,5.0067900000000005,5.0067900000000005,0.0,0.0,0.0,0.0,0.0,0.0,64,0,64,DOS_SYN_Hping
S0096,3129,21,tcp,-,3e-06,1,1,1,0,322638.769231,322638.769231,645277.538462,1.0,20,20,20,20,20,20,0,1,1,0,0,1,0,0,0,0,120.0,120.0,120.0,120.0,0.0,0.0,0.0,0.0,0.0,0.0,0.0,120.0,120.0,60.0,84.852814,0.0,0.0,0.0,0.0,0.0,0.0,0.0,0.0,0.0,0.0,3.099442,3.099442,3.099442,3.099442,0.0,38716652.307692,1.0,1.0,120.0,0.0,0.0,0.0,0.0,0.0,0.0,0.0,3.099442,3.099442,3.099442,3.099442,0.0,0.0,0.0,0.0,0.0,0.0,64,0,64,DOS_SYN_Hping
S0097,61960,21,tcp,-,1e-06,1,1,1,0,1048576.0,1048576.0,2097152.0,1.0,20,20,20,20,20,20,0,1,1,0,0,1,0,0,0,0,120.0,120.0,120.0,120.0,0.0,0.0,0.0,0.0,0.0,0.0,0.0,120.0,120.0,60.0,84.852814,0.0,0.0,0.0,0.0,0.0,0.0,0.0,0.0,0.0,0.0,0.953674,0.953674,0.953674,0.953674,0.0,125829120.0,1.0,1.0,120.0,0.0,0.0,0.0,0.0,0.0,0.0,0.0,0.953674,0.953674,0.953674,0.953674,0.0,0.0,0.0,0.0,0.0,0.0,64,0,64,DOS_SYN_Hping
S0098,34739,21,tcp,-,0.0,1,0,1,0,0.0,0.0,0.0,0.0,20,20,20,0,0,0,0,1,0,0,0,0,0,0,0,0,120.0,120.0,120.0,120.0,0.0,0.0,0.0,0.0,0.0,0.0,120.0,120.0,120.0,120.0,0.0,0.0,0.0,0.0,0.0,0.0,0.0,0.0,0.0,0.0,0.0,0.0,0.0,0.0,0.0,0.0,0.0,1.0,0.0,120.0,0.0,0.0,0.0,0.0,0.0,0.0,0.0,0.0,0.0,0.0,0.0,0.0,0.0,0.0,0.0,0.0,0.0,64,0,64,DOS_SYN_Hping
S0099,59131,21,tcp,-,2e-06,1,1,1,0,524288.0,524288.0,1048576.0,1.0,20,20,20,20,20,20,0,1,1,0,0,1,0,0,0,0,120.0,120.0,120.0,120.0,0.0,0.0,0.0,0.0,0.0,0.0,0.0,120.0,120.0,60.0,84.852814,0.0,0.0,0.0,0.0,0.0,0.0,0.0,0.0,0.0,0.0,1.907349,1.907349,1.907349,1.907349,0.0,62914560.0,1.0,1.0,120.0,0.0,0.0,0.0,0.0,0.0,0.0,0.0,1.907349,1.907349,1.907349,1.907349,0.0,0.0,0.0,0.0,0.0,0.0,64,0,64,DOS_SYN_Hping
S0100,20428,21,tcp,-,4e-06,1,1,1,0,246723.764706,246723.764706,493447.529412,1.0,20,20,20,20,20,20,0,1,1,0,0,1,0,0,0,0,120.0,120.0,120.0,120.0,0.0,0.0,0.0,0.0,0.0,0.0,0.0,120.0,120.0,60.0,84.852814,0.0,0.0,0.0,0.0,0.0,0.0,0.0,0.0,0.0,0.0,4.053116,4.053116,4.053116,4.053116,0.0,29606851.764706,1.0,1.0,120.0,0.0,0.0,0.0,0.0,0.0,0.0,0.0,4.053116,4.053116,4.053116,4.053116,0.0,0.0,0.0,0.0,0.0,0.0,64,0,64,DOS_SYN_Hping
S0101,28921,21,tcp,-,4e-06,1,1,1,0,246723.764706,246723.764706,493447.529412,1.0,20,20,20,20,20,20,0,1,1,0,0,1,0,0,0,0,120.0,120.0,120.0,120.0,0.0,0.0,0.0,0.0,0.0,0.0,0.0,120.0,120.0,60.0,84.852814,0.0,0.0,0.0,0.0,0.0,0.0,0.0,0.0,0.0,0.0,4.053116,4.053116,4.053116,4.053116,0.0,29606851.764706,1.0,1.0,120.0,0.0,0.0,0.0,0.0,0.0,0.0,0.0,4.053116,4.053116,4.053116,4.053116,0.0,0.0,0.0,0.0,0.0,0.0,64,0,64,DOS_SYN_Hping
S0102,63536,21,tcp,-,5e-06,1,1,1,0,199728.761905,199728.761905,399457.52381,1.0,20,20,20,20,20,20,0,1,1,0,0,1,0,0,0,0,120.0,120.0,120.0,120.0,0.0,0.0,0.0,0.0,0.0,0.0,0.0,120.0,120.0,60.0,84.852814,0.0,0.0,0.0,0.0,0.0,0.0,0.0,0.0,0.0,0.0,5.0067900000000005,5.0067900000000005,5.0067900000000005,5.0067900000000005,0.0,23967451.428571,1.0,1.0,120.0,0.0,0.0,0.0,0.0,0.0,0.0,0.0,5.0067900000000005,5.0067900000000005,5.0067900000000005,5.0067900000000005,0.0,0.0,0.0,0.0,0.0,0.0,64,0,64,DOS_SYN_Hping
S0103,44566,443,tcp,ssl,5.062141,16,15,7,6,3.160718,2.963173,6.123891,0.9375,556,32,44,452,20,40,2,2,0,7,3,30,0,0,0,0,0.0,517.0,2343.0,146.4375,225.93419900000004,0.0,1408.0,5174.0,344.933333,575.080922,0.0,1408.0,7517.0,242.483871,435.91986,5.0067900000000005,2339973.926544,5062147.140503,337476.476034,648173.3194779999,11.920929,2606680.870056,4719169.855118,337083.56108,800480.513774,2.861023,1701498.985291,5066148.042679,168871.601423,395860.917857,1484.944756,5.3333330000000005,5.0,781.0,1724.6666670000002,0.0,0.0,0.0,0.0,0.0,0.0,5066148.042679,5066148.042679,5066148.042679,5066148.042679,0.0,0.0,0.0,0.0,0.0,0.0,64240,65535,501,ARP_poisioning
S0104,40610,21,tcp,-,4e-06,1,1,1,0,246723.764706,246723.764706,493447.529412,1.0,20,20,20,20,20,20,0,1,1,0,0,1,0,0,0,0,120.0,120.0,120.0,120.0,0.0,0.0,0.0,0.0,0.0,0.0,0.0,120.0,120.0,60.0,84.852814,0.0,0.0,0.0,0.0,0.0,0.0,0.0,0.0,0.0,0.0,4.053116,4.053116,4.053116,4.053116,0.0,29606851.764706,1.0,1.0,120.0,0.0,0.0,0.0,0.0,0.0,0.0,0.0,4.053116,4.053116,4.053116,4.053116,0.0,0.0,0.0,0.0,0.0,0.0,64,0,64,DOS_SYN_Hping
S0105,17165,21,tcp,-,0.0,1,0,1,0,0.0,0.0,0.0,0.0,20,20,20,0,0,0,0,1,0,0,0,0,0,0,0,0,120.0,120.0,120.0,120.0,0.0,0.0,0.0,0.0,0.0,0.0,120.0,120.0,120.0,120.0,0.0,0.0,0.0,0.0,0.0,0.0,0.0,0.0,0.0,0.0,0.0,0.0,0.0,0.0,0.0,0.0,0.0,1.0,0.0,120.0,0.0,0.0,0.0,0.0,0.0,0.0,0.0,0.0,0.0,0.0,0.0,0.0,0.0,0.0,0.0,0.0,0.0,64,0,64,DOS_SYN_Hping
S0106,16463,21,tcp,-,4e-06,1,1,1,0,262144.0,262144.0,524288.0,1.0,20,20,20,20,20,20,0,1,1,0,0,1,0,0,0,0,120.0,120.0,120.0,120.0,0.0,0.0,0.0,0.0,0.0,0.0,0.0,120.0,120.0,60.0,84.852814,0.0,0.0,0.0,0.0,0.0,0.0,0.0,0.0,0.0,0.0,3.814697,3.814697,3.814697,3.814697,0.0,31457280.0,1.0,1.0,120.0,0.0,0.0,0.0,0.0,0.0,0.0,0.0,3.814697,3.814697,3.814697,3.814697,0.0,0.0,0.0,0.0,0.0,0.0,64,0,64,DOS_SYN_Hping
S0107,15724,21,tcp,-,4e-06,1,1,1,0,246723.764706,246723.764706,493447.529412,1.0,20,20,20,20,20,20,0,1,1,0,0,1,0,0,0,0,120.0,120.0,120.0,120.0,0.0,0.0,0.0,0.0,0.0,0.0,0.0,120.0,120.0,60.0,84.852814,0.0,0.0,0.0,0.0,0.0,0.0,0.0,0.0,0.0,0.0,4.053116,4.053116,4.053116,4.053116,0.0,29606851.764706,1.0,1.0,120.0,0.0,0.0,0.0,0.0,0.0,0.0,0.0,4.053116,4.053116,4.053116,4.053116,0.0,0.0,0.0,0.0,0.0,0.0,64,0,64,DOS_SYN_Hping
S0108,6036,21,tcp,-,4e-06,1,1,1,0,246723.764706,246723.764706,493447.529412,1.0,20,20,20,20,20,20,0,1,1,0,0,1,0,0,0,0,120.0,120.0,120.0,120.0,0.0,0.0,0.0,0.0,0.0,0.0,0.0,120.0,120.0,60.0,84.852814,0.0,0.0,0.0,0.0,0.0,0.0,0.0,0.0,0.0,0.0,4.053116,4.053116,4.053116,4.053116,0.0,29606851.764706,1.0,1.0,120.0,0.0,0.0,0.0,0.0,0.0,0.0,0.0,4.053116,4.053116,4.053116,4.053116,0.0,0.0,0.0,0.0,0.0,0.0,64,0,64,DOS_SYN_Hping
S0109,39796,21,tcp,-,1e-06,1,1,1,0,838860.8,838860.8,1677721.6,1.0,20,20,20,20,20,20,0,1,1,0,0,1,0,0,0,0,120.0,120.0,120.0,120.0,0.0,0.0,0.0,0.0,0.0,0.0,0.0,120.0,120.0,60.0,84.852814,0.0,0.0,0.0,0.0,0.0,0.0,0.0,0.0,0.0,0.0,1.192093,1.192093,1.192093,1.192093,0.0,100663296.0,1.0,1.0,120.0,0.0,0.0,0.0,0.0,0.0,0.0,0.0,1.192093,1.192093,1.192093,1.192093,0.0,0.0,0.0,0.0,0.0,0.0,64,0,64,DOS_SYN_Hping
S0110,63205,21,tcp,-,4e-06,1,1,1,0,246723.764706,246723.764706,493447.529412,1.0,20,20,20,20,20,20,0,1,1,0,0,1,0,0,0,0,120.0,120.0,120.0,120.0,0.0,0.0,0.0,0.0,0.0,0.0,0.0,120.0,120.0,60.0,84.852814,0.0,0.0,0.0,0.0,0.0,0.0,0.0,0.0,0.0,0.0,4.053116,4.053116,4.053116,4.053116,0.0,29606851.764706,1.0,1.0,120.0,0.0,0.0,0.0,0.0,0.0,0.0,0.0,4.053116,4.053116,4.053116,4.053116,0.0,0.0,0.0,0.0,0.0,0.0,64,0,64,DOS_SYN_Hping
S0111,59247,179,tcp,-,7.000000000000001e-06,1,1,0,0,144631.172414,144631.172414,289262.344828,1.0,20,20,20,20,20,20,1,0,1,1,0,1,1,0,0,0,0.0,0.0,0.0,0.0,0.0,0.0,0.0,0.0,0.0,0.0,0.0,0.0,0.0,0.0,0.0,0.0,0.0,0.0,0.0,0.0,0.0,0.0,0.0,0.0,0.0,6.914139,6.914139,6.914139,6.914139,0.0,0.0,1.0,1.0,0.0,0.0,0.0,0.0,0.0,0.0,0.0,0.0,6.914139,6.914139,6.914139,6.914139,0.0,0.0,0.0,0.0,0.0,0.0,1024,0,1024,NMAP_XMAS_TREE_SCAN
S0112,15711,21,tcp,-,4e-06,1,1,1,0,262144.0,262144.0,524288.0,1.0,20,20,20,20,20,20,0,1,1,0,0,1,0,0,0,0,120.0,120.0,120.0,120.0,0.0,0.0,0.0,0.0,0.0,0.0,0.0,120.0,120.0,60.0,84.852814,0.0,0.0,0.0,0.0,0.0,0.0,0.0,0.0,0.0,0.0,3.814697,3.814697,3.814697,3.814697,0.0,31457280.0,1.0,1.0,120.0,0.0,0.0,0.0,0.0,0.0,0.0,0.0,3.814697,3.814697,3.814697,3.814697,0.0,0.0,0.0,0.0,0.0,0.0,64,0,64,DOS_SYN_Hping
S0113,51574,21,tcp,-,4e-06,1,1,1,0,246723.764706,246723.764706,493447.529412,1.0,20,20,20,20,20,20,0,1,1,0,0,1,0,0,0,0,120.0,120.0,120.0,120.0,0.0,0.0,0.0,0.0,0.0,0.0,0.0,120.0,120.0,60.0,84.852814,0.0,0.0,0.0,0.0,0.0,0.0,0.0,0.0,0.0,0.0,4.053116,4.053116,4.053116,4.053116,0.0,29606851.764706,1.0,1.0,120.0,0.0,0.0,0.0,0.0,0.0,0.0,0.0,4.053116,4.053116,4.053116,4.053116,0.0,0.0,0.0,0.0,0.0,0.0,64,0,64,DOS_SYN_Hping
S0114,46600,1248,tcp,-,6e-06,1,1,0,0,167772.16,167772.16,335544.32,1.0,20,20,20,20,20,20,0,0,1,0,0,1,0,0,0,0,0.0,0.0,0.0,0.0,0.0,0.0,0.0,0.0,0.0,0.0,0.0,0.0,0.0,0.0,0.0,0.0,0.0,0.0,0.0,0.0,0.0,0.0,0.0,0.0,0.0,5.960464,5.960464,5.960464,5.960464,0.0,0.0,1.0,1.0,0.0,0.0,0.0,0.0,0.0,0.0,0.0,0.0,5.960464,5.960464,5.960464,5.960464,0.0,0.0,0.0,0.0,0.0,0.0,1024,0,1024,NMAP_OS_DETECTION
S0115,48509,21,tcp,-,1e-06,1,1,1,0,1048576.0,1048576.0,2097152.0,1.0,20,20,20,20,20,20,0,1,1,0,0,1,0,0,0,0,120.0,120.0,120.0,120.0,0.0,0.0,0.0,0.0,0.0,0.0,0.0,120.0,120.0,60.0,84.852814,0.0,0.0,0.0,0.0,0.0,0.0,0.0,0.0,0.0,0.0,0.953674,0.953674,0.953674,0.953674,0.0,125829120.0,1.0,1.0,120.0,0.0,0.0,0.0,0.0,0.0,0.0,0.0,0.953674,0.953674,0.953674,0.953674,0.0,0.0,0.0,0.0,0.0,0.0,64,0,64,DOS_SYN_Hping
S0116,22293,21,tcp,-,2e-06,1,1,1,0,524288.0,524288.0,1048576.0,1.0,20,20,20,20,20,20,0,1,1,0,0,1,0,0,0,0,120.0,120.0,120.0,120.0,0.0,0.0,0.0,0.0,0.0,0.0,0.0,120.0,120.0,60.0,84.852814,0.0,0.0,0.0,0.0,0.0,0.0,0.0,0.0,0.0,0.0,1.907349,1.907349,1.907349,1.907349,0.0,62914560.0,1.0,1.0,120.0,0.0,0.0,0.0,0.0,0.0,0.0,0.0,1.907349,1.907349,1.907349,1.907349,0.0,0.0,0.0,0.0,0.0,0.0,64,0,64,DOS_SYN_Hping
S0117,39266,53,udp,dns,0.030797,2,2,2,2,64.94138000000001,64.94138000000001,129.88276100000002,1.0,16,8,8,16,8,8,0,0,0,0,0,0,0,0,0,0,36.0,36.0,72.0,36.0,0.0,36.0,68.0,104.0,52.0,22.627417,36.0,68.0,176.0,44.0,16.0,30539.0358,30539.0358,30539.0358,30539.0358,0.0,2084.970474,2084.970474,2084.970474,2084.970474,0.0,257.96890299999995,28712.03423,30797.0047,10265.66823,15994.27334,5714.841483,2.0,2.0,72.0,104.0,0.0,0.0,0.0,0.0,0.0,0.0,30797.0047,30797.0047,30797.0047,30797.0047,0.0,0.0,0.0,0.0,0.0,0.0,0,0,0,Thing_Speak
S0118,27073,21,tcp,-,4e-06,1,1,1,0,246723.764706,246723.764706,493447.529412,1.0,20,20,20,20,20,20,0,1,1,0,0,1,0,0,0,0,120.0,120.0,120.0,120.0,0.0,0.0,0.0,0.0,0.0,0.0,0.0,120.0,120.0,60.0,84.852814,0.0,0.0,0.0,0.0,0.0,0.0,0.0,0.0,0.0,0.0,4.053116,4.053116,4.053116,4.053116,0.0,29606851.764706,1.0,1.0,120.0,0.0,0.0,0.0,0.0,0.0,0.0,0.0,4.053116,4.053116,4.053116,4.053116,0.0,0.0,0.0,0.0,0.0,0.0,64,0,64,DOS_SYN_Hping
S0119,13007,21,tcp,-,1e-06,1,1,1,0,1048576.0,1048576.0,2097152.0,1.0,20,20,20,20,20,20,0,1,1,0,0,1,0,0,0,0,120.0,120.0,120.0,120.0,0.0,0.0,0.0,0.0,0.0,0.0,0.0,120.0,120.0,60.0,84.852814,0.0,0.0,0.0,0.0,0.0,0.0,0.0,0.0,0.0,0.0,0.953674,0.953674,0.953674,0.953674,0.0,125829120.0,1.0,1.0,120.0,0.0,0.0,0.0,0.0,0.0,0.0,0.0,0.953674,0.953674,0.953674,0.953674,0.0,0.0,0.0,0.0,0.0,0.0,64,0,64,DOS_SYN_Hping
S0120,63943,21,tcp,-,4e-06,1,1,1,0,246723.764706,246723.764706,493447.529412,1.0,20,20,20,20,20,20,0,1,1,0,0,1,0,0,0,0,120.0,120.0,120.0,120.0,0.0,0.0,0.0,0.0,0.0,0.0,0.0,120.0,120.0,60.0,84.852814,0.0,0.0,0.0,0.0,0.0,0.0,0.0,0.0,0.0,0.0,4.053116,4.053116,4.053116,4.053116,0.0,29606851.764706,1.0,1.0,120.0,0.0,0.0,0.0,0.0,0.0,0.0,0.0,4.053116,4.053116,4.053116,4.053116,0.0,0.0,0.0,0.0,0.0,0.0,64,0,64,DOS_SYN_Hping
S0121,39466,21,tcp,-,1e-06,1,1,1,0,1048576.0,1048576.0,2097152.0,1.0,20,20,20,20,20,20,0,1,1,0,0,1,0,0,0,0,120.0,120.0,120.0,120.0,0.0,0.0,0.0,0.0,0.0,0.0,0.0,120.0,120.0,60.0,84.852814,0.0,0.0,0.0,0.0,0.0,0.0,0.0,0.0,0.0,0.0,0.953674,0.953674,0.953674,0.953674,0.0,125829120.0,1.0,1.0,120.0,0.0,0.0,0.0,0.0,0.0,0.0,0.0,0.953674,0.953674,0.953674,0.953674,0.0,0.0,0.0,0.0,0.0,0.0,64,0,64,DOS_SYN_Hping
S0122,36385,5353,udp,dns,0.0,1,0,1,0,0.0,0.0,0.0,0.0,8,8,8,0,0,0,0,0,0,0,0,0,0,0,0,0,47.0,47.0,47.0,47.0,0.0,0.0,0.0,0.0,0.0,0.0,47.0,47.0,47.0,47.0,0.0,0.0,0.0,0.0,0.0,0.0,0.0,0.0,0.0,0.0,0.0,0.0,0.0,0.0,0.0,0.0,0.0,1.0,0.0,47.0,0.0,0.0,0.0,0.0,0.0,0.0,0.0,0.0,0.0,0.0,0.0,0.0,0.0,0.0,0.0,0.0,0.0,0,0,0,ARP_poisioning
S0123,19176,21,tcp,-,5e-06,1,1,1,0,199728.761905,199728.761905,399457.52381,1.0,20,20,20,20,20,20,0,1,1,0,0,1,0,0,0,0,120.0,120.0,120.0,120.0,0.0,0.0,0.0,0.0,0.0,0.0,0.0,120.0,120.0,60.0,84.852814,0.0,0.0,0.0,0.0,0.0,0.0,0.0,0.0,0.0,0.0,5.0067900000000005,5.0067900000000005,5.0067900000000005,5.0067900000000005,0.0,23967451.428571,1.0,1.0,120.0,0.0,0.0,0.0,0.0,0.0,0.0,0.0,5.0067900000000005,5.0067900000000005,5.0067900000000005,5.0067900000000005,0.0,0.0,0.0,0.0,0.0,0.0,64,0,64,DOS_SYN_Hping
S0124,48919,21,tcp,-,0.0,1,1,1,0,0.0,0.0,0.0,1.0,20,20,20,20,20,20,0,1,1,0,0,1,0,0,0,0,120.0,120.0,120.0,120.0,0.0,0.0,0.0,0.0,0.0,0.0,0.0,120.0,120.0,60.0,84.852814,0.0,0.0,0.0,0.0,0.0,0.0,0.0,0.0,0.0,0.0,0.0,0.0,0.0,0.0,0.0,0.0,1.0,1.0,120.0,0.0,0.0,0.0,0.0,0.0,0.0,0.0,0.0,0.0,0.0,0.0,0.0,0.0,0.0,0.0,0.0,0.0,64,0,64,DOS_SYN_Hping
S0125,8673,21,tcp,-,0.0,1,0,1,0,0.0,0.0,0.0,0.0,20,20,20,0,0,0,0,1,0,0,0,0,0,0,0,0,120.0,120.0,120.0,120.0,0.0,0.0,0.0,0.0,0.0,0.0,120.0,120.0,120.0,120.0,0.0,0.0,0.0,0.0,0.0,0.0,0.0,0.0,0.0,0.0,0.0,0.0,0.0,0.0,0.0,0.0,0.0,1.0,0.0,120.0,0.0,0.0,0.0,0.0,0.0,0.0,0.0,0.0,0.0,0.0,0.0,0.0,0.0,0.0,0.0,0.0,0.0,64,0,64,DOS_SYN_Hping
S0126,38214,53,udp,dns,0.000169,2,2,2,2,11831.605078,11831.605078,23663.210155,1.0,16,8,8,16,8,8,0,0,0,0,0,0,0,0,0,0,45.0,45.0,90.0,45.0,0.0,45.0,61.0,106.0,53.0,11.313708,45.0,61.0,196.0,49.0,8.0,6.198883,6.198883,6.198883,6.198883,0.0,46.96846,46.96846,46.96846,46.96846,0.0,6.198883,115.871429,169.038773,56.346258,55.434413,1159497.297602,2.0,2.0,90.0,106.0,0.0,0.0,0.0,0.0,0.0,0.0,169.038773,169.038773,169.038773,169.038773,0.0,0.0,0.0,0.0,0.0,0.0,0,0,0,ARP_poisioning
S0127,20502,21,tcp,-,0.0,1,0,1,0,0.0,0.0,0.0,0.0,20,20,20,0,0,0,0,1,0,0,0,0,0,0,0,0,120.0,120.0,120.0,120.0,0.0,0.0,0.0,0.0,0.0,0.0,120.0,120.0,120.0,120.0,0.0,0.0,0.0,0.0,0.0,0.0,0.0,0.0,0.0,0.0,0.0,0.0,0.0,0.0,0.0,0.0,0.0,1.0,0.0,120.0,0.0,0.0,0.0,0.0,0.0,0.0,0.0,0.0,0.0,0.0,0.0,0.0,0.0,0.0,0.0,0.0,0.0,64,0,64,DOS_SYN_Hping
S0128,2874,21,tcp,-,4e-06,1,1,1,0,246723.764706,246723.764706,493447.529412,1.0,20,20,20,20,20,20,0,1,1,0,0,1,0,0,0,0,120.0,120.0,120.0,120.0,0.0,0.0,0.0,0.0,0.0,0.0,0.0,120.0,120.0,60.0,84.852814,0.0,0.0,0.0,0.0,0.0,0.0,0.0,0.0,0.0,0.0,4.053116,4.053116,4.053116,4.053116,0.0,29606851.764706,1.0,1.0,120.0,0.0,0.0,0.0,0.0,0.0,0.0,0.0,4.053116,4.053116,4.053116,4.053116,0.0,0.0,0.0,0.0,0.0,0.0,64,0,64,DOS_SYN_Hping
S0129,1740,21,tcp,-,5e-06,1,1,1,0,199728.761905,199728.761905,399457.52381,1.0,20,20,20,20,20,20,0,1,1,0,0,1,0,0,0,0,120.0,120.0,120.0,120.0,0.0,0.0,0.0,0.0,0.0,0.0,0.0,120.0,120.0,60.0,84.852814,0.0,0.0,0.0,0.0,0.0,0.0,0.0,0.0,0.0,0.0,5.0067900000000005,5.0067900000000005,5.0067900000000005,5.0067900000000005,0.0,23967451.428571,1.0,1.0,120.0,0.0,0.0,0.0,0.0,0.0,0.0,0.0,5.0067900000000005,5.0067900000000005,5.0067900000000005,5.0067900000000005,0.0,0.0,0.0,0.0,0.0,0.0,64,0,64,DOS_SYN_Hping
S0130,6813,21,tcp,-,4e-06,1,1,1,0,246723.764706,246723.764706,493447.529412,1.0,20,20,20,20,20,20,0,1,1,0,0,1,0,0,0,0,120.0,120.0,120.0,120.0,0.0,0.0,0.0,0.0,0.0,0.0,0.0,120.0,120.0,60.0,84.852814,0.0,0.0,0.0,0.0,0.0,0.0,0.0,0.0,0.0,0.0,4.053116,4.053116,4.053116,4.053116,0.0,29606851.764706,1.0,1.0,120.0,0.0,0.0,0.0,0.0,0.0,0.0,0.0,4.053116,4.053116,4.053116,4.053116,0.0,0.0,0.0,0.0,0.0,0.0,64,0,64,DOS_SYN_Hping
S0131,38479,21,tcp,-,4e-06,1,1,1,0,246723.764706,246723.764706,493447.529412,1.0,20,20,20,20,20,20,0,1,1,0,0,1,0,0,0,0,120.0,120.0,120.0,120.0,0.0,0.0,0.0,0.0,0.0,0.0,0.0,120.0,120.0,60.0,84.852814,0.0,0.0,0.0,0.0,0.0,0.0,0.0,0.0,0.0,0.0,4.053116,4.053116,4.053116,4.053116,0.0,29606851.764706,1.0,1.0,120.0,0.0,0.0,0.0,0.0,0.0,0.0,0.0,4.053116,4.053116,4.053116,4.053116,0.0,0.0,0.0,0.0,0.0,0.0,64,0,64,DOS_SYN_Hping
S0132,48391,21,tcp,-,1e-06,1,1,1,0,1048576.0,1048576.0,2097152.0,1.0,20,20,20,20,20,20,0,1,1,0,0,1,0,0,0,0,120.0,120.0,120.0,120.0,0.0,0.0,0.0,0.0,0.0,0.0,0.0,120.0,120.0,60.0,84.852814,0.0,0.0,0.0,0.0,0.0,0.0,0.0,0.0,0.0,0.0,0.953674,0.953674,0.953674,0.953674,0.0,125829120.0,1.0,1.0,120.0,0.0,0.0,0.0,0.0,0.0,0.0,0.0,0.953674,0.953674,0.953674,0.953674,0.0,0.0,0.0,0.0,0.0,0.0,64,0,64,DOS_SYN_Hping
S0133,43324,21,tcp,-,4e-06,1,1,1,0,246723.764706,246723.764706,493447.529412,1.0,20,20,20,20,20,20,0,1,1,0,0,1,0,0,0,0,120.0,120.0,120.0,120.0,0.0,0.0,0.0,0.0,0.0,0.0,0.0,120.0,120.0,60.0,84.852814,0.0,0.0,0.0,0.0,0.0,0.0,0.0,0.0,0.0,0.0,4.053116,4.053116,4.053116,4.053116,0.0,29606851.764706,1.0,1.0,120.0,0.0,0.0,0.0,0.0,0.0,0.0,0.0,4.053116,4.053116,4.053116,4.053116,0.0,0.0,0.0,0.0,0.0,0.0,64,0,64,DOS_SYN_Hping
S0134,17461,21,tcp,-,4e-06,1,1,1,0,262144.0,262144.0,524288.0,1.0,20,20,20,20,20,20,0,1,1,0,0,1,0,0,0,0,120.0,120.0,120.0,120.0,0.0,0.0,0.0,0.0,0.0,0.0,0.0,120.0,120.0,60.0,84.852814,0.0,0.0,0.0,0.0,0.0,0.0,0.0,0.0,0.0,0.0,3.814697,3.814697,3.814697,3.814697,0.0,31457280.0,1.0,1.0,120.0,0.0,0.0,0.0,0.0,0.0,0.0,0.0,3.814697,3.814697,3.814697,3.814697,0.0,0.0,0.0,0.0,0.0,0.0,64,0,64,DOS_SYN_Hping
S0135,63010,21,tcp,-,4e-06,1,1,1,0,246723.764706,246723.764706,493447.529412,1.0,20,20,20,20,20,20,0,1,1,0,0,1,0,0,0,0,120.0,120.0,120.0,120.0,0.0,0.0,0.0,0.0,0.0,0.0,0.0,120.0,120.0,60.0,84.852814,0.0,0.0,0.0,0.0,0.0,0.0,0.0,0.0,0.0,0.0,4.053116,4.053116,4.053116,4.053116,0.0,29606851.764706,1.0,1.0,120.0,0.0,0.0,0.0,0.0,0.0,0.0,0.0,4.053116,4.053116,4.053116,4.053116,0.0,0.0,0.0,0.0,0.0,0.0,64,0,64,DOS_SYN_Hping
S0136,8204,21,tcp,-,4e-06,1,1,1,0,246723.764706,246723.764706,493447.529412,1.0,20,20,20,20,20,20,0,1,1,0,0,1,0,0,0,0,120.0,120.0,120.0,120.0,0.0,0.0,0.0,0.0,0.0,0.0,0.0,120.0,120.0,60.0,84.852814,0.0,0.0,0.0,0.0,0.0,0.0,0.0,0.0,0.0,0.0,4.053116,4.053116,4.053116,4.053116,0.0,29606851.764706,1.0,1.0,120.0,0.0,0.0,0.0,0.0,0.0,0.0,0.0,4.053116,4.053116,4.053116,4.053116,0.0,0.0,0.0,0.0,0.0,0.0,64,0,64,DOS_SYN_Hping
S0137,40654,21,tcp,-,4e-06,1,1,1,0,246723.764706,246723.764706,493447.529412,1.0,20,20,20,20,20,20,0,1,1,0,0,1,0,0,0,0,120.0,120.0,120.0,120.0,0.0,0.0,0.0,0.0,0.0,0.0,0.0,120.0,120.0,60.0,84.852814,0.0,0.0,0.0,0.0,0.0,0.0,0.0,0.0,0.0,0.0,4.053116,4.053116,4.053116,4.053116,0.0,29606851.764706,1.0,1.0,120.0,0.0,0.0,0.0,0.0,0.0,0.0,0.0,4.053116,4.053116,4.053116,4.053116,0.0,0.0,0.0,0.0,0.0,0.0,64,0,64,DOS_SYN_Hping
S0138,54875,1883,tcp,mqtt,7.958591,10,6,3,4,1.256504,0.7539020000000001,2.010406,0.6,328,32,40,200,32,40,0,2,1,3,4,15,0,0,0,0,0.0,33.0,78.0,7.8,12.934021,0.0,23.0,36.0,6.0,8.602325,0.0,33.0,114.0,7.125,11.218289,245.809555,5840407.133102,7958590.984344,884287.887149,1913617.642124,3871.202469,1619703.054428,1955983.161926,391196.632385,691424.7576199999,245.809555,5840407.133102,7958590.984344,530572.73229,1514414.05415,14.324144,3.333333,2.0,26.0,12.0,0.0,0.0,0.0,0.0,0.0,0.0,2118183.851242,2118183.851242,2118183.851242,2118183.851242,0.0,5840407.133102,5840407.133102,5840407.133102,5840407.133102,0.0,64240,26847,502,MQTT_Publish
S0139,54297,1883,tcp,mqtt,22.98068,10,6,3,4,0.435148,0.261089,0.696237,0.6,328,32,40,200,32,40,0,2,1,3,4,15,0,0,0,0,0.0,33.0,77.0,7.7,12.789318,0.0,22.0,35.0,5.8333330000000005,8.20772,0.0,33.0,112.0,7.0,11.021192,231.981277,20873916.149139,22980679.988861,2553408.887651,6886298.265725999,324.010849,1645053.14827,1959627.866745,391925.573349,704758.6288930002,231.981277,20873916.149139,22980679.988861,1532045.332591,5364155.176772,4.873659,3.333333,2.0,25.666667,11.666667,0.0,0.0,0.0,0.0,0.0,0.0,2106763.839722,2106763.839722,2106763.839722,2106763.839722,0.0,20873916.149139,20873916.149139,20873916.149139,20873916.149139,0.0,64240,26847,502,MQTT_Publish
S0140,12236,21,tcp,-,1e-06,1,1,1,0,1048576.0,1048576.0,2097152.0,1.0,20,20,20,20,20,20,0,1,1,0,0,1,0,0,0,0,120.0,120.0,120.0,120.0,0.0,0.0,0.0,0.0,0.0,0.0,0.0,120.0,120.0,60.0,84.852814,0.0,0.0,0.0,0.0,0.0,0.0,0.0,0.0,0.0,0.0,0.953674,0.953674,0.953674,0.953674,0.0,125829120.0,1.0,1.0,120.0,0.0,0.0,0.0,0.0,0.0,0.0,0.0,0.953674,0.953674,0.953674,0.953674,0.0,0.0,0.0,0.0,0.0,0.0,64,0,64,DOS_SYN_Hping
S0141,35859,53,udp,dns,0.000151,2,2,2,2,13231.242902,13231.242902,26462.485804,1.0,16,8,8,16,8,8,0,0,0,0,0,0,0,0,0,0,45.0,45.0,90.0,45.0,0.0,45.0,61.0,106.0,53.0,11.313708,45.0,61.0,196.0,49.0,8.0,7.152557000000001,7.152557000000001,7.152557000000001,7.152557000000001,0.0,51.021576,51.021576,51.021576,51.021576,0.0,7.152557000000001,92.983246,151.157379,50.385793,42.918876,1296661.804416,2.0,2.0,90.0,106.0,0.0,0.0,0.0,0.0,0.0,0.0,151.157379,151.157379,151.157379,151.157379,0.0,0.0,0.0,0.0,0.0,0.0,0,0,0,ARP_poisioning
S0142,16546,21,tcp,-,4e-06,1,1,1,0,262144.0,262144.0,524288.0,1.0,20,20,20,20,20,20,0,1,1,0,0,1,0,0,0,0,120.0,120.0,120.0,120.0,0.0,0.0,0.0,0.0,0.0,0.0,0.0,120.0,120.0,60.0,84.852814,0.0,0.0,0.0,0.0,0.0,0.0,0.0,0.0,0.0,0.0,3.814697,3.814697,3.814697,3.814697,0.0,31457280.0,1.0,1.0,120.0,0.0,0.0,0.0,0.0,0.0,0.0,0.0,3.814697,3.814697,3.814697,3.814697,0.0,0.0,0.0,0.0,0.0,0.0,64,0,64,DOS_SYN_Hping
S0143,41462,21,tcp,-,4e-06,1,1,1,0,246723.764706,246723.764706,493447.529412,1.0,20,20,20,20,20,20,0,1,1,0,0,1,0,0,0,0,120.0,120.0,120.0,120.0,0.0,0.0,0.0,0.0,0.0,0.0,0.0,120.0,120.0,60.0,84.852814,0.0,0.0,0.0,0.0,0.0,0.0,0.0,0.0,0.0,0.0,4.053116,4.053116,4.053116,4.053116,0.0,29606851.764706,1.0,1.0,120.0,0.0,0.0,0.0,0.0,0.0,0.0,0.0,4.053116,4.053116,4.053116,4.053116,0.0,0.0,0.0,0.0,0.0,0.0,64,0,64,DOS_SYN_Hping
S0144,37551,21,tcp,-,3e-06,1,1,1,0,349525.333333,349525.333333,699050.666667,1.0,20,20,20,20,20,20,0,1,1,0,0,1,0,0,0,0,120.0,120.0,120.0,120.0,0.0,0.0,0.0,0.0,0.0,0.0,0.0,120.0,120.0,60.0,84.852814,0.0,0.0,0.0,0.0,0.0,0.0,0.0,0.0,0.0,0.0,2.861023,2.861023,2.861023,2.861023,0.0,41943040.0,1.0,1.0,120.0,0.0,0.0,0.0,0.0,0.0,0.0,0.0,2.861023,2.861023,2.861023,2.861023,0.0,0.0,0.0,0.0,0.0,0.0,64,0,64,DOS_SYN_Hping
S0145,58265,21,tcp,-,1e-06,1,1,1,0,838860.8,838860.8,1677721.6,1.0,20,20,20,20,20,20,0,1,1,0,0,1,0,0,0,0,120.0,120.0,120.0,120.0,0.0,0.0,0.0,0.0,0.0,0.0,0.0,120.0,120.0,60.0,84.852814,0.0,0.0,0.0,0.0,0.0,0.0,0.0,0.0,0.0,0.0,1.192093,1.192093,1.192093,1.192093,0.0,100663296.0,1.0,1.0,120.0,0.0,0.0,0.0,0.0,0.0,0.0,0.0,1.192093,1.192093,1.192093,1.192093,0.0,0.0,0.0,0.0,0.0,0.0,64,0,64,DOS_SYN_Hping
S0146,6359,21,tcp,-,4e-06,1,1,1,0,246723.764706,246723.764706,493447.529412,1.0,20,20,20,20,20,20,0,1,1,0,0,1,0,0,0,0,120.0,120.0,120.0,120.0,0.0,0.0,0.0,0.0,0.0,0.0,0.0,120.0,120.0,60.0,84.852814,0.0,0.0,0.0,0.0,0.0,0.0,0.0,0.0,0.0,0.0,4.053116,4.053116,4.053116,4.053116,0.0,29606851.764706,1.0,1.0,120.0,0.0,0.0,0.0,0.0,0.0,0.0,0.0,4.053116,4.053116,4.053116,4.053116,0.0,0.0,0.0,0.0,0.0,0.0,64,0,64,DOS_SYN_Hping
S0147,61335,21,tcp,-,5e-06,1,1,1,0,199728.761905,199728.761905,399457.52381,1.0,20,20,20,20,20,20,0,1,1,0,0,1,0,0,0,0,120.0,120.0,120.0,120.0,0.0,0.0,0.0,0.0,0.0,0.0,0.0,120.0,120.0,60.0,84.852814,0.0,0.0,0.0,0.0,0.0,0.0,0.0,0.0,0.0,0.0,5.0067900000000005,5.0067900000000005,5.0067900000000005,5.0067900000000005,0.0,23967451.428571,1.0,1.0,120.0,0.0,0.0,0.0,0.0,0.0,0.0,0.0,5.0067900000000005,5.0067900000000005,5.0067900000000005,5.0067900000000005,0.0,0.0,0.0,0.0,0.0,0.0,64,0,64,DOS_SYN_Hping
S0148,5037,21,tcp,-,3e-06,1,1,1,0,322638.769231,322638.769231,645277.538462,1.0,20,20,20,20,20,20,0,1,1,0,0,1,0,0,0,0,120.0,120.0,120.0,120.0,0.0,0.0,0.0,0.0,0.0,0.0,0.0,120.0,120.0,60.0,84.852814,0.0,0.0,0.0,0.0,0.0,0.0,0.0,0.0,0.0,0.0,3.099442,3.099442,3.099442,3.099442,0.0,38716652.307692,1.0,1.0,120.0,0.0,0.0,0.0,0.0,0.0,0.0,0.0,3.099442,3.099442,3.099442,3.099442,0.0,0.0,0.0,0.0,0.0,0.0,64,0,64,DOS_SYN_Hping
S0149,56198,137,udp,dns,0.0,1,0,1,0,0.0,0.0,0.0,0.0,8,8,8,0,0,0,0,0,0,0,0,0,0,0,0,0,50.0,50.0,50.0,50.0,0.0,0.0,0.0,0.0,0.0,0.0,50.0,50.0,50.0,50.0,0.0,0.0,0.0,0.0,0.0,0.0,0.0,0.0,0.0,0.0,0.0,0.0,0.0,0.0,0.0,0.0,0.0,1.0,0.0,50.0,0.0,0.0,0.0,0.0,0.0,0.0,0.0,0.0,0.0,0.0,0.0,0.0,0.0,0.0,0.0,0.0,0.0,0,0,0,ARP_poisioning
S0150,38122,80,tcp,http,0.705224,7,5,2,1,9.925924,7.089946,17.015869,0.714286,232,32,40,168,32,40,2,2,0,2,1,11,0,0,0,0,0.0,169.0,215.0,30.714286,63.34223000000001,0.0,537.0,537.0,107.4,240.153701,0.0,537.0,752.0,62.666667,157.226145,92.983246,247028.1124,706936.1209999999,117822.6868,128005.1552,3933.906555,231699.9435,479504.8237,119876.2059,124652.5064,92.983246,227062.9406,706936.1209999999,64266.92009,103147.6897,1066.327806,7.0,5.0,215.0,537.0,0.0,0.0,0.0,0.0,0.0,0.0,706936.1209999999,706936.1209999999,706936.1209999999,706936.1209999999,0.0,0.0,0.0,0.0,0.0,0.0,64240,26847,501,Thing_Speak
S0151,32857,21,tcp,-,4e-06,1,1,1,0,246723.764706,246723.764706,493447.529412,1.0,20,20,20,20,20,20,0,1,1,0,0,1,0,0,0,0,120.0,120.0,120.0,120.0,0.0,0.0,0.0,0.0,0.0,0.0,0.0,120.0,120.0,60.0,84.852814,0.0,0.0,0.0,0.0,0.0,0.0,0.0,0.0,0.0,0.0,4.053116,4.053116,4.053116,4.053116,0.0,29606851.764706,1.0,1.0,120.0,0.0,0.0,0.0,0.0,0.0,0.0,0.0,4.053116,4.053116,4.053116,4.053116,0.0,0.0,0.0,0.0,0.0,0.0,64,0,64,DOS_SYN_Hping
S0152,10018,21,tcp,-,5e-06,1,1,1,0,199728.761905,199728.761905,399457.52381,1.0,20,20,20,20,20,20,0,1,1,0,0,1,0,0,0,0,120.0,120.0,120.0,120.0,0.0,0.0,0.0,0.0,0.0,0.0,0.0,120.0,120.0,60.0,84.852814,0.0,0.0,0.0,0.0,0.0,0.0,0.0,0.0,0.0,0.0,5.0067900000000005,5.0067900000000005,5.0067900000000005,5.0067900000000005,0.0,23967451.428571,1.0,1.0,120.0,0.0,0.0,0.0,0.0,0.0,0.0,0.0,5.0067900000000005,5.0067900000000005,5.0067900000000005,5.0067900000000005,0.0,0.0,0.0,0.0,0.0,0.0,64,0,64,DOS_SYN_Hping
S0153,50169,21,tcp,-,1e-06,1,1,1,0,838860.8,838860.8,1677721.6,1.0,20,20,20,20,20,20,0,1,1,0,0,1,0,0,0,0,120.0,120.0,120.0,120.0,0.0,0.0,0.0,0.0,0.0,0.0,0.0,120.0,120.0,60.0,84.852814,0.0,0.0,0.0,0.0,0.0,0.0,0.0,0.0,0.0,0.0,1.192093,1.192093,1.192093,1.192093,0.0,100663296.0,1.0,1.0,120.0,0.0,0.0,0.0,0.0,0.0,0.0,0.0,1.192093,1.192093,1.192093,1.192093,0.0,0.0,0.0,0.0,0.0,0.0,64,0,64,DOS_SYN_Hping
S0154,32230,21,tcp,-,4e-06,1,1,1,0,262144.0,262144.0,524288.0,1.0,20,20,20,20,20,20,0,1,1,0,0,1,0,0,0,0,120.0,120.0,120.0,120.0,0.0,0.0,0.0,0.0,0.0,0.0,0.0,120.0,120.0,60.0,84.852814,0.0,0.0,0.0,0.0,0.0,0.0,0.0,0.0,0.0,0.0,3.814697,3.814697,3.814697,3.814697,0.0,31457280.0,1.0,1.0,120.0,0.0,0.0,0.0,0.0,0.0,0.0,0.0,3.814697,3.814697,3.814697,3.814697,0.0,0.0,0.0,0.0,0.0,0.0,64,0,64,DOS_SYN_Hping
S0155,40386,21,tcp,-,4e-06,1,1,1,0,246723.764706,246723.764706,493447.529412,1.0,20,20,20,20,20,20,0,1,1,0,0,1,0,0,0,0,120.0,120.0,120.0,120.0,0.0,0.0,0.0,0.0,0.0,0.0,0.0,120.0,120.0,60.0,84.852814,0.0,0.0,0.0,0.0,0.0,0.0,0.0,0.0,0.0,0.0,4.053116,4.053116,4.053116,4.053116,0.0,29606851.764706,1.0,1.0,120.0,0.0,0.0,0.0,0.0,0.0,0.0,0.0,4.053116,4.053116,4.053116,4.053116,0.0,0.0,0.0,0.0,0.0,0.0,64,0,64,DOS_SYN_Hping
S0156,12038,21,tcp,-,0.0,1,0,1,0,0.0,0.0,0.0,0.0,20,20,20,0,0,0,0,1,0,0,0,0,0,0,0,0,120.0,120.0,120.0,120.0,0.0,0.0,0.0,0.0,0.0,0.0,120.0,120.0,120.0,120.0,0.0,0.0,0.0,0.0,0.0,0.0,0.0,0.0,0.0,0.0,0.0,0.0,0.0,0.0,0.0,0.0,0.0,1.0,0.0,120.0,0.0,0.0,0.0,0.0,0.0,0.0,0.0,0.0,0.0,0.0,0.0,0.0,0.0,0.0,0.0,0.0,0.0,64,0,64,DOS_SYN_Hping
S0157,2002,21,tcp,-,2e-06,1,1,1,0,524288.0,524288.0,1048576.0,1.0,20,20,20,20,20,20,0,1,1,0,0,1,0,0,0,0,120.0,120.0,120.0,120.0,0.0,0.0,0.0,0.0,0.0,0.0,0.0,120.0,120.0,60.0,84.852814,0.0,0.0,0.0,0.0,0.0,0.0,0.0,0.0,0.0,0.0,1.907349,1.907349,1.907349,1.907349,0.0,62914560.0,1.0,1.0,120.0,0.0,0.0,0.0,0.0,0.0,0.0,0.0,1.907349,1.907349,1.907349,1.907349,0.0,0.0,0.0,0.0,0.0,0.0,64,0,64,DOS_SYN_Hping
S0158,39574,443,tcp,ssl,170.96100800000002,18,15,8,8,0.1052869999999999,0.087739,0.193026,0.833333,584,32,40,488,32,40,2,2,0,8,6,32,0,0,0,0,0.0,517.0,923.0,51.277778000000005,123.444584,0.0,1352.0,5250.0,350.0,550.805125,0.0,1352.0,6173.0,187.060606,404.527806,23.126602,58854609.966278,170961014.986038,10056530.293296,22375995.467796,8.106232,58918459.177017,170940640.92636102,12210045.780454,24261817.034126,1.907349,58854609.966278,170961014.986038,5342531.718314,16861833.848469,36.107649,4.5,3.75,230.75,1312.5,0.0,0.0,0.0,0.0,0.0,0.0,20426.034927,155377.14958199998,260543.107986,65135.776997,63428.292121000006,53836412.906647,58854609.966278,170700471.878052,56900157.292684,2686721.330878,64240,65535,501,ARP_poisioning
S0159,39775,21,tcp,-,1e-06,1,1,1,0,838860.8,838860.8,1677721.6,1.0,20,20,20,20,20,20,0,1,1,0,0,1,0,0,0,0,120.0,120.0,120.0,120.0,0.0,0.0,0.0,0.0,0.0,0.0,0.0,120.0,120.0,60.0,84.852814,0.0,0.0,0.0,0.0,0.0,0.0,0.0,0.0,0.0,0.0,1.192093,1.192093,1.192093,1.192093,0.0,100663296.0,1.0,1.0,120.0,0.0,0.0,0.0,0.0,0.0,0.0,0.0,1.192093,1.192093,1.192093,1.192093,0.0,0.0,0.0,0.0,0.0,0.0,64,0,64,DOS_SYN_Hping
S0160,38728,21,tcp,-,0.0,1,0,1,0,0.0,0.0,0.0,0.0,20,20,20,0,0,0,0,1,0,0,0,0,0,0,0,0,120.0,120.0,120.0,120.0,0.0,0.0,0.0,0.0,0.0,0.0,120.0,120.0,120.0,120.0,0.0,0.0,0.0,0.0,0.0,0.0,0.0,0.0,0.0,0.0,0.0,0.0,0.0,0.0,0.0,0.0,0.0,1.0,0.0,120.0,0.0,0.0,0.0,0.0,0.0,0.0,0.0,0.0,0.0,0.0,0.0,0.0,0.0,0.0,0.0,0.0,0.0,64,0,64,DOS_SYN_Hping
S0161,30417,21,tcp,-,1e-06,1,1,1,0,1048576.0,1048576.0,2097152.0,1.0,20,20,20,20,20,20,0,1,1,0,0,1,0,0,0,0,120.0,120.0,120.0,120.0,0.0,0.0,0.0,0.0,0.0,0.0,0.0,120.0,120.0,60.0,84.852814,0.0,0.0,0.0,0.0,0.0,0.0,0.0,0.0,0.0,0.0,0.953674,0.953674,0.953674,0.953674,0.0,125829120.0,1.0,1.0,120.0,0.0,0.0,0.0,0.0,0.0,0.0,0.0,0.953674,0.953674,0.953674,0.953674,0.0,0.0,0.0,0.0,0.0,0.0,64,0,64,DOS_SYN_Hping
S0162,1802,21,tcp,-,1e-06,1,1,1,0,838860.8,838860.8,1677721.6,1.0,20,20,20,20,20,20,0,1,1,0,0,1,0,0,0,0,120.0,120.0,120.0,120.0,0.0,0.0,0.0,0.0,0.0,0.0,0.0,120.0,120.0,60.0,84.852814,0.0,0.0,0.0,0.0,0.0,0.0,0.0,0.0,0.0,0.0,1.192093,1.192093,1.192093,1.192093,0.0,100663296.0,1.0,1.0,120.0,0.0,0.0,0.0,0.0,0.0,0.0,0.0,1.192093,1.192093,1.192093,1.192093,0.0,0.0,0.0,0.0,0.0,0.0,64,0,64,DOS_SYN_Hping
S0163,50293,53,udp,dns,0.040651,2,2,2,2,49.199181,49.199181,98.398362,1.0,16,8,8,16,8,8,0,0,0,0,0,0,0,0,0,0,36.0,36.0,72.0,36.0,0.0,36.0,68.0,104.0,52.0,22.627417,36.0,68.0,176.0,44.0,16.0,40414.09493,40414.09493,40414.09493,40414.09493,0.0,2135.99205,2135.99205,2135.99205,2135.99205,0.0,236.98806800000003,38515.09094,40651.08299,13550.361,21636.0551,4329.52795,2.0,2.0,72.0,104.0,0.0,0.0,0.0,0.0,0.0,0.0,40651.08299,40651.08299,40651.08299,40651.08299,0.0,0.0,0.0,0.0,0.0,0.0,0,0,0,Thing_Speak
S0164,31251,21,tcp,-,1e-06,1,1,1,0,1048576.0,1048576.0,2097152.0,1.0,20,20,20,20,20,20,0,1,1,0,0,1,0,0,0,0,120.0,120.0,120.0,120.0,0.0,0.0,0.0,0.0,0.0,0.0,0.0,120.0,120.0,60.0,84.852814,0.0,0.0,0.0,0.0,0.0,0.0,0.0,0.0,0.0,0.0,0.953674,0.953674,0.953674,0.953674,0.0,125829120.0,1.0,1.0,120.0,0.0,0.0,0.0,0.0,0.0,0.0,0.0,0.953674,0.953674,0.953674,0.953674,0.0,0.0,0.0,0.0,0.0,0.0,64,0,64,DOS_SYN_Hping
S0165,49838,21,tcp,-,2e-06,1,1,1,0,524288.0,524288.0,1048576.0,1.0,20,20,20,20,20,20,0,1,1,0,0,1,0,0,0,0,120.0,120.0,120.0,120.0,0.0,0.0,0.0,0.0,0.0,0.0,0.0,120.0,120.0,60.0,84.852814,0.0,0.0,0.0,0.0,0.0,0.0,0.0,0.0,0.0,0.0,1.907349,1.907349,1.907349,1.907349,0.0,62914560.0,1.0,1.0,120.0,0.0,0.0,0.0,0.0,0.0,0.0,0.0,1.907349,1.907349,1.907349,1.907349,0.0,0.0,0.0,0.0,0.0,0.0,64,0,64,DOS_SYN_Hping
S0166,37232,21,tcp,-,1e-06,1,1,1,0,1048576.0,1048576.0,2097152.0,1.0,20,20,20,20,20,20,0,1,1,0,0,1,0,0,0,0,120.0,120.0,120.0,120.0,0.0,0.0,0.0,0.0,0.0,0.0,0.0,120.0,120.0,60.0,84.852814,0.0,0.0,0.0,0.0,0.0,0.0,0.0,0.0,0.0,0.0,0.953674,0.953674,0.953674,0.953674,0.0,125829120.0,1.0,1.0,120.0,0.0,0.0,0.0,0.0,0.0,0.0,0.0,0.953674,0.953674,0.953674,0.953674,0.0,0.0,0.0,0.0,0.0,0.0,64,0,64,DOS_SYN_Hping
S0167,31741,21,tcp,-,3e-06,1,1,1,0,322638.769231,322638.769231,645277.538462,1.0,20,20,20,20,20,20,0,1,1,0,0,1,0,0,0,0,120.0,120.0,120.0,120.0,0.0,0.0,0.0,0.0,0.0,0.0,0.0,120.0,120.0,60.0,84.852814,0.0,0.0,0.0,0.0,0.0,0.0,0.0,0.0,0.0,0.0,3.099442,3.099442,3.099442,3.099442,0.0,38716652.307692,1.0,1.0,120.0,0.0,0.0,0.0,0.0,0.0,0.0,0.0,3.099442,3.099442,3.099442,3.099442,0.0,0.0,0.0,0.0,0.0,0.0,64,0,64,DOS_SYN_Hping
S0168,56541,21,tcp,-,5e-06,1,1,1,0,199728.761905,199728.761905,399457.52381,1.0,20,20,20,20,20,20,0,1,1,0,0,1,0,0,0,0,120.0,120.0,120.0,120.0,0.0,0.0,0.0,0.0,0.0,0.0,0.0,120.0,120.0,60.0,84.852814,0.0,0.0,0.0,0.0,0.0,0.0,0.0,0.0,0.0,0.0,5.0067900000000005,5.0067900000000005,5.0067900000000005,5.0067900000000005,0.0,23967451.428571,1.0,1.0,120.0,0.0,0.0,0.0,0.0,0.0,0.0,0.0,5.0067900000000005,5.0067900000000005,5.0067900000000005,5.0067900000000005,0.0,0.0,0.0,0.0,0.0,0.0,64,0,64,DOS_SYN_Hping
S0169,35148,80,tcp,http,0.8928459999999999,7,5,2,1,7.840099,5.600071,13.440170000000002,0.714286,232,32,40,168,32,40,2,2,0,2,1,11,0,0,0,0,0.0,169.0,203.0,29.0,63.02116,0.0,539.0,539.0,107.8,241.048128,0.0,539.0,742.0,61.833333,157.929117,92.983246,318005.085,894686.9373,149114.4896,162537.6835,89.883804,288828.8498,607641.9353,151910.4838,157741.5972,89.883804,285203.9337,894686.9373,81335.17612,130986.8208,831.050493,7.0,5.0,203.0,539.0,0.0,0.0,0.0,0.0,0.0,0.0,894686.9373,894686.9373,894686.9373,894686.9373,0.0,0.0,0.0,0.0,0.0,0.0,64240,26847,501,Thing_Speak
S0170,60043,21,tcp,-,4e-06,1,1,1,0,262144.0,262144.0,524288.0,1.0,20,20,20,20,20,20,0,1,1,0,0,1,0,0,0,0,120.0,120.0,120.0,120.0,0.0,0.0,0.0,0.0,0.0,0.0,0.0,120.0,120.0,60.0,84.852814,0.0,0.0,0.0,0.0,0.0,0.0,0.0,0.0,0.0,0.0,3.814697,3.814697,3.814697,3.814697,0.0,31457280.0,1.0,1.0,120.0,0.0,0.0,0.0,0.0,0.0,0.0,0.0,3.814697,3.814697,3.814697,3.814697,0.0,0.0,0.0,0.0,0.0,0.0,64,0,64,DOS_SYN_Hping
S0171,40414,21,tcp,-,4e-06,1,1,1,0,246723.764706,246723.764706,493447.529412,1.0,20,20,20,20,20,20,0,1,1,0,0,1,0,0,0,0,120.0,120.0,120.0,120.0,0.0,0.0,0.0,0.0,0.0,0.0,0.0,120.0,120.0,60.0,84.852814,0.0,0.0,0.0,0.0,0.0,0.0,0.0,0.0,0.0,0.0,4.053116,4.053116,4.053116,4.053116,0.0,29606851.764706,1.0,1.0,120.0,0.0,0.0,0.0,0.0,0.0,0.0,0.0,4.053116,4.053116,4.053116,4.053116,0.0,0.0,0.0,0.0,0.0,0.0,64,0,64,DOS_SYN_Hping
S0172,17536,21,tcp,-,4e-06,1,1,1,0,246723.764706,246723.764706,493447.529412,1.0,20,20,20,20,20,20,0,1,1,0,0,1,0,0,0,0,120.0,120.0,120.0,120.0,0.0,0.0,0.0,0.0,0.0,0.0,0.0,120.0,120.0,60.0,84.852814,0.0,0.0,0.0,0.0,0.0,0.0,0.0,0.0,0.0,0.0,4.053116,4.053116,4.053116,4.053116,0.0,29606851.764706,1.0,1.0,120.0,0.0,0.0,0.0,0.0,0.0,0.0,0.0,4.053116,4.053116,4.053116,4.053116,0.0,0.0,0.0,0.0,0.0,0.0,64,0,64,DOS_SYN_Hping
S0173,4448,21,tcp,-,0.0,1,0,1,0,0.0,0.0,0.0,0.0,20,20,20,0,0,0,0,1,0,0,0,0,0,0,0,0,120.0,120.0,120.0,120.0,0.0,0.0,0.0,0.0,0.0,0.0,120.0,120.0,120.0,120.0,0.0,0.0,0.0,0.0,0.0,0.0,0.0,0.0,0.0,0.0,0.0,0.0,0.0,0.0,0.0,0.0,0.0,1.0,0.0,120.0,0.0,0.0,0.0,0.0,0.0,0.0,0.0,0.0,0.0,0.0,0.0,0.0,0.0,0.0,0.0,0.0,0.0,64,0,64,DOS_SYN_Hping
S0174,43424,443,tcp,ssl,2.39171,15,11,6,7,6.271662999999999,4.59922,10.870883,0.733333,488,32,40,348,20,40,2,2,1,4,4,24,0,0,0,0,0.0,1352.0,3449.0,229.933333,474.487312,0.0,1430.0,6533.0,593.909091,677.007453,0.0,1430.0,9982.0,383.923077,585.698006,3.814697,941354.990005,2391710.042953,170836.43164,277186.067968,28.133392,984066.009521,2383327.007294,238332.700729,314276.982816,3.814697,941331.863403,2718081.951141,108723.278046,222274.319302,4173.582843,15.0,11.0,3449.0,6533.0,0.0,0.0,0.0,0.0,0.0,0.0,2718081.951141,2718081.951141,2718081.951141,2718081.951141,0.0,0.0,0.0,0.0,0.0,0.0,64240,28960,501,ARP_poisioning
S0175,38403,21,tcp,-,1e-06,1,1,1,0,1048576.0,1048576.0,2097152.0,1.0,20,20,20,20,20,20,0,1,1,0,0,1,0,0,0,0,120.0,120.0,120.0,120.0,0.0,0.0,0.0,0.0,0.0,0.0,0.0,120.0,120.0,60.0,84.852814,0.0,0.0,0.0,0.0,0.0,0.0,0.0,0.0,0.0,0.0,0.953674,0.953674,0.953674,0.953674,0.0,125829120.0,1.0,1.0,120.0,0.0,0.0,0.0,0.0,0.0,0.0,0.0,0.953674,0.953674,0.953674,0.953674,0.0,0.0,0.0,0.0,0.0,0.0,64,0,64,DOS_SYN_Hping
S0176,39528,5353,udp,dns,0.0,1,0,1,0,0.0,0.0,0.0,0.0,8,8,8,0,0,0,0,0,0,0,0,0,0,0,0,0,46.0,46.0,46.0,46.0,0.0,0.0,0.0,0.0,0.0,0.0,46.0,46.0,46.0,46.0,0.0,0.0,0.0,0.0,0.0,0.0,0.0,0.0,0.0,0.0,0.0,0.0,0.0,0.0,0.0,0.0,0.0,1.0,0.0,46.0,0.0,0.0,0.0,0.0,0.0,0.0,0.0,0.0,0.0,0.0,0.0,0.0,0.0,0.0,0.0,0.0,0.0,0,0,0,ARP_poisioning
S0177,28308,21,tcp,-,4e-06,1,1,1,0,262144.0,262144.0,524288.0,1.0,20,20,20,20,20,20,0,1,1,0,0,1,0,0,0,0,120.0,120.0,120.0,120.0,0.0,0.0,0.0,0.0,0.0,0.0,0.0,120.0,120.0,60.0,84.852814,0.0,0.0,0.0,0.0,0.0,0.0,0.0,0.0,0.0,0.0,3.814697,3.814697,3.814697,3.814697,0.0,31457280.0,1.0,1.0,120.0,0.0,0.0,0.0,0.0,0.0,0.0,0.0,3.814697,3.814697,3.814697,3.814697,0.0,0.0,0.0,0.0,0.0,0.0,64,0,64,DOS_SYN_Hping
S0178,5639,21,tcp,-,1e-06,1,1,1,0,1048576.0,1048576.0,2097152.0,1.0,20,20,20,20,20,20,0,1,1,0,0,1,0,0,0,0,120.0,120.0,120.0,120.0,0.0,0.0,0.0,0.0,0.0,0.0,0.0,120.0,120.0,60.0,84.852814,0.0,0.0,0.0,0.0,0.0,0.0,0.0,0.0,0.0,0.0,0.953674,0.953674,0.953674,0.953674,0.0,125829120.0,1.0,1.0,120.0,0.0,0.0,0.0,0.0,0.0,0.0,0.0,0.953674,0.953674,0.953674,0.953674,0.0,0.0,0.0,0.0,0.0,0.0,64,0,64,DOS_SYN_Hping
S0179,50078,19283,udp,-,0.0,1,0,0,0,0.0,0.0,0.0,0.0,8,8,8,0,0,0,0,0,0,0,0,0,0,0,0,0,0.0,0.0,0.0,0.0,0.0,0.0,0.0,0.0,0.0,0.0,0.0,0.0,0.0,0.0,0.0,0.0,0.0,0.0,0.0,0.0,0.0,0.0,0.0,0.0,0.0,0.0,0.0,0.0,0.0,0.0,0.0,1.0,0.0,0.0,0.0,0.0,0.0,0.0,0.0,0.0,0.0,0.0,0.0,0.0,0.0,0.0,0.0,0.0,0.0,0.0,0.0,0,0,0,NMAP_UDP_SCAN
S0180,34411,21,tcp,-,4e-06,1,1,1,0,262144.0,262144.0,524288.0,1.0,20,20,20,20,20,20,0,1,1,0,0,1,0,0,0,0,120.0,120.0,120.0,120.0,0.0,0.0,0.0,0.0,0.0,0.0,0.0,120.0,120.0,60.0,84.852814,0.0,0.0,0.0,0.0,0.0,0.0,0.0,0.0,0.0,0.0,3.814697,3.814697,3.814697,3.814697,0.0,31457280.0,1.0,1.0,120.0,0.0,0.0,0.0,0.0,0.0,0.0,0.0,3.814697,3.814697,3.814697,3.814697,0.0,0.0,0.0,0.0,0.0,0.0,64,0,64,DOS_SYN_Hping
S0181,24203,21,tcp,-,1e-06,1,1,1,0,1048576.0,1048576.0,2097152.0,1.0,20,20,20,20,20,20,0,1,1,0,0,1,0,0,0,0,120.0,120.0,120.0,120.0,0.0,0.0,0.0,0.0,0.0,0.0,0.0,120.0,120.0,60.0,84.852814,0.0,0.0,0.0,0.0,0.0,0.0,0.0,0.0,0.0,0.0,0.953674,0.953674,0.953674,0.953674,0.0,125829120.0,1.0,1.0,120.0,0.0,0.0,0.0,0.0,0.0,0.0,0.0,0.953674,0.953674,0.953674,0.953674,0.0,0.0,0.0,0.0,0.0,0.0,64,0,64,DOS_SYN_Hping
S0182,51576,21,tcp,-,4e-06,1,1,1,0,246723.764706,246723.764706,493447.529412,1.0,20,20,20,20,20,20,0,1,1,0,0,1,0,0,0,0,120.0,120.0,120.0,120.0,0.0,0.0,0.0,0.0,0.0,0.0,0.0,120.0,120.0,60.0,84.852814,0.0,0.0,0.0,0.0,0.0,0.0,0.0,0.0,0.0,0.0,4.053116,4.053116,4.053116,4.053116,0.0,29606851.764706,1.0,1.0,120.0,0.0,0.0,0.0,0.0,0.0,0.0,0.0,4.053116,4.053116,4.053116,4.053116,0.0,0.0,0.0,0.0,0.0,0.0,64,0,64,DOS_SYN_Hping
S0183,43069,21,tcp,-,0.0,1,0,1,0,0.0,0.0,0.0,0.0,20,20,20,0,0,0,0,1,0,0,0,0,0,0,0,0,120.0,120.0,120.0,120.0,0.0,0.0,0.0,0.0,0.0,0.0,120.0,120.0,120.0,120.0,0.0,0.0,0.0,0.0,0.0,0.0,0.0,0.0,0.0,0.0,0.0,0.0,0.0,0.0,0.0,0.0,0.0,1.0,0.0,120.0,0.0,0.0,0.0,0.0,0.0,0.0,0.0,0.0,0.0,0.0,0.0,0.0,0.0,0.0,0.0,0.0,0.0,64,0,64,DOS_SYN_Hping
S0184,22133,21,tcp,-,2e-06,1,1,1,0,466033.777778,466033.777778,932067.555556,1.0,20,20,20,20,20,20,0,1,1,0,0,1,0,0,0,0,120.0,120.0,120.0,120.0,0.0,0.0,0.0,0.0,0.0,0.0,0.0,120.0,120.0,60.0,84.852814,0.0,0.0,0.0,0.0,0.0,0.0,0.0,0.0,0.0,0.0,2.145767,2.145767,2.145767,2.145767,0.0,55924053.33333299,1.0,1.0,120.0,0.0,0.0,0.0,0.0,0.0,0.0,0.0,2.145767,2.145767,2.145767,2.145767,0.0,0.0,0.0,0.0,0.0,0.0,64,0,64,DOS_SYN_Hping
S0185,47092,53,udp,dns,0.022825,2,2,2,2,87.62321,87.62321,175.24642,1.0,16,8,8,16,8,8,0,0,0,0,0,0,0,0,0,0,36.0,36.0,72.0,36.0,0.0,36.0,68.0,104.0,52.0,22.627417,36.0,68.0,176.0,44.0,16.0,245.09429900000003,245.09429900000003,245.09429900000003,245.09429900000003,0.0,21579.02718,21579.02718,21579.02718,21579.02718,0.0,245.09429900000003,21579.02718,22825.00267,7608.334223000001,12104.87504,7710.842470999999,2.0,2.0,72.0,104.0,0.0,0.0,0.0,0.0,0.0,0.0,22825.00267,22825.00267,22825.00267,22825.00267,0.0,0.0,0.0,0.0,0.0,0.0,0,0,0,Thing_Speak
S0186,3272,21,tcp,-,5e-06,1,1,1,0,199728.761905,199728.761905,399457.52381,1.0,20,20,20,20,20,20,0,1,1,0,0,1,0,0,0,0,120.0,120.0,120.0,120.0,0.0,0.0,0.0,0.0,0.0,0.0,0.0,120.0,120.0,60.0,84.852814,0.0,0.0,0.0,0.0,0.0,0.0,0.0,0.0,0.0,0.0,5.0067900000000005,5.0067900000000005,5.0067900000000005,5.0067900000000005,0.0,23967451.428571,1.0,1.0,120.0,0.0,0.0,0.0,0.0,0.0,0.0,0.0,5.0067900000000005,5.0067900000000005,5.0067900000000005,5.0067900000000005,0.0,0.0,0.0,0.0,0.0,0.0,64,0,64,DOS_SYN_Hping
S0187,52442,5353,udp,dns,0.0,1,0,1,0,0.0,0.0,0.0,0.0,8,8,8,0,0,0,0,0,0,0,0,0,0,0,0,0,43.0,43.0,43.0,43.0,0.0,0.0,0.0,0.0,0.0,0.0,43.0,43.0,43.0,43.0,0.0,0.0,0.0,0.0,0.0,0.0,0.0,0.0,0.0,0.0,0.0,0.0,0.0,0.0,0.0,0.0,0.0,1.0,0.0,43.0,0.0,0.0,0.0,0.0,0.0,0.0,0.0,0.0,0.0,0.0,0.0,0.0,0.0,0.0,0.0,0.0,0.0,0,0,0,ARP_poisioning
S0188,60137,21,tcp,-,4e-06,1,1,1,0,246723.764706,246723.764706,493447.529412,1.0,20,20,20,20,20,20,0,1,1,0,0,1,0,0,0,0,120.0,120.0,120.0,120.0,0.0,0.0,0.0,0.0,0.0,0.0,0.0,120.0,120.0,60.0,84.852814,0.0,0.0,0.0,0.0,0.0,0.0,0.0,0.0,0.0,0.0,4.053116,4.053116,4.053116,4.053116,0.0,29606851.764706,1.0,1.0,120.0,0.0,0.0,0.0,0.0,0.0,0.0,0.0,4.053116,4.053116,4.053116,4.053116,0.0,0.0,0.0,0.0,0.0,0.0,64,0,64,DOS_SYN_Hping
S0189,18530,21,tcp,-,0.0,1,0,1,0,0.0,0.0,0.0,0.0,20,20,20,0,0,0,0,1,0,0,0,0,0,0,0,0,120.0,120.0,120.0,120.0,0.0,0.0,0.0,0.0,0.0,0.0,120.0,120.0,120.0,120.0,0.0,0.0,0.0,0.0,0.0,0.0,0.0,0.0,0.0,0.0,0.0,0.0,0.0,0.0,0.0,0.0,0.0,1.0,0.0,120.0,0.0,0.0,0.0,0.0,0.0,0.0,0.0,0.0,0.0,0.0,0.0,0.0,0.0,0.0,0.0,0.0,0.0,64,0,64,DOS_SYN_Hping
S0190,61339,21,tcp,-,1e-06,1,1,1,0,1048576.0,1048576.0,2097152.0,1.0,20,20,20,20,20,20,0,1,1,0,0,1,0,0,0,0,120.0,120.0,120.0,120.0,0.0,0.0,0.0,0.0,0.0,0.0,0.0,120.0,120.0,60.0,84.852814,0.0,0.0,0.0,0.0,0.0,0.0,0.0,0.0,0.0,0.0,0.953674,0.953674,0.953674,0.953674,0.0,125829120.0,1.0,1.0,120.0,0.0,0.0,0.0,0.0,0.0,0.0,0.0,0.953674,0.953674,0.953674,0.953674,0.0,0.0,0.0,0.0,0.0,0.0,64,0,64,DOS_SYN_Hping
S0191,6991,21,tcp,-,4e-06,1,1,1,0,246723.764706,246723.764706,493447.529412,1.0,20,20,20,20,20,20,0,1,1,0,0,1,0,0,0,0,120.0,120.0,120.0,120.0,0.0,0.0,0.0,0.0,0.0,0.0,0.0,120.0,120.0,60.0,84.852814,0.0,0.0,0.0,0.0,0.0,0.0,0.0,0.0,0.0,0.0,4.053116,4.053116,4.053116,4.053116,0.0,29606851.764706,1.0,1.0,120.0,0.0,0.0,0.0,0.0,0.0,0.0,0.0,4.053116,4.053116,4.053116,4.053116,0.0,0.0,0.0,0.0,0.0,0.0,64,0,64,DOS_SYN_Hping
S0192,9076,21,tcp,-,1e-06,1,1,1,0,1048576.0,1048576.0,2097152.0,1.0,20,20,20,20,20,20,0,1,1,0,0,1,0,0,0,0,120.0,120.0,120.0,120.0,0.0,0.0,0.0,0.0,0.0,0.0,0.0,120.0,120.0,60.0,84.852814,0.0,0.0,0.0,0.0,0.0,0.0,0.0,0.0,0.0,0.0,0.953674,0.953674,0.953674,0.953674,0.0,125829120.0,1.0,1.0,120.0,0.0,0.0,0.0,0.0,0.0,0.0,0.0,0.953674,0.953674,0.953674,0.953674,0.0,0.0,0.0,0.0,0.0,0.0,64,0,64,DOS_SYN_Hping
S0193,55688,21,tcp,-,1e-06,1,1,1,0,1048576.0,1048576.0,2097152.0,1.0,20,20,20,20,20,20,0,1,1,0,0,1,0,0,0,0,120.0,120.0,120.0,120.0,0.0,0.0,0.0,0.0,0.0,0.0,0.0,120.0,120.0,60.0,84.852814,0.0,0.0,0.0,0.0,0.0,0.0,0.0,0.0,0.0,0.0,0.953674,0.953674,0.953674,0.953674,0.0,125829120.0,1.0,1.0,120.0,0.0,0.0,0.0,0.0,0.0,0.0,0.0,0.953674,0.953674,0.953674,0.953674,0.0,0.0,0.0,0.0,0.0,0.0,64,0,64,DOS_SYN_Hping
S0194,62487,21,tcp,-,1e-06,1,1,1,0,1048576.0,1048576.0,2097152.0,1.0,20,20,20,20,20,20,0,1,1,0,0,1,0,0,0,0,120.0,120.0,120.0,120.0,0.0,0.0,0.0,0.0,0.0,0.0,0.0,120.0,120.0,60.0,84.852814,0.0,0.0,0.0,0.0,0.0,0.0,0.0,0.0,0.0,0.0,0.953674,0.953674,0.953674,0.953674,0.0,125829120.0,1.0,1.0,120.0,0.0,0.0,0.0,0.0,0.0,0.0,0.0,0.953674,0.953674,0.953674,0.953674,0.0,0.0,0.0,0.0,0.0,0.0,64,0,64,DOS_SYN_Hping
S0195,48823,21,tcp,-,1e-06,1,1,1,0,1048576.0,1048576.0,2097152.0,1.0,20,20,20,20,20,20,0,1,1,0,0,1,0,0,0,0,120.0,120.0,120.0,120.0,0.0,0.0,0.0,0.0,0.0,0.0,0.0,120.0,120.0,60.0,84.852814,0.0,0.0,0.0,0.0,0.0,0.0,0.0,0.0,0.0,0.0,0.953674,0.953674,0.953674,0.953674,0.0,125829120.0,1.0,1.0,120.0,0.0,0.0,0.0,0.0,0.0,0.0,0.0,0.953674,0.953674,0.953674,0.953674,0.0,0.0,0.0,0.0,0.0,0.0,64,0,64,DOS_SYN_Hping
S0196,28136,21,tcp,-,5e-06,1,1,1,0,199728.761905,199728.761905,399457.52381,1.0,20,20,20,20,20,20,0,1,1,0,0,1,0,0,0,0,120.0,120.0,120.0,120.0,0.0,0.0,0.0,0.0,0.0,0.0,0.0,120.0,120.0,60.0,84.852814,0.0,0.0,0.0,0.0,0.0,0.0,0.0,0.0,0.0,0.0,5.0067900000000005,5.0067900000000005,5.0067900000000005,5.0067900000000005,0.0,23967451.428571,1.0,1.0,120.0,0.0,0.0,0.0,0.0,0.0,0.0,0.0,5.0067900000000005,5.0067900000000005,5.0067900000000005,5.0067900000000005,0.0,0.0,0.0,0.0,0.0,0.0,64,0,64,DOS_SYN_Hping
S0197,12486,21,tcp,-,1e-06,1,1,1,0,1048576.0,1048576.0,2097152.0,1.0,20,20,20,20,20,20,0,1,1,0,0,1,0,0,0,0,120.0,120.0,120.0,120.0,0.0,0.0,0.0,0.0,0.0,0.0,0.0,120.0,120.0,60.0,84.852814,0.0,0.0,0.0,0.0,0.0,0.0,0.0,0.0,0.0,0.0,0.953674,0.953674,0.953674,0.953674,0.0,125829120.0,1.0,1.0,120.0,0.0,0.0,0.0,0.0,0.0,0.0,0.0,0.953674,0.953674,0.953674,0.953674,0.0,0.0,0.0,0.0,0.0,0.0,64,0,64,DOS_SYN_Hping
S0198,3007,21,tcp,-,4e-06,1,1,1,0,246723.764706,246723.764706,493447.529412,1.0,20,20,20,20,20,20,0,1,1,0,0,1,0,0,0,0,120.0,120.0,120.0,120.0,0.0,0.0,0.0,0.0,0.0,0.0,0.0,120.0,120.0,60.0,84.852814,0.0,0.0,0.0,0.0,0.0,0.0,0.0,0.0,0.0,0.0,4.053116,4.053116,4.053116,4.053116,0.0,29606851.764706,1.0,1.0,120.0,0.0,0.0,0.0,0.0,0.0,0.0,0.0,4.053116,4.053116,4.053116,4.053116,0.0,0.0,0.0,0.0,0.0,0.0,64,0,64,DOS_SYN_Hping
S0199,43919,21,tcp,-,5e-06,1,1,1,0,199728.761905,199728.761905,399457.52381,1.0,20,20,20,20,20,20,0,1,1,0,0,1,0,0,0,0,120.0,120.0,120.0,120.0,0.0,0.0,0.0,0.0,0.0,0.0,0.0,120.0,120.0,60.0,84.852814,0.0,0.0,0.0,0.0,0.0,0.0,0.0,0.0,0.0,0.0,5.0067900000000005,5.0067900000000005,5.0067900000000005,5.0067900000000005,0.0,23967451.428571,1.0,1.0,120.0,0.0,0.0,0.0,0.0,0.0,0.0,0.0,5.0067900000000005,5.0067900000000005,5.0067900000000005,5.0067900000000005,0.0,0.0,0.0,0.0,0.0,0.0,64,0,64,DOS_SYN_Hping
S0200,47207,21,tcp,-,4e-06,1,1,1,0,262144.0,262144.0,524288.0,1.0,20,20,20,20,20,20,0,1,1,0,0,1,0,0,0,0,120.0,120.0,120.0,120.0,0.0,0.0,0.0,0.0,0.0,0.0,0.0,120.0,120.0,60.0,84.852814,0.0,0.0,0.0,0.0,0.0,0.0,0.0,0.0,0.0,0.0,3.814697,3.814697,3.814697,3.814697,0.0,31457280.0,1.0,1.0,120.0,0.0,0.0,0.0,0.0,0.0,0.0,0.0,3.814697,3.814697,3.814697,3.814697,0.0,0.0,0.0,0.0,0.0,0.0,64,0,64,DOS_SYN_Hping
S0201,46531,53,udp,dns,0.056425,2,2,2,2,35.445372,35.445372,70.890743,1.0,16,8,8,16,8,8,0,0,0,0,0,0,0,0,0,0,32.0,32.0,64.0,32.0,0.0,32.0,64.0,96.0,48.0,22.627417,32.0,64.0,160.0,40.0,16.0,216.960907,216.960907,216.960907,216.960907,0.0,55243.968960000006,55243.968960000006,55243.968960000006,55243.968960000006,0.0,216.960907,55243.968960000006,56424.85619,18808.2854,31556.437810000003,2835.629735,2.0,2.0,64.0,96.0,0.0,0.0,0.0,0.0,0.0,0.0,56424.85619,56424.85619,56424.85619,56424.85619,0.0,0.0,0.0,0.0,0.0,0.0,0,0,0,Thing_Speak
S0202,9782,21,tcp,-,5e-06,1,1,1,0,199728.761905,199728.761905,399457.52381,1.0,20,20,20,20,20,20,0,1,1,0,0,1,0,0,0,0,120.0,120.0,120.0,120.0,0.0,0.0,0.0,0.0,0.0,0.0,0.0,120.0,120.0,60.0,84.852814,0.0,0.0,0.0,0.0,0.0,0.0,0.0,0.0,0.0,0.0,5.0067900000000005,5.0067900000000005,5.0067900000000005,5.0067900000000005,0.0,23967451.428571,1.0,1.0,120.0,0.0,0.0,0.0,0.0,0.0,0.0,0.0,5.0067900000000005,5.0067900000000005,5.0067900000000005,5.0067900000000005,0.0,0.0,0.0,0.0,0.0,0.0,64,0,64,DOS_SYN_Hping
S0203,26928,21,tcp,-,5e-06,1,1,1,0,199728.761905,199728.761905,399457.52381,1.0,20,20,20,20,20,20,0,1,1,0,0,1,0,0,0,0,120.0,120.0,120.0,120.0,0.0,0.0,0.0,0.0,0.0,0.0,0.0,120.0,120.0,60.0,84.852814,0.0,0.0,0.0,0.0,0.0,0.0,0.0,0.0,0.0,0.0,5.0067900000000005,5.0067900000000005,5.0067900000000005,5.0067900000000005,0.0,23967451.428571,1.0,1.0,120.0,0.0,0.0,0.0,0.0,0.0,0.0,0.0,5.0067900000000005,5.0067900000000005,5.0067900000000005,5.0067900000000005,0.0,0.0,0.0,0.0,0.0,0.0,64,0,64,DOS_SYN_Hping
S0204,47713,5353,udp,dns,0.0,1,0,1,0,0.0,0.0,0.0,0.0,8,8,8,0,0,0,0,0,0,0,0,0,0,0,0,0,50.0,50.0,50.0,50.0,0.0,0.0,0.0,0.0,0.0,0.0,50.0,50.0,50.0,50.0,0.0,0.0,0.0,0.0,0.0,0.0,0.0,0.0,0.0,0.0,0.0,0.0,0.0,0.0,0.0,0.0,0.0,1.0,0.0,50.0,0.0,0.0,0.0,0.0,0.0,0.0,0.0,0.0,0.0,0.0,0.0,0.0,0.0,0.0,0.0,0.0,0.0,0,0,0,ARP_poisioning
S0205,50079,5353,udp,-,0.0,1,0,1,0,0.0,0.0,0.0,0.0,8,8,8,0,0,0,0,0,0,0,0,0,0,0,0,0,30.0,30.0,30.0,30.0,0.0,0.0,0.0,0.0,0.0,0.0,30.0,30.0,30.0,30.0,0.0,0.0,0.0,0.0,0.0,0.0,0.0,0.0,0.0,0.0,0.0,0.0,0.0,0.0,0.0,0.0,0.0,1.0,0.0,30.0,0.0,0.0,0.0,0.0,0.0,0.0,0.0,0.0,0.0,0.0,0.0,0.0,0.0,0.0,0.0,0.0,0.0,0,0,0,NMAP_UDP_SCAN
S0206,31854,21,tcp,-,4e-06,1,1,1,0,246723.764706,246723.764706,493447.529412,1.0,20,20,20,20,20,20,0,1,1,0,0,1,0,0,0,0,120.0,120.0,120.0,120.0,0.0,0.0,0.0,0.0,0.0,0.0,0.0,120.0,120.0,60.0,84.852814,0.0,0.0,0.0,0.0,0.0,0.0,0.0,0.0,0.0,0.0,4.053116,4.053116,4.053116,4.053116,0.0,29606851.764706,1.0,1.0,120.0,0.0,0.0,0.0,0.0,0.0,0.0,0.0,4.053116,4.053116,4.053116,4.053116,0.0,0.0,0.0,0.0,0.0,0.0,64,0,64,DOS_SYN_Hping
S0207,50078,162,udp,-,0.0,1,0,0,0,0.0,0.0,0.0,0.0,8,8,8,0,0,0,0,0,0,0,0,0,0,0,0,0,0.0,0.0,0.0,0.0,0.0,0.0,0.0,0.0,0.0,0.0,0.0,0.0,0.0,0.0,0.0,0.0,0.0,0.0,0.0,0.0,0.0,0.0,0.0,0.0,0.0,0.0,0.0,0.0,0.0,0.0,0.0,1.0,0.0,0.0,0.0,0.0,0.0,0.0,0.0,0.0,0.0,0.0,0.0,0.0,0.0,0.0,0.0,0.0,0.0,0.0,0.0,0,0,0,NMAP_UDP_SCAN
S0208,55060,2126,tcp,-,4e-06,1,1,0,0,262144.0,262144.0,524288.0,1.0,40,40,40,20,20,20,0,1,1,0,0,1,0,0,0,0,0.0,0.0,0.0,0.0,0.0,0.0,0.0,0.0,0.0,0.0,0.0,0.0,0.0,0.0,0.0,0.0,0.0,0.0,0.0,0.0,0.0,0.0,0.0,0.0,0.0,3.814697,3.814697,3.814697,3.814697,0.0,0.0,1.0,1.0,0.0,0.0,0.0,0.0,0.0,0.0,0.0,0.0,3.814697,3.814697,3.814697,3.814697,0.0,0.0,0.0,0.0,0.0,0.0,64240,0,64240,NMAP_TCP_scan
S0209,34617,21,tcp,-,4e-06,1,1,1,0,246723.764706,246723.764706,493447.529412,1.0,20,20,20,20,20,20,0,1,1,0,0,1,0,0,0,0,120.0,120.0,120.0,120.0,0.0,0.0,0.0,0.0,0.0,0.0,0.0,120.0,120.0,60.0,84.852814,0.0,0.0,0.0,0.0,0.0,0.0,0.0,0.0,0.0,0.0,4.053116,4.053116,4.053116,4.053116,0.0,29606851.764706,1.0,1.0,120.0,0.0,0.0,0.0,0.0,0.0,0.0,0.0,4.053116,4.053116,4.053116,4.053116,0.0,0.0,0.0,0.0,0.0,0.0,64,0,64,DOS_SYN_Hping
S0210,2167,21,tcp,-,6e-06,1,1,1,0,161319.38461500002,161319.38461500002,322638.769231,1.0,20,20,20,20,20,20,0,1,1,0,0,1,0,0,0,0,120.0,120.0,120.0,120.0,0.0,0.0,0.0,0.0,0.0,0.0,0.0,120.0,120.0,60.0,84.852814,0.0,0.0,0.0,0.0,0.0,0.0,0.0,0.0,0.0,0.0,6.198883,6.198883,6.198883,6.198883,0.0,19358326.153846,1.0,1.0,120.0,0.0,0.0,0.0,0.0,0.0,0.0,0.0,6.198883,6.198883,6.198883,6.198883,0.0,0.0,0.0,0.0,0.0,0.0,64,0,64,DOS_SYN_Hping
S0211,38431,1883,tcp,mqtt,27.976833000000006,10,6,3,4,0.357439,0.214463,0.571902,0.6,328,32,40,200,32,40,0,2,1,3,4,15,0,0,0,0,0.0,33.0,78.0,7.8,12.934021,0.0,23.0,36.0,6.0,8.602325,0.0,33.0,114.0,7.125,11.218289,257.015228,25873723.983765,27976832.866669,3108536.985185,8548531.358727999,70.81031800000002,1596037.149429,1932263.851166,386452.770233,681138.932384,70.81031800000002,25873723.983765,27976832.866669,1865122.191111,6651548.468606,4.0748,3.333333,2.0,26.0,12.0,0.0,0.0,0.0,0.0,0.0,0.0,2103108.882904,2103108.882904,2103108.882904,2103108.882904,0.0,25873723.983765,25873723.983765,25873723.983765,25873723.983765,0.0,64240,26847,502,MQTT_Publish
S0212,5040,21,tcp,-,4e-06,1,1,1,0,246723.764706,246723.764706,493447.529412,1.0,20,20,20,20,20,20,0,1,1,0,0,1,0,0,0,0,120.0,120.0,120.0,120.0,0.0,0.0,0.0,0.0,0.0,0.0,0.0,120.0,120.0,60.0,84.852814,0.0,0.0,0.0,0.0,0.0,0.0,0.0,0.0,0.0,0.0,4.053116,4.053116,4.053116,4.053116,0.0,29606851.764706,1.0,1.0,120.0,0.0,0.0,0.0,0.0,0.0,0.0,0.0,4.053116,4.053116,4.053116,4.053116,0.0,0.0,0.0,0.0,0.0,0.0,64,0,64,DOS_SYN_Hping
S0213,55101,21,tcp,-,1e-06,1,1,1,0,1048576.0,1048576.0,2097152.0,1.0,20,20,20,20,20,20,0,1,1,0,0,1,0,0,0,0,120.0,120.0,120.0,120.0,0.0,0.0,0.0,0.0,0.0,0.0,0.0,120.0,120.0,60.0,84.852814,0.0,0.0,0.0,0.0,0.0,0.0,0.0,0.0,0.0,0.0,0.953674,0.953674,0.953674,0.953674,0.0,125829120.0,1.0,1.0,120.0,0.0,0.0,0.0,0.0,0.0,0.0,0.0,0.953674,0.953674,0.953674,0.953674,0.0,0.0,0.0,0.0,0.0,0.0,64,0,64,DOS_SYN_Hping
S0214,47699,21,tcp,-,1e-06,1,1,1,0,1048576.0,1048576.0,2097152.0,1.0,20,20,20,20,20,20,0,1,1,0,0,1,0,0,0,0,120.0,120.0,120.0,120.0,0.0,0.0,0.0,0.0,0.0,0.0,0.0,120.0,120.0,60.0,84.852814,0.0,0.0,0.0,0.0,0.0,0.0,0.0,0.0,0.0,0.0,0.953674,0.953674,0.953674,0.953674,0.0,125829120.0,1.0,1.0,120.0,0.0,0.0,0.0,0.0,0.0,0.0,0.0,0.953674,0.953674,0.953674,0.953674,0.0,0.0,0.0,0.0,0.0,0.0,64,0,64,DOS_SYN_Hping
S0215,39406,21,tcp,-,0.0,1,0,1,0,0.0,0.0,0.0,0.0,20,20,20,0,0,0,0,1,0,0,0,0,0,0,0,0,120.0,120.0,120.0,120.0,0.0,0.0,0.0,0.0,0.0,0.0,120.0,120.0,120.0,120.0,0.0,0.0,0.0,0.0,0.0,0.0,0.0,0.0,0.0,0.0,0.0,0.0,0.0,0.0,0.0,0.0,0.0,1.0,0.0,120.0,0.0,0.0,0.0,0.0,0.0,0.0,0.0,0.0,0.0,0.0,0.0,0.0,0.0,0.0,0.0,0.0,0.0,64,0,64,DOS_SYN_Hping
S0216,43299,53,udp,dns,0.060274,2,2,2,2,33.181735,33.181735,66.36346999999999,1.0,16,8,8,16,8,8,0,0,0,0,0,0,0,0,0,0,36.0,36.0,72.0,36.0,0.0,68.0,120.0,188.0,94.0,36.769553,36.0,120.0,260.0,65.0,39.648455,31622.1714,31622.1714,31622.1714,31622.1714,0.0,30474.9012,30474.9012,30474.9012,30474.9012,0.0,1822.948456,29799.22295,60274.12415,20091.37472,15831.31724,4313.625518,2.0,2.0,72.0,188.0,0.0,0.0,0.0,0.0,0.0,0.0,60274.12415,60274.12415,60274.12415,60274.12415,0.0,0.0,0.0,0.0,0.0,0.0,0,0,0,Thing_Speak
S0217,20873,21,tcp,-,4e-06,1,1,1,0,246723.764706,246723.764706,493447.529412,1.0,20,20,20,20,20,20,0,1,1,0,0,1,0,0,0,0,120.0,120.0,120.0,120.0,0.0,0.0,0.0,0.0,0.0,0.0,0.0,120.0,120.0,60.0,84.852814,0.0,0.0,0.0,0.0,0.0,0.0,0.0,0.0,0.0,0.0,4.053116,4.053116,4.053116,4.053116,0.0,29606851.764706,1.0,1.0,120.0,0.0,0.0,0.0,0.0,0.0,0.0,0.0,4.053116,4.053116,4.053116,4.053116,0.0,0.0,0.0,0.0,0.0,0.0,64,0,64,DOS_SYN_Hping
S0218,55631,1883,tcp,mqtt,51.115875,10,6,3,4,0.195634,0.11738,0.313014,0.6,328,32,40,200,32,40,0,2,1,3,4,15,0,0,0,0,0.0,33.0,77.0,7.7,12.789318,0.0,22.0,35.0,5.8333330000000005,8.20772,0.0,33.0,112.0,7.0,11.021192,236.034393,48795841.932297,51115875.005722,5679541.667301999,16173117.390894,391.00647,1515122.890472,2052048.921585,410409.784317,631464.4710510001,236.034393,48795841.932297,51115875.005722,3407725.000381001,12560367.49093,2.1911,3.333333,2.0,25.666667,11.666667,0.0,0.0,0.0,0.0,0.0,0.0,2320033.073425,2320033.073425,2320033.073425,2320033.073425,0.0,48795841.932297,48795841.932297,48795841.932297,48795841.932297,0.0,64240,26847,502,MQTT_Publish
S0219,45996,21,tcp,-,1e-06,1,1,1,0,1048576.0,1048576.0,2097152.0,1.0,20,20,20,20,20,20,0,1,1,0,0,1,0,0,0,0,120.0,120.0,120.0,120.0,0.0,0.0,0.0,0.0,0.0,0.0,0.0,120.0,120.0,60.0,84.852814,0.0,0.0,0.0,0.0,0.0,0.0,0.0,0.0,0.0,0.0,0.953674,0.953674,0.953674,0.953674,0.0,125829120.0,1.0,1.0,120.0,0.0,0.0,0.0,0.0,0.0,0.0,0.0,0.953674,0.953674,0.953674,0.953674,0.0,0.0,0.0,0.0,0.0,0.0,64,0,64,DOS_SYN_Hping
S0220,32258,21,tcp,-,4e-06,1,1,1,0,246723.764706,246723.764706,493447.529412,1.0,20,20,20,20,20,20,0,1,1,0,0,1,0,0,0,0,120.0,120.0,120.0,120.0,0.0,0.0,0.0,0.0,0.0,0.0,0.0,120.0,120.0,60.0,84.852814,0.0,0.0,0.0,0.0,0.0,0.0,0.0,0.0,0.0,0.0,4.053116,4.053116,4.053116,4.053116,0.0,29606851.764706,1.0,1.0,120.0,0.0,0.0,0.0,0.0,0.0,0.0,0.0,4.053116,4.053116,4.053116,4.053116,0.0,0.0,0.0,0.0,0.0,0.0,64,0,64,DOS_SYN_Hping
S0221,40049,21,tcp,-,4e-06,1,1,1,0,246723.764706,246723.764706,493447.529412,1.0,20,20,20,20,20,20,0,1,1,0,0,1,0,0,0,0,120.0,120.0,120.0,120.0,0.0,0.0,0.0,0.0,0.0,0.0,0.0,120.0,120.0,60.0,84.852814,0.0,0.0,0.0,0.0,0.0,0.0,0.0,0.0,0.0,0.0,4.053116,4.053116,4.053116,4.053116,0.0,29606851.764706,1.0,1.0,120.0,0.0,0.0,0.0,0.0,0.0,0.0,0.0,4.053116,4.053116,4.053116,4.053116,0.0,0.0,0.0,0.0,0.0,0.0,64,0,64,DOS_SYN_Hping
S0222,50348,5353,udp,dns,0.0,1,0,1,0,0.0,0.0,0.0,0.0,8,8,8,0,0,0,0,0,0,0,0,0,0,0,0,0,46.0,46.0,46.0,46.0,0.0,0.0,0.0,0.0,0.0,0.0,46.0,46.0,46.0,46.0,0.0,0.0,0.0,0.0,0.0,0.0,0.0,0.0,0.0,0.0,0.0,0.0,0.0,0.0,0.0,0.0,0.0,1.0,0.0,46.0,0.0,0.0,0.0,0.0,0.0,0.0,0.0,0.0,0.0,0.0,0.0,0.0,0.0,0.0,0.0,0.0,0.0,0,0,0,ARP_poisioning
S0223,38211,1883,tcp,mqtt,32.050242,9,5,3,3,0.280809,0.156005,0.436814,0.555556,296,32,40,168,32,40,0,2,1,3,3,13,0,0,0,0,0.0,33.0,74.0,8.222222,12.852799,0.0,21.0,30.0,6.0,8.689074,0.0,33.0,104.0,7.428571000000002,11.229866,233.888626,29787023.067474,32050242.185593,4006280.273199,10424650.472472,2122.8790280000007,1513566.970825,2011708.021164,502927.005291,683658.362273,233.888626,29787023.067474,32050242.185593,2465403.245046,8216318.694988999,3.244905,3.0,1.666667,24.666667,10.0,0.0,0.0,0.0,0.0,0.0,0.0,2263219.118118,2263219.118118,2263219.118118,2263219.118118,0.0,29787023.067474,29787023.067474,29787023.067474,29787023.067474,0.0,64240,26847,502,MQTT_Publish
S0224,58474,21,tcp,-,4e-06,1,1,1,0,262144.0,262144.0,524288.0,1.0,20,20,20,20,20,20,0,1,1,0,0,1,0,0,0,0,120.0,120.0,120.0,120.0,0.0,0.0,0.0,0.0,0.0,0.0,0.0,120.0,120.0,60.0,84.852814,0.0,0.0,0.0,0.0,0.0,0.0,0.0,0.0,0.0,0.0,3.814697,3.814697,3.814697,3.814697,0.0,31457280.0,1.0,1.0,120.0,0.0,0.0,0.0,0.0,0.0,0.0,0.0,3.814697,3.814697,3.814697,3.814697,0.0,0.0,0.0,0.0,0.0,0.0,64,0,64,DOS_SYN_Hping
S0225,52433,21,tcp,-,1e-06,1,1,1,0,1048576.0,1048576.0,2097152.0,1.0,20,20,20,20,20,20,0,1,1,0,0,1,0,0,0,0,120.0,120.0,120.0,120.0,0.0,0.0,0.0,0.0,0.0,0.0,0.0,120.0,120.0,60.0,84.852814,0.0,0.0,0.0,0.0,0.0,0.0,0.0,0.0,0.0,0.0,0.953674,0.953674,0.953674,0.953674,0.0,125829120.0,1.0,1.0,120.0,0.0,0.0,0.0,0.0,0.0,0.0,0.0,0.953674,0.953674,0.953674,0.953674,0.0,0.0,0.0,0.0,0.0,0.0,64,0,64,DOS_SYN_Hping
S0226,46216,53,udp,dns,0.019956,2,2,2,2,100.219923,100.219923,200.439846,1.0,16,8,8,16,8,8,0,0,0,0,0,0,0,0,0,0,36.0,36.0,72.0,36.0,0.0,36.0,68.0,104.0,52.0,22.627417,36.0,68.0,176.0,44.0,16.0,255.10788,255.10788,255.10788,255.10788,0.0,18629.0741,18629.0741,18629.0741,18629.0741,0.0,255.10788,18629.0741,19956.11191,6652.037303,10380.45555,8819.353229,2.0,2.0,72.0,104.0,0.0,0.0,0.0,0.0,0.0,0.0,19956.11191,19956.11191,19956.11191,19956.11191,0.0,0.0,0.0,0.0,0.0,0.0,0,0,0,Thing_Speak
S0227,24224,21,tcp,-,0.0,1,0,1,0,0.0,0.0,0.0,0.0,20,20,20,0,0,0,0,1,0,0,0,0,0,0,0,0,120.0,120.0,120.0,120.0,0.0,0.0,0.0,0.0,0.0,0.0,120.0,120.0,120.0,120.0,0.0,0.0,0.0,0.0,0.0,0.0,0.0,0.0,0.0,0.0,0.0,0.0,0.0,0.0,0.0,0.0,0.0,1.0,0.0,120.0,0.0,0.0,0.0,0.0,0.0,0.0,0.0,0.0,0.0,0.0,0.0,0.0,0.0,0.0,0.0,0.0,0.0,64,0,64,DOS_SYN_Hping
S0228,24134,21,tcp,-,1e-06,1,1,1,0,1048576.0,1048576.0,2097152.0,1.0,20,20,20,20,20,20,0,1,1,0,0,1,0,0,0,0,120.0,120.0,120.0,120.0,0.0,0.0,0.0,0.0,0.0,0.0,0.0,120.0,120.0,60.0,84.852814,0.0,0.0,0.0,0.0,0.0,0.0,0.0,0.0,0.0,0.0,0.953674,0.953674,0.953674,0.953674,0.0,125829120.0,1.0,1.0,120.0,0.0,0.0,0.0,0.0,0.0,0.0,0.0,0.953674,0.953674,0.953674,0.953674,0.0,0.0,0.0,0.0,0.0,0.0,64,0,64,DOS_SYN_Hping
S0229,14537,21,tcp,-,0.0,1,0,1,0,0.0,0.0,0.0,0.0,20,20,20,0,0,0,0,1,0,0,0,0,0,0,0,0,120.0,120.0,120.0,120.0,0.0,0.0,0.0,0.0,0.0,0.0,120.0,120.0,120.0,120.0,0.0,0.0,0.0,0.0,0.0,0.0,0.0,0.0,0.0,0.0,0.0,0.0,0.0,0.0,0.0,0.0,0.0,1.0,0.0,120.0,0.0,0.0,0.0,0.0,0.0,0.0,0.0,0.0,0.0,0.0,0.0,0.0,0.0,0.0,0.0,0.0,0.0,64,0,64,DOS_SYN_Hping
S0230,29560,21,tcp,-,0.0,1,0,1,0,0.0,0.0,0.0,0.0,20,20,20,0,0,0,0,1,0,0,0,0,0,0,0,0,120.0,120.0,120.0,120.0,0.0,0.0,0.0,0.0,0.0,0.0,120.0,120.0,120.0,120.0,0.0,0.0,0.0,0.0,0.0,0.0,0.0,0.0,0.0,0.0,0.0,0.0,0.0,0.0,0.0,0.0,0.0,1.0,0.0,120.0,0.0,0.0,0.0,0.0,0.0,0.0,0.0,0.0,0.0,0.0,0.0,0.0,0.0,0.0,0.0,0.0,0.0,64,0,64,DOS_SYN_Hping
S0231,9027,21,tcp,-,4e-06,1,1,1,0,246723.764706,246723.764706,493447.529412,1.0,20,20,20,20,20,20,0,1,1,0,0,1,0,0,0,0,120.0,120.0,120.0,120.0,0.0,0.0,0.0,0.0,0.0,0.0,0.0,120.0,120.0,60.0,84.852814,0.0,0.0,0.0,0.0,0.0,0.0,0.0,0.0,0.0,0.0,4.053116,4.053116,4.053116,4.053116,0.0,29606851.764706,1.0,1.0,120.0,0.0,0.0,0.0,0.0,0.0,0.0,0.0,4.053116,4.053116,4.053116,4.053116,0.0,0.0,0.0,0.0,0.0,0.0,64,0,64,DOS_SYN_Hping
S0232,39252,80,tcp,http,0.689742,8,6,2,2,11.598542,8.698907,20.297449,0.75,264,32,40,200,32,40,2,2,0,2,2,13,0,0,0,0,0.0,169.0,203.0,25.375,59.240279,0.0,535.0,539.0,89.833333,218.092106,0.0,535.0,742.0,53.0,145.874551,92.029572,248347.044,691552.8774,98793.2682,122672.8332,82.015991,228591.9189,472159.8625,94431.9725,120309.8568,82.015991,226099.0143,691552.8774,53196.37519,95746.58881,1075.7647949999998,8.0,6.0,203.0,539.0,0.0,0.0,0.0,0.0,0.0,0.0,691552.8774,691552.8774,691552.8774,691552.8774,0.0,0.0,0.0,0.0,0.0,0.0,64240,26847,501,Thing_Speak
S0233,32274,21,tcp,-,0.0,1,0,1,0,0.0,0.0,0.0,0.0,20,20,20,0,0,0,0,1,0,0,0,0,0,0,0,0,120.0,120.0,120.0,120.0,0.0,0.0,0.0,0.0,0.0,0.0,120.0,120.0,120.0,120.0,0.0,0.0,0.0,0.0,0.0,0.0,0.0,0.0,0.0,0.0,0.0,0.0,0.0,0.0,0.0,0.0,0.0,1.0,0.0,120.0,0.0,0.0,0.0,0.0,0.0,0.0,0.0,0.0,0.0,0.0,0.0,0.0,0.0,0.0,0.0,0.0,0.0,64,0,64,DOS_SYN_Hping
S0234,57632,21,tcp,-,1e-06,1,1,1,0,1048576.0,1048576.0,2097152.0,1.0,20,20,20,20,20,20,0,1,1,0,0,1,0,0,0,0,120.0,120.0,120.0,120.0,0.0,0.0,0.0,0.0,0.0,0.0,0.0,120.0,120.0,60.0,84.852814,0.0,0.0,0.0,0.0,0.0,0.0,0.0,0.0,0.0,0.0,0.953674,0.953674,0.953674,0.953674,0.0,125829120.0,1.0,1.0,120.0,0.0,0.0,0.0,0.0,0.0,0.0,0.0,0.953674,0.953674,0.953674,0.953674,0.0,0.0,0.0,0.0,0.0,0.0,64,0,64,DOS_SYN_Hping
S0235,43506,80,tcp,http,0.76546,7,5,2,1,9.144828,6.532019999999999,15.676848,0.714286,232,32,40,168,32,40,2,2,0,2,1,11,0,0,0,0,0.0,169.0,203.0,29.0,63.02116,0.0,539.0,539.0,107.8,241.048128,0.0,539.0,742.0,61.833333,157.929117,92.029572,275851.0113,767415.0467,127902.5078,139598.8891,3937.005997,251725.9121,527997.9706,131999.4926,134230.3024,92.029572,247636.0798,767415.0467,69765.00425,111136.8187,969.351744,7.0,5.0,203.0,539.0,0.0,0.0,0.0,0.0,0.0,0.0,767415.0467,767415.0467,767415.0467,767415.0467,0.0,0.0,0.0,0.0,0.0,0.0,64240,26847,501,Thing_Speak
S0236,42201,1883,tcp,mqtt,32.019835,9,5,3,3,0.281076,0.156153,0.437229,0.555556,296,32,40,168,32,40,0,2,1,3,3,13,0,0,0,0,0.0,33.0,76.0,8.444444,13.115935999999998,0.0,23.0,32.0,6.4,9.555103,0.0,33.0,108.0,7.714286,11.618477,475.883484,29746790.170670006,32019834.995270006,4002479.374409,10409747.064252,2254.009247,1507637.023926,2018434.047699,504608.511925,679157.933894,460.863113,29746790.170670006,32019834.995270006,2463064.230405,8204816.022372,3.3729089999999995,3.0,1.666667,25.333333,10.666667,0.0,0.0,0.0,0.0,0.0,0.0,2273044.8246,2273044.8246,2273044.8246,2273044.8246,0.0,29746790.170670006,29746790.170670006,29746790.170670006,29746790.170670006,0.0,64240,26847,502,MQTT_Publish
S0237,32626,21,tcp,-,4e-06,1,1,1,0,246723.764706,246723.764706,493447.529412,1.0,20,20,20,20,20,20,0,1,1,0,0,1,0,0,0,0,120.0,120.0,120.0,120.0,0.0,0.0,0.0,0.0,0.0,0.0,0.0,120.0,120.0,60.0,84.852814,0.0,0.0,0.0,0.0,0.0,0.0,0.0,0.0,0.0,0.0,4.053116,4.053116,4.053116,4.053116,0.0,29606851.764706,1.0,1.0,120.0,0.0,0.0,0.0,0.0,0.0,0.0,0.0,4.053116,4.053116,4.053116,4.053116,0.0,0.0,0.0,0.0,0.0,0.0,64,0,64,DOS_SYN_Hping
S0238,9386,21,tcp,-,4e-06,1,1,1,0,246723.764706,246723.764706,493447.529412,1.0,20,20,20,20,20,20,0,1,1,0,0,1,0,0,0,0,120.0,120.0,120.0,120.0,0.0,0.0,0.0,0.0,0.0,0.0,0.0,120.0,120.0,60.0,84.852814,0.0,0.0,0.0,0.0,0.0,0.0,0.0,0.0,0.0,0.0,4.053116,4.053116,4.053116,4.053116,0.0,29606851.764706,1.0,1.0,120.0,0.0,0.0,0.0,0.0,0.0,0.0,0.0,4.053116,4.053116,4.053116,4.053116,0.0,0.0,0.0,0.0,0.0,0.0,64,0,64,DOS_SYN_Hping
S0239,51382,53,udp,dns,0.0003399999999999,2,2,2,2,5882.614306,5882.614306,11765.228612,1.0,16,8,8,16,8,8,0,0,0,0,0,0,0,0,0,0,46.0,46.0,92.0,46.0,0.0,78.0,94.0,172.0,86.0,11.313708,46.0,94.0,264.0,66.0,24.0,18.835068,18.835068,18.835068,18.835068,0.0,91.075897,91.075897,91.075897,91.075897,0.0,18.835068,230.073929,339.984894,113.328298,107.363127,776505.088359,2.0,2.0,92.0,172.0,0.0,0.0,0.0,0.0,0.0,0.0,339.984894,339.984894,339.984894,339.984894,0.0,0.0,0.0,0.0,0.0,0.0,0,0,0,ARP_poisioning
S0240,45392,21,tcp,-,4e-06,1,1,1,0,262144.0,262144.0,524288.0,1.0,20,20,20,20,20,20,0,1,1,0,0,1,0,0,0,0,120.0,120.0,120.0,120.0,0.0,0.0,0.0,0.0,0.0,0.0,0.0,120.0,120.0,60.0,84.852814,0.0,0.0,0.0,0.0,0.0,0.0,0.0,0.0,0.0,0.0,3.814697,3.814697,3.814697,3.814697,0.0,31457280.0,1.0,1.0,120.0,0.0,0.0,0.0,0.0,0.0,0.0,0.0,3.814697,3.814697,3.814697,3.814697,0.0,0.0,0.0,0.0,0.0,0.0,64,0,64,DOS_SYN_Hping
S0241,40032,21,tcp,-,4e-06,1,1,1,0,246723.764706,246723.764706,493447.529412,1.0,20,20,20,20,20,20,0,1,1,0,0,1,0,0,0,0,120.0,120.0,120.0,120.0,0.0,0.0,0.0,0.0,0.0,0.0,0.0,120.0,120.0,60.0,84.852814,0.0,0.0,0.0,0.0,0.0,0.0,0.0,0.0,0.0,0.0,4.053116,4.053116,4.053116,4.053116,0.0,29606851.764706,1.0,1.0,120.0,0.0,0.0,0.0,0.0,0.0,0.0,0.0,4.053116,4.053116,4.053116,4.053116,0.0,0.0,0.0,0.0,0.0,0.0,64,0,64,DOS_SYN_Hping
S0242,20811,21,tcp,-,0.0,1,0,1,0,0.0,0.0,0.0,0.0,20,20,20,0,0,0,0,1,0,0,0,0,0,0,0,0,120.0,120.0,120.0,120.0,0.0,0.0,0.0,0.0,0.0,0.0,120.0,120.0,120.0,120.0,0.0,0.0,0.0,0.0,0.0,0.0,0.0,0.0,0.0,0.0,0.0,0.0,0.0,0.0,0.0,0.0,0.0,1.0,0.0,120.0,0.0,0.0,0.0,0.0,0.0,0.0,0.0,0.0,0.0,0.0,0.0,0.0,0.0,0.0,0.0,0.0,0.0,64,0,64,DOS_SYN_Hping
S0243,53329,21,tcp,-,4e-06,1,1,1,0,246723.764706,246723.764706,493447.529412,1.0,20,20,20,20,20,20,0,1,1,0,0,1,0,0,0,0,120.0,120.0,120.0,120.0,0.0,0.0,0.0,0.0,0.0,0.0,0.0,120.0,120.0,60.0,84.852814,0.0,0.0,0.0,0.0,0.0,0.0,0.0,0.0,0.0,0.0,4.053116,4.053116,4.053116,4.053116,0.0,29606851.764706,1.0,1.0,120.0,0.0,0.0,0.0,0.0,0.0,0.0,0.0,4.053116,4.053116,4.053116,4.053116,0.0,0.0,0.0,0.0,0.0,0.0,64,0,64,DOS_SYN_Hping
S0244,44514,443,tcp,ssl,170.424726,21,16,11,5,0.123222,0.093883,0.217105,0.761905,680,32,40,532,32,44,2,2,0,11,5,36,0,0,0,0,0.0,658.0,1168.0,55.619048,143.724555,0.0,762.0,933.0,58.3125,188.694716,0.0,762.0,2101.0,56.783784,162.21438700000002,13.113022,58679991.960526,170424743.890762,8521237.194538001,20315943.551231,6.198883,59041308.164597,170378922.224045,11358594.814936,23033973.192304,4.053116,58631938.934326,170424743.890762,4734020.663632,15564302.280987,12.328023,4.2,3.2,233.6,186.6,0.0,0.0,0.0,0.0,0.0,0.0,48860.07309,3445178.985596,4145262.956619,1036315.739155,1625636.713691,49164623.975754,58631938.934326,166279480.934143,55426493.644714,5423450.06626,64240,65535,501,ARP_poisioning
S0245,39295,21,tcp,-,1e-06,1,1,1,0,1048576.0,1048576.0,2097152.0,1.0,20,20,20,20,20,20,0,1,1,0,0,1,0,0,0,0,120.0,120.0,120.0,120.0,0.0,0.0,0.0,0.0,0.0,0.0,0.0,120.0,120.0,60.0,84.852814,0.0,0.0,0.0,0.0,0.0,0.0,0.0,0.0,0.0,0.0,0.953674,0.953674,0.953674,0.953674,0.0,125829120.0,1.0,1.0,120.0,0.0,0.0,0.0,0.0,0.0,0.0,0.0,0.953674,0.953674,0.953674,0.953674,0.0,0.0,0.0,0.0,0.0,0.0,64,0,64,DOS_SYN_Hping
S0246,8730,21,tcp,-,4e-06,1,1,1,0,246723.764706,246723.764706,493447.529412,1.0,20,20,20,20,20,20,0,1,1,0,0,1,0,0,0,0,120.0,120.0,120.0,120.0,0.0,0.0,0.0,0.0,0.0,0.0,0.0,120.0,120.0,60.0,84.852814,0.0,0.0,0.0,0.0,0.0,0.0,0.0,0.0,0.0,0.0,4.053116,4.053116,4.053116,4.053116,0.0,29606851.764706,1.0,1.0,120.0,0.0,0.0,0.0,0.0,0.0,0.0,0.0,4.053116,4.053116,4.053116,4.053116,0.0,0.0,0.0,0.0,0.0,0.0,64,0,64,DOS_SYN_Hping
S0247,36177,53,udp,dns,0.000609,2,2,2,2,3284.498042,3284.498042,6568.996085,1.0,16,8,8,16,8,8,0,0,0,0,0,0,0,0,0,0,55.0,55.0,110.0,55.0,0.0,55.0,119.0,174.0,87.0,45.254834,55.0,119.0,284.0,71.0,32.0,22.888184,22.888184,22.888184,22.888184,0.0,176.906586,176.906586,176.906586,176.906586,0.0,22.888184,409.126282,608.921051,202.973684,194.434018,466398.7220050001,2.0,2.0,110.0,174.0,0.0,0.0,0.0,0.0,0.0,0.0,608.921051,608.921051,608.921051,608.921051,0.0,0.0,0.0,0.0,0.0,0.0,0,0,0,ARP_poisioning
S0248,24613,21,tcp,-,1e-06,1,1,1,0,1048576.0,1048576.0,2097152.0,1.0,20,20,20,20,20,20,0,1,1,0,0,1,0,0,0,0,120.0,120.0,120.0,120.0,0.0,0.0,0.0,0.0,0.0,0.0,0.0,120.0,120.0,60.0,84.852814,0.0,0.0,0.0,0.0,0.0,0.0,0.0,0.0,0.0,0.0,0.953674,0.953674,0.953674,0.953674,0.0,125829120.0,1.0,1.0,120.0,0.0,0.0,0.0,0.0,0.0,0.0,0.0,0.953674,0.953674,0.953674,0.953674,0.0,0.0,0.0,0.0,0.0,0.0,64,0,64,DOS_SYN_Hping
S0249,23716,21,tcp,-,4e-06,1,1,1,0,246723.764706,246723.764706,493447.529412,1.0,20,20,20,20,20,20,0,1,1,0,0,1,0,0,0,0,120.0,120.0,120.0,120.0,0.0,0.0,0.0,0.0,0.0,0.0,0.0,120.0,120.0,60.0,84.852814,0.0,0.0,0.0,0.0,0.0,0.0,0.0,0.0,0.0,0.0,4.053116,4.053116,4.053116,4.053116,0.0,29606851.764706,1.0,1.0,120.0,0.0,0.0,0.0,0.0,0.0,0.0,0.0,4.053116,4.053116,4.053116,4.053116,0.0,0.0,0.0,0.0,0.0,0.0,64,0,64,DOS_SYN_Hping
S0250,49681,21,tcp,-,1e-06,1,1,1,0,1048576.0,1048576.0,2097152.0,1.0,20,20,20,20,20,20,0,1,1,0,0,1,0,0,0,0,120.0,120.0,120.0,120.0,0.0,0.0,0.0,0.0,0.0,0.0,0.0,120.0,120.0,60.0,84.852814,0.0,0.0,0.0,0.0,0.0,0.0,0.0,0.0,0.0,0.0,0.953674,0.953674,0.953674,0.953674,0.0,125829120.0,1.0,1.0,120.0,0.0,0.0,0.0,0.0,0.0,0.0,0.0,0.953674,0.953674,0.953674,0.953674,0.0,0.0,0.0,0.0,0.0,0.0,64,0,64,DOS_SYN_Hping
S0251,46866,21,tcp,-,5e-06,1,1,1,0,199728.761905,199728.761905,399457.52381,1.0,20,20,20,20,20,20,0,1,1,0,0,1,0,0,0,0,120.0,120.0,120.0,120.0,0.0,0.0,0.0,0.0,0.0,0.0,0.0,120.0,120.0,60.0,84.852814,0.0,0.0,0.0,0.0,0.0,0.0,0.0,0.0,0.0,0.0,5.0067900000000005,5.0067900000000005,5.0067900000000005,5.0067900000000005,0.0,23967451.428571,1.0,1.0,120.0,0.0,0.0,0.0,0.0,0.0,0.0,0.0,5.0067900000000005,5.0067900000000005,5.0067900000000005,5.0067900000000005,0.0,0.0,0.0,0.0,0.0,0.0,64,0,64,DOS_SYN_Hping
S0252,39835,21,tcp,-,4e-06,1,1,1,0,246723.764706,246723.764706,493447.529412,1.0,20,20,20,20,20,20,0,1,1,0,0,1,0,0,0,0,120.0,120.0,120.0,120.0,0.0,0.0,0.0,0.0,0.0,0.0,0.0,120.0,120.0,60.0,84.852814,0.0,0.0,0.0,0.0,0.0,0.0,0.0,0.0,0.0,0.0,4.053116,4.053116,4.053116,4.053116,0.0,29606851.764706,1.0,1.0,120.0,0.0,0.0,0.0,0.0,0.0,0.0,0.0,4.053116,4.053116,4.053116,4.053116,0.0,0.0,0.0,0.0,0.0,0.0,64,0,64,DOS_SYN_Hping
S0253,27614,21,tcp,-,4e-06,1,1,1,0,246723.764706,246723.764706,493447.529412,1.0,20,20,20,20,20,20,0,1,1,0,0,1,0,0,0,0,120.0,120.0,120.0,120.0,0.0,0.0,0.0,0.0,0.0,0.0,0.0,120.0,120.0,60.0,84.852814,0.0,0.0,0.0,0.0,0.0,0.0,0.0,0.0,0.0,0.0,4.053116,4.053116,4.053116,4.053116,0.0,29606851.764706,1.0,1.0,120.0,0.0,0.0,0.0,0.0,0.0,0.0,0.0,4.053116,4.053116,4.053116,4.053116,0.0,0.0,0.0,0.0,0.0,0.0,64,0,64,DOS_SYN_Hping
S0254,59088,53,udp,dns,0.029275,2,2,2,2,68.31781600000001,68.31781600000001,136.63563200000002,1.0,16,8,8,16,8,8,0,0,0,0,0,0,0,0,0,0,36.0,36.0,72.0,36.0,0.0,36.0,68.0,104.0,52.0,22.627417,36.0,68.0,176.0,44.0,16.0,29058.93326,29058.93326,29058.93326,29058.93326,0.0,2031.803131,2031.803131,2031.803131,2031.803131,0.0,216.007233,27243.13736,29274.94049,9758.313497,15163.4142,6011.967814,2.0,2.0,72.0,104.0,0.0,0.0,0.0,0.0,0.0,0.0,29274.94049,29274.94049,29274.94049,29274.94049,0.0,0.0,0.0,0.0,0.0,0.0,0,0,0,Thing_Speak
S0255,21576,21,tcp,-,2e-06,1,1,1,0,466033.777778,466033.777778,932067.555556,1.0,20,20,20,20,20,20,0,1,1,0,0,1,0,0,0,0,120.0,120.0,120.0,120.0,0.0,0.0,0.0,0.0,0.0,0.0,0.0,120.0,120.0,60.0,84.852814,0.0,0.0,0.0,0.0,0.0,0.0,0.0,0.0,0.0,0.0,2.145767,2.145767,2.145767,2.145767,0.0,55924053.33333299,1.0,1.0,120.0,0.0,0.0,0.0,0.0,0.0,0.0,0.0,2.145767,2.145767,2.145767,2.145767,0.0,0.0,0.0,0.0,0.0,0.0,64,0,64,DOS_SYN_Hping
S0256,1096,21,tcp,-,5e-06,1,1,1,0,199728.761905,199728.761905,399457.52381,1.0,20,20,20,20,20,20,0,1,1,0,0,1,0,0,0,0,120.0,120.0,120.0,120.0,0.0,0.0,0.0,0.0,0.0,0.0,0.0,120.0,120.0,60.0,84.852814,0.0,0.0,0.0,0.0,0.0,0.0,0.0,0.0,0.0,0.0,5.0067900000000005,5.0067900000000005,5.0067900000000005,5.0067900000000005,0.0,23967451.428571,1.0,1.0,120.0,0.0,0.0,0.0,0.0,0.0,0.0,0.0,5.0067900000000005,5.0067900000000005,5.0067900000000005,5.0067900000000005,0.0,0.0,0.0,0.0,0.0,0.0,64,0,64,DOS_SYN_Hping
S0257,16908,21,tcp,-,5e-06,1,1,1,0,199728.761905,199728.761905,399457.52381,1.0,20,20,20,20,20,20,0,1,1,0,0,1,0,0,0,0,120.0,120.0,120.0,120.0,0.0,0.0,0.0,0.0,0.0,0.0,0.0,120.0,120.0,60.0,84.852814,0.0,0.0,0.0,0.0,0.0,0.0,0.0,0.0,0.0,0.0,5.0067900000000005,5.0067900000000005,5.0067900000000005,5.0067900000000005,0.0,23967451.428571,1.0,1.0,120.0,0.0,0.0,0.0,0.0,0.0,0.0,0.0,5.0067900000000005,5.0067900000000005,5.0067900000000005,5.0067900000000005,0.0,0.0,0.0,0.0,0.0,0.0,64,0,64,DOS_SYN_Hping
S0258,15719,21,tcp,-,4e-06,1,1,1,0,262144.0,262144.0,524288.0,1.0,20,20,20,20,20,20,0,1,1,0,0,1,0,0,0,0,120.0,120.0,120.0,120.0,0.0,0.0,0.0,0.0,0.0,0.0,0.0,120.0,120.0,60.0,84.852814,0.0,0.0,0.0,0.0,0.0,0.0,0.0,0.0,0.0,0.0,3.814697,3.814697,3.814697,3.814697,0.0,31457280.0,1.0,1.0,120.0,0.0,0.0,0.0,0.0,0.0,0.0,0.0,3.814697,3.814697,3.814697,3.814697,0.0,0.0,0.0,0.0,0.0,0.0,64,0,64,DOS_SYN_Hping
S0259,47718,53,udp,dns,0.0565559999999999,2,2,2,2,35.363188,35.363188,70.726377,1.0,16,8,8,16,8,8,0,0,0,0,0,0,0,0,0,0,32.0,32.0,64.0,32.0,0.0,32.0,64.0,96.0,48.0,22.627417,32.0,64.0,160.0,40.0,16.0,771.999359,771.999359,771.999359,771.999359,0.0,55480.95703,55480.95703,55480.95703,55480.95703,0.0,303.030014,55480.95703,56555.9864,18851.99547,31722.47787,2829.055069,2.0,2.0,64.0,96.0,0.0,0.0,0.0,0.0,0.0,0.0,56555.9864,56555.9864,56555.9864,56555.9864,0.0,0.0,0.0,0.0,0.0,0.0,0,0,0,Thing_Speak
S0260,36347,53,udp,dns,0.052762,2,2,2,2,37.906046,37.906046,75.812092,1.0,16,8,8,16,8,8,0,0,0,0,0,0,0,0,0,0,32.0,32.0,64.0,32.0,0.0,64.0,116.0,180.0,90.0,36.769553,32.0,116.0,244.0,61.0,39.648455,239.133835,239.133835,239.133835,239.133835,0.0,24864.91203,24864.91203,24864.91203,24864.91203,0.0,239.133835,27657.98569,52762.03156,17587.34385,15088.75768,4624.537622999999,2.0,2.0,64.0,180.0,0.0,0.0,0.0,0.0,0.0,0.0,52762.03156,52762.03156,52762.03156,52762.03156,0.0,0.0,0.0,0.0,0.0,0.0,0,0,0,Thing_Speak
S0261,35265,21,tcp,-,1e-06,1,1,1,0,838860.8,838860.8,1677721.6,1.0,20,20,20,20,20,20,0,1,1,0,0,1,0,0,0,0,120.0,120.0,120.0,120.0,0.0,0.0,0.0,0.0,0.0,0.0,0.0,120.0,120.0,60.0,84.852814,0.0,0.0,0.0,0.0,0.0,0.0,0.0,0.0,0.0,0.0,1.192093,1.192093,1.192093,1.192093,0.0,100663296.0,1.0,1.0,120.0,0.0,0.0,0.0,0.0,0.0,0.0,0.0,1.192093,1.192093,1.192093,1.192093,0.0,0.0,0.0,0.0,0.0,0.0,64,0,64,DOS_SYN_Hping
S0262,22692,21,tcp,-,4e-06,1,1,1,0,246723.764706,246723.764706,493447.529412,1.0,20,20,20,20,20,20,0,1,1,0,0,1,0,0,0,0,120.0,120.0,120.0,120.0,0.0,0.0,0.0,0.0,0.0,0.0,0.0,120.0,120.0,60.0,84.852814,0.0,0.0,0.0,0.0,0.0,0.0,0.0,0.0,0.0,0.0,4.053116,4.053116,4.053116,4.053116,0.0,29606851.764706,1.0,1.0,120.0,0.0,0.0,0.0,0.0,0.0,0.0,0.0,4.053116,4.053116,4.053116,4.053116,0.0,0.0,0.0,0.0,0.0,0.0,64,0,64,DOS_SYN_Hping
S0263,3450,21,tcp,-,2e-05,1,1,1,0,49932.190476,49932.190476,99864.380952,1.0,20,20,20,20,20,20,0,1,1,0,0,1,0,0,0,0,120.0,120.0,120.0,120.0,0.0,0.0,0.0,0.0,0.0,0.0,0.0,120.0,120.0,60.0,84.852814,0.0,0.0,0.0,0.0,0.0,0.0,0.0,0.0,0.0,0.0,20.027161,20.027161,20.027161,20.027161,0.0,5991862.857143,1.0,1.0,120.0,0.0,0.0,0.0,0.0,0.0,0.0,0.0,20.027161,20.027161,20.027161,20.027161,0.0,0.0,0.0,0.0,0.0,0.0,64,0,64,DOS_SYN_Hping
S0264,65460,21,tcp,-,2e-06,1,1,1,0,466033.777778,466033.777778,932067.555556,1.0,20,20,20,20,20,20,0,1,1,0,0,1,0,0,0,0,120.0,120.0,120.0,120.0,0.0,0.0,0.0,0.0,0.0,0.0,0.0,120.0,120.0,60.0,84.852814,0.0,0.0,0.0,0.0,0.0,0.0,0.0,0.0,0.0,0.0,2.145767,2.145767,2.145767,2.145767,0.0,55924053.33333299,1.0,1.0,120.0,0.0,0.0,0.0,0.0,0.0,0.0,0.0,2.145767,2.145767,2.145767,2.145767,0.0,0.0,0.0,0.0,0.0,0.0,64,0,64,DOS_SYN_Hping
S0265,38439,1883,tcp,mqtt,54.94369200000001,10,6,3,4,0.182005,0.109203,0.291207,0.6,328,32,40,200,32,40,0,2,1,3,4,15,0,0,0,0,0.0,33.0,78.0,7.8,12.934021,0.0,23.0,36.0,6.0,8.602325,0.0,33.0,114.0,7.125,11.218289,257.96890299999995,52890368.938446,54943691.968918,6104854.663213,17550070.670345,2727.031708,1564853.906631,1890811.920166,378162.384033,667999.867662,257.96890299999995,52890368.938446,54943691.968918,3662912.797928,13623002.568969,2.074851,3.333333,2.0,26.0,12.0,0.0,0.0,0.0,0.0,0.0,0.0,2053323.030472,2053323.030472,2053323.030472,2053323.030472,0.0,52890368.938446,52890368.938446,52890368.938446,52890368.938446,0.0,64240,26847,502,MQTT_Publish
S0266,44869,21,tcp,-,4e-06,1,1,1,0,262144.0,262144.0,524288.0,1.0,20,20,20,20,20,20,0,1,1,0,0,1,0,0,0,0,120.0,120.0,120.0,120.0,0.0,0.0,0.0,0.0,0.0,0.0,0.0,120.0,120.0,60.0,84.852814,0.0,0.0,0.0,0.0,0.0,0.0,0.0,0.0,0.0,0.0,3.814697,3.814697,3.814697,3.814697,0.0,31457280.0,1.0,1.0,120.0,0.0,0.0,0.0,0.0,0.0,0.0,0.0,3.814697,3.814697,3.814697,3.814697,0.0,0.0,0.0,0.0,0.0,0.0,64,0,64,DOS_SYN_Hping
S0267,63963,21,tcp,-,5e-06,1,1,1,0,199728.761905,199728.761905,399457.52381,1.0,20,20,20,20,20,20,0,1,1,0,0,1,0,0,0,0,120.0,120.0,120.0,120.0,0.0,0.0,0.0,0.0,0.0,0.0,0.0,120.0,120.0,60.0,84.852814,0.0,0.0,0.0,0.0,0.0,0.0,0.0,0.0,0.0,0.0,5.0067900000000005,5.0067900000000005,5.0067900000000005,5.0067900000000005,0.0,23967451.428571,1.0,1.0,120.0,0.0,0.0,0.0,0.0,0.0,0.0,0.0,5.0067900000000005,5.0067900000000005,5.0067900000000005,5.0067900000000005,0.0,0.0,0.0,0.0,0.0,0.0,64,0,64,DOS_SYN_Hping
S0268,16314,21,tcp,-,5e-06,1,1,1,0,199728.761905,199728.761905,399457.52381,1.0,20,20,20,20,20,20,0,1,1,0,0,1,0,0,0,0,120.0,120.0,120.0,120.0,0.0,0.0,0.0,0.0,0.0,0.0,0.0,120.0,120.0,60.0,84.852814,0.0,0.0,0.0,0.0,0.0,0.0,0.0,0.0,0.0,0.0,5.0067900000000005,5.0067900000000005,5.0067900000000005,5.0067900000000005,0.0,23967451.428571,1.0,1.0,120.0,0.0,0.0,0.0,0.0,0.0,0.0,0.0,5.0067900000000005,5.0067900000000005,5.0067900000000005,5.0067900000000005,0.0,0.0,0.0,0.0,0.0,0.0,64,0,64,DOS_SYN_Hping
S0269,12449,21,tcp,-,1e-06,1,1,1,0,1048576.0,1048576.0,2097152.0,1.0,20,20,20,20,20,20,0,1,1,0,0,1,0,0,0,0,120.0,120.0,120.0,120.0,0.0,0.0,0.0,0.0,0.0,0.0,0.0,120.0,120.0,60.0,84.852814,0.0,0.0,0.0,0.0,0.0,0.0,0.0,0.0,0.0,0.0,0.953674,0.953674,0.953674,0.953674,0.0,125829120.0,1.0,1.0,120.0,0.0,0.0,0.0,0.0,0.0,0.0,0.0,0.953674,0.953674,0.953674,0.953674,0.0,0.0,0.0,0.0,0.0,0.0,64,0,64,DOS_SYN_Hping
S0270,55496,21,tcp,-,1e-06,1,1,1,0,1048576.0,1048576.0,2097152.0,1.0,20,20,20,20,20,20,0,1,1,0,0,1,0,0,0,0,120.0,120.0,120.0,120.0,0.0,0.0,0.0,0.0,0.0,0.0,0.0,120.0,120.0,60.0,84.852814,0.0,0.0,0.0,0.0,0.0,0.0,0.0,0.0,0.0,0.0,0.953674,0.953674,0.953674,0.953674,0.0,125829120.0,1.0,1.0,120.0,0.0,0.0,0.0,0.0,0.0,0.0,0.0,0.953674,0.953674,0.953674,0.953674,0.0,0.0,0.0,0.0,0.0,0.0,64,0,64,DOS_SYN_Hping
S0271,53896,21,tcp,-,4e-06,1,1,1,0,246723.764706,246723.764706,493447.529412,1.0,20,20,20,20,20,20,0,1,1,0,0,1,0,0,0,0,120.0,120.0,120.0,120.0,0.0,0.0,0.0,0.0,0.0,0.0,0.0,120.0,120.0,60.0,84.852814,0.0,0.0,0.0,0.0,0.0,0.0,0.0,0.0,0.0,0.0,4.053116,4.053116,4.053116,4.053116,0.0,29606851.764706,1.0,1.0,120.0,0.0,0.0,0.0,0.0,0.0,0.0,0.0,4.053116,4.053116,4.053116,4.053116,0.0,0.0,0.0,0.0,0.0,0.0,64,0,64,DOS_SYN_Hping
S0272,57913,1883,tcp,mqtt,14.965772,9,5,3,3,0.601372,0.334096,0.935468,0.555556,296,32,40,168,32,40,0,2,1,3,3,13,0,0,0,0,0.0,33.0,76.0,8.444444,13.115935999999998,0.0,23.0,32.0,6.4,9.555103,0.0,33.0,108.0,7.714286,11.618477,241.994858,12851323.843002,14965771.913528,1870721.489191,4462188.567501999,1039.028168,1619652.986526,1952271.938324,488067.98458100006,758392.2826510002,241.994858,12851323.843002,14965771.913528,1151213.224118,3537225.147429,7.216467,3.0,1.666667,25.333333,10.666667,0.0,0.0,0.0,0.0,0.0,0.0,2114448.070526,2114448.070526,2114448.070526,2114448.070526,0.0,12851323.843002,12851323.843002,12851323.843002,12851323.843002,0.0,64240,26847,502,MQTT_Publish
S0273,6545,21,tcp,-,0.0,1,0,1,0,0.0,0.0,0.0,0.0,20,20,20,0,0,0,0,1,0,0,0,0,0,0,0,0,120.0,120.0,120.0,120.0,0.0,0.0,0.0,0.0,0.0,0.0,120.0,120.0,120.0,120.0,0.0,0.0,0.0,0.0,0.0,0.0,0.0,0.0,0.0,0.0,0.0,0.0,0.0,0.0,0.0,0.0,0.0,1.0,0.0,120.0,0.0,0.0,0.0,0.0,0.0,0.0,0.0,0.0,0.0,0.0,0.0,0.0,0.0,0.0,0.0,0.0,0.0,64,0,64,DOS_SYN_Hping
S0274,63516,21,tcp,-,1e-06,1,1,1,0,1048576.0,1048576.0,2097152.0,1.0,20,20,20,20,20,20,0,1,1,0,0,1,0,0,0,0,120.0,120.0,120.0,120.0,0.0,0.0,0.0,0.0,0.0,0.0,0.0,120.0,120.0,60.0,84.852814,0.0,0.0,0.0,0.0,0.0,0.0,0.0,0.0,0.0,0.0,0.953674,0.953674,0.953674,0.953674,0.0,125829120.0,1.0,1.0,120.0,0.0,0.0,0.0,0.0,0.0,0.0,0.0,0.953674,0.953674,0.953674,0.953674,0.0,0.0,0.0,0.0,0.0,0.0,64,0,64,DOS_SYN_Hping
S0275,60932,80,tcp,http,0.718545,7,5,2,1,9.74191,6.958507000000001,16.700416,0.714286,232,32,40,168,32,40,2,2,0,2,1,11,0,0,0,0,0.0,169.0,214.0,30.571429,63.303126,0.0,538.0,538.0,107.6,240.600914,0.0,538.0,752.0,62.666667,157.51036499999998,144.004822,255463.8386,720463.0375,120077.1729,131452.28699999998,4264.116287,227697.134,482307.9109,120576.9777,123214.944,144.004822,236237.0491,720463.0375,65496.63977,104219.1359,1046.559425,7.0,5.0,214.0,538.0,0.0,0.0,0.0,0.0,0.0,0.0,720463.0375,720463.0375,720463.0375,720463.0375,0.0,0.0,0.0,0.0,0.0,0.0,64240,26847,501,Thing_Speak
S0276,43233,21,tcp,-,5e-06,1,1,1,0,199728.761905,199728.761905,399457.52381,1.0,20,20,20,20,20,20,0,1,1,0,0,1,0,0,0,0,120.0,120.0,120.0,120.0,0.0,0.0,0.0,0.0,0.0,0.0,0.0,120.0,120.0,60.0,84.852814,0.0,0.0,0.0,0.0,0.0,0.0,0.0,0.0,0.0,0.0,5.0067900000000005,5.0067900000000005,5.0067900000000005,5.0067900000000005,0.0,23967451.428571,1.0,1.0,120.0,0.0,0.0,0.0,0.0,0.0,0.0,0.0,5.0067900000000005,5.0067900000000005,5.0067900000000005,5.0067900000000005,0.0,0.0,0.0,0.0,0.0,0.0,64,0,64,DOS_SYN_Hping
S0277,51036,50500,tcp,-,2.6e-05,1,1,0,0,38479.853211,38479.853211,76959.706422,1.0,20,20,20,20,20,20,0,0,1,0,0,1,0,0,0,0,0.0,0.0,0.0,0.0,0.0,0.0,0.0,0.0,0.0,0.0,0.0,0.0,0.0,0.0,0.0,0.0,0.0,0.0,0.0,0.0,0.0,0.0,0.0,0.0,0.0,25.987625,25.987625,25.987625,25.987625,0.0,0.0,1.0,1.0,0.0,0.0,0.0,0.0,0.0,0.0,0.0,0.0,25.987625,25.987625,25.987625,25.987625,0.0,0.0,0.0,0.0,0.0,0.0,1024,0,1024,NMAP_OS_DETECTION
S0278,24473,21,tcp,-,0.0,1,1,1,0,0.0,0.0,0.0,1.0,20,20,20,20,20,20,0,1,1,0,0,1,0,0,0,0,120.0,120.0,120.0,120.0,0.0,0.0,0.0,0.0,0.0,0.0,0.0,120.0,120.0,60.0,84.852814,0.0,0.0,0.0,0.0,0.0,0.0,0.0,0.0,0.0,0.0,0.0,0.0,0.0,0.0,0.0,0.0,1.0,1.0,120.0,0.0,0.0,0.0,0.0,0.0,0.0,0.0,0.0,0.0,0.0,0.0,0.0,0.0,0.0,0.0,0.0,0.0,64,0,64,DOS_SYN_Hping
S0279,27186,21,tcp,-,4e-06,1,1,1,0,262144.0,262144.0,524288.0,1.0,20,20,20,20,20,20,0,1,1,0,0,1,0,0,0,0,120.0,120.0,120.0,120.0,0.0,0.0,0.0,0.0,0.0,0.0,0.0,120.0,120.0,60.0,84.852814,0.0,0.0,0.0,0.0,0.0,0.0,0.0,0.0,0.0,0.0,3.814697,3.814697,3.814697,3.814697,0.0,31457280.0,1.0,1.0,120.0,0.0,0.0,0.0,0.0,0.0,0.0,0.0,3.814697,3.814697,3.814697,3.814697,0.0,0.0,0.0,0.0,0.0,0.0,64,0,64,DOS_SYN_Hping
S0280,36242,7911,tcp,-,2.9e-05,1,1,0,0,34379.540984,34379.540984,68759.08196699999,1.0,20,20,20,20,20,20,1,0,1,1,0,1,1,0,0,0,0.0,0.0,0.0,0.0,0.0,0.0,0.0,0.0,0.0,0.0,0.0,0.0,0.0,0.0,0.0,0.0,0.0,0.0,0.0,0.0,0.0,0.0,0.0,0.0,0.0,29.087067,29.087067,29.087067,29.087067,0.0,0.0,1.0,1.0,0.0,0.0,0.0,0.0,0.0,0.0,0.0,0.0,29.087067,29.087067,29.087067,29.087067,0.0,0.0,0.0,0.0,0.0,0.0,1024,0,1024,NMAP_XMAS_TREE_SCAN
S0281,3341,21,tcp,-,3e-06,1,1,1,0,349525.333333,349525.333333,699050.666667,1.0,20,20,20,20,20,20,0,1,1,0,0,1,0,0,0,0,120.0,120.0,120.0,120.0,0.0,0.0,0.0,0.0,0.0,0.0,0.0,120.0,120.0,60.0,84.852814,0.0,0.0,0.0,0.0,0.0,0.0,0.0,0.0,0.0,0.0,2.861023,2.861023,2.861023,2.861023,0.0,41943040.0,1.0,1.0,120.0,0.0,0.0,0.0,0.0,0.0,0.0,0.0,2.861023,2.861023,2.861023,2.861023,0.0,0.0,0.0,0.0,0.0,0.0,64,0,64,DOS_SYN_Hping
S0282,29874,21,tcp,-,5e-06,1,1,1,0,199728.761905,199728.761905,399457.52381,1.0,20,20,20,20,20,20,0,1,1,0,0,1,0,0,0,0,120.0,120.0,120.0,120.0,0.0,0.0,0.0,0.0,0.0,0.0,0.0,120.0,120.0,60.0,84.852814,0.0,0.0,0.0,0.0,0.0,0.0,0.0,0.0,0.0,0.0,5.0067900000000005,5.0067900000000005,5.0067900000000005,5.0067900000000005,0.0,23967451.428571,1.0,1.0,120.0,0.0,0.0,0.0,0.0,0.0,0.0,0.0,5.0067900000000005,5.0067900000000005,5.0067900000000005,5.0067900000000005,0.0,0.0,0.0,0.0,0.0,0.0,64,0,64,DOS_SYN_Hping
S0283,12542,21,tcp,-,5e-06,1,1,1,0,209715.2,209715.2,419430.4,1.0,20,20,20,20,20,20,0,1,1,0,0,1,0,0,0,0,120.0,120.0,120.0,120.0,0.0,0.0,0.0,0.0,0.0,0.0,0.0,120.0,120.0,60.0,84.852814,0.0,0.0,0.0,0.0,0.0,0.0,0.0,0.0,0.0,0.0,4.768372,4.768372,4.768372,4.768372,0.0,25165824.0,1.0,1.0,120.0,0.0,0.0,0.0,0.0,0.0,0.0,0.0,4.768372,4.768372,4.768372,4.768372,0.0,0.0,0.0,0.0,0.0,0.0,64,0,64,DOS_SYN_Hping
S0284,54287,21,tcp,-,4e-06,1,1,1,0,246723.764706,246723.764706,493447.529412,1.0,20,20,20,20,20,20,0,1,1,0,0,1,0,0,0,0,120.0,120.0,120.0,120.0,0.0,0.0,0.0,0.0,0.0,0.0,0.0,120.0,120.0,60.0,84.852814,0.0,0.0,0.0,0.0,0.0,0.0,0.0,0.0,0.0,0.0,4.053116,4.053116,4.053116,4.053116,0.0,29606851.764706,1.0,1.0,120.0,0.0,0.0,0.0,0.0,0.0,0.0,0.0,4.053116,4.053116,4.053116,4.053116,0.0,0.0,0.0,0.0,0.0,0.0,64,0,64,DOS_SYN_Hping
S0285,55370,80,tcp,http,27.411754,6,5,4,0,0.218884,0.1824039999999999,0.401288,0.833333,200,32,40,168,32,40,0,2,0,4,0,10,0,0,0,0,0.0,168.0,209.0,34.833333,65.645767,0.0,0.0,0.0,0.0,0.0,0.0,168.0,209.0,19.0,49.855792,15.020370000000002,19072014.093399,27411748.886108,5482349.777222,8410713.112422999,1349.9259949999998,19072016.954422,27411725.04425,6852931.261063,9044156.846282002,2.145767,19072011.947632,27411753.892899,2741175.3892900003,6307846.388472,7.624467,2.0,1.666667,69.666667,0.0,0.0,0.0,0.0,0.0,0.0,0.0,2.145767,3121.852875,3129.005432,1043.001811,1800.3384,8336612.939835001,19072011.947632,27408624.887466,13704312.443733,7591073.437157,64240,65160,502,DDOS_Slowloris
S0286,26070,21,tcp,-,3e-06,1,1,1,0,322638.769231,322638.769231,645277.538462,1.0,20,20,20,20,20,20,0,1,1,0,0,1,0,0,0,0,120.0,120.0,120.0,120.0,0.0,0.0,0.0,0.0,0.0,0.0,0.0,120.0,120.0,60.0,84.852814,0.0,0.0,0.0,0.0,0.0,0.0,0.0,0.0,0.0,0.0,3.099442,3.099442,3.099442,3.099442,0.0,38716652.307692,1.0,1.0,120.0,0.0,0.0,0.0,0.0,0.0,0.0,0.0,3.099442,3.099442,3.099442,3.099442,0.0,0.0,0.0,0.0,0.0,0.0,64,0,64,DOS_SYN_Hping
S0287,11840,21,tcp,-,1e-06,1,1,1,0,1048576.0,1048576.0,2097152.0,1.0,20,20,20,20,20,20,0,1,1,0,0,1,0,0,0,0,120.0,120.0,120.0,120.0,0.0,0.0,0.0,0.0,0.0,0.0,0.0,120.0,120.0,60.0,84.852814,0.0,0.0,0.0,0.0,0.0,0.0,0.0,0.0,0.0,0.0,0.953674,0.953674,0.953674,0.953674,0.0,125829120.0,1.0,1.0,120.0,0.0,0.0,0.0,0.0,0.0,0.0,0.0,0.953674,0.953674,0.953674,0.953674,0.0,0.0,0.0,0.0,0.0,0.0,64,0,64,DOS_SYN_Hping
S0288,35072,80,tcp,http,0.840249,7,5,2,1,8.330863,5.950617,14.281479999999998,0.714286,232,32,40,168,32,40,2,2,0,2,1,11,0,0,0,0,0.0,169.0,202.0,28.857143,63.00907,0.0,539.0,539.0,107.8,241.048128,0.0,539.0,741.0,61.75,157.945402,95.129013,297435.9989,842248.9166,140374.8194,153003.5634,72.002411,273648.9773,571086.1683,142771.5421,150143.9104,72.002411,269162.8933,842248.9166,76568.08333,123817.0593,881.8813779999999,7.0,5.0,202.0,539.0,0.0,0.0,0.0,0.0,0.0,0.0,842248.9166,842248.9166,842248.9166,842248.9166,0.0,0.0,0.0,0.0,0.0,0.0,64240,26847,501,Thing_Speak
S0289,46116,21,tcp,-,1e-06,1,1,1,0,1048576.0,1048576.0,2097152.0,1.0,20,20,20,20,20,20,0,1,1,0,0,1,0,0,0,0,120.0,120.0,120.0,120.0,0.0,0.0,0.0,0.0,0.0,0.0,0.0,120.0,120.0,60.0,84.852814,0.0,0.0,0.0,0.0,0.0,0.0,0.0,0.0,0.0,0.0,0.953674,0.953674,0.953674,0.953674,0.0,125829120.0,1.0,1.0,120.0,0.0,0.0,0.0,0.0,0.0,0.0,0.0,0.953674,0.953674,0.953674,0.953674,0.0,0.0,0.0,0.0,0.0,0.0,64,0,64,DOS_SYN_Hping
S0290,59247,6792,tcp,-,1.3e-05,1,1,0,0,76260.07272699999,76260.07272699999,152520.145455,1.0,20,20,20,20,20,20,1,0,1,1,0,1,1,0,0,0,0.0,0.0,0.0,0.0,0.0,0.0,0.0,0.0,0.0,0.0,0.0,0.0,0.0,0.0,0.0,0.0,0.0,0.0,0.0,0.0,0.0,0.0,0.0,0.0,0.0,13.113022,13.113022,13.113022,13.113022,0.0,0.0,1.0,1.0,0.0,0.0,0.0,0.0,0.0,0.0,0.0,0.0,13.113022,13.113022,13.113022,13.113022,0.0,0.0,0.0,0.0,0.0,0.0,1024,0,1024,NMAP_XMAS_TREE_SCAN
S0291,9640,21,tcp,-,5e-06,1,1,1,0,199728.761905,199728.761905,399457.52381,1.0,20,20,20,20,20,20,0,1,1,0,0,1,0,0,0,0,120.0,120.0,120.0,120.0,0.0,0.0,0.0,0.0,0.0,0.0,0.0,120.0,120.0,60.0,84.852814,0.0,0.0,0.0,0.0,0.0,0.0,0.0,0.0,0.0,0.0,5.0067900000000005,5.0067900000000005,5.0067900000000005,5.0067900000000005,0.0,23967451.428571,1.0,1.0,120.0,0.0,0.0,0.0,0.0,0.0,0.0,0.0,5.0067900000000005,5.0067900000000005,5.0067900000000005,5.0067900000000005,0.0,0.0,0.0,0.0,0.0,0.0,64,0,64,DOS_SYN_Hping
S0292,60866,21,tcp,-,4e-06,1,1,1,0,246723.764706,246723.764706,493447.529412,1.0,20,20,20,20,20,20,0,1,1,0,0,1,0,0,0,0,120.0,120.0,120.0,120.0,0.0,0.0,0.0,0.0,0.0,0.0,0.0,120.0,120.0,60.0,84.852814,0.0,0.0,0.0,0.0,0.0,0.0,0.0,0.0,0.0,0.0,4.053116,4.053116,4.053116,4.053116,0.0,29606851.764706,1.0,1.0,120.0,0.0,0.0,0.0,0.0,0.0,0.0,0.0,4.053116,4.053116,4.053116,4.053116,0.0,0.0,0.0,0.0,0.0,0.0,64,0,64,DOS_SYN_Hping
S0293,60776,53,udp,dns,0.083576,2,2,2,2,23.930257,23.930257,47.860514,1.0,16,8,8,16,8,8,0,0,0,0,0,0,0,0,0,0,43.0,43.0,86.0,43.0,0.0,85.0,149.0,234.0,117.0,45.254834,43.0,149.0,320.0,80.0,50.079936,8.106232,8.106232,8.106232,8.106232,0.0,56.028366000000005,56.028366000000005,56.028366000000005,56.028366000000005,0.0,8.106232,83512.06779500001,83576.202393,27858.734131,48197.206714,3828.841116,2.0,2.0,86.0,234.0,0.0,0.0,0.0,0.0,0.0,0.0,83576.202393,83576.202393,83576.202393,83576.202393,0.0,0.0,0.0,0.0,0.0,0.0,0,0,0,ARP_poisioning
S0294,32943,5353,udp,dns,0.0,1,0,1,0,0.0,0.0,0.0,0.0,8,8,8,0,0,0,0,0,0,0,0,0,0,0,0,0,43.0,43.0,43.0,43.0,0.0,0.0,0.0,0.0,0.0,0.0,43.0,43.0,43.0,43.0,0.0,0.0,0.0,0.0,0.0,0.0,0.0,0.0,0.0,0.0,0.0,0.0,0.0,0.0,0.0,0.0,0.0,1.0,0.0,43.0,0.0,0.0,0.0,0.0,0.0,0.0,0.0,0.0,0.0,0.0,0.0,0.0,0.0,0.0,0.0,0.0,0.0,0,0,0,ARP_poisioning
S0295,37371,21,tcp,-,1e-06,1,1,1,0,1048576.0,1048576.0,2097152.0,1.0,20,20,20,20,20,20,0,1,1,0,0,1,0,0,0,0,120.0,120.0,120.0,120.0,0.0,0.0,0.0,0.0,0.0,0.0,0.0,120.0,120.0,60.0,84.852814,0.0,0.0,0.0,0.0,0.0,0.0,0.0,0.0,0.0,0.0,0.953674,0.953674,0.953674,0.953674,0.0,125829120.0,1.0,1.0,120.0,0.0,0.0,0.0,0.0,0.0,0.0,0.0,0.953674,0.953674,0.953674,0.953674,0.0,0.0,0.0,0.0,0.0,0.0,64,0,64,DOS_SYN_Hping
S0296,4076,21,tcp,-,4e-06,1,1,1,0,262144.0,262144.0,524288.0,1.0,20,20,20,20,20,20,0,1,1,0,0,1,0,0,0,0,120.0,120.0,120.0,120.0,0.0,0.0,0.0,0.0,0.0,0.0,0.0,120.0,120.0,60.0,84.852814,0.0,0.0,0.0,0.0,0.0,0.0,0.0,0.0,0.0,0.0,3.814697,3.814697,3.814697,3.814697,0.0,31457280.0,1.0,1.0,120.0,0.0,0.0,0.0,0.0,0.0,0.0,0.0,3.814697,3.814697,3.814697,3.814697,0.0,0.0,0.0,0.0,0.0,0.0,64,0,64,DOS_SYN_Hping
S0297,40599,21,tcp,-,4e-06,1,1,1,0,246723.764706,246723.764706,493447.529412,1.0,20,20,20,20,20,20,0,1,1,0,0,1,0,0,0,0,120.0,120.0,120.0,120.0,0.0,0.0,0.0,0.0,0.0,0.0,0.0,120.0,120.0,60.0,84.852814,0.0,0.0,0.0,0.0,0.0,0.0,0.0,0.0,0.0,0.0,4.053116,4.053116,4.053116,4.053116,0.0,29606851.764706,1.0,1.0,120.0,0.0,0.0,0.0,0.0,0.0,0.0,0.0,4.053116,4.053116,4.053116,4.053116,0.0,0.0,0.0,0.0,0.0,0.0,64,0,64,DOS_SYN_Hping
S0298,54795,21,tcp,-,3e-06,1,1,1,0,349525.333333,349525.333333,699050.666667,1.0,20,20,20,20,20,20,0,1,1,0,0,1,0,0,0,0,120.0,120.0,120.0,120.0,0.0,0.0,0.0,0.0,0.0,0.0,0.0,120.0,120.0,60.0,84.852814,0.0,0.0,0.0,0.0,0.0,0.0,0.0,0.0,0.0,0.0,2.861023,2.861023,2.861023,2.861023,0.0,41943040.0,1.0,1.0,120.0,0.0,0.0,0.0,0.0,0.0,0.0,0.0,2.861023,2.861023,2.861023,2.861023,0.0,0.0,0.0,0.0,0.0,0.0,64,0,64,DOS_SYN_Hping
S0299,11831,21,tcp,-,1e-06,1,1,1,0,1048576.0,1048576.0,2097152.0,1.0,20,20,20,20,20,20,0,1,1,0,0,1,0,0,0,0,120.0,120.0,120.0,120.0,0.0,0.0,0.0,0.0,0.0,0.0,0.0,120.0,120.0,60.0,84.852814,0.0,0.0,0.0,0.0,0.0,0.0,0.0,0.0,0.0,0.0,0.953674,0.953674,0.953674,0.953674,0.0,125829120.0,1.0,1.0,120.0,0.0,0.0,0.0,0.0,0.0,0.0,0.0,0.953674,0.953674,0.953674,0.953674,0.0,0.0,0.0,0.0,0.0,0.0,64,0,64,DOS_SYN_Hping
S0300,18682,21,tcp,-,4e-06,1,1,1,0,246723.764706,246723.764706,493447.529412,1.0,20,20,20,20,20,20,0,1,1,0,0,1,0,0,0,0,120.0,120.0,120.0,120.0,0.0,0.0,0.0,0.0,0.0,0.0,0.0,120.0,120.0,60.0,84.852814,0.0,0.0,0.0,0.0,0.0,0.0,0.0,0.0,0.0,0.0,4.053116,4.053116,4.053116,4.053116,0.0,29606851.764706,1.0,1.0,120.0,0.0,0.0,0.0,0.0,0.0,0.0,0.0,4.053116,4.053116,4.053116,4.053116,0.0,0.0,0.0,0.0,0.0,0.0,64,0,64,DOS_SYN_Hping
S0301,42247,1883,tcp,mqtt,32.07278,9,5,3,3,0.280612,0.155895,0.436507,0.555556,296,32,40,168,32,40,0,2,1,3,3,13,0,0,0,0,0.0,33.0,76.0,8.444444,13.115935999999998,0.0,23.0,32.0,6.4,9.555103,0.0,33.0,108.0,7.714286,11.618477,246.047974,29686988.115311,32072780.132294,4009097.516537,10381270.365305,1363.992691,1463689.088821,2064419.031143,516104.757786,647426.7717060001,246.047974,29686988.115311,32072780.132294,2467136.933253,8184561.196222999,3.367341,3.0,1.666667,25.333333,10.666667,0.0,0.0,0.0,0.0,0.0,0.0,2385792.016983,2385792.016983,2385792.016983,2385792.016983,0.0,29686988.115311,29686988.115311,29686988.115311,29686988.115311,0.0,64240,26847,502,MQTT_Publish
S0302,56322,53,udp,dns,0.054762,2,2,2,2,36.521592,36.521592,73.043184,1.0,16,8,8,16,8,8,0,0,0,0,0,0,0,0,0,0,36.0,36.0,72.0,36.0,0.0,36.0,68.0,104.0,52.0,22.627417,36.0,68.0,176.0,44.0,16.0,54524.18327,54524.18327,54524.18327,54524.18327,0.0,2195.119858,2195.119858,2195.119858,2195.119858,0.0,237.941742,52567.00516,54762.12502000001,18254.04167,29728.32893,3213.900117,2.0,2.0,72.0,104.0,0.0,0.0,0.0,0.0,0.0,0.0,54762.12502000001,54762.12502000001,54762.12502000001,54762.12502000001,0.0,0.0,0.0,0.0,0.0,0.0,0,0,0,Thing_Speak
S0303,51036,12345,tcp,-,1.9e-05,1,1,0,0,52428.8,52428.8,104857.6,1.0,20,20,20,20,20,20,0,0,1,0,0,1,0,0,0,0,0.0,0.0,0.0,0.0,0.0,0.0,0.0,0.0,0.0,0.0,0.0,0.0,0.0,0.0,0.0,0.0,0.0,0.0,0.0,0.0,0.0,0.0,0.0,0.0,0.0,19.073486,19.073486,19.073486,19.073486,0.0,0.0,1.0,1.0,0.0,0.0,0.0,0.0,0.0,0.0,0.0,0.0,19.073486,19.073486,19.073486,19.073486,0.0,0.0,0.0,0.0,0.0,0.0,1024,0,1024,NMAP_OS_DETECTION
S0304,53770,21,tcp,-,4e-06,1,1,1,0,246723.764706,246723.764706,493447.529412,1.0,20,20,20,20,20,20,0,1,1,0,0,1,0,0,0,0,120.0,120.0,120.0,120.0,0.0,0.0,0.0,0.0,0.0,0.0,0.0,120.0,120.0,60.0,84.852814,0.0,0.0,0.0,0.0,0.0,0.0,0.0,0.0,0.0,0.0,4.053116,4.053116,4.053116,4.053116,0.0,29606851.764706,1.0,1.0,120.0,0.0,0.0,0.0,0.0,0.0,0.0,0.0,4.053116,4.053116,4.053116,4.053116,0.0,0.0,0.0,0.0,0.0,0.0,64,0,64,DOS_SYN_Hping
S0305,27112,21,tcp,-,4e-06,1,1,1,0,246723.764706,246723.764706,493447.529412,1.0,20,20,20,20,20,20,0,1,1,0,0,1,0,0,0,0,120.0,120.0,120.0,120.0,0.0,0.0,0.0,0.0,0.0,0.0,0.0,120.0,120.0,60.0,84.852814,0.0,0.0,0.0,0.0,0.0,0.0,0.0,0.0,0.0,0.0,4.053116,4.053116,4.053116,4.053116,0.0,29606851.764706,1.0,1.0,120.0,0.0,0.0,0.0,0.0,0.0,0.0,0.0,4.053116,4.053116,4.053116,4.053116,0.0,0.0,0.0,0.0,0.0,0.0,64,0,64,DOS_SYN_Hping
S0306,27158,21,tcp,-,5e-06,1,1,1,0,199728.761905,199728.761905,399457.52381,1.0,20,20,20,20,20,20,0,1,1,0,0,1,0,0,0,0,120.0,120.0,120.0,120.0,0.0,0.0,0.0,0.0,0.0,0.0,0.0,120.0,120.0,60.0,84.852814,0.0,0.0,0.0,0.0,0.0,0.0,0.0,0.0,0.0,0.0,5.0067900000000005,5.0067900000000005,5.0067900000000005,5.0067900000000005,0.0,23967451.428571,1.0,1.0,120.0,0.0,0.0,0.0,0.0,0.0,0.0,0.0,5.0067900000000005,5.0067900000000005,5.0067900000000005,5.0067900000000005,0.0,0.0,0.0,0.0,0.0,0.0,64,0,64,DOS_SYN_Hping
S0307,41801,21,tcp,-,0.0,1,0,1,0,0.0,0.0,0.0,0.0,20,20,20,0,0,0,0,1,0,0,0,0,0,0,0,0,120.0,120.0,120.0,120.0,0.0,0.0,0.0,0.0,0.0,0.0,120.0,120.0,120.0,120.0,0.0,0.0,0.0,0.0,0.0,0.0,0.0,0.0,0.0,0.0,0.0,0.0,0.0,0.0,0.0,0.0,0.0,1.0,0.0,120.0,0.0,0.0,0.0,0.0,0.0,0.0,0.0,0.0,0.0,0.0,0.0,0.0,0.0,0.0,0.0,0.0,0.0,64,0,64,DOS_SYN_Hping
S0308,16059,21,tcp,-,4e-06,1,1,1,0,246723.764706,246723.764706,493447.529412,1.0,20,20,20,20,20,20,0,1,1,0,0,1,0,0,0,0,120.0,120.0,120.0,120.0,0.0,0.0,0.0,0.0,0.0,0.0,0.0,120.0,120.0,60.0,84.852814,0.0,0.0,0.0,0.0,0.0,0.0,0.0,0.0,0.0,0.0,4.053116,4.053116,4.053116,4.053116,0.0,29606851.764706,1.0,1.0,120.0,0.0,0.0,0.0,0.0,0.0,0.0,0.0,4.053116,4.053116,4.053116,4.053116,0.0,0.0,0.0,0.0,0.0,0.0,64,0,64,DOS_SYN_Hping
S0309,6103,21,tcp,-,4e-06,1,1,1,0,246723.764706,246723.764706,493447.529412,1.0,20,20,20,20,20,20,0,1,1,0,0,1,0,0,0,0,120.0,120.0,120.0,120.0,0.0,0.0,0.0,0.0,0.0,0.0,0.0,120.0,120.0,60.0,84.852814,0.0,0.0,0.0,0.0,0.0,0.0,0.0,0.0,0.0,0.0,4.053116,4.053116,4.053116,4.053116,0.0,29606851.764706,1.0,1.0,120.0,0.0,0.0,0.0,0.0,0.0,0.0,0.0,4.053116,4.053116,4.053116,4.053116,0.0,0.0,0.0,0.0,0.0,0.0,64,0,64,DOS_SYN_Hping
S0310,59331,1883,tcp,mqtt,62.05498000000001,10,6,3,4,0.161147,0.096688,0.257836,0.6,328,32,40,200,32,40,0,2,1,3,4,15,0,0,0,0,0.0,33.0,78.0,7.8,12.934021,0.0,23.0,36.0,6.0,8.602325,0.0,33.0,114.0,7.125,11.218289,238.895416,59804800.03356899,62054980.039597,6894997.782177,19844598.333071,375.986099,1464832.06749,1988842.010498,397768.4021,610272.6824,238.895416,59804800.03356899,62054980.039597,4136998.669306,15403173.548409,1.837081,3.333333,2.0,26.0,12.0,0.0,0.0,0.0,0.0,0.0,0.0,2250180.006027,2250180.006027,2250180.006027,2250180.006027,0.0,59804800.03356899,59804800.03356899,59804800.03356899,59804800.03356899,0.0,64240,26847,502,MQTT_Publish
S0311,32180,21,tcp,-,1e-06,1,1,1,0,1048576.0,1048576.0,2097152.0,1.0,20,20,20,20,20,20,0,1,1,0,0,1,0,0,0,0,120.0,120.0,120.0,120.0,0.0,0.0,0.0,0.0,0.0,0.0,0.0,120.0,120.0,60.0,84.852814,0.0,0.0,0.0,0.0,0.0,0.0,0.0,0.0,0.0,0.0,0.953674,0.953674,0.953674,0.953674,0.0,125829120.0,1.0,1.0,120.0,0.0,0.0,0.0,0.0,0.0,0.0,0.0,0.953674,0.953674,0.953674,0.953674,0.0,0.0,0.0,0.0,0.0,0.0,64,0,64,DOS_SYN_Hping
S0312,17852,21,tcp,-,0.0,1,0,1,0,0.0,0.0,0.0,0.0,20,20,20,0,0,0,0,1,0,0,0,0,0,0,0,0,120.0,120.0,120.0,120.0,0.0,0.0,0.0,0.0,0.0,0.0,120.0,120.0,120.0,120.0,0.0,0.0,0.0,0.0,0.0,0.0,0.0,0.0,0.0,0.0,0.0,0.0,0.0,0.0,0.0,0.0,0.0,1.0,0.0,120.0,0.0,0.0,0.0,0.0,0.0,0.0,0.0,0.0,0.0,0.0,0.0,0.0,0.0,0.0,0.0,0.0,0.0,64,0,64,DOS_SYN_Hping
S0313,34201,21,tcp,-,5e-06,1,1,1,0,199728.761905,199728.761905,399457.52381,1.0,20,20,20,20,20,20,0,1,1,0,0,1,0,0,0,0,120.0,120.0,120.0,120.0,0.0,0.0,0.0,0.0,0.0,0.0,0.0,120.0,120.0,60.0,84.852814,0.0,0.0,0.0,0.0,0.0,0.0,0.0,0.0,0.0,0.0,5.0067900000000005,5.0067900000000005,5.0067900000000005,5.0067900000000005,0.0,23967451.428571,1.0,1.0,120.0,0.0,0.0,0.0,0.0,0.0,0.0,0.0,5.0067900000000005,5.0067900000000005,5.0067900000000005,5.0067900000000005,0.0,0.0,0.0,0.0,0.0,0.0,64,0,64,DOS_SYN_Hping
S0314,50079,49182,udp,-,0.0,1,0,1,0,0.0,0.0,0.0,0.0,8,8,8,0,0,0,0,0,0,0,0,0,0,0,0,0,40.0,40.0,40.0,40.0,0.0,0.0,0.0,0.0,0.0,0.0,40.0,40.0,40.0,40.0,0.0,0.0,0.0,0.0,0.0,0.0,0.0,0.0,0.0,0.0,0.0,0.0,0.0,0.0,0.0,0.0,0.0,1.0,0.0,40.0,0.0,0.0,0.0,0.0,0.0,0.0,0.0,0.0,0.0,0.0,0.0,0.0,0.0,0.0,0.0,0.0,0.0,0,0,0,NMAP_UDP_SCAN
S0315,581,21,tcp,-,0.0,1,0,1,0,0.0,0.0,0.0,0.0,20,20,20,0,0,0,0,1,0,0,0,0,0,0,0,0,120.0,120.0,120.0,120.0,0.0,0.0,0.0,0.0,0.0,0.0,120.0,120.0,120.0,120.0,0.0,0.0,0.0,0.0,0.0,0.0,0.0,0.0,0.0,0.0,0.0,0.0,0.0,0.0,0.0,0.0,0.0,1.0,0.0,120.0,0.0,0.0,0.0,0.0,0.0,0.0,0.0,0.0,0.0,0.0,0.0,0.0,0.0,0.0,0.0,0.0,0.0,64,0,64,DOS_SYN_Hping
S0316,37950,21,tcp,-,4e-06,1,1,1,0,246723.764706,246723.764706,493447.529412,1.0,20,20,20,20,20,20,0,1,1,0,0,1,0,0,0,0,120.0,120.0,120.0,120.0,0.0,0.0,0.0,0.0,0.0,0.0,0.0,120.0,120.0,60.0,84.852814,0.0,0.0,0.0,0.0,0.0,0.0,0.0,0.0,0.0,0.0,4.053116,4.053116,4.053116,4.053116,0.0,29606851.764706,1.0,1.0,120.0,0.0,0.0,0.0,0.0,0.0,0.0,0.0,4.053116,4.053116,4.053116,4.053116,0.0,0.0,0.0,0.0,0.0,0.0,64,0,64,DOS_SYN_Hping
S0317,38257,21,tcp,-,5e-06,1,1,1,0,199728.761905,199728.761905,399457.52381,1.0,20,20,20,20,20,20,0,1,1,0,0,1,0,0,0,0,120.0,120.0,120.0,120.0,0.0,0.0,0.0,0.0,0.0,0.0,0.0,120.0,120.0,60.0,84.852814,0.0,0.0,0.0,0.0,0.0,0.0,0.0,0.0,0.0,0.0,5.0067900000000005,5.0067900000000005,5.0067900000000005,5.0067900000000005,0.0,23967451.428571,1.0,1.0,120.0,0.0,0.0,0.0,0.0,0.0,0.0,0.0,5.0067900000000005,5.0067900000000005,5.0067900000000005,5.0067900000000005,0.0,0.0,0.0,0.0,0.0,0.0,64,0,64,DOS_SYN_Hping
S0318,19459,21,tcp,-,4e-06,1,1,1,0,246723.764706,246723.764706,493447.529412,1.0,20,20,20,20,20,20,0,1,1,0,0,1,0,0,0,0,120.0,120.0,120.0,120.0,0.0,0.0,0.0,0.0,0.0,0.0,0.0,120.0,120.0,60.0,84.852814,0.0,0.0,0.0,0.0,0.0,0.0,0.0,0.0,0.0,0.0,4.053116,4.053116,4.053116,4.053116,0.0,29606851.764706,1.0,1.0,120.0,0.0,0.0,0.0,0.0,0.0,0.0,0.0,4.053116,4.053116,4.053116,4.053116,0.0,0.0,0.0,0.0,0.0,0.0,64,0,64,DOS_SYN_Hping
S0319,46690,21,tcp,-,3e-06,1,1,1,0,322638.769231,322638.769231,645277.538462,1.0,20,20,20,20,20,20,0,1,1,0,0,1,0,0,0,0,120.0,120.0,120.0,120.0,0.0,0.0,0.0,0.0,0.0,0.0,0.0,120.0,120.0,60.0,84.852814,0.0,0.0,0.0,0.0,0.0,0.0,0.0,0.0,0.0,0.0,3.099442,3.099442,3.099442,3.099442,0.0,38716652.307692,1.0,1.0,120.0,0.0,0.0,0.0,0.0,0.0,0.0,0.0,3.099442,3.099442,3.099442,3.099442,0.0,0.0,0.0,0.0,0.0,0.0,64,0,64,DOS_SYN_Hping
S0320,33530,80,tcp,http,0.873508,8,6,2,2,9.158474,6.868855,16.027329,0.75,264,32,40,200,32,40,2,2,0,2,2,13,0,0,0,0,0.0,169.0,215.0,26.875,59.640440000000005,0.0,535.0,538.0,89.666667,218.171187,0.0,535.0,753.0,53.785714,145.8161,92.029572,308994.7701,875549.078,125078.4397,155479.6093,56.982040000000005,284184.9327,593518.9724,118703.7945,150779.5918,56.982040000000005,280429.8401,875549.078,67349.92908,121556.1284,862.0413550000001,8.0,6.0,215.0,538.0,0.0,0.0,0.0,0.0,0.0,0.0,875549.078,875549.078,875549.078,875549.078,0.0,0.0,0.0,0.0,0.0,0.0,64240,26847,501,Thing_Speak
S0321,60234,21,tcp,-,4e-06,1,1,1,0,262144.0,262144.0,524288.0,1.0,20,20,20,20,20,20,0,1,1,0,0,1,0,0,0,0,120.0,120.0,120.0,120.0,0.0,0.0,0.0,0.0,0.0,0.0,0.0,120.0,120.0,60.0,84.852814,0.0,0.0,0.0,0.0,0.0,0.0,0.0,0.0,0.0,0.0,3.814697,3.814697,3.814697,3.814697,0.0,31457280.0,1.0,1.0,120.0,0.0,0.0,0.0,0.0,0.0,0.0,0.0,3.814697,3.814697,3.814697,3.814697,0.0,0.0,0.0,0.0,0.0,0.0,64,0,64,DOS_SYN_Hping
S0322,443,21,tcp,-,1e-06,1,1,1,0,1048576.0,1048576.0,2097152.0,1.0,20,20,20,20,20,20,0,1,1,0,0,1,0,0,0,0,120.0,120.0,120.0,120.0,0.0,0.0,0.0,0.0,0.0,0.0,0.0,120.0,120.0,60.0,84.852814,0.0,0.0,0.0,0.0,0.0,0.0,0.0,0.0,0.0,0.0,0.953674,0.953674,0.953674,0.953674,0.0,125829120.0,1.0,1.0,120.0,0.0,0.0,0.0,0.0,0.0,0.0,0.0,0.953674,0.953674,0.953674,0.953674,0.0,0.0,0.0,0.0,0.0,0.0,64,0,64,DOS_SYN_Hping
S0323,58057,21,tcp,-,1e-06,1,1,1,0,1048576.0,1048576.0,2097152.0,1.0,20,20,20,20,20,20,0,1,1,0,0,1,0,0,0,0,120.0,120.0,120.0,120.0,0.0,0.0,0.0,0.0,0.0,0.0,0.0,120.0,120.0,60.0,84.852814,0.0,0.0,0.0,0.0,0.0,0.0,0.0,0.0,0.0,0.0,0.953674,0.953674,0.953674,0.953674,0.0,125829120.0,1.0,1.0,120.0,0.0,0.0,0.0,0.0,0.0,0.0,0.0,0.953674,0.953674,0.953674,0.953674,0.0,0.0,0.0,0.0,0.0,0.0,64,0,64,DOS_SYN_Hping
S0324,38615,53,udp,dns,0.0002379999999999,2,2,2,2,8405.418838,8405.418838,16810.837675,1.0,16,8,8,16,8,8,0,0,0,0,0,0,0,0,0,0,51.0,51.0,102.0,51.0,0.0,107.0,203.0,310.0,155.0,67.882251,51.0,203.0,412.0,103.0,71.703092,8.821487,8.821487,8.821487,8.821487,0.0,95.129013,95.129013,95.129013,95.129013,0.0,8.821487,133.991241,237.941742,79.313914,64.066019,1731516.280561,2.0,2.0,102.0,310.0,0.0,0.0,0.0,0.0,0.0,0.0,237.941742,237.941742,237.941742,237.941742,0.0,0.0,0.0,0.0,0.0,0.0,0,0,0,ARP_poisioning
S0325,22853,21,tcp,-,2e-06,1,1,1,0,524288.0,524288.0,1048576.0,1.0,20,20,20,20,20,20,0,1,1,0,0,1,0,0,0,0,120.0,120.0,120.0,120.0,0.0,0.0,0.0,0.0,0.0,0.0,0.0,120.0,120.0,60.0,84.852814,0.0,0.0,0.0,0.0,0.0,0.0,0.0,0.0,0.0,0.0,1.907349,1.907349,1.907349,1.907349,0.0,62914560.0,1.0,1.0,120.0,0.0,0.0,0.0,0.0,0.0,0.0,0.0,1.907349,1.907349,1.907349,1.907349,0.0,0.0,0.0,0.0,0.0,0.0,64,0,64,DOS_SYN_Hping
S0326,37278,21,tcp,-,1e-06,1,1,1,0,838860.8,838860.8,1677721.6,1.0,20,20,20,20,20,20,0,1,1,0,0,1,0,0,0,0,120.0,120.0,120.0,120.0,0.0,0.0,0.0,0.0,0.0,0.0,0.0,120.0,120.0,60.0,84.852814,0.0,0.0,0.0,0.0,0.0,0.0,0.0,0.0,0.0,0.0,1.192093,1.192093,1.192093,1.192093,0.0,100663296.0,1.0,1.0,120.0,0.0,0.0,0.0,0.0,0.0,0.0,0.0,1.192093,1.192093,1.192093,1.192093,0.0,0.0,0.0,0.0,0.0,0.0,64,0,64,DOS_SYN_Hping
S0327,37026,21,tcp,-,1e-06,1,1,1,0,1048576.0,1048576.0,2097152.0,1.0,20,20,20,20,20,20,0,1,1,0,0,1,0,0,0,0,120.0,120.0,120.0,120.0,0.0,0.0,0.0,0.0,0.0,0.0,0.0,120.0,120.0,60.0,84.852814,0.0,0.0,0.0,0.0,0.0,0.0,0.0,0.0,0.0,0.0,0.953674,0.953674,0.953674,0.953674,0.0,125829120.0,1.0,1.0,120.0,0.0,0.0,0.0,0.0,0.0,0.0,0.0,0.953674,0.953674,0.953674,0.953674,0.0,0.0,0.0,0.0,0.0,0.0,64,0,64,DOS_SYN_Hping
S0328,24948,21,tcp,-,4e-06,1,1,1,0,262144.0,262144.0,524288.0,1.0,20,20,20,20,20,20,0,1,1,0,0,1,0,0,0,0,120.0,120.0,120.0,120.0,0.0,0.0,0.0,0.0,0.0,0.0,0.0,120.0,120.0,60.0,84.852814,0.0,0.0,0.0,0.0,0.0,0.0,0.0,0.0,0.0,0.0,3.814697,3.814697,3.814697,3.814697,0.0,31457280.0,1.0,1.0,120.0,0.0,0.0,0.0,0.0,0.0,0.0,0.0,3.814697,3.814697,3.814697,3.814697,0.0,0.0,0.0,0.0,0.0,0.0,64,0,64,DOS_SYN_Hping
S0329,20588,21,tcp,-,5e-06,1,1,1,0,199728.761905,199728.761905,399457.52381,1.0,20,20,20,20,20,20,0,1,1,0,0,1,0,0,0,0,120.0,120.0,120.0,120.0,0.0,0.0,0.0,0.0,0.0,0.0,0.0,120.0,120.0,60.0,84.852814,0.0,0.0,0.0,0.0,0.0,0.0,0.0,0.0,0.0,0.0,5.0067900000000005,5.0067900000000005,5.0067900000000005,5.0067900000000005,0.0,23967451.428571,1.0,1.0,120.0,0.0,0.0,0.0,0.0,0.0,0.0,0.0,5.0067900000000005,5.0067900000000005,5.0067900000000005,5.0067900000000005,0.0,0.0,0.0,0.0,0.0,0.0,64,0,64,DOS_SYN_Hping
S0330,12776,21,tcp,-,1e-06,1,1,1,0,1048576.0,1048576.0,2097152.0,1.0,20,20,20,20,20,20,0,1,1,0,0,1,0,0,0,0,120.0,120.0,120.0,120.0,0.0,0.0,0.0,0.0,0.0,0.0,0.0,120.0,120.0,60.0,84.852814,0.0,0.0,0.0,0.0,0.0,0.0,0.0,0.0,0.0,0.0,0.953674,0.953674,0.953674,0.953674,0.0,125829120.0,1.0,1.0,120.0,0.0,0.0,0.0,0.0,0.0,0.0,0.0,0.953674,0.953674,0.953674,0.953674,0.0,0.0,0.0,0.0,0.0,0.0,64,0,64,DOS_SYN_Hping
S0331,41649,21,tcp,-,5e-06,1,1,1,0,199728.761905,199728.761905,399457.52381,1.0,20,20,20,20,20,20,0,1,1,0,0,1,0,0,0,0,120.0,120.0,120.0,120.0,0.0,0.0,0.0,0.0,0.0,0.0,0.0,120.0,120.0,60.0,84.852814,0.0,0.0,0.0,0.0,0.0,0.0,0.0,0.0,0.0,0.0,5.0067900000000005,5.0067900000000005,5.0067900000000005,5.0067900000000005,0.0,23967451.428571,1.0,1.0,120.0,0.0,0.0,0.0,0.0,0.0,0.0,0.0,5.0067900000000005,5.0067900000000005,5.0067900000000005,5.0067900000000005,0.0,0.0,0.0,0.0,0.0,0.0,64,0,64,DOS_SYN_Hping
S0332,35957,21,tcp,-,6e-06,1,1,1,0,161319.38461500002,161319.38461500002,322638.769231,1.0,20,20,20,20,20,20,0,1,1,0,0,1,0,0,0,0,120.0,120.0,120.0,120.0,0.0,0.0,0.0,0.0,0.0,0.0,0.0,120.0,120.0,60.0,84.852814,0.0,0.0,0.0,0.0,0.0,0.0,0.0,0.0,0.0,0.0,6.198883,6.198883,6.198883,6.198883,0.0,19358326.153846,1.0,1.0,120.0,0.0,0.0,0.0,0.0,0.0,0.0,0.0,6.198883,6.198883,6.198883,6.198883,0.0,0.0,0.0,0.0,0.0,0.0,64,0,64,DOS_SYN_Hping
S0333,53577,21,tcp,-,0.0,1,0,1,0,0.0,0.0,0.0,0.0,20,20,20,0,0,0,0,1,0,0,0,0,0,0,0,0,120.0,120.0,120.0,120.0,0.0,0.0,0.0,0.0,0.0,0.0,120.0,120.0,120.0,120.0,0.0,0.0,0.0,0.0,0.0,0.0,0.0,0.0,0.0,0.0,0.0,0.0,0.0,0.0,0.0,0.0,0.0,1.0,0.0,120.0,0.0,0.0,0.0,0.0,0.0,0.0,0.0,0.0,0.0,0.0,0.0,0.0,0.0,0.0,0.0,0.0,0.0,64,0,64,DOS_SYN_Hping
S0334,46185,53,udp,dns,0.051,2,2,2,2,39.215779,39.215779,78.431557,1.0,16,8,8,16,8,8,0,0,0,0,0,0,0,0,0,0,32.0,32.0,64.0,32.0,0.0,32.0,64.0,96.0,48.0,22.627417,32.0,64.0,160.0,40.0,16.0,246.047974,246.047974,246.047974,246.047974,0.0,49754.85802,49754.85802,49754.85802,49754.85802,0.0,246.047974,49754.85802,50999.87984,16999.95995,28369.07181,3137.262294,2.0,2.0,64.0,96.0,0.0,0.0,0.0,0.0,0.0,0.0,50999.87984,50999.87984,50999.87984,50999.87984,0.0,0.0,0.0,0.0,0.0,0.0,0,0,0,Thing_Speak
S0335,39131,21,tcp,-,1e-06,1,1,1,0,1048576.0,1048576.0,2097152.0,1.0,20,20,20,20,20,20,0,1,1,0,0,1,0,0,0,0,120.0,120.0,120.0,120.0,0.0,0.0,0.0,0.0,0.0,0.0,0.0,120.0,120.0,60.0,84.852814,0.0,0.0,0.0,0.0,0.0,0.0,0.0,0.0,0.0,0.0,0.953674,0.953674,0.953674,0.953674,0.0,125829120.0,1.0,1.0,120.0,0.0,0.0,0.0,0.0,0.0,0.0,0.0,0.953674,0.953674,0.953674,0.953674,0.0,0.0,0.0,0.0,0.0,0.0,64,0,64,DOS_SYN_Hping
S0336,16290,21,tcp,-,4e-06,1,1,1,0,246723.764706,246723.764706,493447.529412,1.0,20,20,20,20,20,20,0,1,1,0,0,1,0,0,0,0,120.0,120.0,120.0,120.0,0.0,0.0,0.0,0.0,0.0,0.0,0.0,120.0,120.0,60.0,84.852814,0.0,0.0,0.0,0.0,0.0,0.0,0.0,0.0,0.0,0.0,4.053116,4.053116,4.053116,4.053116,0.0,29606851.764706,1.0,1.0,120.0,0.0,0.0,0.0,0.0,0.0,0.0,0.0,4.053116,4.053116,4.053116,4.053116,0.0,0.0,0.0,0.0,0.0,0.0,64,0,64,DOS_SYN_Hping
S0337,12743,21,tcp,-,2e-06,1,1,1,0,524288.0,524288.0,1048576.0,1.0,20,20,20,20,20,20,0,1,1,0,0,1,0,0,0,0,120.0,120.0,120.0,120.0,0.0,0.0,0.0,0.0,0.0,0.0,0.0,120.0,120.0,60.0,84.852814,0.0,0.0,0.0,0.0,0.0,0.0,0.0,0.0,0.0,0.0,1.907349,1.907349,1.907349,1.907349,0.0,62914560.0,1.0,1.0,120.0,0.0,0.0,0.0,0.0,0.0,0.0,0.0,1.907349,1.907349,1.907349,1.907349,0.0,0.0,0.0,0.0,0.0,0.0,64,0,64,DOS_SYN_Hping
S0338,29776,21,tcp,-,0.0,1,0,1,0,0.0,0.0,0.0,0.0,20,20,20,0,0,0,0,1,0,0,0,0,0,0,0,0,120.0,120.0,120.0,120.0,0.0,0.0,0.0,0.0,0.0,0.0,120.0,120.0,120.0,120.0,0.0,0.0,0.0,0.0,0.0,0.0,0.0,0.0,0.0,0.0,0.0,0.0,0.0,0.0,0.0,0.0,0.0,1.0,0.0,120.0,0.0,0.0,0.0,0.0,0.0,0.0,0.0,0.0,0.0,0.0,0.0,0.0,0.0,0.0,0.0,0.0,0.0,64,0,64,DOS_SYN_Hping
S0339,12284,21,tcp,-,1e-06,1,1,1,0,838860.8,838860.8,1677721.6,1.0,20,20,20,20,20,20,0,1,1,0,0,1,0,0,0,0,120.0,120.0,120.0,120.0,0.0,0.0,0.0,0.0,0.0,0.0,0.0,120.0,120.0,60.0,84.852814,0.0,0.0,0.0,0.0,0.0,0.0,0.0,0.0,0.0,0.0,1.192093,1.192093,1.192093,1.192093,0.0,100663296.0,1.0,1.0,120.0,0.0,0.0,0.0,0.0,0.0,0.0,0.0,1.192093,1.192093,1.192093,1.192093,0.0,0.0,0.0,0.0,0.0,0.0,64,0,64,DOS_SYN_Hping
S0340,40805,21,tcp,-,2e-06,1,1,1,0,524288.0,524288.0,1048576.0,1.0,20,20,20,20,20,20,0,1,1,0,0,1,0,0,0,0,120.0,120.0,120.0,120.0,0.0,0.0,0.0,0.0,0.0,0.0,0.0,120.0,120.0,60.0,84.852814,0.0,0.0,0.0,0.0,0.0,0.0,0.0,0.0,0.0,0.0,1.907349,1.907349,1.907349,1.907349,0.0,62914560.0,1.0,1.0,120.0,0.0,0.0,0.0,0.0,0.0,0.0,0.0,1.907349,1.907349,1.907349,1.907349,0.0,0.0,0.0,0.0,0.0,0.0,64,0,64,DOS_SYN_Hping
S0341,53703,21,tcp,-,4e-06,1,1,1,0,246723.764706,246723.764706,493447.529412,1.0,20,20,20,20,20,20,0,1,1,0,0,1,0,0,0,0,120.0,120.0,120.0,120.0,0.0,0.0,0.0,0.0,0.0,0.0,0.0,120.0,120.0,60.0,84.852814,0.0,0.0,0.0,0.0,0.0,0.0,0.0,0.0,0.0,0.0,4.053116,4.053116,4.053116,4.053116,0.0,29606851.764706,1.0,1.0,120.0,0.0,0.0,0.0,0.0,0.0,0.0,0.0,4.053116,4.053116,4.053116,4.053116,0.0,0.0,0.0,0.0,0.0,0.0,64,0,64,DOS_SYN_Hping
S0342,4505,21,tcp,-,5e-06,1,1,1,0,199728.761905,199728.761905,399457.52381,1.0,20,20,20,20,20,20,0,1,1,0,0,1,0,0,0,0,120.0,120.0,120.0,120.0,0.0,0.0,0.0,0.0,0.0,0.0,0.0,120.0,120.0,60.0,84.852814,0.0,0.0,0.0,0.0,0.0,0.0,0.0,0.0,0.0,0.0,5.0067900000000005,5.0067900000000005,5.0067900000000005,5.0067900000000005,0.0,23967451.428571,1.0,1.0,120.0,0.0,0.0,0.0,0.0,0.0,0.0,0.0,5.0067900000000005,5.0067900000000005,5.0067900000000005,5.0067900000000005,0.0,0.0,0.0,0.0,0.0,0.0,64,0,64,DOS_SYN_Hping
S0343,41175,21,tcp,-,4e-06,1,1,1,0,246723.764706,246723.764706,493447.529412,1.0,20,20,20,20,20,20,0,1,1,0,0,1,0,0,0,0,120.0,120.0,120.0,120.0,0.0,0.0,0.0,0.0,0.0,0.0,0.0,120.0,120.0,60.0,84.852814,0.0,0.0,0.0,0.0,0.0,0.0,0.0,0.0,0.0,0.0,4.053116,4.053116,4.053116,4.053116,0.0,29606851.764706,1.0,1.0,120.0,0.0,0.0,0.0,0.0,0.0,0.0,0.0,4.053116,4.053116,4.053116,4.053116,0.0,0.0,0.0,0.0,0.0,0.0,64,0,64,DOS_SYN_Hping
S0344,18398,21,tcp,-,1e-06,1,1,1,0,1048576.0,1048576.0,2097152.0,1.0,20,20,20,20,20,20,0,1,1,0,0,1,0,0,0,0,120.0,120.0,120.0,120.0,0.0,0.0,0.0,0.0,0.0,0.0,0.0,120.0,120.0,60.0,84.852814,0.0,0.0,0.0,0.0,0.0,0.0,0.0,0.0,0.0,0.0,0.953674,0.953674,0.953674,0.953674,0.0,125829120.0,1.0,1.0,120.0,0.0,0.0,0.0,0.0,0.0,0.0,0.0,0.953674,0.953674,0.953674,0.953674,0.0,0.0,0.0,0.0,0.0,0.0,64,0,64,DOS_SYN_Hping
S0345,42942,21,tcp,-,1e-06,1,1,1,0,838860.8,838860.8,1677721.6,1.0,20,20,20,20,20,20,0,1,1,0,0,1,0,0,0,0,120.0,120.0,120.0,120.0,0.0,0.0,0.0,0.0,0.0,0.0,0.0,120.0,120.0,60.0,84.852814,0.0,0.0,0.0,0.0,0.0,0.0,0.0,0.0,0.0,0.0,1.192093,1.192093,1.192093,1.192093,0.0,100663296.0,1.0,1.0,120.0,0.0,0.0,0.0,0.0,0.0,0.0,0.0,1.192093,1.192093,1.192093,1.192093,0.0,0.0,0.0,0.0,0.0,0.0,64,0,64,DOS_SYN_Hping
S0346,50183,53,udp,dns,0.028029,2,2,2,2,71.35475699999999,71.35475699999999,142.70951499999998,1.0,16,8,8,16,8,8,0,0,0,0,0,0,0,0,0,0,32.0,32.0,64.0,32.0,0.0,32.0,64.0,96.0,48.0,22.627417,32.0,64.0,160.0,40.0,16.0,228.881836,228.881836,228.881836,228.881836,0.0,26832.103730000003,26832.103730000003,26832.103730000003,26832.103730000003,0.0,228.881836,26832.103730000003,28028.965,9342.988332,15150.52588,5708.380599,2.0,2.0,64.0,96.0,0.0,0.0,0.0,0.0,0.0,0.0,28028.965,28028.965,28028.965,28028.965,0.0,0.0,0.0,0.0,0.0,0.0,0,0,0,Thing_Speak
S0347,20077,21,tcp,-,4e-06,1,1,1,0,246723.764706,246723.764706,493447.529412,1.0,20,20,20,20,20,20,0,1,1,0,0,1,0,0,0,0,120.0,120.0,120.0,120.0,0.0,0.0,0.0,0.0,0.0,0.0,0.0,120.0,120.0,60.0,84.852814,0.0,0.0,0.0,0.0,0.0,0.0,0.0,0.0,0.0,0.0,4.053116,4.053116,4.053116,4.053116,0.0,29606851.764706,1.0,1.0,120.0,0.0,0.0,0.0,0.0,0.0,0.0,0.0,4.053116,4.053116,4.053116,4.053116,0.0,0.0,0.0,0.0,0.0,0.0,64,0,64,DOS_SYN_Hping
S0348,51187,21,tcp,-,4e-06,1,1,1,0,246723.764706,246723.764706,493447.529412,1.0,20,20,20,20,20,20,0,1,1,0,0,1,0,0,0,0,120.0,120.0,120.0,120.0,0.0,0.0,0.0,0.0,0.0,0.0,0.0,120.0,120.0,60.0,84.852814,0.0,0.0,0.0,0.0,0.0,0.0,0.0,0.0,0.0,0.0,4.053116,4.053116,4.053116,4.053116,0.0,29606851.764706,1.0,1.0,120.0,0.0,0.0,0.0,0.0,0.0,0.0,0.0,4.053116,4.053116,4.053116,4.053116,0.0,0.0,0.0,0.0,0.0,0.0,64,0,64,DOS_SYN_Hping
S0349,31789,21,tcp,-,4e-06,1,1,1,0,262144.0,262144.0,524288.0,1.0,20,20,20,20,20,20,0,1,1,0,0,1,0,0,0,0,120.0,120.0,120.0,120.0,0.0,0.0,0.0,0.0,0.0,0.0,0.0,120.0,120.0,60.0,84.852814,0.0,0.0,0.0,0.0,0.0,0.0,0.0,0.0,0.0,0.0,3.814697,3.814697,3.814697,3.814697,0.0,31457280.0,1.0,1.0,120.0,0.0,0.0,0.0,0.0,0.0,0.0,0.0,3.814697,3.814697,3.814697,3.814697,0.0,0.0,0.0,0.0,0.0,0.0,64,0,64,DOS_SYN_Hping
S0350,55734,21,tcp,-,1e-06,1,1,1,0,1048576.0,1048576.0,2097152.0,1.0,20,20,20,20,20,20,0,1,1,0,0,1,0,0,0,0,120.0,120.0,120.0,120.0,0.0,0.0,0.0,0.0,0.0,0.0,0.0,120.0,120.0,60.0,84.852814,0.0,0.0,0.0,0.0,0.0,0.0,0.0,0.0,0.0,0.0,0.953674,0.953674,0.953674,0.953674,0.0,125829120.0,1.0,1.0,120.0,0.0,0.0,0.0,0.0,0.0,0.0,0.0,0.953674,0.953674,0.953674,0.953674,0.0,0.0,0.0,0.0,0.0,0.0,64,0,64,DOS_SYN_Hping
S0351,51036,1100,tcp,-,6e-06,1,1,0,0,167772.16,167772.16,335544.32,1.0,20,20,20,20,20,20,0,0,1,0,0,1,0,0,0,0,0.0,0.0,0.0,0.0,0.0,0.0,0.0,0.0,0.0,0.0,0.0,0.0,0.0,0.0,0.0,0.0,0.0,0.0,0.0,0.0,0.0,0.0,0.0,0.0,0.0,5.960464,5.960464,5.960464,5.960464,0.0,0.0,1.0,1.0,0.0,0.0,0.0,0.0,0.0,0.0,0.0,0.0,5.960464,5.960464,5.960464,5.960464,0.0,0.0,0.0,0.0,0.0,0.0,1024,0,1024,NMAP_OS_DETECTION
S0352,47261,21,tcp,-,5e-06,1,1,1,0,199728.761905,199728.761905,399457.52381,1.0,20,20,20,20,20,20,0,1,1,0,0,1,0,0,0,0,120.0,120.0,120.0,120.0,0.0,0.0,0.0,0.0,0.0,0.0,0.0,120.0,120.0,60.0,84.852814,0.0,0.0,0.0,0.0,0.0,0.0,0.0,0.0,0.0,0.0,5.0067900000000005,5.0067900000000005,5.0067900000000005,5.0067900000000005,0.0,23967451.428571,1.0,1.0,120.0,0.0,0.0,0.0,0.0,0.0,0.0,0.0,5.0067900000000005,5.0067900000000005,5.0067900000000005,5.0067900000000005,0.0,0.0,0.0,0.0,0.0,0.0,64,0,64,DOS_SYN_Hping
S0353,51036,32773,tcp,-,7.000000000000001e-06,1,1,0,0,139810.133333,139810.133333,279620.266667,1.0,20,20,20,20,20,20,0,0,1,0,0,1,0,0,0,0,0.0,0.0,0.0,0.0,0.0,0.0,0.0,0.0,0.0,0.0,0.0,0.0,0.0,0.0,0.0,0.0,0.0,0.0,0.0,0.0,0.0,0.0,0.0,0.0,0.0,7.152557000000001,7.152557000000001,7.152557000000001,7.152557000000001,0.0,0.0,1.0,1.0,0.0,0.0,0.0,0.0,0.0,0.0,0.0,0.0,7.152557000000001,7.152557000000001,7.152557000000001,7.152557000000001,0.0,0.0,0.0,0.0,0.0,0.0,1024,0,1024,NMAP_OS_DETECTION
S0354,57032,21,tcp,-,4e-06,1,1,1,0,246723.764706,246723.764706,493447.529412,1.0,20,20,20,20,20,20,0,1,1,0,0,1,0,0,0,0,120.0,120.0,120.0,120.0,0.0,0.0,0.0,0.0,0.0,0.0,0.0,120.0,120.0,60.0,84.852814,0.0,0.0,0.0,0.0,0.0,0.0,0.0,0.0,0.0,0.0,4.053116,4.053116,4.053116,4.053116,0.0,29606851.764706,1.0,1.0,120.0,0.0,0.0,0.0,0.0,0.0,0.0,0.0,4.053116,4.053116,4.053116,4.053116,0.0,0.0,0.0,0.0,0.0,0.0,64,0,64,DOS_SYN_Hping
S0355,14772,21,tcp,-,1e-06,1,1,1,0,838860.8,838860.8,1677721.6,1.0,20,20,20,20,20,20,0,1,1,0,0,1,0,0,0,0,120.0,120.0,120.0,120.0,0.0,0.0,0.0,0.0,0.0,0.0,0.0,120.0,120.0,60.0,84.852814,0.0,0.0,0.0,0.0,0.0,0.0,0.0,0.0,0.0,0.0,1.192093,1.192093,1.192093,1.192093,0.0,100663296.0,1.0,1.0,120.0,0.0,0.0,0.0,0.0,0.0,0.0,0.0,1.192093,1.192093,1.192093,1.192093,0.0,0.0,0.0,0.0,0.0,0.0,64,0,64,DOS_SYN_Hping
S0356,57964,443,tcp,ssl,1.496974,14,12,3,9,9.3522,8.016171,17.368371,0.857143,432,20,40,392,32,40,2,2,2,3,6,23,0,0,0,0,0.0,517.0,840.0,60.0,144.534798,0.0,1352.0,6186.0,515.5,596.6452429999999,0.0,1352.0,7026.0,270.230769,470.236392,241.994858,290048.1224,1499375.105,115336.5465,135128.6648,37.908554,369743.1087,1226073.98,111461.2709,156002.565,37.908554,287948.1316,1499375.105,59975.0042,110908.133,4693.468317,14.0,12.0,840.0,6186.0,0.0,4548.0,0.0,5.0,0.0,2805661.802,1499375.105,1499375.105,1499375.105,1499375.105,0.0,0.0,0.0,0.0,0.0,0.0,64240,26847,0,Thing_Speak
S0357,12950,21,tcp,-,4e-06,1,1,1,0,246723.764706,246723.764706,493447.529412,1.0,20,20,20,20,20,20,0,1,1,0,0,1,0,0,0,0,120.0,120.0,120.0,120.0,0.0,0.0,0.0,0.0,0.0,0.0,0.0,120.0,120.0,60.0,84.852814,0.0,0.0,0.0,0.0,0.0,0.0,0.0,0.0,0.0,0.0,4.053116,4.053116,4.053116,4.053116,0.0,29606851.764706,1.0,1.0,120.0,0.0,0.0,0.0,0.0,0.0,0.0,0.0,4.053116,4.053116,4.053116,4.053116,0.0,0.0,0.0,0.0,0.0,0.0,64,0,64,DOS_SYN_Hping
S0358,47779,21,tcp,-,1e-06,1,1,1,0,1048576.0,1048576.0,2097152.0,1.0,20,20,20,20,20,20,0,1,1,0,0,1,0,0,0,0,120.0,120.0,120.0,120.0,0.0,0.0,0.0,0.0,0.0,0.0,0.0,120.0,120.0,60.0,84.852814,0.0,0.0,0.0,0.0,0.0,0.0,0.0,0.0,0.0,0.0,0.953674,0.953674,0.953674,0.953674,0.0,125829120.0,1.0,1.0,120.0,0.0,0.0,0.0,0.0,0.0,0.0,0.0,0.953674,0.953674,0.953674,0.953674,0.0,0.0,0.0,0.0,0.0,0.0,64,0,64,DOS_SYN_Hping
S0359,51741,53,udp,dns,0.047437,2,2,2,2,42.161224,42.161224,84.322449,1.0,16,8,8,16,8,8,0,0,0,0,0,0,0,0,0,0,36.0,36.0,72.0,36.0,0.0,36.0,68.0,104.0,52.0,22.627417,36.0,68.0,176.0,44.0,16.0,47235.96573,47235.96573,47235.96573,47235.96573,0.0,2146.959305,2146.959305,2146.959305,2146.959305,0.0,200.986862,45289.99329,47436.95259,15812.317530000002,25543.32143,3710.187742,2.0,2.0,72.0,104.0,0.0,0.0,0.0,0.0,0.0,0.0,47436.95259,47436.95259,47436.95259,47436.95259,0.0,0.0,0.0,0.0,0.0,0.0,0,0,0,Thing_Speak
S0360,6808,21,tcp,-,4e-06,1,1,1,0,246723.764706,246723.764706,493447.529412,1.0,20,20,20,20,20,20,0,1,1,0,0,1,0,0,0,0,120.0,120.0,120.0,120.0,0.0,0.0,0.0,0.0,0.0,0.0,0.0,120.0,120.0,60.0,84.852814,0.0,0.0,0.0,0.0,0.0,0.0,0.0,0.0,0.0,0.0,4.053116,4.053116,4.053116,4.053116,0.0,29606851.764706,1.0,1.0,120.0,0.0,0.0,0.0,0.0,0.0,0.0,0.0,4.053116,4.053116,4.053116,4.053116,0.0,0.0,0.0,0.0,0.0,0.0,64,0,64,DOS_SYN_Hping
S0361,53199,21,tcp,-,0.0,1,0,1,0,0.0,0.0,0.0,0.0,20,20,20,0,0,0,0,1,0,0,0,0,0,0,0,0,120.0,120.0,120.0,120.0,0.0,0.0,0.0,0.0,0.0,0.0,120.0,120.0,120.0,120.0,0.0,0.0,0.0,0.0,0.0,0.0,0.0,0.0,0.0,0.0,0.0,0.0,0.0,0.0,0.0,0.0,0.0,1.0,0.0,120.0,0.0,0.0,0.0,0.0,0.0,0.0,0.0,0.0,0.0,0.0,0.0,0.0,0.0,0.0,0.0,0.0,0.0,64,0,64,DOS_SYN_Hping
S0362,39799,53,udp,dns,0.0265639999999999,2,2,2,2,75.28952199999999,75.28952199999999,150.579045,1.0,16,8,8,16,8,8,0,0,0,0,0,0,0,0,0,0,32.0,32.0,64.0,32.0,0.0,32.0,64.0,96.0,48.0,22.627417,32.0,64.0,160.0,40.0,16.0,255.10788,255.10788,255.10788,255.10788,0.0,25308.13217,25308.13217,25308.13217,25308.13217,0.0,255.10788,25308.13217,26564.12125,8854.707081999999,14253.96234,6023.161787,2.0,2.0,64.0,96.0,0.0,0.0,0.0,0.0,0.0,0.0,26564.12125,26564.12125,26564.12125,26564.12125,0.0,0.0,0.0,0.0,0.0,0.0,0,0,0,Thing_Speak
S0363,2620,21,tcp,-,1e-06,1,1,1,0,1048576.0,1048576.0,2097152.0,1.0,20,20,20,20,20,20,0,1,1,0,0,1,0,0,0,0,120.0,120.0,120.0,120.0,0.0,0.0,0.0,0.0,0.0,0.0,0.0,120.0,120.0,60.0,84.852814,0.0,0.0,0.0,0.0,0.0,0.0,0.0,0.0,0.0,0.0,0.953674,0.953674,0.953674,0.953674,0.0,125829120.0,1.0,1.0,120.0,0.0,0.0,0.0,0.0,0.0,0.0,0.0,0.953674,0.953674,0.953674,0.953674,0.0,0.0,0.0,0.0,0.0,0.0,64,0,64,DOS_SYN_Hping
S0364,5290,21,tcp,-,1e-06,1,1,1,0,1048576.0,1048576.0,2097152.0,1.0,20,20,20,20,20,20,0,1,1,0,0,1,0,0,0,0,120.0,120.0,120.0,120.0,0.0,0.0,0.0,0.0,0.0,0.0,0.0,120.0,120.0,60.0,84.852814,0.0,0.0,0.0,0.0,0.0,0.0,0.0,0.0,0.0,0.0,0.953674,0.953674,0.953674,0.953674,0.0,125829120.0,1.0,1.0,120.0,0.0,0.0,0.0,0.0,0.0,0.0,0.0,0.953674,0.953674,0.953674,0.953674,0.0,0.0,0.0,0.0,0.0,0.0,64,0,64,DOS_SYN_Hping
S0365,53473,21,tcp,-,4e-06,1,1,1,0,262144.0,262144.0,524288.0,1.0,20,20,20,20,20,20,0,1,1,0,0,1,0,0,0,0,120.0,120.0,120.0,120.0,0.0,0.0,0.0,0.0,0.0,0.0,0.0,120.0,120.0,60.0,84.852814,0.0,0.0,0.0,0.0,0.0,0.0,0.0,0.0,0.0,0.0,3.814697,3.814697,3.814697,3.814697,0.0,31457280.0,1.0,1.0,120.0,0.0,0.0,0.0,0.0,0.0,0.0,0.0,3.814697,3.814697,3.814697,3.814697,0.0,0.0,0.0,0.0,0.0,0.0,64,0,64,DOS_SYN_Hping
S0366,28603,21,tcp,-,1e-06,1,1,1,0,1048576.0,1048576.0,2097152.0,1.0,20,20,20,20,20,20,0,1,1,0,0,1,0,0,0,0,120.0,120.0,120.0,120.0,0.0,0.0,0.0,0.0,0.0,0.0,0.0,120.0,120.0,60.0,84.852814,0.0,0.0,0.0,0.0,0.0,0.0,0.0,0.0,0.0,0.0,0.953674,0.953674,0.953674,0.953674,0.0,125829120.0,1.0,1.0,120.0,0.0,0.0,0.0,0.0,0.0,0.0,0.0,0.953674,0.953674,0.953674,0.953674,0.0,0.0,0.0,0.0,0.0,0.0,64,0,64,DOS_SYN_Hping
S0367,64121,21,tcp,-,0.0,1,0,1,0,0.0,0.0,0.0,0.0,20,20,20,0,0,0,0,1,0,0,0,0,0,0,0,0,120.0,120.0,120.0,120.0,0.0,0.0,0.0,0.0,0.0,0.0,120.0,120.0,120.0,120.0,0.0,0.0,0.0,0.0,0.0,0.0,0.0,0.0,0.0,0.0,0.0,0.0,0.0,0.0,0.0,0.0,0.0,1.0,0.0,120.0,0.0,0.0,0.0,0.0,0.0,0.0,0.0,0.0,0.0,0.0,0.0,0.0,0.0,0.0,0.0,0.0,0.0,64,0,64,DOS_SYN_Hping
S0368,9036,21,tcp,-,4e-06,1,1,1,0,246723.764706,246723.764706,493447.529412,1.0,20,20,20,20,20,20,0,1,1,0,0,1,0,0,0,0,120.0,120.0,120.0,120.0,0.0,0.0,0.0,0.0,0.0,0.0,0.0,120.0,120.0,60.0,84.852814,0.0,0.0,0.0,0.0,0.0,0.0,0.0,0.0,0.0,0.0,4.053116,4.053116,4.053116,4.053116,0.0,29606851.764706,1.0,1.0,120.0,0.0,0.0,0.0,0.0,0.0,0.0,0.0,4.053116,4.053116,4.053116,4.053116,0.0,0.0,0.0,0.0,0.0,0.0,64,0,64,DOS_SYN_Hping
S0369,7579,21,tcp,-,1e-06,1,1,1,0,1048576.0,1048576.0,2097152.0,1.0,20,20,20,20,20,20,0,1,1,0,0,1,0,0,0,0,120.0,120.0,120.0,120.0,0.0,0.0,0.0,0.0,0.0,0.0,0.0,120.0,120.0,60.0,84.852814,0.0,0.0,0.0,0.0,0.0,0.0,0.0,0.0,0.0,0.0,0.953674,0.953674,0.953674,0.953674,0.0,125829120.0,1.0,1.0,120.0,0.0,0.0,0.0,0.0,0.0,0.0,0.0,0.953674,0.953674,0.953674,0.953674,0.0,0.0,0.0,0.0,0.0,0.0,64,0,64,DOS_SYN_Hping
S0370,34281,443,udp,-,0.155069,5,10,5,10,32.243737,64.487474,96.731211,2.0,40,8,8,80,8,8,0,0,0,0,0,0,0,0,0,0,45.0,1357.0,1674.0,334.8,571.929366,26.0,1200.0,6119.0,611.9,550.265683,26.0,1357.0,7793.0,519.533333,553.527115,15.020370000000002,58251.857758000006,106037.855148,26509.463787,29497.070188,1.907349,51944.971085000005,103899.95575,11544.439528,22447.084021,1.907349,51168.91861,155068.87435899998,11076.348169,20099.176397,50255.088471,5.0,10.0,1674.0,6119.0,0.0,5397.0,0.0,5.0,0.0,3298842.711746,155068.87435899998,155068.87435899998,155068.87435899998,155068.87435899998,0.0,0.0,0.0,0.0,0.0,0.0,0,0,0,ARP_poisioning
S0371,48841,21,tcp,-,1e-06,1,1,1,0,1048576.0,1048576.0,2097152.0,1.0,20,20,20,20,20,20,0,1,1,0,0,1,0,0,0,0,120.0,120.0,120.0,120.0,0.0,0.0,0.0,0.0,0.0,0.0,0.0,120.0,120.0,60.0,84.852814,0.0,0.0,0.0,0.0,0.0,0.0,0.0,0.0,0.0,0.0,0.953674,0.953674,0.953674,0.953674,0.0,125829120.0,1.0,1.0,120.0,0.0,0.0,0.0,0.0,0.0,0.0,0.0,0.953674,0.953674,0.953674,0.953674,0.0,0.0,0.0,0.0,0.0,0.0,64,0,64,DOS_SYN_Hping
S0372,25101,21,tcp,-,0.0,1,0,1,0,0.0,0.0,0.0,0.0,20,20,20,0,0,0,0,1,0,0,0,0,0,0,0,0,120.0,120.0,120.0,120.0,0.0,0.0,0.0,0.0,0.0,0.0,120.0,120.0,120.0,120.0,0.0,0.0,0.0,0.0,0.0,0.0,0.0,0.0,0.0,0.0,0.0,0.0,0.0,0.0,0.0,0.0,0.0,1.0,0.0,120.0,0.0,0.0,0.0,0.0,0.0,0.0,0.0,0.0,0.0,0.0,0.0,0.0,0.0,0.0,0.0,0.0,0.0,64,0,64,DOS_SYN_Hping
S0373,24577,21,tcp,-,3e-06,1,1,1,0,322638.769231,322638.769231,645277.538462,1.0,20,20,20,20,20,20,0,1,1,0,0,1,0,0,0,0,120.0,120.0,120.0,120.0,0.0,0.0,0.0,0.0,0.0,0.0,0.0,120.0,120.0,60.0,84.852814,0.0,0.0,0.0,0.0,0.0,0.0,0.0,0.0,0.0,0.0,3.099442,3.099442,3.099442,3.099442,0.0,38716652.307692,1.0,1.0,120.0,0.0,0.0,0.0,0.0,0.0,0.0,0.0,3.099442,3.099442,3.099442,3.099442,0.0,0.0,0.0,0.0,0.0,0.0,64,0,64,DOS_SYN_Hping
S0374,34275,21,tcp,-,4e-06,1,1,1,0,262144.0,262144.0,524288.0,1.0,20,20,20,20,20,20,0,1,1,0,0,1,0,0,0,0,120.0,120.0,120.0,120.0,0.0,0.0,0.0,0.0,0.0,0.0,0.0,120.0,120.0,60.0,84.852814,0.0,0.0,0.0,0.0,0.0,0.0,0.0,0.0,0.0,0.0,3.814697,3.814697,3.814697,3.814697,0.0,31457280.0,1.0,1.0,120.0,0.0,0.0,0.0,0.0,0.0,0.0,0.0,3.814697,3.814697,3.814697,3.814697,0.0,0.0,0.0,0.0,0.0,0.0,64,0,64,DOS_SYN_Hping
S0375,52207,443,tcp,ssl,3.027287,9,11,5,4,2.972959,3.633616,6.606575,1.222222,184,20,24,224,20,24,2,2,0,5,4,19,0,0,0,0,0.0,213.0,520.0,57.77777800000001,70.242042,0.0,293.0,833.0,75.727273,118.841988,0.0,293.0,1353.0,67.65,97.952875,23379.802704,2050647.02034,3095890.99884,386986.374855,681199.53959,149.011612,1094004.869461,3000124.931335,300012.493134,405471.194335,149.011612,1066856.861115,3095890.99884,162941.631518,310386.765958,446.934829,4.5,5.5,260.0,416.5,0.0,0.0,0.0,0.0,0.0,0.0,3095890.99884,3095890.99884,3095890.99884,3095890.99884,0.0,0.0,0.0,0.0,0.0,0.0,4380,26883,3839,Wipro_bulb
S0376,27296,21,tcp,-,4e-06,1,1,1,0,246723.764706,246723.764706,493447.529412,1.0,20,20,20,20,20,20,0,1,1,0,0,1,0,0,0,0,120.0,120.0,120.0,120.0,0.0,0.0,0.0,0.0,0.0,0.0,0.0,120.0,120.0,60.0,84.852814,0.0,0.0,0.0,0.0,0.0,0.0,0.0,0.0,0.0,0.0,4.053116,4.053116,4.053116,4.053116,0.0,29606851.764706,1.0,1.0,120.0,0.0,0.0,0.0,0.0,0.0,0.0,0.0,4.053116,4.053116,4.053116,4.053116,0.0,0.0,0.0,0.0,0.0,0.0,64,0,64,DOS_SYN_Hping
S0377,65437,21,tcp,-,1e-06,1,1,1,0,1048576.0,1048576.0,2097152.0,1.0,20,20,20,20,20,20,0,1,1,0,0,1,0,0,0,0,120.0,120.0,120.0,120.0,0.0,0.0,0.0,0.0,0.0,0.0,0.0,120.0,120.0,60.0,84.852814,0.0,0.0,0.0,0.0,0.0,0.0,0.0,0.0,0.0,0.0,0.953674,0.953674,0.953674,0.953674,0.0,125829120.0,1.0,1.0,120.0,0.0,0.0,0.0,0.0,0.0,0.0,0.0,0.953674,0.953674,0.953674,0.953674,0.0,0.0,0.0,0.0,0.0,0.0,64,0,64,DOS_SYN_Hping
S0378,55920,21,tcp,-,4e-06,1,1,1,0,262144.0,262144.0,524288.0,1.0,20,20,20,20,20,20,0,1,1,0,0,1,0,0,0,0,120.0,120.0,120.0,120.0,0.0,0.0,0.0,0.0,0.0,0.0,0.0,120.0,120.0,60.0,84.852814,0.0,0.0,0.0,0.0,0.0,0.0,0.0,0.0,0.0,0.0,3.814697,3.814697,3.814697,3.814697,0.0,31457280.0,1.0,1.0,120.0,0.0,0.0,0.0,0.0,0.0,0.0,0.0,3.814697,3.814697,3.814697,3.814697,0.0,0.0,0.0,0.0,0.0,0.0,64,0,64,DOS_SYN_Hping
S0379,22896,21,tcp,-,1e-06,1,1,1,0,1048576.0,1048576.0,2097152.0,1.0,20,20,20,20,20,20,0,1,1,0,0,1,0,0,0,0,120.0,120.0,120.0,120.0,0.0,0.0,0.0,0.0,0.0,0.0,0.0,120.0,120.0,60.0,84.852814,0.0,0.0,0.0,0.0,0.0,0.0,0.0,0.0,0.0,0.0,0.953674,0.953674,0.953674,0.953674,0.0,125829120.0,1.0,1.0,120.0,0.0,0.0,0.0,0.0,0.0,0.0,0.0,0.953674,0.953674,0.953674,0.953674,0.0,0.0,0.0,0.0,0.0,0.0,64,0,64,DOS_SYN_Hping
S0380,35048,443,tcp,ssl,25.650762,45,44,33,11,1.754334,1.7153490000000002,3.469682,0.977778,1460,32,44,1404,20,40,2,2,1,14,11,87,0,0,0,0,0.0,1352.0,31313.0,695.8444440000001,618.005184,0.0,367.0,3187.0,72.431818,142.460014,0.0,1352.0,34500.0,387.6404490000001,546.9319230000001,0.953674,19711542.129517,25650762.081146,582971.865481,3000262.839722,1.907349,19711511.850357,25707195.997238,597841.767378,3036270.048627,0.953674,19711509.943008,25717038.154602,292239.069939,2129290.8042,1344.989279,11.25,11.0,7828.25,796.75,13984.0,1835.0,12.0,5.0,508094.398579,13347.486581,67231.17828400001,5938297.03331,6005528.211594,3002764.105797,4151470.478882,19711509.943008,19711509.943008,19711509.943008,19711509.943008,0.0,64240,65160,501,ARP_poisioning
S0381,37800,21,tcp,-,2e-06,1,1,1,0,524288.0,524288.0,1048576.0,1.0,20,20,20,20,20,20,0,1,1,0,0,1,0,0,0,0,120.0,120.0,120.0,120.0,0.0,0.0,0.0,0.0,0.0,0.0,0.0,120.0,120.0,60.0,84.852814,0.0,0.0,0.0,0.0,0.0,0.0,0.0,0.0,0.0,0.0,1.907349,1.907349,1.907349,1.907349,0.0,62914560.0,1.0,1.0,120.0,0.0,0.0,0.0,0.0,0.0,0.0,0.0,1.907349,1.907349,1.907349,1.907349,0.0,0.0,0.0,0.0,0.0,0.0,64,0,64,DOS_SYN_Hping
S0382,28553,21,tcp,-,5e-06,1,1,1,0,199728.761905,199728.761905,399457.52381,1.0,20,20,20,20,20,20,0,1,1,0,0,1,0,0,0,0,120.0,120.0,120.0,120.0,0.0,0.0,0.0,0.0,0.0,0.0,0.0,120.0,120.0,60.0,84.852814,0.0,0.0,0.0,0.0,0.0,0.0,0.0,0.0,0.0,0.0,5.0067900000000005,5.0067900000000005,5.0067900000000005,5.0067900000000005,0.0,23967451.428571,1.0,1.0,120.0,0.0,0.0,0.0,0.0,0.0,0.0,0.0,5.0067900000000005,5.0067900000000005,5.0067900000000005,5.0067900000000005,0.0,0.0,0.0,0.0,0.0,0.0,64,0,64,DOS_SYN_Hping
S0383,45413,21,tcp,-,1e-06,1,1,1,0,1048576.0,1048576.0,2097152.0,1.0,20,20,20,20,20,20,0,1,1,0,0,1,0,0,0,0,120.0,120.0,120.0,120.0,0.0,0.0,0.0,0.0,0.0,0.0,0.0,120.0,120.0,60.0,84.852814,0.0,0.0,0.0,0.0,0.0,0.0,0.0,0.0,0.0,0.0,0.953674,0.953674,0.953674,0.953674,0.0,125829120.0,1.0,1.0,120.0,0.0,0.0,0.0,0.0,0.0,0.0,0.0,0.953674,0.953674,0.953674,0.953674,0.0,0.0,0.0,0.0,0.0,0.0,64,0,64,DOS_SYN_Hping
S0384,20301,21,tcp,-,4e-06,1,1,1,0,262144.0,262144.0,524288.0,1.0,20,20,20,20,20,20,0,1,1,0,0,1,0,0,0,0,120.0,120.0,120.0,120.0,0.0,0.0,0.0,0.0,0.0,0.0,0.0,120.0,120.0,60.0,84.852814,0.0,0.0,0.0,0.0,0.0,0.0,0.0,0.0,0.0,0.0,3.814697,3.814697,3.814697,3.814697,0.0,31457280.0,1.0,1.0,120.0,0.0,0.0,0.0,0.0,0.0,0.0,0.0,3.814697,3.814697,3.814697,3.814697,0.0,0.0,0.0,0.0,0.0,0.0,64,0,64,DOS_SYN_Hping
S0385,36712,21,tcp,-,1e-06,1,1,1,0,1048576.0,1048576.0,2097152.0,1.0,20,20,20,20,20,20,0,1,1,0,0,1,0,0,0,0,120.0,120.0,120.0,120.0,0.0,0.0,0.0,0.0,0.0,0.0,0.0,120.0,120.0,60.0,84.852814,0.0,0.0,0.0,0.0,0.0,0.0,0.0,0.0,0.0,0.0,0.953674,0.953674,0.953674,0.953674,0.0,125829120.0,1.0,1.0,120.0,0.0,0.0,0.0,0.0,0.0,0.0,0.0,0.953674,0.953674,0.953674,0.953674,0.0,0.0,0.0,0.0,0.0,0.0,64,0,64,DOS_SYN_Hping
S0386,49373,53,udp,dns,0.087057,2,2,2,2,22.973424,22.973424,45.946848,1.0,16,8,8,16,8,8,0,0,0,0,0,0,0,0,0,0,53.0,53.0,106.0,53.0,0.0,53.0,69.0,122.0,61.0,11.313708,53.0,69.0,228.0,57.0,8.0,29.087067,29.087067,29.087067,29.087067,0.0,31701.087952,31701.087952,31701.087952,31701.087952,0.0,29.087067,55326.938629,87057.113647,29019.037882,27746.317617,2618.970357,2.0,2.0,106.0,122.0,0.0,0.0,0.0,0.0,0.0,0.0,87057.113647,87057.113647,87057.113647,87057.113647,0.0,0.0,0.0,0.0,0.0,0.0,0,0,0,ARP_poisioning
S0387,13140,21,tcp,-,0.0,1,0,1,0,0.0,0.0,0.0,0.0,20,20,20,0,0,0,0,1,0,0,0,0,0,0,0,0,120.0,120.0,120.0,120.0,0.0,0.0,0.0,0.0,0.0,0.0,120.0,120.0,120.0,120.0,0.0,0.0,0.0,0.0,0.0,0.0,0.0,0.0,0.0,0.0,0.0,0.0,0.0,0.0,0.0,0.0,0.0,1.0,0.0,120.0,0.0,0.0,0.0,0.0,0.0,0.0,0.0,0.0,0.0,0.0,0.0,0.0,0.0,0.0,0.0,0.0,0.0,64,0,64,DOS_SYN_Hping
S0388,1898,21,tcp,-,7.000000000000001e-06,1,1,1,0,144631.172414,144631.172414,289262.344828,1.0,20,20,20,20,20,20,0,1,1,0,0,1,0,0,0,0,120.0,120.0,120.0,120.0,0.0,0.0,0.0,0.0,0.0,0.0,0.0,120.0,120.0,60.0,84.852814,0.0,0.0,0.0,0.0,0.0,0.0,0.0,0.0,0.0,0.0,6.914139,6.914139,6.914139,6.914139,0.0,17355740.689655,1.0,1.0,120.0,0.0,0.0,0.0,0.0,0.0,0.0,0.0,6.914139,6.914139,6.914139,6.914139,0.0,0.0,0.0,0.0,0.0,0.0,64,0,64,DOS_SYN_Hping
S0389,19211,21,tcp,-,0.0,1,0,1,0,0.0,0.0,0.0,0.0,20,20,20,0,0,0,0,1,0,0,0,0,0,0,0,0,120.0,120.0,120.0,120.0,0.0,0.0,0.0,0.0,0.0,0.0,120.0,120.0,120.0,120.0,0.0,0.0,0.0,0.0,0.0,0.0,0.0,0.0,0.0,0.0,0.0,0.0,0.0,0.0,0.0,0.0,0.0,1.0,0.0,120.0,0.0,0.0,0.0,0.0,0.0,0.0,0.0,0.0,0.0,0.0,0.0,0.0,0.0,0.0,0.0,0.0,0.0,64,0,64,DOS_SYN_Hping
S0390,25058,21,tcp,-,0.0,1,0,1,0,0.0,0.0,0.0,0.0,20,20,20,0,0,0,0,1,0,0,0,0,0,0,0,0,120.0,120.0,120.0,120.0,0.0,0.0,0.0,0.0,0.0,0.0,120.0,120.0,120.0,120.0,0.0,0.0,0.0,0.0,0.0,0.0,0.0,0.0,0.0,0.0,0.0,0.0,0.0,0.0,0.0,0.0,0.0,1.0,0.0,120.0,0.0,0.0,0.0,0.0,0.0,0.0,0.0,0.0,0.0,0.0,0.0,0.0,0.0,0.0,0.0,0.0,0.0,64,0,64,DOS_SYN_Hping
S0391,61810,21,tcp,-,0.0,1,1,1,0,0.0,0.0,0.0,1.0,20,20,20,20,20,20,0,1,1,0,0,1,0,0,0,0,120.0,120.0,120.0,120.0,0.0,0.0,0.0,0.0,0.0,0.0,0.0,120.0,120.0,60.0,84.852814,0.0,0.0,0.0,0.0,0.0,0.0,0.0,0.0,0.0,0.0,0.0,0.0,0.0,0.0,0.0,0.0,1.0,1.0,120.0,0.0,0.0,0.0,0.0,0.0,0.0,0.0,0.0,0.0,0.0,0.0,0.0,0.0,0.0,0.0,0.0,0.0,64,0,64,DOS_SYN_Hping
S0392,36497,21,tcp,-,6e-06,1,1,1,0,167772.16,167772.16,335544.32,1.0,20,20,20,20,20,20,0,1,1,0,0,1,0,0,0,0,120.0,120.0,120.0,120.0,0.0,0.0,0.0,0.0,0.0,0.0,0.0,120.0,120.0,60.0,84.852814,0.0,0.0,0.0,0.0,0.0,0.0,0.0,0.0,0.0,0.0,5.960464,5.960464,5.960464,5.960464,0.0,20132659.2,1.0,1.0,120.0,0.0,0.0,0.0,0.0,0.0,0.0,0.0,5.960464,5.960464,5.960464,5.960464,0.0,0.0,0.0,0.0,0.0,0.0,64,0,64,DOS_SYN_Hping
S0393,14093,21,tcp,-,1e-06,1,1,1,0,1048576.0,1048576.0,2097152.0,1.0,20,20,20,20,20,20,0,1,1,0,0,1,0,0,0,0,120.0,120.0,120.0,120.0,0.0,0.0,0.0,0.0,0.0,0.0,0.0,120.0,120.0,60.0,84.852814,0.0,0.0,0.0,0.0,0.0,0.0,0.0,0.0,0.0,0.0,0.953674,0.953674,0.953674,0.953674,0.0,125829120.0,1.0,1.0,120.0,0.0,0.0,0.0,0.0,0.0,0.0,0.0,0.953674,0.953674,0.953674,0.953674,0.0,0.0,0.0,0.0,0.0,0.0,64,0,64,DOS_SYN_Hping
S0394,7712,21,tcp,-,4e-06,1,1,1,0,246723.764706,246723.764706,493447.529412,1.0,20,20,20,20,20,20,0,1,1,0,0,1,0,0,0,0,120.0,120.0,120.0,120.0,0.0,0.0,0.0,0.0,0.0,0.0,0.0,120.0,120.0,60.0,84.852814,0.0,0.0,0.0,0.0,0.0,0.0,0.0,0.0,0.0,0.0,4.053116,4.053116,4.053116,4.053116,0.0,29606851.764706,1.0,1.0,120.0,0.0,0.0,0.0,0.0,0.0,0.0,0.0,4.053116,4.053116,4.053116,4.053116,0.0,0.0,0.0,0.0,0.0,0.0,64,0,64,DOS_SYN_Hping
S0395,3597,21,tcp,-,4e-06,1,1,1,0,246723.764706,246723.764706,493447.529412,1.0,20,20,20,20,20,20,0,1,1,0,0,1,0,0,0,0,120.0,120.0,120.0,120.0,0.0,0.0,0.0,0.0,0.0,0.0,0.0,120.0,120.0,60.0,84.852814,0.0,0.0,0.0,0.0,0.0,0.0,0.0,0.0,0.0,0.0,4.053116,4.053116,4.053116,4.053116,0.0,29606851.764706,1.0,1.0,120.0,0.0,0.0,0.0,0.0,0.0,0.0,0.0,4.053116,4.053116,4.053116,4.053116,0.0,0.0,0.0,0.0,0.0,0.0,64,0,64,DOS_SYN_Hping
S0396,48762,20221,tcp,-,3e-06,1,1,0,0,322638.769231,322638.769231,645277.538462,1.0,40,40,40,20,20,20,0,1,1,0,0,1,0,0,0,0,0.0,0.0,0.0,0.0,0.0,0.0,0.0,0.0,0.0,0.0,0.0,0.0,0.0,0.0,0.0,0.0,0.0,0.0,0.0,0.0,0.0,0.0,0.0,0.0,0.0,3.099442,3.099442,3.099442,3.099442,0.0,0.0,1.0,1.0,0.0,0.0,0.0,0.0,0.0,0.0,0.0,0.0,3.099442,3.099442,3.099442,3.099442,0.0,0.0,0.0,0.0,0.0,0.0,64240,0,64240,NMAP_TCP_scan
S0397,31626,21,tcp,-,3e-06,1,1,1,0,349525.333333,349525.333333,699050.666667,1.0,20,20,20,20,20,20,0,1,1,0,0,1,0,0,0,0,120.0,120.0,120.0,120.0,0.0,0.0,0.0,0.0,0.0,0.0,0.0,120.0,120.0,60.0,84.852814,0.0,0.0,0.0,0.0,0.0,0.0,0.0,0.0,0.0,0.0,2.861023,2.861023,2.861023,2.861023,0.0,41943040.0,1.0,1.0,120.0,0.0,0.0,0.0,0.0,0.0,0.0,0.0,2.861023,2.861023,2.861023,2.861023,0.0,0.0,0.0,0.0,0.0,0.0,64,0,64,DOS_SYN_Hping
S0398,4074,21,tcp,-,4e-06,1,1,1,0,246723.764706,246723.764706,493447.529412,1.0,20,20,20,20,20,20,0,1,1,0,0,1,0,0,0,0,120.0,120.0,120.0,120.0,0.0,0.0,0.0,0.0,0.0,0.0,0.0,120.0,120.0,60.0,84.852814,0.0,0.0,0.0,0.0,0.0,0.0,0.0,0.0,0.0,0.0,4.053116,4.053116,4.053116,4.053116,0.0,29606851.764706,1.0,1.0,120.0,0.0,0.0,0.0,0.0,0.0,0.0,0.0,4.053116,4.053116,4.053116,4.053116,0.0,0.0,0.0,0.0,0.0,0.0,64,0,64,DOS_SYN_Hping
S0399,44431,21,tcp,-,4e-06,1,1,1,0,246723.764706,246723.764706,493447.529412,1.0,20,20,20,20,20,20,0,1,1,0,0,1,0,0,0,0,120.0,120.0,120.0,120.0,0.0,0.0,0.0,0.0,0.0,0.0,0.0,120.0,120.0,60.0,84.852814,0.0,0.0,0.0,0.0,0.0,0.0,0.0,0.0,0.0,0.0,4.053116,4.053116,4.053116,4.053116,0.0,29606851.764706,1.0,1.0,120.0,0.0,0.0,0.0,0.0,0.0,0.0,0.0,4.053116,4.053116,4.053116,4.053116,0.0,0.0,0.0,0.0,0.0,0.0,64,0,64,DOS_SYN_Hping
S0400,53744,21,tcp,-,0.0,1,0,1,0,0.0,0.0,0.0,0.0,20,20,20,0,0,0,0,1,0,0,0,0,0,0,0,0,120.0,120.0,120.0,120.0,0.0,0.0,0.0,0.0,0.0,0.0,120.0,120.0,120.0,120.0,0.0,0.0,0.0,0.0,0.0,0.0,0.0,0.0,0.0,0.0,0.0,0.0,0.0,0.0,0.0,0.0,0.0,1.0,0.0,120.0,0.0,0.0,0.0,0.0,0.0,0.0,0.0,0.0,0.0,0.0,0.0,0.0,0.0,0.0,0.0,0.0,0.0,64,0,64,DOS_SYN_Hping
S0401,59316,53,udp,dns,0.0008789999999999,2,2,2,2,2275.185245,2275.185245,4550.370491,1.0,16,8,8,16,8,8,0,0,0,0,0,0,0,0,0,0,43.0,43.0,86.0,43.0,0.0,103.0,119.0,222.0,111.0,11.313708,43.0,119.0,308.0,77.0,39.799497,22.888184,22.888184,22.888184,22.888184,0.0,382.184982,382.184982,382.184982,382.184982,0.0,22.888184,473.976135,879.049301,293.016434,238.397478,350378.5278,2.0,2.0,86.0,222.0,0.0,0.0,0.0,0.0,0.0,0.0,879.049301,879.049301,879.049301,879.049301,0.0,0.0,0.0,0.0,0.0,0.0,0,0,0,ARP_poisioning
S0402,51611,1883,tcp,mqtt,62.055425,10,6,3,4,0.161146,0.096688,0.257834,0.6,328,32,40,200,32,40,0,2,1,3,4,15,0,0,0,0,0.0,33.0,76.0,7.6,12.650867,0.0,21.0,34.0,5.666667,7.814516,0.0,33.0,110.0,6.875,10.831282,244.855881,59808562.040329,62055424.92866501,6895047.214296001,19846081.166749,148.773193,1476005.077362,1990071.773529,398014.354706,615686.070296,148.773193,59808562.040329,62055424.92866501,4137028.328578,15404269.353043,1.772609,3.333333,2.0,25.333333,11.333333,0.0,0.0,0.0,0.0,0.0,0.0,2246862.888336,2246862.888336,2246862.888336,2246862.888336,0.0,59808562.040329,59808562.040329,59808562.040329,59808562.040329,0.0,64240,26847,502,MQTT_Publish
S0403,45512,21,tcp,-,1e-06,1,1,1,0,1048576.0,1048576.0,2097152.0,1.0,20,20,20,20,20,20,0,1,1,0,0,1,0,0,0,0,120.0,120.0,120.0,120.0,0.0,0.0,0.0,0.0,0.0,0.0,0.0,120.0,120.0,60.0,84.852814,0.0,0.0,0.0,0.0,0.0,0.0,0.0,0.0,0.0,0.0,0.953674,0.953674,0.953674,0.953674,0.0,125829120.0,1.0,1.0,120.0,0.0,0.0,0.0,0.0,0.0,0.0,0.0,0.953674,0.953674,0.953674,0.953674,0.0,0.0,0.0,0.0,0.0,0.0,64,0,64,DOS_SYN_Hping
S0404,40320,8886,tcp,ssl,42.635743,34,27,18,21,0.797453,0.633271,1.430724,0.794118,684,20,24,544,20,24,2,2,6,18,21,60,0,0,0,0,0.0,453.0,2932.0,86.235294,105.470105,0.0,213.0,1842.0,68.222222,54.559307,0.0,453.0,4774.0,78.262295,86.541686,1591.920853,31254637.002945,42635742.902756,1291992.209174,5404102.404062,195.026398,31585293.054581,40917434.93080101,1573747.497339,6146762.167882,195.026398,31254637.002945,42635742.902756,710595.715046,4028357.430615,111.971779,6.8,5.4,586.4,368.4,0.0,0.0,0.0,0.0,0.0,0.0,1757935.04715,9623170.852661,11381105.899811,5690552.949905002,5561561.5737080015,31254637.002945,31254637.002945,31254637.002945,31254637.002945,0.0,4380,4096,4380,Wipro_bulb
S0405,52300,21,tcp,-,4e-06,1,1,1,0,246723.764706,246723.764706,493447.529412,1.0,20,20,20,20,20,20,0,1,1,0,0,1,0,0,0,0,120.0,120.0,120.0,120.0,0.0,0.0,0.0,0.0,0.0,0.0,0.0,120.0,120.0,60.0,84.852814,0.0,0.0,0.0,0.0,0.0,0.0,0.0,0.0,0.0,0.0,4.053116,4.053116,4.053116,4.053116,0.0,29606851.764706,1.0,1.0,120.0,0.0,0.0,0.0,0.0,0.0,0.0,0.0,4.053116,4.053116,4.053116,4.053116,0.0,0.0,0.0,0.0,0.0,0.0,64,0,64,DOS_SYN_Hping
S0406,52146,21,tcp,-,4e-06,1,1,1,0,246723.764706,246723.764706,493447.529412,1.0,20,20,20,20,20,20,0,1,1,0,0,1,0,0,0,0,120.0,120.0,120.0,120.0,0.0,0.0,0.0,0.0,0.0,0.0,0.0,120.0,120.0,60.0,84.852814,0.0,0.0,0.0,0.0,0.0,0.0,0.0,0.0,0.0,0.0,4.053116,4.053116,4.053116,4.053116,0.0,29606851.764706,1.0,1.0,120.0,0.0,0.0,0.0,0.0,0.0,0.0,0.0,4.053116,4.053116,4.053116,4.053116,0.0,0.0,0.0,0.0,0.0,0.0,64,0,64,DOS_SYN_Hping
S0407,25089,21,tcp,-,4e-06,1,1,1,0,246723.764706,246723.764706,493447.529412,1.0,20,20,20,20,20,20,0,1,1,0,0,1,0,0,0,0,120.0,120.0,120.0,120.0,0.0,0.0,0.0,0.0,0.0,0.0,0.0,120.0,120.0,60.0,84.852814,0.0,0.0,0.0,0.0,0.0,0.0,0.0,0.0,0.0,0.0,4.053116,4.053116,4.053116,4.053116,0.0,29606851.764706,1.0,1.0,120.0,0.0,0.0,0.0,0.0,0.0,0.0,0.0,4.053116,4.053116,4.053116,4.053116,0.0,0.0,0.0,0.0,0.0,0.0,64,0,64,DOS_SYN_Hping
S0408,18101,21,tcp,-,4e-06,1,1,1,0,246723.764706,246723.764706,493447.529412,1.0,20,20,20,20,20,20,0,1,1,0,0,1,0,0,0,0,120.0,120.0,120.0,120.0,0.0,0.0,0.0,0.0,0.0,0.0,0.0,120.0,120.0,60.0,84.852814,0.0,0.0,0.0,0.0,0.0,0.0,0.0,0.0,0.0,0.0,4.053116,4.053116,4.053116,4.053116,0.0,29606851.764706,1.0,1.0,120.0,0.0,0.0,0.0,0.0,0.0,0.0,0.0,4.053116,4.053116,4.053116,4.053116,0.0,0.0,0.0,0.0,0.0,0.0,64,0,64,DOS_SYN_Hping
S0409,1855,21,tcp,-,4e-06,1,1,1,0,262144.0,262144.0,524288.0,1.0,20,20,20,20,20,20,0,1,1,0,0,1,0,0,0,0,120.0,120.0,120.0,120.0,0.0,0.0,0.0,0.0,0.0,0.0,0.0,120.0,120.0,60.0,84.852814,0.0,0.0,0.0,0.0,0.0,0.0,0.0,0.0,0.0,0.0,3.814697,3.814697,3.814697,3.814697,0.0,31457280.0,1.0,1.0,120.0,0.0,0.0,0.0,0.0,0.0,0.0,0.0,3.814697,3.814697,3.814697,3.814697,0.0,0.0,0.0,0.0,0.0,0.0,64,0,64,DOS_SYN_Hping
S0410,50709,1883,tcp,mqtt,61.959386,10,6,3,4,0.161396,0.096838,0.258234,0.6,328,32,40,200,32,40,0,2,1,3,4,15,0,0,0,0,0.0,33.0,77.0,7.7,12.789318,0.0,22.0,35.0,5.8333330000000005,8.20772,0.0,33.0,112.0,7.0,11.021192,256.061554,59888613.939285,61959386.110306,6884376.234478,19881170.020976,4436.016083,1539954.900742,1899260.044098,379852.00882,654091.10022,256.061554,59888613.939285,61959386.110306,4130625.740687,15428882.196992,1.807636,3.333333,2.0,25.666667,11.666667,0.0,0.0,0.0,0.0,0.0,0.0,2070772.171021,2070772.171021,2070772.171021,2070772.171021,0.0,59888613.939285,59888613.939285,59888613.939285,59888613.939285,0.0,64240,26847,502,MQTT_Publish
S0411,6832,21,tcp,-,4e-06,1,1,1,0,246723.764706,246723.764706,493447.529412,1.0,20,20,20,20,20,20,0,1,1,0,0,1,0,0,0,0,120.0,120.0,120.0,120.0,0.0,0.0,0.0,0.0,0.0,0.0,0.0,120.0,120.0,60.0,84.852814,0.0,0.0,0.0,0.0,0.0,0.0,0.0,0.0,0.0,0.0,4.053116,4.053116,4.053116,4.053116,0.0,29606851.764706,1.0,1.0,120.0,0.0,0.0,0.0,0.0,0.0,0.0,0.0,4.053116,4.053116,4.053116,4.053116,0.0,0.0,0.0,0.0,0.0,0.0,64,0,64,DOS_SYN_Hping
S0412,35289,21,tcp,-,4e-06,1,1,1,0,246723.764706,246723.764706,493447.529412,1.0,20,20,20,20,20,20,0,1,1,0,0,1,0,0,0,0,120.0,120.0,120.0,120.0,0.0,0.0,0.0,0.0,0.0,0.0,0.0,120.0,120.0,60.0,84.852814,0.0,0.0,0.0,0.0,0.0,0.0,0.0,0.0,0.0,0.0,4.053116,4.053116,4.053116,4.053116,0.0,29606851.764706,1.0,1.0,120.0,0.0,0.0,0.0,0.0,0.0,0.0,0.0,4.053116,4.053116,4.053116,4.053116,0.0,0.0,0.0,0.0,0.0,0.0,64,0,64,DOS_SYN_Hping
S0413,46010,21,tcp,-,1e-06,1,1,1,0,1048576.0,1048576.0,2097152.0,1.0,20,20,20,20,20,20,0,1,1,0,0,1,0,0,0,0,120.0,120.0,120.0,120.0,0.0,0.0,0.0,0.0,0.0,0.0,0.0,120.0,120.0,60.0,84.852814,0.0,0.0,0.0,0.0,0.0,0.0,0.0,0.0,0.0,0.0,0.953674,0.953674,0.953674,0.953674,0.0,125829120.0,1.0,1.0,120.0,0.0,0.0,0.0,0.0,0.0,0.0,0.0,0.953674,0.953674,0.953674,0.953674,0.0,0.0,0.0,0.0,0.0,0.0,64,0,64,DOS_SYN_Hping
S0414,64876,53,udp,dns,0.025255,1,1,1,1,39.596175,39.596175,79.192349,1.0,8,8,8,8,8,8,0,0,0,0,0,0,0,0,0,0,58.0,58.0,58.0,58.0,0.0,58.0,58.0,58.0,58.0,0.0,58.0,58.0,116.0,58.0,0.0,0.0,0.0,0.0,0.0,0.0,0.0,0.0,0.0,0.0,0.0,25254.96483,25254.96483,25254.96483,25254.96483,0.0,4593.156268,1.0,1.0,58.0,58.0,0.0,0.0,0.0,0.0,0.0,0.0,25254.96483,25254.96483,25254.96483,25254.96483,0.0,0.0,0.0,0.0,0.0,0.0,0,0,0,Thing_Speak
S0415,4308,21,tcp,-,4e-06,1,1,1,0,262144.0,262144.0,524288.0,1.0,20,20,20,20,20,20,0,1,1,0,0,1,0,0,0,0,120.0,120.0,120.0,120.0,0.0,0.0,0.0,0.0,0.0,0.0,0.0,120.0,120.0,60.0,84.852814,0.0,0.0,0.0,0.0,0.0,0.0,0.0,0.0,0.0,0.0,3.814697,3.814697,3.814697,3.814697,0.0,31457280.0,1.0,1.0,120.0,0.0,0.0,0.0,0.0,0.0,0.0,0.0,3.814697,3.814697,3.814697,3.814697,0.0,0.0,0.0,0.0,0.0,0.0,64,0,64,DOS_SYN_Hping
S0416,3418,21,tcp,-,3e-06,1,1,1,0,322638.769231,322638.769231,645277.538462,1.0,20,20,20,20,20,20,0,1,1,0,0,1,0,0,0,0,120.0,120.0,120.0,120.0,0.0,0.0,0.0,0.0,0.0,0.0,0.0,120.0,120.0,60.0,84.852814,0.0,0.0,0.0,0.0,0.0,0.0,0.0,0.0,0.0,0.0,3.099442,3.099442,3.099442,3.099442,0.0,38716652.307692,1.0,1.0,120.0,0.0,0.0,0.0,0.0,0.0,0.0,0.0,3.099442,3.099442,3.099442,3.099442,0.0,0.0,0.0,0.0,0.0,0.0,64,0,64,DOS_SYN_Hping
S0417,3534,21,tcp,-,4e-06,1,1,1,0,246723.764706,246723.764706,493447.529412,1.0,20,20,20,20,20,20,0,1,1,0,0,1,0,0,0,0,120.0,120.0,120.0,120.0,0.0,0.0,0.0,0.0,0.0,0.0,0.0,120.0,120.0,60.0,84.852814,0.0,0.0,0.0,0.0,0.0,0.0,0.0,0.0,0.0,0.0,4.053116,4.053116,4.053116,4.053116,0.0,29606851.764706,1.0,1.0,120.0,0.0,0.0,0.0,0.0,0.0,0.0,0.0,4.053116,4.053116,4.053116,4.053116,0.0,0.0,0.0,0.0,0.0,0.0,64,0,64,DOS_SYN_Hping
S0418,18634,21,tcp,-,4e-06,1,1,1,0,246723.764706,246723.764706,493447.529412,1.0,20,20,20,20,20,20,0,1,1,0,0,1,0,0,0,0,120.0,120.0,120.0,120.0,0.0,0.0,0.0,0.0,0.0,0.0,0.0,120.0,120.0,60.0,84.852814,0.0,0.0,0.0,0.0,0.0,0.0,0.0,0.0,0.0,0.0,4.053116,4.053116,4.053116,4.053116,0.0,29606851.764706,1.0,1.0,120.0,0.0,0.0,0.0,0.0,0.0,0.0,0.0,4.053116,4.053116,4.053116,4.053116,0.0,0.0,0.0,0.0,0.0,0.0,64,0,64,DOS_SYN_Hping
S0419,3384,21,tcp,-,6e-06,1,1,1,0,161319.38461500002,161319.38461500002,322638.769231,1.0,20,20,20,20,20,20,0,1,1,0,0,1,0,0,0,0,120.0,120.0,120.0,120.0,0.0,0.0,0.0,0.0,0.0,0.0,0.0,120.0,120.0,60.0,84.852814,0.0,0.0,0.0,0.0,0.0,0.0,0.0,0.0,0.0,0.0,6.198883,6.198883,6.198883,6.198883,0.0,19358326.153846,1.0,1.0,120.0,0.0,0.0,0.0,0.0,0.0,0.0,0.0,6.198883,6.198883,6.198883,6.198883,0.0,0.0,0.0,0.0,0.0,0.0,64,0,64,DOS_SYN_Hping
S0420,65525,21,tcp,-,1e-06,1,1,1,0,1048576.0,1048576.0,2097152.0,1.0,20,20,20,20,20,20,0,1,1,0,0,1,0,0,0,0,120.0,120.0,120.0,120.0,0.0,0.0,0.0,0.0,0.0,0.0,0.0,120.0,120.0,60.0,84.852814,0.0,0.0,0.0,0.0,0.0,0.0,0.0,0.0,0.0,0.0,0.953674,0.953674,0.953674,0.953674,0.0,125829120.0,1.0,1.0,120.0,0.0,0.0,0.0,0.0,0.0,0.0,0.0,0.953674,0.953674,0.953674,0.953674,0.0,0.0,0.0,0.0,0.0,0.0,64,0,64,DOS_SYN_Hping
S0421,60845,21,tcp,-,5e-06,1,1,1,0,199728.761905,199728.761905,399457.52381,1.0,20,20,20,20,20,20,0,1,1,0,0,1,0,0,0,0,120.0,120.0,120.0,120.0,0.0,0.0,0.0,0.0,0.0,0.0,0.0,120.0,120.0,60.0,84.852814,0.0,0.0,0.0,0.0,0.0,0.0,0.0,0.0,0.0,0.0,5.0067900000000005,5.0067900000000005,5.0067900000000005,5.0067900000000005,0.0,23967451.428571,1.0,1.0,120.0,0.0,0.0,0.0,0.0,0.0,0.0,0.0,5.0067900000000005,5.0067900000000005,5.0067900000000005,5.0067900000000005,0.0,0.0,0.0,0.0,0.0,0.0,64,0,64,DOS_SYN_Hping
S0422,47054,21,tcp,-,1.3e-05,1,1,1,0,76260.07272699999,76260.07272699999,152520.145455,1.0,20,20,20,20,20,20,0,1,1,0,0,1,0,0,0,0,120.0,120.0,120.0,120.0,0.0,0.0,0.0,0.0,0.0,0.0,0.0,120.0,120.0,60.0,84.852814,0.0,0.0,0.0,0.0,0.0,0.0,0.0,0.0,0.0,0.0,13.113022,13.113022,13.113022,13.113022,0.0,9151208.727273,1.0,1.0,120.0,0.0,0.0,0.0,0.0,0.0,0.0,0.0,13.113022,13.113022,13.113022,13.113022,0.0,0.0,0.0,0.0,0.0,0.0,64,0,64,DOS_SYN_Hping
S0423,18850,21,tcp,-,4e-06,1,1,1,0,262144.0,262144.0,524288.0,1.0,20,20,20,20,20,20,0,1,1,0,0,1,0,0,0,0,120.0,120.0,120.0,120.0,0.0,0.0,0.0,0.0,0.0,0.0,0.0,120.0,120.0,60.0,84.852814,0.0,0.0,0.0,0.0,0.0,0.0,0.0,0.0,0.0,0.0,3.814697,3.814697,3.814697,3.814697,0.0,31457280.0,1.0,1.0,120.0,0.0,0.0,0.0,0.0,0.0,0.0,0.0,3.814697,3.814697,3.814697,3.814697,0.0,0.0,0.0,0.0,0.0,0.0,64,0,64,DOS_SYN_Hping
S0424,10177,21,tcp,-,1e-06,1,1,1,0,1048576.0,1048576.0,2097152.0,1.0,20,20,20,20,20,20,0,1,1,0,0,1,0,0,0,0,120.0,120.0,120.0,120.0,0.0,0.0,0.0,0.0,0.0,0.0,0.0,120.0,120.0,60.0,84.852814,0.0,0.0,0.0,0.0,0.0,0.0,0.0,0.0,0.0,0.0,0.953674,0.953674,0.953674,0.953674,0.0,125829120.0,1.0,1.0,120.0,0.0,0.0,0.0,0.0,0.0,0.0,0.0,0.953674,0.953674,0.953674,0.953674,0.0,0.0,0.0,0.0,0.0,0.0,64,0,64,DOS_SYN_Hping
S0425,40489,21,tcp,-,4e-06,1,1,1,0,262144.0,262144.0,524288.0,1.0,20,20,20,20,20,20,0,1,1,0,0,1,0,0,0,0,120.0,120.0,120.0,120.0,0.0,0.0,0.0,0.0,0.0,0.0,0.0,120.0,120.0,60.0,84.852814,0.0,0.0,0.0,0.0,0.0,0.0,0.0,0.0,0.0,0.0,3.814697,3.814697,3.814697,3.814697,0.0,31457280.0,1.0,1.0,120.0,0.0,0.0,0.0,0.0,0.0,0.0,0.0,3.814697,3.814697,3.814697,3.814697,0.0,0.0,0.0,0.0,0.0,0.0,64,0,64,DOS_SYN_Hping
S0426,22890,21,tcp,-,1e-06,1,1,1,0,1048576.0,1048576.0,2097152.0,1.0,20,20,20,20,20,20,0,1,1,0,0,1,0,0,0,0,120.0,120.0,120.0,120.0,0.0,0.0,0.0,0.0,0.0,0.0,0.0,120.0,120.0,60.0,84.852814,0.0,0.0,0.0,0.0,0.0,0.0,0.0,0.0,0.0,0.0,0.953674,0.953674,0.953674,0.953674,0.0,125829120.0,1.0,1.0,120.0,0.0,0.0,0.0,0.0,0.0,0.0,0.0,0.953674,0.953674,0.953674,0.953674,0.0,0.0,0.0,0.0,0.0,0.0,64,0,64,DOS_SYN_Hping
S0427,59247,2394,tcp,-,2e-06,1,1,0,0,524288.0,524288.0,1048576.0,1.0,20,20,20,20,20,20,1,0,1,1,0,1,1,0,0,0,0.0,0.0,0.0,0.0,0.0,0.0,0.0,0.0,0.0,0.0,0.0,0.0,0.0,0.0,0.0,0.0,0.0,0.0,0.0,0.0,0.0,0.0,0.0,0.0,0.0,1.907349,1.907349,1.907349,1.907349,0.0,0.0,1.0,1.0,0.0,0.0,0.0,0.0,0.0,0.0,0.0,0.0,1.907349,1.907349,1.907349,1.907349,0.0,0.0,0.0,0.0,0.0,0.0,1024,0,1024,NMAP_XMAS_TREE_SCAN
S0428,5156,21,tcp,-,4e-06,1,1,1,0,246723.764706,246723.764706,493447.529412,1.0,20,20,20,20,20,20,0,1,1,0,0,1,0,0,0,0,120.0,120.0,120.0,120.0,0.0,0.0,0.0,0.0,0.0,0.0,0.0,120.0,120.0,60.0,84.852814,0.0,0.0,0.0,0.0,0.0,0.0,0.0,0.0,0.0,0.0,4.053116,4.053116,4.053116,4.053116,0.0,29606851.764706,1.0,1.0,120.0,0.0,0.0,0.0,0.0,0.0,0.0,0.0,4.053116,4.053116,4.053116,4.053116,0.0,0.0,0.0,0.0,0.0,0.0,64,0,64,DOS_SYN_Hping
S0429,2457,21,tcp,-,4e-06,1,1,1,0,246723.764706,246723.764706,493447.529412,1.0,20,20,20,20,20,20,0,1,1,0,0,1,0,0,0,0,120.0,120.0,120.0,120.0,0.0,0.0,0.0,0.0,0.0,0.0,0.0,120.0,120.0,60.0,84.852814,0.0,0.0,0.0,0.0,0.0,0.0,0.0,0.0,0.0,0.0,4.053116,4.053116,4.053116,4.053116,0.0,29606851.764706,1.0,1.0,120.0,0.0,0.0,0.0,0.0,0.0,0.0,0.0,4.053116,4.053116,4.053116,4.053116,0.0,0.0,0.0,0.0,0.0,0.0,64,0,64,DOS_SYN_Hping
S0430,33346,443,tcp,ssl,1.32499,13,11,3,8,9.811395,8.301949,18.113344,0.8461540000000001,400,20,40,360,32,40,2,2,2,3,6,21,0,0,0,0,0.0,517.0,840.0,64.615385,149.35892900000002,0.0,1408.0,6156.0,559.636364,609.32902,0.0,1408.0,6996.0,291.5,486.3609320000001,250.816345,250792.9802,1327357.054,110613.0878,118765.7676,30.040741,331625.9384,1095749.14,109574.914,143047.5123,30.040741,248654.1271,1327357.054,57711.17625,99683.79597,5280.039713,13.0,11.0,840.0,6156.0,0.0,0.0,0.0,0.0,0.0,0.0,1327357.054,1327357.054,1327357.054,1327357.054,0.0,0.0,0.0,0.0,0.0,0.0,64240,26847,0,Thing_Speak
S0431,41921,21,tcp,-,1e-06,1,1,1,0,1048576.0,1048576.0,2097152.0,1.0,20,20,20,20,20,20,0,1,1,0,0,1,0,0,0,0,120.0,120.0,120.0,120.0,0.0,0.0,0.0,0.0,0.0,0.0,0.0,120.0,120.0,60.0,84.852814,0.0,0.0,0.0,0.0,0.0,0.0,0.0,0.0,0.0,0.0,0.953674,0.953674,0.953674,0.953674,0.0,125829120.0,1.0,1.0,120.0,0.0,0.0,0.0,0.0,0.0,0.0,0.0,0.953674,0.953674,0.953674,0.953674,0.0,0.0,0.0,0.0,0.0,0.0,64,0,64,DOS_SYN_Hping
S0432,61157,21,tcp,-,4e-06,1,1,1,0,246723.764706,246723.764706,493447.529412,1.0,20,20,20,20,20,20,0,1,1,0,0,1,0,0,0,0,120.0,120.0,120.0,120.0,0.0,0.0,0.0,0.0,0.0,0.0,0.0,120.0,120.0,60.0,84.852814,0.0,0.0,0.0,0.0,0.0,0.0,0.0,0.0,0.0,0.0,4.053116,4.053116,4.053116,4.053116,0.0,29606851.764706,1.0,1.0,120.0,0.0,0.0,0.0,0.0,0.0,0.0,0.0,4.053116,4.053116,4.053116,4.053116,0.0,0.0,0.0,0.0,0.0,0.0,64,0,64,DOS_SYN_Hping
S0433,49462,21,tcp,-,1e-06,1,1,1,0,1048576.0,1048576.0,2097152.0,1.0,20,20,20,20,20,20,0,1,1,0,0,1,0,0,0,0,120.0,120.0,120.0,120.0,0.0,0.0,0.0,0.0,0.0,0.0,0.0,120.0,120.0,60.0,84.852814,0.0,0.0,0.0,0.0,0.0,0.0,0.0,0.0,0.0,0.0,0.953674,0.953674,0.953674,0.953674,0.0,125829120.0,1.0,1.0,120.0,0.0,0.0,0.0,0.0,0.0,0.0,0.0,0.953674,0.953674,0.953674,0.953674,0.0,0.0,0.0,0.0,0.0,0.0,64,0,64,DOS_SYN_Hping
S0434,27238,21,tcp,-,4e-06,1,1,1,0,246723.764706,246723.764706,493447.529412,1.0,20,20,20,20,20,20,0,1,1,0,0,1,0,0,0,0,120.0,120.0,120.0,120.0,0.0,0.0,0.0,0.0,0.0,0.0,0.0,120.0,120.0,60.0,84.852814,0.0,0.0,0.0,0.0,0.0,0.0,0.0,0.0,0.0,0.0,4.053116,4.053116,4.053116,4.053116,0.0,29606851.764706,1.0,1.0,120.0,0.0,0.0,0.0,0.0,0.0,0.0,0.0,4.053116,4.053116,4.053116,4.053116,0.0,0.0,0.0,0.0,0.0,0.0,64,0,64,DOS_SYN_Hping
S0435,39697,21,tcp,-,5e-06,1,1,1,0,199728.761905,199728.761905,399457.52381,1.0,20,20,20,20,20,20,0,1,1,0,0,1,0,0,0,0,120.0,120.0,120.0,120.0,0.0,0.0,0.0,0.0,0.0,0.0,0.0,120.0,120.0,60.0,84.852814,0.0,0.0,0.0,0.0,0.0,0.0,0.0,0.0,0.0,0.0,5.0067900000000005,5.0067900000000005,5.0067900000000005,5.0067900000000005,0.0,23967451.428571,1.0,1.0,120.0,0.0,0.0,0.0,0.0,0.0,0.0,0.0,5.0067900000000005,5.0067900000000005,5.0067900000000005,5.0067900000000005,0.0,0.0,0.0,0.0,0.0,0.0,64,0,64,DOS_SYN_Hping
S0436,45989,21,tcp,-,2e-06,1,1,1,0,524288.0,524288.0,1048576.0,1.0,20,20,20,20,20,20,0,1,1,0,0,1,0,0,0,0,120.0,120.0,120.0,120.0,0.0,0.0,0.0,0.0,0.0,0.0,0.0,120.0,120.0,60.0,84.852814,0.0,0.0,0.0,0.0,0.0,0.0,0.0,0.0,0.0,0.0,1.907349,1.907349,1.907349,1.907349,0.0,62914560.0,1.0,1.0,120.0,0.0,0.0,0.0,0.0,0.0,0.0,0.0,1.907349,1.907349,1.907349,1.907349,0.0,0.0,0.0,0.0,0.0,0.0,64,0,64,DOS_SYN_Hping
S0437,37437,21,tcp,-,1e-06,1,1,1,0,1048576.0,1048576.0,2097152.0,1.0,20,20,20,20,20,20,0,1,1,0,0,1,0,0,0,0,120.0,120.0,120.0,120.0,0.0,0.0,0.0,0.0,0.0,0.0,0.0,120.0,120.0,60.0,84.852814,0.0,0.0,0.0,0.0,0.0,0.0,0.0,0.0,0.0,0.0,0.953674,0.953674,0.953674,0.953674,0.0,125829120.0,1.0,1.0,120.0,0.0,0.0,0.0,0.0,0.0,0.0,0.0,0.953674,0.953674,0.953674,0.953674,0.0,0.0,0.0,0.0,0.0,0.0,64,0,64,DOS_SYN_Hping
S0438,46600,9900,tcp,-,6e-06,1,1,0,0,167772.16,167772.16,335544.32,1.0,20,20,20,20,20,20,0,0,1,0,0,1,0,0,0,0,0.0,0.0,0.0,0.0,0.0,0.0,0.0,0.0,0.0,0.0,0.0,0.0,0.0,0.0,0.0,0.0,0.0,0.0,0.0,0.0,0.0,0.0,0.0,0.0,0.0,5.960464,5.960464,5.960464,5.960464,0.0,0.0,1.0,1.0,0.0,0.0,0.0,0.0,0.0,0.0,0.0,0.0,5.960464,5.960464,5.960464,5.960464,0.0,0.0,0.0,0.0,0.0,0.0,1024,0,1024,NMAP_OS_DETECTION
S0439,39970,8002,tcp,-,4e-06,1,1,0,0,246723.764706,246723.764706,493447.529412,1.0,40,40,40,20,20,20,0,1,1,0,0,1,0,0,0,0,0.0,0.0,0.0,0.0,0.0,0.0,0.0,0.0,0.0,0.0,0.0,0.0,0.0,0.0,0.0,0.0,0.0,0.0,0.0,0.0,0.0,0.0,0.0,0.0,0.0,4.053116,4.053116,4.053116,4.053116,0.0,0.0,1.0,1.0,0.0,0.0,0.0,0.0,0.0,0.0,0.0,0.0,4.053116,4.053116,4.053116,4.053116,0.0,0.0,0.0,0.0,0.0,0.0,64240,0,64240,NMAP_TCP_scan
S0440,19403,21,tcp,-,4e-06,1,1,1,0,246723.764706,246723.764706,493447.529412,1.0,20,20,20,20,20,20,0,1,1,0,0,1,0,0,0,0,120.0,120.0,120.0,120.0,0.0,0.0,0.0,0.0,0.0,0.0,0.0,120.0,120.0,60.0,84.852814,0.0,0.0,0.0,0.0,0.0,0.0,0.0,0.0,0.0,0.0,4.053116,4.053116,4.053116,4.053116,0.0,29606851.764706,1.0,1.0,120.0,0.0,0.0,0.0,0.0,0.0,0.0,0.0,4.053116,4.053116,4.053116,4.053116,0.0,0.0,0.0,0.0,0.0,0.0,64,0,64,DOS_SYN_Hping
S0441,41577,53,udp,dns,0.036945,2,2,2,2,54.134371,54.134371,108.268742,1.0,16,8,8,16,8,8,0,0,0,0,0,0,0,0,0,0,36.0,36.0,72.0,36.0,0.0,36.0,68.0,104.0,52.0,22.627417,36.0,68.0,176.0,44.0,16.0,223.15979,223.15979,223.15979,223.15979,0.0,36074.16153,36074.16153,36074.16153,36074.16153,0.0,223.15979,36074.16153,36945.1046,12315.03487,20577.10259,4763.82465,2.0,2.0,72.0,104.0,0.0,0.0,0.0,0.0,0.0,0.0,36945.1046,36945.1046,36945.1046,36945.1046,0.0,0.0,0.0,0.0,0.0,0.0,0,0,0,Thing_Speak
S0442,28144,21,tcp,-,0.0,1,0,1,0,0.0,0.0,0.0,0.0,20,20,20,0,0,0,0,1,0,0,0,0,0,0,0,0,120.0,120.0,120.0,120.0,0.0,0.0,0.0,0.0,0.0,0.0,120.0,120.0,120.0,120.0,0.0,0.0,0.0,0.0,0.0,0.0,0.0,0.0,0.0,0.0,0.0,0.0,0.0,0.0,0.0,0.0,0.0,1.0,0.0,120.0,0.0,0.0,0.0,0.0,0.0,0.0,0.0,0.0,0.0,0.0,0.0,0.0,0.0,0.0,0.0,0.0,0.0,64,0,64,DOS_SYN_Hping
S0443,10679,21,tcp,-,5e-06,1,1,1,0,199728.761905,199728.761905,399457.52381,1.0,20,20,20,20,20,20,0,1,1,0,0,1,0,0,0,0,120.0,120.0,120.0,120.0,0.0,0.0,0.0,0.0,0.0,0.0,0.0,120.0,120.0,60.0,84.852814,0.0,0.0,0.0,0.0,0.0,0.0,0.0,0.0,0.0,0.0,5.0067900000000005,5.0067900000000005,5.0067900000000005,5.0067900000000005,0.0,23967451.428571,1.0,1.0,120.0,0.0,0.0,0.0,0.0,0.0,0.0,0.0,5.0067900000000005,5.0067900000000005,5.0067900000000005,5.0067900000000005,0.0,0.0,0.0,0.0,0.0,0.0,64,0,64,DOS_SYN_Hping
S0444,11703,21,tcp,-,1e-06,1,1,1,0,838860.8,838860.8,1677721.6,1.0,20,20,20,20,20,20,0,1,1,0,0,1,0,0,0,0,120.0,120.0,120.0,120.0,0.0,0.0,0.0,0.0,0.0,0.0,0.0,120.0,120.0,60.0,84.852814,0.0,0.0,0.0,0.0,0.0,0.0,0.0,0.0,0.0,0.0,1.192093,1.192093,1.192093,1.192093,0.0,100663296.0,1.0,1.0,120.0,0.0,0.0,0.0,0.0,0.0,0.0,0.0,1.192093,1.192093,1.192093,1.192093,0.0,0.0,0.0,0.0,0.0,0.0,64,0,64,DOS_SYN_Hping
S0445,15405,21,tcp,-,4e-06,1,1,1,0,246723.764706,246723.764706,493447.529412,1.0,20,20,20,20,20,20,0,1,1,0,0,1,0,0,0,0,120.0,120.0,120.0,120.0,0.0,0.0,0.0,0.0,0.0,0.0,0.0,120.0,120.0,60.0,84.852814,0.0,0.0,0.0,0.0,0.0,0.0,0.0,0.0,0.0,0.0,4.053116,4.053116,4.053116,4.053116,0.0,29606851.764706,1.0,1.0,120.0,0.0,0.0,0.0,0.0,0.0,0.0,0.0,4.053116,4.053116,4.053116,4.053116,0.0,0.0,0.0,0.0,0.0,0.0,64,0,64,DOS_SYN_Hping
S0446,51309,21,tcp,-,4e-06,1,1,1,0,246723.764706,246723.764706,493447.529412,1.0,20,20,20,20,20,20,0,1,1,0,0,1,0,0,0,0,120.0,120.0,120.0,120.0,0.0,0.0,0.0,0.0,0.0,0.0,0.0,120.0,120.0,60.0,84.852814,0.0,0.0,0.0,0.0,0.0,0.0,0.0,0.0,0.0,0.0,4.053116,4.053116,4.053116,4.053116,0.0,29606851.764706,1.0,1.0,120.0,0.0,0.0,0.0,0.0,0.0,0.0,0.0,4.053116,4.053116,4.053116,4.053116,0.0,0.0,0.0,0.0,0.0,0.0,64,0,64,DOS_SYN_Hping
S0447,44199,21,tcp,-,4e-06,1,1,1,0,246723.764706,246723.764706,493447.529412,1.0,20,20,20,20,20,20,0,1,1,0,0,1,0,0,0,0,120.0,120.0,120.0,120.0,0.0,0.0,0.0,0.0,0.0,0.0,0.0,120.0,120.0,60.0,84.852814,0.0,0.0,0.0,0.0,0.0,0.0,0.0,0.0,0.0,0.0,4.053116,4.053116,4.053116,4.053116,0.0,29606851.764706,1.0,1.0,120.0,0.0,0.0,0.0,0.0,0.0,0.0,0.0,4.053116,4.053116,4.053116,4.053116,0.0,0.0,0.0,0.0,0.0,0.0,64,0,64,DOS_SYN_Hping
S0448,34380,443,tcp,ssl,0.103201,8,7,1,3,77.518694,67.828858,145.347552,0.875,216,20,40,232,32,40,2,2,4,1,2,10,0,0,0,0,0.0,517.0,517.0,64.625,182.787103,0.0,1633.0,4337.0,619.571429,778.397469,0.0,1633.0,4854.0,323.6,598.75058,2.861023,62028.884888,103201.86615,14743.123736,22782.079342,5.960464,36566.019058,83137.03537,13856.172562,15878.225188,0.953674,36566.019058,103201.86615,7371.561868000001,12233.212471,47034.467851,8.0,7.0,517.0,4337.0,0.0,0.0,0.0,0.0,0.0,0.0,103201.86615,103201.86615,103201.86615,103201.86615,0.0,0.0,0.0,0.0,0.0,0.0,64240,65535,0,ARP_poisioning
S0449,34557,21,tcp,-,5e-06,1,1,1,0,199728.761905,199728.761905,399457.52381,1.0,20,20,20,20,20,20,0,1,1,0,0,1,0,0,0,0,120.0,120.0,120.0,120.0,0.0,0.0,0.0,0.0,0.0,0.0,0.0,120.0,120.0,60.0,84.852814,0.0,0.0,0.0,0.0,0.0,0.0,0.0,0.0,0.0,0.0,5.0067900000000005,5.0067900000000005,5.0067900000000005,5.0067900000000005,0.0,23967451.428571,1.0,1.0,120.0,0.0,0.0,0.0,0.0,0.0,0.0,0.0,5.0067900000000005,5.0067900000000005,5.0067900000000005,5.0067900000000005,0.0,0.0,0.0,0.0,0.0,0.0,64,0,64,DOS_SYN_Hping
S0450,3682,21,tcp,-,0.0,1,0,1,0,0.0,0.0,0.0,0.0,20,20,20,0,0,0,0,1,0,0,0,0,0,0,0,0,120.0,120.0,120.0,120.0,0.0,0.0,0.0,0.0,0.0,0.0,120.0,120.0,120.0,120.0,0.0,0.0,0.0,0.0,0.0,0.0,0.0,0.0,0.0,0.0,0.0,0.0,0.0,0.0,0.0,0.0,0.0,1.0,0.0,120.0,0.0,0.0,0.0,0.0,0.0,0.0,0.0,0.0,0.0,0.0,0.0,0.0,0.0,0.0,0.0,0.0,0.0,64,0,64,DOS_SYN_Hping
S0451,39159,21,tcp,-,1e-06,1,1,1,0,1048576.0,1048576.0,2097152.0,1.0,20,20,20,20,20,20,0,1,1,0,0,1,0,0,0,0,120.0,120.0,120.0,120.0,0.0,0.0,0.0,0.0,0.0,0.0,0.0,120.0,120.0,60.0,84.852814,0.0,0.0,0.0,0.0,0.0,0.0,0.0,0.0,0.0,0.0,0.953674,0.953674,0.953674,0.953674,0.0,125829120.0,1.0,1.0,120.0,0.0,0.0,0.0,0.0,0.0,0.0,0.0,0.953674,0.953674,0.953674,0.953674,0.0,0.0,0.0,0.0,0.0,0.0,64,0,64,DOS_SYN_Hping
S0452,57008,21,tcp,-,1e-06,1,1,1,0,1048576.0,1048576.0,2097152.0,1.0,20,20,20,20,20,20,0,1,1,0,0,1,0,0,0,0,120.0,120.0,120.0,120.0,0.0,0.0,0.0,0.0,0.0,0.0,0.0,120.0,120.0,60.0,84.852814,0.0,0.0,0.0,0.0,0.0,0.0,0.0,0.0,0.0,0.0,0.953674,0.953674,0.953674,0.953674,0.0,125829120.0,1.0,1.0,120.0,0.0,0.0,0.0,0.0,0.0,0.0,0.0,0.953674,0.953674,0.953674,0.953674,0.0,0.0,0.0,0.0,0.0,0.0,64,0,64,DOS_SYN_Hping
S0453,50078,49220,udp,-,0.0,1,0,1,0,0.0,0.0,0.0,0.0,8,8,8,0,0,0,0,0,0,0,0,0,0,0,0,0,40.0,40.0,40.0,40.0,0.0,0.0,0.0,0.0,0.0,0.0,40.0,40.0,40.0,40.0,0.0,0.0,0.0,0.0,0.0,0.0,0.0,0.0,0.0,0.0,0.0,0.0,0.0,0.0,0.0,0.0,0.0,1.0,0.0,40.0,0.0,0.0,0.0,0.0,0.0,0.0,0.0,0.0,0.0,0.0,0.0,0.0,0.0,0.0,0.0,0.0,0.0,0,0,0,NMAP_UDP_SCAN
S0454,41260,21,tcp,-,4e-06,1,1,1,0,246723.764706,246723.764706,493447.529412,1.0,20,20,20,20,20,20,0,1,1,0,0,1,0,0,0,0,120.0,120.0,120.0,120.0,0.0,0.0,0.0,0.0,0.0,0.0,0.0,120.0,120.0,60.0,84.852814,0.0,0.0,0.0,0.0,0.0,0.0,0.0,0.0,0.0,0.0,4.053116,4.053116,4.053116,4.053116,0.0,29606851.764706,1.0,1.0,120.0,0.0,0.0,0.0,0.0,0.0,0.0,0.0,4.053116,4.053116,4.053116,4.053116,0.0,0.0,0.0,0.0,0.0,0.0,64,0,64,DOS_SYN_Hping
S0455,3027,21,tcp,-,4e-06,1,1,1,0,262144.0,262144.0,524288.0,1.0,20,20,20,20,20,20,0,1,1,0,0,1,0,0,0,0,120.0,120.0,120.0,120.0,0.0,0.0,0.0,0.0,0.0,0.0,0.0,120.0,120.0,60.0,84.852814,0.0,0.0,0.0,0.0,0.0,0.0,0.0,0.0,0.0,0.0,3.814697,3.814697,3.814697,3.814697,0.0,31457280.0,1.0,1.0,120.0,0.0,0.0,0.0,0.0,0.0,0.0,0.0,3.814697,3.814697,3.814697,3.814697,0.0,0.0,0.0,0.0,0.0,0.0,64,0,64,DOS_SYN_Hping
S0456,27843,21,tcp,-,0.0,1,0,1,0,0.0,0.0,0.0,0.0,20,20,20,0,0,0,0,1,0,0,0,0,0,0,0,0,120.0,120.0,120.0,120.0,0.0,0.0,0.0,0.0,0.0,0.0,120.0,120.0,120.0,120.0,0.0,0.0,0.0,0.0,0.0,0.0,0.0,0.0,0.0,0.0,0.0,0.0,0.0,0.0,0.0,0.0,0.0,1.0,0.0,120.0,0.0,0.0,0.0,0.0,0.0,0.0,0.0,0.0,0.0,0.0,0.0,0.0,0.0,0.0,0.0,0.0,0.0,64,0,64,DOS_SYN_Hping
S0457,58628,5353,udp,dns,0.0,1,0,1,0,0.0,0.0,0.0,0.0,8,8,8,0,0,0,0,0,0,0,0,0,0,0,0,0,46.0,46.0,46.0,46.0,0.0,0.0,0.0,0.0,0.0,0.0,46.0,46.0,46.0,46.0,0.0,0.0,0.0,0.0,0.0,0.0,0.0,0.0,0.0,0.0,0.0,0.0,0.0,0.0,0.0,0.0,0.0,1.0,0.0,46.0,0.0,0.0,0.0,0.0,0.0,0.0,0.0,0.0,0.0,0.0,0.0,0.0,0.0,0.0,0.0,0.0,0.0,0,0,0,ARP_poisioning
S0458,24640,21,tcp,-,3e-06,1,1,1,0,349525.333333,349525.333333,699050.666667,1.0,20,20,20,20,20,20,0,1,1,0,0,1,0,0,0,0,120.0,120.0,120.0,120.0,0.0,0.0,0.0,0.0,0.0,0.0,0.0,120.0,120.0,60.0,84.852814,0.0,0.0,0.0,0.0,0.0,0.0,0.0,0.0,0.0,0.0,2.861023,2.861023,2.861023,2.861023,0.0,41943040.0,1.0,1.0,120.0,0.0,0.0,0.0,0.0,0.0,0.0,0.0,2.861023,2.861023,2.861023,2.861023,0.0,0.0,0.0,0.0,0.0,0.0,64,0,64,DOS_SYN_Hping
S0459,9015,21,tcp,-,1e-06,1,1,1,0,838860.8,838860.8,1677721.6,1.0,20,20,20,20,20,20,0,1,1,0,0,1,0,0,0,0,120.0,120.0,120.0,120.0,0.0,0.0,0.0,0.0,0.0,0.0,0.0,120.0,120.0,60.0,84.852814,0.0,0.0,0.0,0.0,0.0,0.0,0.0,0.0,0.0,0.0,1.192093,1.192093,1.192093,1.192093,0.0,100663296.0,1.0,1.0,120.0,0.0,0.0,0.0,0.0,0.0,0.0,0.0,1.192093,1.192093,1.192093,1.192093,0.0,0.0,0.0,0.0,0.0,0.0,64,0,64,DOS_SYN_Hping
S0460,12147,21,tcp,-,2e-06,1,1,1,0,466033.777778,466033.777778,932067.555556,1.0,20,20,20,20,20,20,0,1,1,0,0,1,0,0,0,0,120.0,120.0,120.0,120.0,0.0,0.0,0.0,0.0,0.0,0.0,0.0,120.0,120.0,60.0,84.852814,0.0,0.0,0.0,0.0,0.0,0.0,0.0,0.0,0.0,0.0,2.145767,2.145767,2.145767,2.145767,0.0,55924053.33333299,1.0,1.0,120.0,0.0,0.0,0.0,0.0,0.0,0.0,0.0,2.145767,2.145767,2.145767,2.145767,0.0,0.0,0.0,0.0,0.0,0.0,64,0,64,DOS_SYN_Hping
S0461,35891,21,tcp,-,5e-06,1,1,1,0,199728.761905,199728.761905,399457.52381,1.0,20,20,20,20,20,20,0,1,1,0,0,1,0,0,0,0,120.0,120.0,120.0,120.0,0.0,0.0,0.0,0.0,0.0,0.0,0.0,120.0,120.0,60.0,84.852814,0.0,0.0,0.0,0.0,0.0,0.0,0.0,0.0,0.0,0.0,5.0067900000000005,5.0067900000000005,5.0067900000000005,5.0067900000000005,0.0,23967451.428571,1.0,1.0,120.0,0.0,0.0,0.0,0.0,0.0,0.0,0.0,5.0067900000000005,5.0067900000000005,5.0067900000000005,5.0067900000000005,0.0,0.0,0.0,0.0,0.0,0.0,64,0,64,DOS_SYN_Hping
S0462,64585,21,tcp,-,4e-06,1,1,1,0,246723.764706,246723.764706,493447.529412,1.0,20,20,20,20,20,20,0,1,1,0,0,1,0,0,0,0,120.0,120.0,120.0,120.0,0.0,0.0,0.0,0.0,0.0,0.0,0.0,120.0,120.0,60.0,84.852814,0.0,0.0,0.0,0.0,0.0,0.0,0.0,0.0,0.0,0.0,4.053116,4.053116,4.053116,4.053116,0.0,29606851.764706,1.0,1.0,120.0,0.0,0.0,0.0,0.0,0.0,0.0,0.0,4.053116,4.053116,4.053116,4.053116,0.0,0.0,0.0,0.0,0.0,0.0,64,0,64,DOS_SYN_Hping
S0463,56337,21,tcp,-,4e-06,1,1,1,0,246723.764706,246723.764706,493447.529412,1.0,20,20,20,20,20,20,0,1,1,0,0,1,0,0,0,0,120.0,120.0,120.0,120.0,0.0,0.0,0.0,0.0,0.0,0.0,0.0,120.0,120.0,60.0,84.852814,0.0,0.0,0.0,0.0,0.0,0.0,0.0,0.0,0.0,0.0,4.053116,4.053116,4.053116,4.053116,0.0,29606851.764706,1.0,1.0,120.0,0.0,0.0,0.0,0.0,0.0,0.0,0.0,4.053116,4.053116,4.053116,4.053116,0.0,0.0,0.0,0.0,0.0,0.0,64,0,64,DOS_SYN_Hping
S0464,17413,21,tcp,-,4e-06,1,1,1,0,262144.0,262144.0,524288.0,1.0,20,20,20,20,20,20,0,1,1,0,0,1,0,0,0,0,120.0,120.0,120.0,120.0,0.0,0.0,0.0,0.0,0.0,0.0,0.0,120.0,120.0,60.0,84.852814,0.0,0.0,0.0,0.0,0.0,0.0,0.0,0.0,0.0,0.0,3.814697,3.814697,3.814697,3.814697,0.0,31457280.0,1.0,1.0,120.0,0.0,0.0,0.0,0.0,0.0,0.0,0.0,3.814697,3.814697,3.814697,3.814697,0.0,0.0,0.0,0.0,0.0,0.0,64,0,64,DOS_SYN_Hping
S0465,18571,21,tcp,-,3e-06,1,1,1,0,322638.769231,322638.769231,645277.538462,1.0,20,20,20,20,20,20,0,1,1,0,0,1,0,0,0,0,120.0,120.0,120.0,120.0,0.0,0.0,0.0,0.0,0.0,0.0,0.0,120.0,120.0,60.0,84.852814,0.0,0.0,0.0,0.0,0.0,0.0,0.0,0.0,0.0,0.0,3.099442,3.099442,3.099442,3.099442,0.0,38716652.307692,1.0,1.0,120.0,0.0,0.0,0.0,0.0,0.0,0.0,0.0,3.099442,3.099442,3.099442,3.099442,0.0,0.0,0.0,0.0,0.0,0.0,64,0,64,DOS_SYN_Hping
S0466,3913,21,tcp,-,4e-06,1,1,1,0,262144.0,262144.0,524288.0,1.0,20,20,20,20,20,20,0,1,1,0,0,1,0,0,0,0,120.0,120.0,120.0,120.0,0.0,0.0,0.0,0.0,0.0,0.0,0.0,120.0,120.0,60.0,84.852814,0.0,0.0,0.0,0.0,0.0,0.0,0.0,0.0,0.0,0.0,3.814697,3.814697,3.814697,3.814697,0.0,31457280.0,1.0,1.0,120.0,0.0,0.0,0.0,0.0,0.0,0.0,0.0,3.814697,3.814697,3.814697,3.814697,0.0,0.0,0.0,0.0,0.0,0.0,64,0,64,DOS_SYN_Hping
S0467,26395,21,tcp,-,5e-06,1,1,1,0,199728.761905,199728.761905,399457.52381,1.0,20,20,20,20,20,20,0,1,1,0,0,1,0,0,0,0,120.0,120.0,120.0,120.0,0.0,0.0,0.0,0.0,0.0,0.0,0.0,120.0,120.0,60.0,84.852814,0.0,0.0,0.0,0.0,0.0,0.0,0.0,0.0,0.0,0.0,5.0067900000000005,5.0067900000000005,5.0067900000000005,5.0067900000000005,0.0,23967451.428571,1.0,1.0,120.0,0.0,0.0,0.0,0.0,0.0,0.0,0.0,5.0067900000000005,5.0067900000000005,5.0067900000000005,5.0067900000000005,0.0,0.0,0.0,0.0,0.0,0.0,64,0,64,DOS_SYN_Hping
S0468,44470,21,tcp,-,2e-06,1,1,1,0,524288.0,524288.0,1048576.0,1.0,20,20,20,20,20,20,0,1,1,0,0,1,0,0,0,0,120.0,120.0,120.0,120.0,0.0,0.0,0.0,0.0,0.0,0.0,0.0,120.0,120.0,60.0,84.852814,0.0,0.0,0.0,0.0,0.0,0.0,0.0,0.0,0.0,0.0,1.907349,1.907349,1.907349,1.907349,0.0,62914560.0,1.0,1.0,120.0,0.0,0.0,0.0,0.0,0.0,0.0,0.0,1.907349,1.907349,1.907349,1.907349,0.0,0.0,0.0,0.0,0.0,0.0,64,0,64,DOS_SYN_Hping
S0469,44610,53,udp,dns,0.018237,2,2,2,2,109.667909,109.667909,219.335817,1.0,16,8,8,16,8,8,0,0,0,0,0,0,0,0,0,0,36.0,36.0,72.0,36.0,0.0,36.0,68.0,104.0,52.0,22.627417,36.0,68.0,176.0,44.0,16.0,952.005386,952.005386,952.005386,952.005386,0.0,17055.98831,17055.98831,17055.98831,17055.98831,0.0,228.881836,17055.98831,18236.87553,6078.958511,9513.259922,9650.775961,2.0,2.0,72.0,104.0,0.0,0.0,0.0,0.0,0.0,0.0,18236.87553,18236.87553,18236.87553,18236.87553,0.0,0.0,0.0,0.0,0.0,0.0,0,0,0,Thing_Speak
S0470,34786,443,tcp,ssl,1.061187,33,50,18,32,31.097252,47.117048,78.214299,1.515152,1064,32,40,1608,32,40,2,2,0,18,31,82,0,0,0,0,0.0,1329.0,9023.0,273.424242,467.477809,0.0,1352.0,8530.0,170.6,287.098078,0.0,1352.0,17553.0,211.481928,370.269492,10.01358,308667.898178,1061202.049255,33162.564039,61727.629309,0.953674,329242.944717,1039459.943771,21213.46824,51925.792365,0.953674,308667.898178,1061202.049255,12941.488406,38427.849257,16540.910812000002,33.0,50.0,9023.0,8530.0,0.0,1211.0,0.0,7.0,0.0,43039.462306,1061202.049255,1061202.049255,1061202.049255,1061202.049255,0.0,0.0,0.0,0.0,0.0,0.0,64240,65535,501,ARP_poisioning
S0471,14704,21,tcp,-,5e-06,1,1,1,0,199728.761905,199728.761905,399457.52381,1.0,20,20,20,20,20,20,0,1,1,0,0,1,0,0,0,0,120.0,120.0,120.0,120.0,0.0,0.0,0.0,0.0,0.0,0.0,0.0,120.0,120.0,60.0,84.852814,0.0,0.0,0.0,0.0,0.0,0.0,0.0,0.0,0.0,0.0,5.0067900000000005,5.0067900000000005,5.0067900000000005,5.0067900000000005,0.0,23967451.428571,1.0,1.0,120.0,0.0,0.0,0.0,0.0,0.0,0.0,0.0,5.0067900000000005,5.0067900000000005,5.0067900000000005,5.0067900000000005,0.0,0.0,0.0,0.0,0.0,0.0,64,0,64,DOS_SYN_Hping
S0472,19748,21,tcp,-,4e-06,1,1,1,0,246723.764706,246723.764706,493447.529412,1.0,20,20,20,20,20,20,0,1,1,0,0,1,0,0,0,0,120.0,120.0,120.0,120.0,0.0,0.0,0.0,0.0,0.0,0.0,0.0,120.0,120.0,60.0,84.852814,0.0,0.0,0.0,0.0,0.0,0.0,0.0,0.0,0.0,0.0,4.053116,4.053116,4.053116,4.053116,0.0,29606851.764706,1.0,1.0,120.0,0.0,0.0,0.0,0.0,0.0,0.0,0.0,4.053116,4.053116,4.053116,4.053116,0.0,0.0,0.0,0.0,0.0,0.0,64,0,64,DOS_SYN_Hping
S0473,51036,19315,tcp,-,6e-06,1,1,0,0,167772.16,167772.16,335544.32,1.0,20,20,20,20,20,20,0,0,1,0,0,1,0,0,0,0,0.0,0.0,0.0,0.0,0.0,0.0,0.0,0.0,0.0,0.0,0.0,0.0,0.0,0.0,0.0,0.0,0.0,0.0,0.0,0.0,0.0,0.0,0.0,0.0,0.0,5.960464,5.960464,5.960464,5.960464,0.0,0.0,1.0,1.0,0.0,0.0,0.0,0.0,0.0,0.0,0.0,0.0,5.960464,5.960464,5.960464,5.960464,0.0,0.0,0.0,0.0,0.0,0.0,1024,0,1024,NMAP_OS_DETECTION
S0474,64182,1025,udp,-,0.0,1,0,1,0,0.0,0.0,0.0,0.0,8,8,8,0,0,0,0,0,0,0,0,0,0,0,0,0,72.0,72.0,72.0,72.0,0.0,0.0,0.0,0.0,0.0,0.0,72.0,72.0,72.0,72.0,0.0,0.0,0.0,0.0,0.0,0.0,0.0,0.0,0.0,0.0,0.0,0.0,0.0,0.0,0.0,0.0,0.0,1.0,0.0,72.0,0.0,0.0,0.0,0.0,0.0,0.0,0.0,0.0,0.0,0.0,0.0,0.0,0.0,0.0,0.0,0.0,0.0,0,0,0,NMAP_UDP_SCAN
S0475,43037,21,tcp,-,4e-06,1,1,1,0,246723.764706,246723.764706,493447.529412,1.0,20,20,20,20,20,20,0,1,1,0,0,1,0,0,0,0,120.0,120.0,120.0,120.0,0.0,0.0,0.0,0.0,0.0,0.0,0.0,120.0,120.0,60.0,84.852814,0.0,0.0,0.0,0.0,0.0,0.0,0.0,0.0,0.0,0.0,4.053116,4.053116,4.053116,4.053116,0.0,29606851.764706,1.0,1.0,120.0,0.0,0.0,0.0,0.0,0.0,0.0,0.0,4.053116,4.053116,4.053116,4.053116,0.0,0.0,0.0,0.0,0.0,0.0,64,0,64,DOS_SYN_Hping
S0476,64775,21,tcp,-,1e-06,1,1,1,0,1048576.0,1048576.0,2097152.0,1.0,20,20,20,20,20,20,0,1,1,0,0,1,0,0,0,0,120.0,120.0,120.0,120.0,0.0,0.0,0.0,0.0,0.0,0.0,0.0,120.0,120.0,60.0,84.852814,0.0,0.0,0.0,0.0,0.0,0.0,0.0,0.0,0.0,0.0,0.953674,0.953674,0.953674,0.953674,0.0,125829120.0,1.0,1.0,120.0,0.0,0.0,0.0,0.0,0.0,0.0,0.0,0.953674,0.953674,0.953674,0.953674,0.0,0.0,0.0,0.0,0.0,0.0,64,0,64,DOS_SYN_Hping
S0477,2911,21,tcp,-,1e-06,1,1,1,0,1048576.0,1048576.0,2097152.0,1.0,20,20,20,20,20,20,0,1,1,0,0,1,0,0,0,0,120.0,120.0,120.0,120.0,0.0,0.0,0.0,0.0,0.0,0.0,0.0,120.0,120.0,60.0,84.852814,0.0,0.0,0.0,0.0,0.0,0.0,0.0,0.0,0.0,0.0,0.953674,0.953674,0.953674,0.953674,0.0,125829120.0,1.0,1.0,120.0,0.0,0.0,0.0,0.0,0.0,0.0,0.0,0.953674,0.953674,0.953674,0.953674,0.0,0.0,0.0,0.0,0.0,0.0,64,0,64,DOS_SYN_Hping
S0478,40898,5353,udp,dns,0.0,1,0,1,0,0.0,0.0,0.0,0.0,8,8,8,0,0,0,0,0,0,0,0,0,0,0,0,0,40.0,40.0,40.0,40.0,0.0,0.0,0.0,0.0,0.0,0.0,40.0,40.0,40.0,40.0,0.0,0.0,0.0,0.0,0.0,0.0,0.0,0.0,0.0,0.0,0.0,0.0,0.0,0.0,0.0,0.0,0.0,1.0,0.0,40.0,0.0,0.0,0.0,0.0,0.0,0.0,0.0,0.0,0.0,0.0,0.0,0.0,0.0,0.0,0.0,0.0,0.0,0,0,0,ARP_poisioning
S0479,43120,21,tcp,-,5e-06,1,1,1,0,199728.761905,199728.761905,399457.52381,1.0,20,20,20,20,20,20,0,1,1,0,0,1,0,0,0,0,120.0,120.0,120.0,120.0,0.0,0.0,0.0,0.0,0.0,0.0,0.0,120.0,120.0,60.0,84.852814,0.0,0.0,0.0,0.0,0.0,0.0,0.0,0.0,0.0,0.0,5.0067900000000005,5.0067900000000005,5.0067900000000005,5.0067900000000005,0.0,23967451.428571,1.0,1.0,120.0,0.0,0.0,0.0,0.0,0.0,0.0,0.0,5.0067900000000005,5.0067900000000005,5.0067900000000005,5.0067900000000005,0.0,0.0,0.0,0.0,0.0,0.0,64,0,64,DOS_SYN_Hping
S0480,31667,21,tcp,-,2e-06,1,1,1,0,524288.0,524288.0,1048576.0,1.0,20,20,20,20,20,20,0,1,1,0,0,1,0,0,0,0,120.0,120.0,120.0,120.0,0.0,0.0,0.0,0.0,0.0,0.0,0.0,120.0,120.0,60.0,84.852814,0.0,0.0,0.0,0.0,0.0,0.0,0.0,0.0,0.0,0.0,1.907349,1.907349,1.907349,1.907349,0.0,62914560.0,1.0,1.0,120.0,0.0,0.0,0.0,0.0,0.0,0.0,0.0,1.907349,1.907349,1.907349,1.907349,0.0,0.0,0.0,0.0,0.0,0.0,64,0,64,DOS_SYN_Hping
S0481,52240,21,tcp,-,0.0,1,0,1,0,0.0,0.0,0.0,0.0,20,20,20,0,0,0,0,1,0,0,0,0,0,0,0,0,120.0,120.0,120.0,120.0,0.0,0.0,0.0,0.0,0.0,0.0,120.0,120.0,120.0,120.0,0.0,0.0,0.0,0.0,0.0,0.0,0.0,0.0,0.0,0.0,0.0,0.0,0.0,0.0,0.0,0.0,0.0,1.0,0.0,120.0,0.0,0.0,0.0,0.0,0.0,0.0,0.0,0.0,0.0,0.0,0.0,0.0,0.0,0.0,0.0,0.0,0.0,64,0,64,DOS_SYN_Hping
S0482,43782,53,udp,dns,0.000196,2,2,2,2,10205.119221,10205.119221,20410.238443,1.0,16,8,8,16,8,8,0,0,0,0,0,0,0,0,0,0,41.0,41.0,82.0,41.0,0.0,106.0,122.0,228.0,114.0,11.313708,41.0,122.0,310.0,77.5,42.649736,5.0067900000000005,5.0067900000000005,5.0067900000000005,5.0067900000000005,0.0,86.06910699999999,86.06910699999999,86.06910699999999,86.06910699999999,0.0,5.0067900000000005,104.904175,195.980072,65.326691,53.080672,1581793.4793190002,2.0,2.0,82.0,228.0,0.0,0.0,0.0,0.0,0.0,0.0,195.980072,195.980072,195.980072,195.980072,0.0,0.0,0.0,0.0,0.0,0.0,0,0,0,ARP_poisioning
S0483,58493,21,tcp,-,0.0,1,0,1,0,0.0,0.0,0.0,0.0,20,20,20,0,0,0,0,1,0,0,0,0,0,0,0,0,120.0,120.0,120.0,120.0,0.0,0.0,0.0,0.0,0.0,0.0,120.0,120.0,120.0,120.0,0.0,0.0,0.0,0.0,0.0,0.0,0.0,0.0,0.0,0.0,0.0,0.0,0.0,0.0,0.0,0.0,0.0,1.0,0.0,120.0,0.0,0.0,0.0,0.0,0.0,0.0,0.0,0.0,0.0,0.0,0.0,0.0,0.0,0.0,0.0,0.0,0.0,64,0,64,DOS_SYN_Hping
S0484,46600,801,tcp,-,7.000000000000001e-06,1,1,0,0,139810.133333,139810.133333,279620.266667,1.0,20,20,20,20,20,20,0,0,1,0,0,1,0,0,0,0,0.0,0.0,0.0,0.0,0.0,0.0,0.0,0.0,0.0,0.0,0.0,0.0,0.0,0.0,0.0,0.0,0.0,0.0,0.0,0.0,0.0,0.0,0.0,0.0,0.0,7.152557000000001,7.152557000000001,7.152557000000001,7.152557000000001,0.0,0.0,1.0,1.0,0.0,0.0,0.0,0.0,0.0,0.0,0.0,0.0,7.152557000000001,7.152557000000001,7.152557000000001,7.152557000000001,0.0,0.0,0.0,0.0,0.0,0.0,1024,0,1024,NMAP_OS_DETECTION
S0485,64978,21,tcp,-,1e-06,1,1,1,0,838860.8,838860.8,1677721.6,1.0,20,20,20,20,20,20,0,1,1,0,0,1,0,0,0,0,120.0,120.0,120.0,120.0,0.0,0.0,0.0,0.0,0.0,0.0,0.0,120.0,120.0,60.0,84.852814,0.0,0.0,0.0,0.0,0.0,0.0,0.0,0.0,0.0,0.0,1.192093,1.192093,1.192093,1.192093,0.0,100663296.0,1.0,1.0,120.0,0.0,0.0,0.0,0.0,0.0,0.0,0.0,1.192093,1.192093,1.192093,1.192093,0.0,0.0,0.0,0.0,0.0,0.0,64,0,64,DOS_SYN_Hping
S0486,44649,1883,tcp,mqtt,6.074789,10,6,3,4,1.646148,0.987689,2.633836,0.6,328,32,40,200,32,40,0,2,1,3,4,15,0,0,0,0,0.0,33.0,77.0,7.7,12.789318,0.0,22.0,35.0,5.8333330000000005,8.20772,0.0,33.0,112.0,7.0,11.021192,244.855881,3725472.211838,6074789.047241,674976.560805,1205481.72399,285.148621,1520849.943161,2073356.151581,414671.230316,633355.6982710001,244.855881,3725472.211838,6074789.047241,404985.936483,973270.686754,18.436854,3.333333,2.0,25.666667,11.666667,0.0,0.0,0.0,0.0,0.0,0.0,6074789.047241,6074789.047241,6074789.047241,6074789.047241,0.0,0.0,0.0,0.0,0.0,0.0,64240,26847,502,MQTT_Publish
S0487,54913,21,tcp,-,2e-06,1,1,1,0,524288.0,524288.0,1048576.0,1.0,20,20,20,20,20,20,0,1,1,0,0,1,0,0,0,0,120.0,120.0,120.0,120.0,0.0,0.0,0.0,0.0,0.0,0.0,0.0,120.0,120.0,60.0,84.852814,0.0,0.0,0.0,0.0,0.0,0.0,0.0,0.0,0.0,0.0,1.907349,1.907349,1.907349,1.907349,0.0,62914560.0,1.0,1.0,120.0,0.0,0.0,0.0,0.0,0.0,0.0,0.0,1.907349,1.907349,1.907349,1.907349,0.0,0.0,0.0,0.0,0.0,0.0,64,0,64,DOS_SYN_Hping
S0488,40789,21,tcp,-,4e-06,1,1,1,0,246723.764706,246723.764706,493447.529412,1.0,20,20,20,20,20,20,0,1,1,0,0,1,0,0,0,0,120.0,120.0,120.0,120.0,0.0,0.0,0.0,0.0,0.0,0.0,0.0,120.0,120.0,60.0,84.852814,0.0,0.0,0.0,0.0,0.0,0.0,0.0,0.0,0.0,0.0,4.053116,4.053116,4.053116,4.053116,0.0,29606851.764706,1.0,1.0,120.0,0.0,0.0,0.0,0.0,0.0,0.0,0.0,4.053116,4.053116,4.053116,4.053116,0.0,0.0,0.0,0.0,0.0,0.0,64,0,64,DOS_SYN_Hping
S0489,31971,21,tcp,-,4e-06,1,1,1,0,246723.764706,246723.764706,493447.529412,1.0,20,20,20,20,20,20,0,1,1,0,0,1,0,0,0,0,120.0,120.0,120.0,120.0,0.0,0.0,0.0,0.0,0.0,0.0,0.0,120.0,120.0,60.0,84.852814,0.0,0.0,0.0,0.0,0.0,0.0,0.0,0.0,0.0,0.0,4.053116,4.053116,4.053116,4.053116,0.0,29606851.764706,1.0,1.0,120.0,0.0,0.0,0.0,0.0,0.0,0.0,0.0,4.053116,4.053116,4.053116,4.053116,0.0,0.0,0.0,0.0,0.0,0.0,64,0,64,DOS_SYN_Hping
S0490,38823,1883,tcp,mqtt,32.093778,9,5,3,3,0.280428,0.155793,0.436222,0.555556,296,32,40,168,32,40,0,2,1,3,3,13,0,0,0,0,0.0,33.0,76.0,8.444444,13.115935999999998,0.0,23.0,32.0,6.4,9.555103,0.0,33.0,108.0,7.714286,11.618477,564.8136139999998,30004048.109055,32093778.133392,4011722.266674,10513639.135371,3981.82869,1623836.994171,1935883.998871,483970.999718,763197.194575,564.8136139999998,30004048.109055,32093778.133392,2468752.164107,8282872.597816002,3.3651379999999995,3.0,1.666667,25.333333,10.666667,0.0,0.0,0.0,0.0,0.0,0.0,2089730.024338,2089730.024338,2089730.024338,2089730.024338,0.0,30004048.109055,30004048.109055,30004048.109055,30004048.109055,0.0,64240,26847,502,MQTT_Publish
S0491,6148,21,tcp,-,4e-06,1,1,1,0,246723.764706,246723.764706,493447.529412,1.0,20,20,20,20,20,20,0,1,1,0,0,1,0,0,0,0,120.0,120.0,120.0,120.0,0.0,0.0,0.0,0.0,0.0,0.0,0.0,120.0,120.0,60.0,84.852814,0.0,0.0,0.0,0.0,0.0,0.0,0.0,0.0,0.0,0.0,4.053116,4.053116,4.053116,4.053116,0.0,29606851.764706,1.0,1.0,120.0,0.0,0.0,0.0,0.0,0.0,0.0,0.0,4.053116,4.053116,4.053116,4.053116,0.0,0.0,0.0,0.0,0.0,0.0,64,0,64,DOS_SYN_Hping
S0492,46364,5353,udp,dns,0.0,1,0,1,0,0.0,0.0,0.0,0.0,8,8,8,0,0,0,0,0,0,0,0,0,0,0,0,0,46.0,46.0,46.0,46.0,0.0,0.0,0.0,0.0,0.0,0.0,46.0,46.0,46.0,46.0,0.0,0.0,0.0,0.0,0.0,0.0,0.0,0.0,0.0,0.0,0.0,0.0,0.0,0.0,0.0,0.0,0.0,1.0,0.0,46.0,0.0,0.0,0.0,0.0,0.0,0.0,0.0,0.0,0.0,0.0,0.0,0.0,0.0,0.0,0.0,0.0,0.0,0,0,0,ARP_poisioning
S0493,34862,21,tcp,-,4e-06,1,1,1,0,262144.0,262144.0,524288.0,1.0,20,20,20,20,20,20,0,1,1,0,0,1,0,0,0,0,120.0,120.0,120.0,120.0,0.0,0.0,0.0,0.0,0.0,0.0,0.0,120.0,120.0,60.0,84.852814,0.0,0.0,0.0,0.0,0.0,0.0,0.0,0.0,0.0,0.0,3.814697,3.814697,3.814697,3.814697,0.0,31457280.0,1.0,1.0,120.0,0.0,0.0,0.0,0.0,0.0,0.0,0.0,3.814697,3.814697,3.814697,3.814697,0.0,0.0,0.0,0.0,0.0,0.0,64,0,64,DOS_SYN_Hping
S0494,64470,21,tcp,-,4e-06,1,1,1,0,246723.764706,246723.764706,493447.529412,1.0,20,20,20,20,20,20,0,1,1,0,0,1,0,0,0,0,120.0,120.0,120.0,120.0,0.0,0.0,0.0,0.0,0.0,0.0,0.0,120.0,120.0,60.0,84.852814,0.0,0.0,0.0,0.0,0.0,0.0,0.0,0.0,0.0,0.0,4.053116,4.053116,4.053116,4.053116,0.0,29606851.764706,1.0,1.0,120.0,0.0,0.0,0.0,0.0,0.0,0.0,0.0,4.053116,4.053116,4.053116,4.053116,0.0,0.0,0.0,0.0,0.0,0.0,64,0,64,DOS_SYN_Hping
S0495,59687,21,tcp,-,2e-06,1,1,1,0,466033.777778,466033.777778,932067.555556,1.0,20,20,20,20,20,20,0,1,1,0,0,1,0,0,0,0,120.0,120.0,120.0,120.0,0.0,0.0,0.0,0.0,0.0,0.0,0.0,120.0,120.0,60.0,84.852814,0.0,0.0,0.0,0.0,0.0,0.0,0.0,0.0,0.0,0.0,2.145767,2.145767,2.145767,2.145767,0.0,55924053.33333299,1.0,1.0,120.0,0.0,0.0,0.0,0.0,0.0,0.0,0.0,2.145767,2.145767,2.145767,2.145767,0.0,0.0,0.0,0.0,0.0,0.0,64,0,64,DOS_SYN_Hping
S0496,30126,21,tcp,-,1e-06,1,1,1,0,1048576.0,1048576.0,2097152.0,1.0,20,20,20,20,20,20,0,1,1,0,0,1,0,0,0,0,120.0,120.0,120.0,120.0,0.0,0.0,0.0,0.0,0.0,0.0,0.0,120.0,120.0,60.0,84.852814,0.0,0.0,0.0,0.0,0.0,0.0,0.0,0.0,0.0,0.0,0.953674,0.953674,0.953674,0.953674,0.0,125829120.0,1.0,1.0,120.0,0.0,0.0,0.0,0.0,0.0,0.0,0.0,0.953674,0.953674,0.953674,0.953674,0.0,0.0,0.0,0.0,0.0,0.0,64,0,64,DOS_SYN_Hping
S0497,20383,21,tcp,-,4e-06,1,1,1,0,262144.0,262144.0,524288.0,1.0,20,20,20,20,20,20,0,1,1,0,0,1,0,0,0,0,120.0,120.0,120.0,120.0,0.0,0.0,0.0,0.0,0.0,0.0,0.0,120.0,120.0,60.0,84.852814,0.0,0.0,0.0,0.0,0.0,0.0,0.0,0.0,0.0,0.0,3.814697,3.814697,3.814697,3.814697,0.0,31457280.0,1.0,1.0,120.0,0.0,0.0,0.0,0.0,0.0,0.0,0.0,3.814697,3.814697,3.814697,3.814697,0.0,0.0,0.0,0.0,0.0,0.0,64,0,64,DOS_SYN_Hping
S0498,14799,21,tcp,-,2e-06,1,1,1,0,524288.0,524288.0,1048576.0,1.0,20,20,20,20,20,20,0,1,1,0,0,1,0,0,0,0,120.0,120.0,120.0,120.0,0.0,0.0,0.0,0.0,0.0,0.0,0.0,120.0,120.0,60.0,84.852814,0.0,0.0,0.0,0.0,0.0,0.0,0.0,0.0,0.0,0.0,1.907349,1.907349,1.907349,1.907349,0.0,62914560.0,1.0,1.0,120.0,0.0,0.0,0.0,0.0,0.0,0.0,0.0,1.907349,1.907349,1.907349,1.907349,0.0,0.0,0.0,0.0,0.0,0.0,64,0,64,DOS_SYN_Hping
S0499,24744,21,tcp,-,1e-06,1,1,1,0,1048576.0,1048576.0,2097152.0,1.0,20,20,20,20,20,20,0,1,1,0,0,1,0,0,0,0,120.0,120.0,120.0,120.0,0.0,0.0,0.0,0.0,0.0,0.0,0.0,120.0,120.0,60.0,84.852814,0.0,0.0,0.0,0.0,0.0,0.0,0.0,0.0,0.0,0.0,0.953674,0.953674,0.953674,0.953674,0.0,125829120.0,1.0,1.0,120.0,0.0,0.0,0.0,0.0,0.0,0.0,0.0,0.953674,0.953674,0.953674,0.953674,0.0,0.0,0.0,0.0,0.0,0.0,64,0,64,DOS_SYN_Hping
S0500,34722,80,tcp,http,0.929237,7,5,2,1,7.533063,5.380758999999999,12.913822,0.714286,232,32,40,168,32,40,2,2,0,2,1,11,0,0,0,0,0.0,169.0,214.0,30.571429,63.303126,0.0,539.0,539.0,107.8,241.048128,0.0,539.0,753.0,62.75,157.784735,92.029572,326097.0116,931241.9891,155206.9982,169223.8181,70.095062,302478.7903,630784.9884,157696.2471,167440.4138,70.095062,298451.9005,931241.9891,84658.36265,137478.7744,810.342345,7.0,5.0,214.0,539.0,0.0,0.0,0.0,0.0,0.0,0.0,931241.9891,931241.9891,931241.9891,931241.9891,0.0,0.0,0.0,0.0,0.0,0.0,64240,26847,501,Thing_Speak
S0501,4683,21,tcp,-,1e-06,1,1,1,0,1048576.0,1048576.0,2097152.0,1.0,20,20,20,20,20,20,0,1,1,0,0,1,0,0,0,0,120.0,120.0,120.0,120.0,0.0,0.0,0.0,0.0,0.0,0.0,0.0,120.0,120.0,60.0,84.852814,0.0,0.0,0.0,0.0,0.0,0.0,0.0,0.0,0.0,0.0,0.953674,0.953674,0.953674,0.953674,0.0,125829120.0,1.0,1.0,120.0,0.0,0.0,0.0,0.0,0.0,0.0,0.0,0.953674,0.953674,0.953674,0.953674,0.0,0.0,0.0,0.0,0.0,0.0,64,0,64,DOS_SYN_Hping
S0502,6815,21,tcp,-,5e-06,1,1,1,0,199728.761905,199728.761905,399457.52381,1.0,20,20,20,20,20,20,0,1,1,0,0,1,0,0,0,0,120.0,120.0,120.0,120.0,0.0,0.0,0.0,0.0,0.0,0.0,0.0,120.0,120.0,60.0,84.852814,0.0,0.0,0.0,0.0,0.0,0.0,0.0,0.0,0.0,0.0,5.0067900000000005,5.0067900000000005,5.0067900000000005,5.0067900000000005,0.0,23967451.428571,1.0,1.0,120.0,0.0,0.0,0.0,0.0,0.0,0.0,0.0,5.0067900000000005,5.0067900000000005,5.0067900000000005,5.0067900000000005,0.0,0.0,0.0,0.0,0.0,0.0,64,0,64,DOS_SYN_Hping
S0503,60454,21,tcp,-,4e-06,1,1,1,0,246723.764706,246723.764706,493447.529412,1.0,20,20,20,20,20,20,0,1,1,0,0,1,0,0,0,0,120.0,120.0,120.0,120.0,0.0,0.0,0.0,0.0,0.0,0.0,0.0,120.0,120.0,60.0,84.852814,0.0,0.0,0.0,0.0,0.0,0.0,0.0,0.0,0.0,0.0,4.053116,4.053116,4.053116,4.053116,0.0,29606851.764706,1.0,1.0,120.0,0.0,0.0,0.0,0.0,0.0,0.0,0.0,4.053116,4.053116,4.053116,4.053116,0.0,0.0,0.0,0.0,0.0,0.0,64,0,64,DOS_SYN_Hping
S0504,5075,21,tcp,-,1e-06,1,1,1,0,838860.8,838860.8,1677721.6,1.0,20,20,20,20,20,20,0,1,1,0,0,1,0,0,0,0,120.0,120.0,120.0,120.0,0.0,0.0,0.0,0.0,0.0,0.0,0.0,120.0,120.0,60.0,84.852814,0.0,0.0,0.0,0.0,0.0,0.0,0.0,0.0,0.0,0.0,1.192093,1.192093,1.192093,1.192093,0.0,100663296.0,1.0,1.0,120.0,0.0,0.0,0.0,0.0,0.0,0.0,0.0,1.192093,1.192093,1.192093,1.192093,0.0,0.0,0.0,0.0,0.0,0.0,64,0,64,DOS_SYN_Hping
S0505,15426,21,tcp,-,1e-06,1,1,1,0,1048576.0,1048576.0,2097152.0,1.0,20,20,20,20,20,20,0,1,1,0,0,1,0,0,0,0,120.0,120.0,120.0,120.0,0.0,0.0,0.0,0.0,0.0,0.0,0.0,120.0,120.0,60.0,84.852814,0.0,0.0,0.0,0.0,0.0,0.0,0.0,0.0,0.0,0.0,0.953674,0.953674,0.953674,0.953674,0.0,125829120.0,1.0,1.0,120.0,0.0,0.0,0.0,0.0,0.0,0.0,0.0,0.953674,0.953674,0.953674,0.953674,0.0,0.0,0.0,0.0,0.0,0.0,64,0,64,DOS_SYN_Hping
S0506,35938,80,tcp,http,0.765926,7,5,2,1,9.139265,6.528047,15.667312,0.714286,232,32,40,168,32,40,2,2,0,2,1,11,0,0,0,0,0.0,169.0,203.0,29.0,63.02116,0.0,539.0,539.0,107.8,241.048128,0.0,539.0,742.0,61.833333,157.929117,92.983246,320451.9749,859384.0599,143230.6767,157802.6683,80.108643,243939.8766,540001.8692,135000.4673,121639.3742,80.108643,226993.7992,859384.0599,78125.82363,99578.68794,968.762142,7.0,5.0,203.0,539.0,0.0,0.0,0.0,0.0,0.0,0.0,859384.0599,859384.0599,859384.0599,859384.0599,0.0,0.0,0.0,0.0,0.0,0.0,64240,26847,501,Thing_Speak
S0507,13528,21,tcp,-,1e-06,1,1,1,0,1048576.0,1048576.0,2097152.0,1.0,20,20,20,20,20,20,0,1,1,0,0,1,0,0,0,0,120.0,120.0,120.0,120.0,0.0,0.0,0.0,0.0,0.0,0.0,0.0,120.0,120.0,60.0,84.852814,0.0,0.0,0.0,0.0,0.0,0.0,0.0,0.0,0.0,0.0,0.953674,0.953674,0.953674,0.953674,0.0,125829120.0,1.0,1.0,120.0,0.0,0.0,0.0,0.0,0.0,0.0,0.0,0.953674,0.953674,0.953674,0.953674,0.0,0.0,0.0,0.0,0.0,0.0,64,0,64,DOS_SYN_Hping
S0508,32801,53,udp,dns,0.27492,2,2,2,2,7.274844,7.274844,14.549688,1.0,16,8,8,16,8,8,0,0,0,0,0,0,0,0,0,0,52.0,52.0,104.0,52.0,0.0,114.0,130.0,244.0,122.0,11.313708,52.0,130.0,348.0,87.0,40.938979,12.159348,12.159348,12.159348,12.159348,0.0,103672.027588,103672.027588,103672.027588,103672.027588,0.0,12.159348,171235.799789,274919.986725,91639.995575,86243.614879,1265.822846,2.0,2.0,104.0,244.0,0.0,0.0,0.0,0.0,0.0,0.0,274919.986725,274919.986725,274919.986725,274919.986725,0.0,0.0,0.0,0.0,0.0,0.0,0,0,0,ARP_poisioning
S0509,54838,21,tcp,-,2e-06,1,1,1,0,524288.0,524288.0,1048576.0,1.0,20,20,20,20,20,20,0,1,1,0,0,1,0,0,0,0,120.0,120.0,120.0,120.0,0.0,0.0,0.0,0.0,0.0,0.0,0.0,120.0,120.0,60.0,84.852814,0.0,0.0,0.0,0.0,0.0,0.0,0.0,0.0,0.0,0.0,1.907349,1.907349,1.907349,1.907349,0.0,62914560.0,1.0,1.0,120.0,0.0,0.0,0.0,0.0,0.0,0.0,0.0,1.907349,1.907349,1.907349,1.907349,0.0,0.0,0.0,0.0,0.0,0.0,64,0,64,DOS_SYN_Hping
S0510,10991,21,tcp,-,1e-06,1,1,1,0,1048576.0,1048576.0,2097152.0,1.0,20,20,20,20,20,20,0,1,1,0,0,1,0,0,0,0,120.0,120.0,120.0,120.0,0.0,0.0,0.0,0.0,0.0,0.0,0.0,120.0,120.0,60.0,84.852814,0.0,0.0,0.0,0.0,0.0,0.0,0.0,0.0,0.0,0.0,0.953674,0.953674,0.953674,0.953674,0.0,125829120.0,1.0,1.0,120.0,0.0,0.0,0.0,0.0,0.0,0.0,0.0,0.953674,0.953674,0.953674,0.953674,0.0,0.0,0.0,0.0,0.0,0.0,64,0,64,DOS_SYN_Hping
S0511,14289,21,tcp,-,4e-06,1,1,1,0,246723.764706,246723.764706,493447.529412,1.0,20,20,20,20,20,20,0,1,1,0,0,1,0,0,0,0,120.0,120.0,120.0,120.0,0.0,0.0,0.0,0.0,0.0,0.0,0.0,120.0,120.0,60.0,84.852814,0.0,0.0,0.0,0.0,0.0,0.0,0.0,0.0,0.0,0.0,4.053116,4.053116,4.053116,4.053116,0.0,29606851.764706,1.0,1.0,120.0,0.0,0.0,0.0,0.0,0.0,0.0,0.0,4.053116,4.053116,4.053116,4.053116,0.0,0.0,0.0,0.0,0.0,0.0,64,0,64,DOS_SYN_Hping
S0512,10871,21,tcp,-,0.0,1,0,1,0,0.0,0.0,0.0,0.0,20,20,20,0,0,0,0,1,0,0,0,0,0,0,0,0,120.0,120.0,120.0,120.0,0.0,0.0,0.0,0.0,0.0,0.0,120.0,120.0,120.0,120.0,0.0,0.0,0.0,0.0,0.0,0.0,0.0,0.0,0.0,0.0,0.0,0.0,0.0,0.0,0.0,0.0,0.0,1.0,0.0,120.0,0.0,0.0,0.0,0.0,0.0,0.0,0.0,0.0,0.0,0.0,0.0,0.0,0.0,0.0,0.0,0.0,0.0,64,0,64,DOS_SYN_Hping
S0513,59610,21,tcp,-,4e-06,1,1,1,0,262144.0,262144.0,524288.0,1.0,20,20,20,20,20,20,0,1,1,0,0,1,0,0,0,0,120.0,120.0,120.0,120.0,0.0,0.0,0.0,0.0,0.0,0.0,0.0,120.0,120.0,60.0,84.852814,0.0,0.0,0.0,0.0,0.0,0.0,0.0,0.0,0.0,0.0,3.814697,3.814697,3.814697,3.814697,0.0,31457280.0,1.0,1.0,120.0,0.0,0.0,0.0,0.0,0.0,0.0,0.0,3.814697,3.814697,3.814697,3.814697,0.0,0.0,0.0,0.0,0.0,0.0,64,0,64,DOS_SYN_Hping
S0514,32195,21,tcp,-,5e-06,1,1,1,0,199728.761905,199728.761905,399457.52381,1.0,20,20,20,20,20,20,0,1,1,0,0,1,0,0,0,0,120.0,120.0,120.0,120.0,0.0,0.0,0.0,0.0,0.0,0.0,0.0,120.0,120.0,60.0,84.852814,0.0,0.0,0.0,0.0,0.0,0.0,0.0,0.0,0.0,0.0,5.0067900000000005,5.0067900000000005,5.0067900000000005,5.0067900000000005,0.0,23967451.428571,1.0,1.0,120.0,0.0,0.0,0.0,0.0,0.0,0.0,0.0,5.0067900000000005,5.0067900000000005,5.0067900000000005,5.0067900000000005,0.0,0.0,0.0,0.0,0.0,0.0,64,0,64,DOS_SYN_Hping
S0515,31465,21,tcp,-,1e-06,1,1,1,0,838860.8,838860.8,1677721.6,1.0,20,20,20,20,20,20,0,1,1,0,0,1,0,0,0,0,120.0,120.0,120.0,120.0,0.0,0.0,0.0,0.0,0.0,0.0,0.0,120.0,120.0,60.0,84.852814,0.0,0.0,0.0,0.0,0.0,0.0,0.0,0.0,0.0,0.0,1.192093,1.192093,1.192093,1.192093,0.0,100663296.0,1.0,1.0,120.0,0.0,0.0,0.0,0.0,0.0,0.0,0.0,1.192093,1.192093,1.192093,1.192093,0.0,0.0,0.0,0.0,0.0,0.0,64,0,64,DOS_SYN_Hping
S0516,47528,5907,tcp,-,5e-06,1,1,0,0,199728.761905,199728.761905,399457.52381,1.0,40,40,40,20,20,20,0,1,1,0,0,1,0,0,0,0,0.0,0.0,0.0,0.0,0.0,0.0,0.0,0.0,0.0,0.0,0.0,0.0,0.0,0.0,0.0,0.0,0.0,0.0,0.0,0.0,0.0,0.0,0.0,0.0,0.0,5.0067900000000005,5.0067900000000005,5.0067900000000005,5.0067900000000005,0.0,0.0,1.0,1.0,0.0,0.0,0.0,0.0,0.0,0.0,0.0,0.0,5.0067900000000005,5.0067900000000005,5.0067900000000005,5.0067900000000005,0.0,0.0,0.0,0.0,0.0,0.0,64240,0,64240,NMAP_TCP_scan
S0517,6295,21,tcp,-,4e-06,1,1,1,0,246723.764706,246723.764706,493447.529412,1.0,20,20,20,20,20,20,0,1,1,0,0,1,0,0,0,0,120.0,120.0,120.0,120.0,0.0,0.0,0.0,0.0,0.0,0.0,0.0,120.0,120.0,60.0,84.852814,0.0,0.0,0.0,0.0,0.0,0.0,0.0,0.0,0.0,0.0,4.053116,4.053116,4.053116,4.053116,0.0,29606851.764706,1.0,1.0,120.0,0.0,0.0,0.0,0.0,0.0,0.0,0.0,4.053116,4.053116,4.053116,4.053116,0.0,0.0,0.0,0.0,0.0,0.0,64,0,64,DOS_SYN_Hping
S0518,2130,21,tcp,-,4e-06,1,1,1,0,246723.764706,246723.764706,493447.529412,1.0,20,20,20,20,20,20,0,1,1,0,0,1,0,0,0,0,120.0,120.0,120.0,120.0,0.0,0.0,0.0,0.0,0.0,0.0,0.0,120.0,120.0,60.0,84.852814,0.0,0.0,0.0,0.0,0.0,0.0,0.0,0.0,0.0,0.0,4.053116,4.053116,4.053116,4.053116,0.0,29606851.764706,1.0,1.0,120.0,0.0,0.0,0.0,0.0,0.0,0.0,0.0,4.053116,4.053116,4.053116,4.053116,0.0,0.0,0.0,0.0,0.0,0.0,64,0,64,DOS_SYN_Hping
S0519,45835,21,tcp,-,5e-06,1,1,1,0,199728.761905,199728.761905,399457.52381,1.0,20,20,20,20,20,20,0,1,1,0,0,1,0,0,0,0,120.0,120.0,120.0,120.0,0.0,0.0,0.0,0.0,0.0,0.0,0.0,120.0,120.0,60.0,84.852814,0.0,0.0,0.0,0.0,0.0,0.0,0.0,0.0,0.0,0.0,5.0067900000000005,5.0067900000000005,5.0067900000000005,5.0067900000000005,0.0,23967451.428571,1.0,1.0,120.0,0.0,0.0,0.0,0.0,0.0,0.0,0.0,5.0067900000000005,5.0067900000000005,5.0067900000000005,5.0067900000000005,0.0,0.0,0.0,0.0,0.0,0.0,64,0,64,DOS_SYN_Hping
S0520,39028,21,tcp,-,1e-06,1,1,1,0,1048576.0,1048576.0,2097152.0,1.0,20,20,20,20,20,20,0,1,1,0,0,1,0,0,0,0,120.0,120.0,120.0,120.0,0.0,0.0,0.0,0.0,0.0,0.0,0.0,120.0,120.0,60.0,84.852814,0.0,0.0,0.0,0.0,0.0,0.0,0.0,0.0,0.0,0.0,0.953674,0.953674,0.953674,0.953674,0.0,125829120.0,1.0,1.0,120.0,0.0,0.0,0.0,0.0,0.0,0.0,0.0,0.953674,0.953674,0.953674,0.953674,0.0,0.0,0.0,0.0,0.0,0.0,64,0,64,DOS_SYN_Hping
S0521,54403,1883,tcp,mqtt,51.085371,10,6,3,4,0.195751,0.11745,0.313201,0.6,328,32,40,200,32,40,0,2,1,3,4,15,0,0,0,0,0.0,33.0,78.0,7.8,12.934021,0.0,23.0,36.0,6.0,8.602325,0.0,33.0,114.0,7.125,11.218289,241.041183,48794223.070145,51085371.017456,5676152.335273,16173832.405881,551.939011,1510564.088821,2031949.043274,406389.808655,630662.418036,241.041183,48794223.070145,51085371.017456,3405691.401164,12560500.085554,2.231559,3.333333,2.0,26.0,12.0,0.0,0.0,0.0,0.0,0.0,0.0,2291147.947311,2291147.947311,2291147.947311,2291147.947311,0.0,48794223.070145,48794223.070145,48794223.070145,48794223.070145,0.0,64240,26847,502,MQTT_Publish
S0522,1691,21,tcp,-,0.0,1,0,1,0,0.0,0.0,0.0,0.0,20,20,20,0,0,0,0,1,0,0,0,0,0,0,0,0,120.0,120.0,120.0,120.0,0.0,0.0,0.0,0.0,0.0,0.0,120.0,120.0,120.0,120.0,0.0,0.0,0.0,0.0,0.0,0.0,0.0,0.0,0.0,0.0,0.0,0.0,0.0,0.0,0.0,0.0,0.0,1.0,0.0,120.0,0.0,0.0,0.0,0.0,0.0,0.0,0.0,0.0,0.0,0.0,0.0,0.0,0.0,0.0,0.0,0.0,0.0,64,0,64,DOS_SYN_Hping
S0523,19110,21,tcp,-,4e-06,1,1,1,0,246723.764706,246723.764706,493447.529412,1.0,20,20,20,20,20,20,0,1,1,0,0,1,0,0,0,0,120.0,120.0,120.0,120.0,0.0,0.0,0.0,0.0,0.0,0.0,0.0,120.0,120.0,60.0,84.852814,0.0,0.0,0.0,0.0,0.0,0.0,0.0,0.0,0.0,0.0,4.053116,4.053116,4.053116,4.053116,0.0,29606851.764706,1.0,1.0,120.0,0.0,0.0,0.0,0.0,0.0,0.0,0.0,4.053116,4.053116,4.053116,4.053116,0.0,0.0,0.0,0.0,0.0,0.0,64,0,64,DOS_SYN_Hping
S0524,32986,443,tcp,ssl,5.799754,16,12,4,9,2.758738,2.069053,4.827791,0.75,340,20,40,248,20,28,2,2,1,4,6,26,0,0,0,0,0.0,857.0,1478.0,92.375,241.133953,0.0,1364.0,6367.0,530.583333,635.6679320000001,0.0,1364.0,7845.0,280.178571,495.675675,2.145767,4998575.925826999,5799753.904343,386650.26029,1285910.291509,6.198883,4998568.058014,5799736.022949,527248.729359,1496507.541167,0.953674,4998553.9913180005,5847280.979156,216565.962191,963329.624765,1352.6436,8.0,6.0,739.0,3183.5,0.0,5293.0,0.0,5.0,0.0,5797976.252808,5847280.979156,5847280.979156,5847280.979156,5847280.979156,0.0,0.0,0.0,0.0,0.0,0.0,64240,42340,501,ARP_poisioning
S0525,38784,80,tcp,http,0.97425,7,5,2,1,7.185014999999999,5.132154,12.317169,0.714286,232,32,40,168,32,40,2,2,0,2,1,11,0,0,0,0,0.0,169.0,215.0,30.714286,63.34223000000001,0.0,538.0,538.0,107.6,240.600914,0.0,538.0,753.0,62.75,157.50043300000002,91.791153,374837.1601,976015.8062,162669.301,179291.375,107.049942,301460.9814,676713.9435,169178.4859,154885.214,91.791153,297535.8963,976015.8062,88728.70965,135822.4555,772.9023599999999,7.0,5.0,215.0,538.0,0.0,0.0,0.0,0.0,0.0,0.0,976015.8062,976015.8062,976015.8062,976015.8062,0.0,0.0,0.0,0.0,0.0,0.0,64240,26847,501,Thing_Speak
S0526,35474,53,udp,dns,0.0275839999999999,2,2,2,2,72.50622800000001,72.50622800000001,145.01245500000002,1.0,16,8,8,16,8,8,0,0,0,0,0,0,0,0,0,0,32.0,32.0,64.0,32.0,0.0,32.0,64.0,96.0,48.0,22.627417,32.0,64.0,160.0,40.0,16.0,720.024109,720.024109,720.024109,720.024109,0.0,26638.98468,26638.98468,26638.98468,26638.98468,0.0,224.82872000000003,26638.98468,27583.83751,9194.612503,15109.2983,5800.498206,2.0,2.0,64.0,96.0,0.0,0.0,0.0,0.0,0.0,0.0,27583.83751,27583.83751,27583.83751,27583.83751,0.0,0.0,0.0,0.0,0.0,0.0,0,0,0,Thing_Speak
S0527,33717,1883,tcp,mqtt,62.112286,10,6,3,4,0.160999,0.096599,0.257598,0.6,328,32,40,200,32,40,0,2,1,3,4,15,0,0,0,0,0.0,33.0,77.0,7.7,12.789318,0.0,22.0,35.0,5.8333330000000005,8.20772,0.0,33.0,112.0,7.0,11.021192,239.849091,59804827.213287,62112286.090851,6901365.121206,19842613.460592,180.006027,1527842.998505,2047695.875168,409539.175034,638245.568814,180.006027,59804827.213287,62112286.090851,4140819.072723,15402445.083171,1.803186,3.333333,2.0,25.666667,11.666667,0.0,0.0,0.0,0.0,0.0,0.0,2307458.877563,2307458.877563,2307458.877563,2307458.877563,0.0,59804827.213287,59804827.213287,59804827.213287,59804827.213287,0.0,64240,26847,502,MQTT_Publish
S0528,23553,21,tcp,-,1e-06,1,1,1,0,838860.8,838860.8,1677721.6,1.0,20,20,20,20,20,20,0,1,1,0,0,1,0,0,0,0,120.0,120.0,120.0,120.0,0.0,0.0,0.0,0.0,0.0,0.0,0.0,120.0,120.0,60.0,84.852814,0.0,0.0,0.0,0.0,0.0,0.0,0.0,0.0,0.0,0.0,1.192093,1.192093,1.192093,1.192093,0.0,100663296.0,1.0,1.0,120.0,0.0,0.0,0.0,0.0,0.0,0.0,0.0,1.192093,1.192093,1.192093,1.192093,0.0,0.0,0.0,0.0,0.0,0.0,64,0,64,DOS_SYN_Hping
S0529,23671,21,tcp,-,0.0,1,0,1,0,0.0,0.0,0.0,0.0,20,20,20,0,0,0,0,1,0,0,0,0,0,0,0,0,120.0,120.0,120.0,120.0,0.0,0.0,0.0,0.0,0.0,0.0,120.0,120.0,120.0,120.0,0.0,0.0,0.0,0.0,0.0,0.0,0.0,0.0,0.0,0.0,0.0,0.0,0.0,0.0,0.0,0.0,0.0,1.0,0.0,120.0,0.0,0.0,0.0,0.0,0.0,0.0,0.0,0.0,0.0,0.0,0.0,0.0,0.0,0.0,0.0,0.0,0.0,64,0,64,DOS_SYN_Hping
S0530,39680,80,tcp,http,0.887475,7,5,2,1,7.887546,5.633961,13.521507,0.714286,232,32,40,168,32,40,2,2,0,2,1,11,0,0,0,0,0.0,169.0,215.0,30.714286,63.34223000000001,0.0,538.0,538.0,107.6,240.600914,0.0,538.0,753.0,62.75,157.50043300000002,92.029572,314157.0091,889322.9961,148220.4994,161641.9705,57.935715,288470.0298,603115.0818,150778.7704,158371.2195,57.935715,284415.9603,889322.9961,80847.5451,130953.054,848.474592,7.0,5.0,215.0,538.0,0.0,0.0,0.0,0.0,0.0,0.0,889322.9961,889322.9961,889322.9961,889322.9961,0.0,0.0,0.0,0.0,0.0,0.0,64240,26847,501,Thing_Speak
S0531,53586,21,tcp,-,4e-06,1,1,1,0,246723.764706,246723.764706,493447.529412,1.0,20,20,20,20,20,20,0,1,1,0,0,1,0,0,0,0,120.0,120.0,120.0,120.0,0.0,0.0,0.0,0.0,0.0,0.0,0.0,120.0,120.0,60.0,84.852814,0.0,0.0,0.0,0.0,0.0,0.0,0.0,0.0,0.0,0.0,4.053116,4.053116,4.053116,4.053116,0.0,29606851.764706,1.0,1.0,120.0,0.0,0.0,0.0,0.0,0.0,0.0,0.0,4.053116,4.053116,4.053116,4.053116,0.0,0.0,0.0,0.0,0.0,0.0,64,0,64,DOS_SYN_Hping
S0532,4169,21,tcp,-,4e-06,1,1,1,0,246723.764706,246723.764706,493447.529412,1.0,20,20,20,20,20,20,0,1,1,0,0,1,0,0,0,0,120.0,120.0,120.0,120.0,0.0,0.0,0.0,0.0,0.0,0.0,0.0,120.0,120.0,60.0,84.852814,0.0,0.0,0.0,0.0,0.0,0.0,0.0,0.0,0.0,0.0,4.053116,4.053116,4.053116,4.053116,0.0,29606851.764706,1.0,1.0,120.0,0.0,0.0,0.0,0.0,0.0,0.0,0.0,4.053116,4.053116,4.053116,4.053116,0.0,0.0,0.0,0.0,0.0,0.0,64,0,64,DOS_SYN_Hping
S0533,41858,443,udp,-,0.14702,8,9,8,9,54.414416,61.216218000000005,115.630634,1.125,64,8,8,72,8,8,0,0,0,0,0,0,0,0,0,0,33.0,1357.0,5677.0,709.625,692.416253,28.0,1357.0,8363.0,929.222222,560.5106549999999,28.0,1357.0,14040.0,825.8823530000001,616.1218309999999,64.134598,45837.879181,123045.921326,17577.988761,15824.740682,3.814697,59828.996658,124779.939651,15597.492456,21564.907963,3.814697,45837.879181,147019.863129,9188.741446,13120.549027,95497.300169,8.0,9.0,5677.0,8363.0,0.0,0.0,0.0,0.0,0.0,0.0,147019.863129,147019.863129,147019.863129,147019.863129,0.0,0.0,0.0,0.0,0.0,0.0,0,0,0,ARP_poisioning
S0534,38988,53,udp,dns,0.046237,2,2,2,2,43.255409,43.255409,86.510818,1.0,16,8,8,16,8,8,0,0,0,0,0,0,0,0,0,0,32.0,32.0,64.0,32.0,0.0,32.0,64.0,96.0,48.0,22.627417,32.0,64.0,160.0,40.0,16.0,236.034393,236.034393,236.034393,236.034393,0.0,45301.91422,45301.91422,45301.91422,45301.91422,0.0,236.034393,45301.91422,46236.99188,15412.33063,25886.17391,3460.432729,2.0,2.0,64.0,96.0,0.0,0.0,0.0,0.0,0.0,0.0,46236.99188,46236.99188,46236.99188,46236.99188,0.0,0.0,0.0,0.0,0.0,0.0,0,0,0,Thing_Speak
S0535,29641,21,tcp,-,1e-06,1,1,1,0,838860.8,838860.8,1677721.6,1.0,20,20,20,20,20,20,0,1,1,0,0,1,0,0,0,0,120.0,120.0,120.0,120.0,0.0,0.0,0.0,0.0,0.0,0.0,0.0,120.0,120.0,60.0,84.852814,0.0,0.0,0.0,0.0,0.0,0.0,0.0,0.0,0.0,0.0,1.192093,1.192093,1.192093,1.192093,0.0,100663296.0,1.0,1.0,120.0,0.0,0.0,0.0,0.0,0.0,0.0,0.0,1.192093,1.192093,1.192093,1.192093,0.0,0.0,0.0,0.0,0.0,0.0,64,0,64,DOS_SYN_Hping
S0536,61982,21,tcp,-,1e-06,1,1,1,0,1048576.0,1048576.0,2097152.0,1.0,20,20,20,20,20,20,0,1,1,0,0,1,0,0,0,0,120.0,120.0,120.0,120.0,0.0,0.0,0.0,0.0,0.0,0.0,0.0,120.0,120.0,60.0,84.852814,0.0,0.0,0.0,0.0,0.0,0.0,0.0,0.0,0.0,0.0,0.953674,0.953674,0.953674,0.953674,0.0,125829120.0,1.0,1.0,120.0,0.0,0.0,0.0,0.0,0.0,0.0,0.0,0.953674,0.953674,0.953674,0.953674,0.0,0.0,0.0,0.0,0.0,0.0,64,0,64,DOS_SYN_Hping
S0537,37477,1883,tcp,mqtt,9.045685,10,6,3,4,1.105499,0.6633,1.7687990000000002,0.6,328,32,40,200,32,40,0,2,1,3,4,15,0,0,0,0,0.0,33.0,77.0,7.7,12.789318,0.0,22.0,35.0,5.8333330000000005,8.20772,0.0,33.0,112.0,7.0,11.021192,246.047974,6756313.800812,9045684.814453,1005076.090495,2191417.852489,75.10185200000002,1522643.80455,2034433.12645,406886.62529,636526.266262,75.10185200000002,6756313.800812,9045684.814453,603045.654297,1733068.321889,12.381594,3.333333,2.0,25.666667,11.666667,0.0,0.0,0.0,0.0,0.0,0.0,2289371.013641,2289371.013641,2289371.013641,2289371.013641,0.0,6756313.800812,6756313.800812,6756313.800812,6756313.800812,0.0,64240,26847,502,MQTT_Publish
S0538,56933,21,tcp,-,1e-06,1,1,1,0,1048576.0,1048576.0,2097152.0,1.0,20,20,20,20,20,20,0,1,1,0,0,1,0,0,0,0,120.0,120.0,120.0,120.0,0.0,0.0,0.0,0.0,0.0,0.0,0.0,120.0,120.0,60.0,84.852814,0.0,0.0,0.0,0.0,0.0,0.0,0.0,0.0,0.0,0.0,0.953674,0.953674,0.953674,0.953674,0.0,125829120.0,1.0,1.0,120.0,0.0,0.0,0.0,0.0,0.0,0.0,0.0,0.953674,0.953674,0.953674,0.953674,0.0,0.0,0.0,0.0,0.0,0.0,64,0,64,DOS_SYN_Hping
S0539,64600,21,tcp,-,4e-06,1,1,1,0,246723.764706,246723.764706,493447.529412,1.0,20,20,20,20,20,20,0,1,1,0,0,1,0,0,0,0,120.0,120.0,120.0,120.0,0.0,0.0,0.0,0.0,0.0,0.0,0.0,120.0,120.0,60.0,84.852814,0.0,0.0,0.0,0.0,0.0,0.0,0.0,0.0,0.0,0.0,4.053116,4.053116,4.053116,4.053116,0.0,29606851.764706,1.0,1.0,120.0,0.0,0.0,0.0,0.0,0.0,0.0,0.0,4.053116,4.053116,4.053116,4.053116,0.0,0.0,0.0,0.0,0.0,0.0,64,0,64,DOS_SYN_Hping
S0540,7197,21,tcp,-,5e-06,1,1,1,0,199728.761905,199728.761905,399457.52381,1.0,20,20,20,20,20,20,0,1,1,0,0,1,0,0,0,0,120.0,120.0,120.0,120.0,0.0,0.0,0.0,0.0,0.0,0.0,0.0,120.0,120.0,60.0,84.852814,0.0,0.0,0.0,0.0,0.0,0.0,0.0,0.0,0.0,0.0,5.0067900000000005,5.0067900000000005,5.0067900000000005,5.0067900000000005,0.0,23967451.428571,1.0,1.0,120.0,0.0,0.0,0.0,0.0,0.0,0.0,0.0,5.0067900000000005,5.0067900000000005,5.0067900000000005,5.0067900000000005,0.0,0.0,0.0,0.0,0.0,0.0,64,0,64,DOS_SYN_Hping
S0541,39116,21,tcp,-,1e-06,1,1,1,0,1048576.0,1048576.0,2097152.0,1.0,20,20,20,20,20,20,0,1,1,0,0,1,0,0,0,0,120.0,120.0,120.0,120.0,0.0,0.0,0.0,0.0,0.0,0.0,0.0,120.0,120.0,60.0,84.852814,0.0,0.0,0.0,0.0,0.0,0.0,0.0,0.0,0.0,0.0,0.953674,0.953674,0.953674,0.953674,0.0,125829120.0,1.0,1.0,120.0,0.0,0.0,0.0,0.0,0.0,0.0,0.0,0.953674,0.953674,0.953674,0.953674,0.0,0.0,0.0,0.0,0.0,0.0,64,0,64,DOS_SYN_Hping
S0542,15907,21,tcp,-,4e-06,1,1,1,0,246723.764706,246723.764706,493447.529412,1.0,20,20,20,20,20,20,0,1,1,0,0,1,0,0,0,0,120.0,120.0,120.0,120.0,0.0,0.0,0.0,0.0,0.0,0.0,0.0,120.0,120.0,60.0,84.852814,0.0,0.0,0.0,0.0,0.0,0.0,0.0,0.0,0.0,0.0,4.053116,4.053116,4.053116,4.053116,0.0,29606851.764706,1.0,1.0,120.0,0.0,0.0,0.0,0.0,0.0,0.0,0.0,4.053116,4.053116,4.053116,4.053116,0.0,0.0,0.0,0.0,0.0,0.0,64,0,64,DOS_SYN_Hping
S0543,65250,21,tcp,-,4e-06,1,1,1,0,246723.764706,246723.764706,493447.529412,1.0,20,20,20,20,20,20,0,1,1,0,0,1,0,0,0,0,120.0,120.0,120.0,120.0,0.0,0.0,0.0,0.0,0.0,0.0,0.0,120.0,120.0,60.0,84.852814,0.0,0.0,0.0,0.0,0.0,0.0,0.0,0.0,0.0,0.0,4.053116,4.053116,4.053116,4.053116,0.0,29606851.764706,1.0,1.0,120.0,0.0,0.0,0.0,0.0,0.0,0.0,0.0,4.053116,4.053116,4.053116,4.053116,0.0,0.0,0.0,0.0,0.0,0.0,64,0,64,DOS_SYN_Hping
S0544,30668,21,tcp,-,1e-06,1,1,1,0,838860.8,838860.8,1677721.6,1.0,20,20,20,20,20,20,0,1,1,0,0,1,0,0,0,0,120.0,120.0,120.0,120.0,0.0,0.0,0.0,0.0,0.0,0.0,0.0,120.0,120.0,60.0,84.852814,0.0,0.0,0.0,0.0,0.0,0.0,0.0,0.0,0.0,0.0,1.192093,1.192093,1.192093,1.192093,0.0,100663296.0,1.0,1.0,120.0,0.0,0.0,0.0,0.0,0.0,0.0,0.0,1.192093,1.192093,1.192093,1.192093,0.0,0.0,0.0,0.0,0.0,0.0,64,0,64,DOS_SYN_Hping
S0545,3963,21,tcp,-,0.0,1,0,1,0,0.0,0.0,0.0,0.0,20,20,20,0,0,0,0,1,0,0,0,0,0,0,0,0,120.0,120.0,120.0,120.0,0.0,0.0,0.0,0.0,0.0,0.0,120.0,120.0,120.0,120.0,0.0,0.0,0.0,0.0,0.0,0.0,0.0,0.0,0.0,0.0,0.0,0.0,0.0,0.0,0.0,0.0,0.0,1.0,0.0,120.0,0.0,0.0,0.0,0.0,0.0,0.0,0.0,0.0,0.0,0.0,0.0,0.0,0.0,0.0,0.0,0.0,0.0,64,0,64,DOS_SYN_Hping
S0546,41943,21,tcp,-,4e-06,1,1,1,0,246723.764706,246723.764706,493447.529412,1.0,20,20,20,20,20,20,0,1,1,0,0,1,0,0,0,0,120.0,120.0,120.0,120.0,0.0,0.0,0.0,0.0,0.0,0.0,0.0,120.0,120.0,60.0,84.852814,0.0,0.0,0.0,0.0,0.0,0.0,0.0,0.0,0.0,0.0,4.053116,4.053116,4.053116,4.053116,0.0,29606851.764706,1.0,1.0,120.0,0.0,0.0,0.0,0.0,0.0,0.0,0.0,4.053116,4.053116,4.053116,4.053116,0.0,0.0,0.0,0.0,0.0,0.0,64,0,64,DOS_SYN_Hping
S0547,59121,21,tcp,-,2e-06,1,1,1,0,524288.0,524288.0,1048576.0,1.0,20,20,20,20,20,20,0,1,1,0,0,1,0,0,0,0,120.0,120.0,120.0,120.0,0.0,0.0,0.0,0.0,0.0,0.0,0.0,120.0,120.0,60.0,84.852814,0.0,0.0,0.0,0.0,0.0,0.0,0.0,0.0,0.0,0.0,1.907349,1.907349,1.907349,1.907349,0.0,62914560.0,1.0,1.0,120.0,0.0,0.0,0.0,0.0,0.0,0.0,0.0,1.907349,1.907349,1.907349,1.907349,0.0,0.0,0.0,0.0,0.0,0.0,64,0,64,DOS_SYN_Hping
S0548,8925,21,tcp,-,4e-06,1,1,1,0,262144.0,262144.0,524288.0,1.0,20,20,20,20,20,20,0,1,1,0,0,1,0,0,0,0,120.0,120.0,120.0,120.0,0.0,0.0,0.0,0.0,0.0,0.0,0.0,120.0,120.0,60.0,84.852814,0.0,0.0,0.0,0.0,0.0,0.0,0.0,0.0,0.0,0.0,3.814697,3.814697,3.814697,3.814697,0.0,31457280.0,1.0,1.0,120.0,0.0,0.0,0.0,0.0,0.0,0.0,0.0,3.814697,3.814697,3.814697,3.814697,0.0,0.0,0.0,0.0,0.0,0.0,64,0,64,DOS_SYN_Hping
S0549,12714,21,tcp,-,1e-06,1,1,1,0,1048576.0,1048576.0,2097152.0,1.0,20,20,20,20,20,20,0,1,1,0,0,1,0,0,0,0,120.0,120.0,120.0,120.0,0.0,0.0,0.0,0.0,0.0,0.0,0.0,120.0,120.0,60.0,84.852814,0.0,0.0,0.0,0.0,0.0,0.0,0.0,0.0,0.0,0.0,0.953674,0.953674,0.953674,0.953674,0.0,125829120.0,1.0,1.0,120.0,0.0,0.0,0.0,0.0,0.0,0.0,0.0,0.953674,0.953674,0.953674,0.953674,0.0,0.0,0.0,0.0,0.0,0.0,64,0,64,DOS_SYN_Hping
S0550,27880,21,tcp,-,4e-06,1,1,1,0,246723.764706,246723.764706,493447.529412,1.0,20,20,20,20,20,20,0,1,1,0,0,1,0,0,0,0,120.0,120.0,120.0,120.0,0.0,0.0,0.0,0.0,0.0,0.0,0.0,120.0,120.0,60.0,84.852814,0.0,0.0,0.0,0.0,0.0,0.0,0.0,0.0,0.0,0.0,4.053116,4.053116,4.053116,4.053116,0.0,29606851.764706,1.0,1.0,120.0,0.0,0.0,0.0,0.0,0.0,0.0,0.0,4.053116,4.053116,4.053116,4.053116,0.0,0.0,0.0,0.0,0.0,0.0,64,0,64,DOS_SYN_Hping
S0551,42018,21,tcp,-,4e-06,1,1,1,0,246723.764706,246723.764706,493447.529412,1.0,20,20,20,20,20,20,0,1,1,0,0,1,0,0,0,0,120.0,120.0,120.0,120.0,0.0,0.0,0.0,0.0,0.0,0.0,0.0,120.0,120.0,60.0,84.852814,0.0,0.0,0.0,0.0,0.0,0.0,0.0,0.0,0.0,0.0,4.053116,4.053116,4.053116,4.053116,0.0,29606851.764706,1.0,1.0,120.0,0.0,0.0,0.0,0.0,0.0,0.0,0.0,4.053116,4.053116,4.053116,4.053116,0.0,0.0,0.0,0.0,0.0,0.0,64,0,64,DOS_SYN_Hping
S0552,41178,80,tcp,http,0.8440489999999999,7,5,2,1,8.293358,5.923826999999999,14.217184,0.714286,232,32,40,168,32,40,2,2,0,2,1,11,0,0,0,0,0.0,169.0,203.0,29.0,63.02116,0.0,539.0,539.0,107.8,241.048128,0.0,539.0,742.0,61.833333,157.929117,92.029572,293775.0816,846000.9098,141000.1516,154220.6215,61.03515600000001,277590.9901,570500.1354,142625.0339,155220.032,61.03515600000001,273548.8415,846000.9098,76909.17362,126330.6488,879.095906,7.0,5.0,203.0,539.0,0.0,0.0,0.0,0.0,0.0,0.0,846000.9098,846000.9098,846000.9098,846000.9098,0.0,0.0,0.0,0.0,0.0,0.0,64240,26847,501,Thing_Speak
S0553,51624,21,tcp,-,4e-06,1,1,1,0,246723.764706,246723.764706,493447.529412,1.0,20,20,20,20,20,20,0,1,1,0,0,1,0,0,0,0,120.0,120.0,120.0,120.0,0.0,0.0,0.0,0.0,0.0,0.0,0.0,120.0,120.0,60.0,84.852814,0.0,0.0,0.0,0.0,0.0,0.0,0.0,0.0,0.0,0.0,4.053116,4.053116,4.053116,4.053116,0.0,29606851.764706,1.0,1.0,120.0,0.0,0.0,0.0,0.0,0.0,0.0,0.0,4.053116,4.053116,4.053116,4.053116,0.0,0.0,0.0,0.0,0.0,0.0,64,0,64,DOS_SYN_Hping
S0554,26072,21,tcp,-,3e-06,1,1,1,0,349525.333333,349525.333333,699050.666667,1.0,20,20,20,20,20,20,0,1,1,0,0,1,0,0,0,0,120.0,120.0,120.0,120.0,0.0,0.0,0.0,0.0,0.0,0.0,0.0,120.0,120.0,60.0,84.852814,0.0,0.0,0.0,0.0,0.0,0.0,0.0,0.0,0.0,0.0,2.861023,2.861023,2.861023,2.861023,0.0,41943040.0,1.0,1.0,120.0,0.0,0.0,0.0,0.0,0.0,0.0,0.0,2.861023,2.861023,2.861023,2.861023,0.0,0.0,0.0,0.0,0.0,0.0,64,0,64,DOS_SYN_Hping
S0555,18030,21,tcp,-,0.0,1,1,1,0,0.0,0.0,0.0,1.0,20,20,20,20,20,20,0,1,1,0,0,1,0,0,0,0,120.0,120.0,120.0,120.0,0.0,0.0,0.0,0.0,0.0,0.0,0.0,120.0,120.0,60.0,84.852814,0.0,0.0,0.0,0.0,0.0,0.0,0.0,0.0,0.0,0.0,0.0,0.0,0.0,0.0,0.0,0.0,1.0,1.0,120.0,0.0,0.0,0.0,0.0,0.0,0.0,0.0,0.0,0.0,0.0,0.0,0.0,0.0,0.0,0.0,0.0,0.0,64,0,64,DOS_SYN_Hping
S0556,14525,21,tcp,-,5e-06,1,1,1,0,199728.761905,199728.761905,399457.52381,1.0,20,20,20,20,20,20,0,1,1,0,0,1,0,0,0,0,120.0,120.0,120.0,120.0,0.0,0.0,0.0,0.0,0.0,0.0,0.0,120.0,120.0,60.0,84.852814,0.0,0.0,0.0,0.0,0.0,0.0,0.0,0.0,0.0,0.0,5.0067900000000005,5.0067900000000005,5.0067900000000005,5.0067900000000005,0.0,23967451.428571,1.0,1.0,120.0,0.0,0.0,0.0,0.0,0.0,0.0,0.0,5.0067900000000005,5.0067900000000005,5.0067900000000005,5.0067900000000005,0.0,0.0,0.0,0.0,0.0,0.0,64,0,64,DOS_SYN_Hping
S0557,39246,21,tcp,-,1e-06,1,1,1,0,1048576.0,1048576.0,2097152.0,1.0,20,20,20,20,20,20,0,1,1,0,0,1,0,0,0,0,120.0,120.0,120.0,120.0,0.0,0.0,0.0,0.0,0.0,0.0,0.0,120.0,120.0,60.0,84.852814,0.0,0.0,0.0,0.0,0.0,0.0,0.0,0.0,0.0,0.0,0.953674,0.953674,0.953674,0.953674,0.0,125829120.0,1.0,1.0,120.0,0.0,0.0,0.0,0.0,0.0,0.0,0.0,0.953674,0.953674,0.953674,0.953674,0.0,0.0,0.0,0.0,0.0,0.0,64,0,64,DOS_SYN_Hping
S0558,42864,21,tcp,-,4e-06,1,1,1,0,262144.0,262144.0,524288.0,1.0,20,20,20,20,20,20,0,1,1,0,0,1,0,0,0,0,120.0,120.0,120.0,120.0,0.0,0.0,0.0,0.0,0.0,0.0,0.0,120.0,120.0,60.0,84.852814,0.0,0.0,0.0,0.0,0.0,0.0,0.0,0.0,0.0,0.0,3.814697,3.814697,3.814697,3.814697,0.0,31457280.0,1.0,1.0,120.0,0.0,0.0,0.0,0.0,0.0,0.0,0.0,3.814697,3.814697,3.814697,3.814697,0.0,0.0,0.0,0.0,0.0,0.0,64,0,64,DOS_SYN_Hping
S0559,50079,35702,udp,-,0.0,1,0,1,0,0.0,0.0,0.0,0.0,8,8,8,0,0,0,0,0,0,0,0,0,0,0,0,0,40.0,40.0,40.0,40.0,0.0,0.0,0.0,0.0,0.0,0.0,40.0,40.0,40.0,40.0,0.0,0.0,0.0,0.0,0.0,0.0,0.0,0.0,0.0,0.0,0.0,0.0,0.0,0.0,0.0,0.0,0.0,1.0,0.0,40.0,0.0,0.0,0.0,0.0,0.0,0.0,0.0,0.0,0.0,0.0,0.0,0.0,0.0,0.0,0.0,0.0,0.0,0,0,0,NMAP_UDP_SCAN
S0560,5241,21,tcp,-,4e-06,1,1,1,0,246723.764706,246723.764706,493447.529412,1.0,20,20,20,20,20,20,0,1,1,0,0,1,0,0,0,0,120.0,120.0,120.0,120.0,0.0,0.0,0.0,0.0,0.0,0.0,0.0,120.0,120.0,60.0,84.852814,0.0,0.0,0.0,0.0,0.0,0.0,0.0,0.0,0.0,0.0,4.053116,4.053116,4.053116,4.053116,0.0,29606851.764706,1.0,1.0,120.0,0.0,0.0,0.0,0.0,0.0,0.0,0.0,4.053116,4.053116,4.053116,4.053116,0.0,0.0,0.0,0.0,0.0,0.0,64,0,64,DOS_SYN_Hping
S0561,39388,21,tcp,-,4e-06,1,1,1,0,246723.764706,246723.764706,493447.529412,1.0,20,20,20,20,20,20,0,1,1,0,0,1,0,0,0,0,120.0,120.0,120.0,120.0,0.0,0.0,0.0,0.0,0.0,0.0,0.0,120.0,120.0,60.0,84.852814,0.0,0.0,0.0,0.0,0.0,0.0,0.0,0.0,0.0,0.0,4.053116,4.053116,4.053116,4.053116,0.0,29606851.764706,1.0,1.0,120.0,0.0,0.0,0.0,0.0,0.0,0.0,0.0,4.053116,4.053116,4.053116,4.053116,0.0,0.0,0.0,0.0,0.0,0.0,64,0,64,DOS_SYN_Hping
S0562,1119,21,tcp,-,6e-06,1,1,1,0,161319.38461500002,161319.38461500002,322638.769231,1.0,20,20,20,20,20,20,0,1,1,0,0,1,0,0,0,0,120.0,120.0,120.0,120.0,0.0,0.0,0.0,0.0,0.0,0.0,0.0,120.0,120.0,60.0,84.852814,0.0,0.0,0.0,0.0,0.0,0.0,0.0,0.0,0.0,0.0,6.198883,6.198883,6.198883,6.198883,0.0,19358326.153846,1.0,1.0,120.0,0.0,0.0,0.0,0.0,0.0,0.0,0.0,6.198883,6.198883,6.198883,6.198883,0.0,0.0,0.0,0.0,0.0,0.0,64,0,64,DOS_SYN_Hping
S0563,47306,21,tcp,-,5e-06,1,1,1,0,199728.761905,199728.761905,399457.52381,1.0,20,20,20,20,20,20,0,1,1,0,0,1,0,0,0,0,120.0,120.0,120.0,120.0,0.0,0.0,0.0,0.0,0.0,0.0,0.0,120.0,120.0,60.0,84.852814,0.0,0.0,0.0,0.0,0.0,0.0,0.0,0.0,0.0,0.0,5.0067900000000005,5.0067900000000005,5.0067900000000005,5.0067900000000005,0.0,23967451.428571,1.0,1.0,120.0,0.0,0.0,0.0,0.0,0.0,0.0,0.0,5.0067900000000005,5.0067900000000005,5.0067900000000005,5.0067900000000005,0.0,0.0,0.0,0.0,0.0,0.0,64,0,64,DOS_SYN_Hping
S0564,25427,21,tcp,-,1e-06,1,1,1,0,1048576.0,1048576.0,2097152.0,1.0,20,20,20,20,20,20,0,1,1,0,0,1,0,0,0,0,120.0,120.0,120.0,120.0,0.0,0.0,0.0,0.0,0.0,0.0,0.0,120.0,120.0,60.0,84.852814,0.0,0.0,0.0,0.0,0.0,0.0,0.0,0.0,0.0,0.0,0.953674,0.953674,0.953674,0.953674,0.0,125829120.0,1.0,1.0,120.0,0.0,0.0,0.0,0.0,0.0,0.0,0.0,0.953674,0.953674,0.953674,0.953674,0.0,0.0,0.0,0.0,0.0,0.0,64,0,64,DOS_SYN_Hping
S0565,9575,21,tcp,-,4e-06,1,1,1,0,246723.764706,246723.764706,493447.529412,1.0,20,20,20,20,20,20,0,1,1,0,0,1,0,0,0,0,120.0,120.0,120.0,120.0,0.0,0.0,0.0,0.0,0.0,0.0,0.0,120.0,120.0,60.0,84.852814,0.0,0.0,0.0,0.0,0.0,0.0,0.0,0.0,0.0,0.0,4.053116,4.053116,4.053116,4.053116,0.0,29606851.764706,1.0,1.0,120.0,0.0,0.0,0.0,0.0,0.0,0.0,0.0,4.053116,4.053116,4.053116,4.053116,0.0,0.0,0.0,0.0,0.0,0.0,64,0,64,DOS_SYN_Hping
S0566,20201,21,tcp,-,5e-06,1,1,1,0,199728.761905,199728.761905,399457.52381,1.0,20,20,20,20,20,20,0,1,1,0,0,1,0,0,0,0,120.0,120.0,120.0,120.0,0.0,0.0,0.0,0.0,0.0,0.0,0.0,120.0,120.0,60.0,84.852814,0.0,0.0,0.0,0.0,0.0,0.0,0.0,0.0,0.0,0.0,5.0067900000000005,5.0067900000000005,5.0067900000000005,5.0067900000000005,0.0,23967451.428571,1.0,1.0,120.0,0.0,0.0,0.0,0.0,0.0,0.0,0.0,5.0067900000000005,5.0067900000000005,5.0067900000000005,5.0067900000000005,0.0,0.0,0.0,0.0,0.0,0.0,64,0,64,DOS_SYN_Hping
S0567,51036,32784,tcp,-,7.000000000000001e-06,1,1,0,0,144631.172414,144631.172414,289262.344828,1.0,20,20,20,20,20,20,0,0,1,0,0,1,0,0,0,0,0.0,0.0,0.0,0.0,0.0,0.0,0.0,0.0,0.0,0.0,0.0,0.0,0.0,0.0,0.0,0.0,0.0,0.0,0.0,0.0,0.0,0.0,0.0,0.0,0.0,6.914139,6.914139,6.914139,6.914139,0.0,0.0,1.0,1.0,0.0,0.0,0.0,0.0,0.0,0.0,0.0,0.0,6.914139,6.914139,6.914139,6.914139,0.0,0.0,0.0,0.0,0.0,0.0,1024,0,1024,NMAP_OS_DETECTION
S0568,50320,21,tcp,-,0.0,1,1,1,0,0.0,0.0,0.0,1.0,20,20,20,20,20,20,0,1,1,0,0,1,0,0,0,0,120.0,120.0,120.0,120.0,0.0,0.0,0.0,0.0,0.0,0.0,0.0,120.0,120.0,60.0,84.852814,0.0,0.0,0.0,0.0,0.0,0.0,0.0,0.0,0.0,0.0,0.0,0.0,0.0,0.0,0.0,0.0,1.0,1.0,120.0,0.0,0.0,0.0,0.0,0.0,0.0,0.0,0.0,0.0,0.0,0.0,0.0,0.0,0.0,0.0,0.0,0.0,64,0,64,DOS_SYN_Hping
S0569,26403,21,tcp,-,4e-06,1,1,1,0,246723.764706,246723.764706,493447.529412,1.0,20,20,20,20,20,20,0,1,1,0,0,1,0,0,0,0,120.0,120.0,120.0,120.0,0.0,0.0,0.0,0.0,0.0,0.0,0.0,120.0,120.0,60.0,84.852814,0.0,0.0,0.0,0.0,0.0,0.0,0.0,0.0,0.0,0.0,4.053116,4.053116,4.053116,4.053116,0.0,29606851.764706,1.0,1.0,120.0,0.0,0.0,0.0,0.0,0.0,0.0,0.0,4.053116,4.053116,4.053116,4.053116,0.0,0.0,0.0,0.0,0.0,0.0,64,0,64,DOS_SYN_Hping
S0570,43800,53,udp,dns,0.021856,2,2,2,2,91.507761,91.507761,183.015523,1.0,16,8,8,16,8,8,0,0,0,0,0,0,0,0,0,0,36.0,36.0,72.0,36.0,0.0,36.0,68.0,104.0,52.0,22.627417,36.0,68.0,176.0,44.0,16.0,1090.049744,1090.049744,1090.049744,1090.049744,0.0,20505.1899,20505.1899,20505.1899,20505.1899,0.0,260.829926,20505.1899,21856.06957,7285.356522,11456.21653,8052.683008,2.0,2.0,72.0,104.0,0.0,0.0,0.0,0.0,0.0,0.0,21856.06957,21856.06957,21856.06957,21856.06957,0.0,0.0,0.0,0.0,0.0,0.0,0,0,0,Thing_Speak
S0571,37728,21,tcp,-,1e-06,1,1,1,0,1048576.0,1048576.0,2097152.0,1.0,20,20,20,20,20,20,0,1,1,0,0,1,0,0,0,0,120.0,120.0,120.0,120.0,0.0,0.0,0.0,0.0,0.0,0.0,0.0,120.0,120.0,60.0,84.852814,0.0,0.0,0.0,0.0,0.0,0.0,0.0,0.0,0.0,0.0,0.953674,0.953674,0.953674,0.953674,0.0,125829120.0,1.0,1.0,120.0,0.0,0.0,0.0,0.0,0.0,0.0,0.0,0.953674,0.953674,0.953674,0.953674,0.0,0.0,0.0,0.0,0.0,0.0,64,0,64,DOS_SYN_Hping
S0572,15259,21,tcp,-,4e-06,1,1,1,0,246723.764706,246723.764706,493447.529412,1.0,20,20,20,20,20,20,0,1,1,0,0,1,0,0,0,0,120.0,120.0,120.0,120.0,0.0,0.0,0.0,0.0,0.0,0.0,0.0,120.0,120.0,60.0,84.852814,0.0,0.0,0.0,0.0,0.0,0.0,0.0,0.0,0.0,0.0,4.053116,4.053116,4.053116,4.053116,0.0,29606851.764706,1.0,1.0,120.0,0.0,0.0,0.0,0.0,0.0,0.0,0.0,4.053116,4.053116,4.053116,4.053116,0.0,0.0,0.0,0.0,0.0,0.0,64,0,64,DOS_SYN_Hping
S0573,64225,21,tcp,-,4e-06,1,1,1,0,246723.764706,246723.764706,493447.529412,1.0,20,20,20,20,20,20,0,1,1,0,0,1,0,0,0,0,120.0,120.0,120.0,120.0,0.0,0.0,0.0,0.0,0.0,0.0,0.0,120.0,120.0,60.0,84.852814,0.0,0.0,0.0,0.0,0.0,0.0,0.0,0.0,0.0,0.0,4.053116,4.053116,4.053116,4.053116,0.0,29606851.764706,1.0,1.0,120.0,0.0,0.0,0.0,0.0,0.0,0.0,0.0,4.053116,4.053116,4.053116,4.053116,0.0,0.0,0.0,0.0,0.0,0.0,64,0,64,DOS_SYN_Hping
S0574,46247,21,tcp,-,4e-06,1,1,1,0,246723.764706,246723.764706,493447.529412,1.0,20,20,20,20,20,20,0,1,1,0,0,1,0,0,0,0,120.0,120.0,120.0,120.0,0.0,0.0,0.0,0.0,0.0,0.0,0.0,120.0,120.0,60.0,84.852814,0.0,0.0,0.0,0.0,0.0,0.0,0.0,0.0,0.0,0.0,4.053116,4.053116,4.053116,4.053116,0.0,29606851.764706,1.0,1.0,120.0,0.0,0.0,0.0,0.0,0.0,0.0,0.0,4.053116,4.053116,4.053116,4.053116,0.0,0.0,0.0,0.0,0.0,0.0,64,0,64,DOS_SYN_Hping
S0575,16206,21,tcp,-,0.0,1,0,1,0,0.0,0.0,0.0,0.0,20,20,20,0,0,0,0,1,0,0,0,0,0,0,0,0,120.0,120.0,120.0,120.0,0.0,0.0,0.0,0.0,0.0,0.0,120.0,120.0,120.0,120.0,0.0,0.0,0.0,0.0,0.0,0.0,0.0,0.0,0.0,0.0,0.0,0.0,0.0,0.0,0.0,0.0,0.0,1.0,0.0,120.0,0.0,0.0,0.0,0.0,0.0,0.0,0.0,0.0,0.0,0.0,0.0,0.0,0.0,0.0,0.0,0.0,0.0,64,0,64,DOS_SYN_Hping
S0576,39050,21,tcp,-,1e-06,1,1,1,0,1048576.0,1048576.0,2097152.0,1.0,20,20,20,20,20,20,0,1,1,0,0,1,0,0,0,0,120.0,120.0,120.0,120.0,0.0,0.0,0.0,0.0,0.0,0.0,0.0,120.0,120.0,60.0,84.852814,0.0,0.0,0.0,0.0,0.0,0.0,0.0,0.0,0.0,0.0,0.953674,0.953674,0.953674,0.953674,0.0,125829120.0,1.0,1.0,120.0,0.0,0.0,0.0,0.0,0.0,0.0,0.0,0.953674,0.953674,0.953674,0.953674,0.0,0.0,0.0,0.0,0.0,0.0,64,0,64,DOS_SYN_Hping
S0577,49340,21,tcp,-,4e-06,1,1,1,0,246723.764706,246723.764706,493447.529412,1.0,20,20,20,20,20,20,0,1,1,0,0,1,0,0,0,0,120.0,120.0,120.0,120.0,0.0,0.0,0.0,0.0,0.0,0.0,0.0,120.0,120.0,60.0,84.852814,0.0,0.0,0.0,0.0,0.0,0.0,0.0,0.0,0.0,0.0,4.053116,4.053116,4.053116,4.053116,0.0,29606851.764706,1.0,1.0,120.0,0.0,0.0,0.0,0.0,0.0,0.0,0.0,4.053116,4.053116,4.053116,4.053116,0.0,0.0,0.0,0.0,0.0,0.0,64,0,64,DOS_SYN_Hping
S0578,4651,21,tcp,-,2e-06,1,1,1,0,524288.0,524288.0,1048576.0,1.0,20,20,20,20,20,20,0,1,1,0,0,1,0,0,0,0,120.0,120.0,120.0,120.0,0.0,0.0,0.0,0.0,0.0,0.0,0.0,120.0,120.0,60.0,84.852814,0.0,0.0,0.0,0.0,0.0,0.0,0.0,0.0,0.0,0.0,1.907349,1.907349,1.907349,1.907349,0.0,62914560.0,1.0,1.0,120.0,0.0,0.0,0.0,0.0,0.0,0.0,0.0,1.907349,1.907349,1.907349,1.907349,0.0,0.0,0.0,0.0,0.0,0.0,64,0,64,DOS_SYN_Hping
S0579,22408,21,tcp,-,1e-06,1,1,1,0,1048576.0,1048576.0,2097152.0,1.0,20,20,20,20,20,20,0,1,1,0,0,1,0,0,0,0,120.0,120.0,120.0,120.0,0.0,0.0,0.0,0.0,0.0,0.0,0.0,120.0,120.0,60.0,84.852814,0.0,0.0,0.0,0.0,0.0,0.0,0.0,0.0,0.0,0.0,0.953674,0.953674,0.953674,0.953674,0.0,125829120.0,1.0,1.0,120.0,0.0,0.0,0.0,0.0,0.0,0.0,0.0,0.953674,0.953674,0.953674,0.953674,0.0,0.0,0.0,0.0,0.0,0.0,64,0,64,DOS_SYN_Hping
S0580,53056,21,tcp,-,5e-06,1,1,1,0,199728.761905,199728.761905,399457.52381,1.0,20,20,20,20,20,20,0,1,1,0,0,1,0,0,0,0,120.0,120.0,120.0,120.0,0.0,0.0,0.0,0.0,0.0,0.0,0.0,120.0,120.0,60.0,84.852814,0.0,0.0,0.0,0.0,0.0,0.0,0.0,0.0,0.0,0.0,5.0067900000000005,5.0067900000000005,5.0067900000000005,5.0067900000000005,0.0,23967451.428571,1.0,1.0,120.0,0.0,0.0,0.0,0.0,0.0,0.0,0.0,5.0067900000000005,5.0067900000000005,5.0067900000000005,5.0067900000000005,0.0,0.0,0.0,0.0,0.0,0.0,64,0,64,DOS_SYN_Hping
S0581,8287,21,tcp,-,5e-06,1,1,1,0,199728.761905,199728.761905,399457.52381,1.0,20,20,20,20,20,20,0,1,1,0,0,1,0,0,0,0,120.0,120.0,120.0,120.0,0.0,0.0,0.0,0.0,0.0,0.0,0.0,120.0,120.0,60.0,84.852814,0.0,0.0,0.0,0.0,0.0,0.0,0.0,0.0,0.0,0.0,5.0067900000000005,5.0067900000000005,5.0067900000000005,5.0067900000000005,0.0,23967451.428571,1.0,1.0,120.0,0.0,0.0,0.0,0.0,0.0,0.0,0.0,5.0067900000000005,5.0067900000000005,5.0067900000000005,5.0067900000000005,0.0,0.0,0.0,0.0,0.0,0.0,64,0,64,DOS_SYN_Hping
S0582,65434,21,tcp,-,0.0,1,0,1,0,0.0,0.0,0.0,0.0,20,20,20,0,0,0,0,1,0,0,0,0,0,0,0,0,120.0,120.0,120.0,120.0,0.0,0.0,0.0,0.0,0.0,0.0,120.0,120.0,120.0,120.0,0.0,0.0,0.0,0.0,0.0,0.0,0.0,0.0,0.0,0.0,0.0,0.0,0.0,0.0,0.0,0.0,0.0,1.0,0.0,120.0,0.0,0.0,0.0,0.0,0.0,0.0,0.0,0.0,0.0,0.0,0.0,0.0,0.0,0.0,0.0,0.0,0.0,64,0,64,DOS_SYN_Hping
S0583,10215,21,tcp,-,5e-06,1,1,1,0,199728.761905,199728.761905,399457.52381,1.0,20,20,20,20,20,20,0,1,1,0,0,1,0,0,0,0,120.0,120.0,120.0,120.0,0.0,0.0,0.0,0.0,0.0,0.0,0.0,120.0,120.0,60.0,84.852814,0.0,0.0,0.0,0.0,0.0,0.0,0.0,0.0,0.0,0.0,5.0067900000000005,5.0067900000000005,5.0067900000000005,5.0067900000000005,0.0,23967451.428571,1.0,1.0,120.0,0.0,0.0,0.0,0.0,0.0,0.0,0.0,5.0067900000000005,5.0067900000000005,5.0067900000000005,5.0067900000000005,0.0,0.0,0.0,0.0,0.0,0.0,64,0,64,DOS_SYN_Hping
S0584,64060,21,tcp,-,4e-06,1,1,1,0,262144.0,262144.0,524288.0,1.0,20,20,20,20,20,20,0,1,1,0,0,1,0,0,0,0,120.0,120.0,120.0,120.0,0.0,0.0,0.0,0.0,0.0,0.0,0.0,120.0,120.0,60.0,84.852814,0.0,0.0,0.0,0.0,0.0,0.0,0.0,0.0,0.0,0.0,3.814697,3.814697,3.814697,3.814697,0.0,31457280.0,1.0,1.0,120.0,0.0,0.0,0.0,0.0,0.0,0.0,0.0,3.814697,3.814697,3.814697,3.814697,0.0,0.0,0.0,0.0,0.0,0.0,64,0,64,DOS_SYN_Hping
S0585,38466,80,tcp,http,0.7277600000000001,7,5,2,1,9.618555,6.870396,16.488951,0.714286,232,32,40,168,32,40,2,2,0,2,1,11,0,0,0,0,0.0,169.0,215.0,30.714286,63.34223000000001,0.0,538.0,538.0,107.6,240.600914,0.0,538.0,753.0,62.75,157.50043300000002,90.837479,254776.001,729681.9687,121613.6614,132396.80800000002,62.942505,235619.0681,490875.0057,122718.7514,130508.7809,62.942505,236885.0708,729681.9687,66334.72443,107744.1126,1034.681654,7.0,5.0,215.0,538.0,0.0,0.0,0.0,0.0,0.0,0.0,729681.9687,729681.9687,729681.9687,729681.9687,0.0,0.0,0.0,0.0,0.0,0.0,64240,26847,501,Thing_Speak
S0586,39078,21,tcp,-,0.0,1,0,1,0,0.0,0.0,0.0,0.0,20,20,20,0,0,0,0,1,0,0,0,0,0,0,0,0,120.0,120.0,120.0,120.0,0.0,0.0,0.0,0.0,0.0,0.0,120.0,120.0,120.0,120.0,0.0,0.0,0.0,0.0,0.0,0.0,0.0,0.0,0.0,0.0,0.0,0.0,0.0,0.0,0.0,0.0,0.0,1.0,0.0,120.0,0.0,0.0,0.0,0.0,0.0,0.0,0.0,0.0,0.0,0.0,0.0,0.0,0.0,0.0,0.0,0.0,0.0,64,0,64,DOS_SYN_Hping
S0587,2274,21,tcp,-,1e-06,1,1,1,0,1048576.0,1048576.0,2097152.0,1.0,20,20,20,20,20,20,0,1,1,0,0,1,0,0,0,0,120.0,120.0,120.0,120.0,0.0,0.0,0.0,0.0,0.0,0.0,0.0,120.0,120.0,60.0,84.852814,0.0,0.0,0.0,0.0,0.0,0.0,0.0,0.0,0.0,0.0,0.953674,0.953674,0.953674,0.953674,0.0,125829120.0,1.0,1.0,120.0,0.0,0.0,0.0,0.0,0.0,0.0,0.0,0.953674,0.953674,0.953674,0.953674,0.0,0.0,0.0,0.0,0.0,0.0,64,0,64,DOS_SYN_Hping
S0588,24163,21,tcp,-,1e-06,1,1,1,0,1048576.0,1048576.0,2097152.0,1.0,20,20,20,20,20,20,0,1,1,0,0,1,0,0,0,0,120.0,120.0,120.0,120.0,0.0,0.0,0.0,0.0,0.0,0.0,0.0,120.0,120.0,60.0,84.852814,0.0,0.0,0.0,0.0,0.0,0.0,0.0,0.0,0.0,0.0,0.953674,0.953674,0.953674,0.953674,0.0,125829120.0,1.0,1.0,120.0,0.0,0.0,0.0,0.0,0.0,0.0,0.0,0.953674,0.953674,0.953674,0.953674,0.0,0.0,0.0,0.0,0.0,0.0,64,0,64,DOS_SYN_Hping
S0589,6417,21,tcp,-,4e-06,1,1,1,0,246723.764706,246723.764706,493447.529412,1.0,20,20,20,20,20,20,0,1,1,0,0,1,0,0,0,0,120.0,120.0,120.0,120.0,0.0,0.0,0.0,0.0,0.0,0.0,0.0,120.0,120.0,60.0,84.852814,0.0,0.0,0.0,0.0,0.0,0.0,0.0,0.0,0.0,0.0,4.053116,4.053116,4.053116,4.053116,0.0,29606851.764706,1.0,1.0,120.0,0.0,0.0,0.0,0.0,0.0,0.0,0.0,4.053116,4.053116,4.053116,4.053116,0.0,0.0,0.0,0.0,0.0,0.0,64,0,64,DOS_SYN_Hping
S0590,18378,21,tcp,-,4e-06,1,1,1,0,246723.764706,246723.764706,493447.529412,1.0,20,20,20,20,20,20,0,1,1,0,0,1,0,0,0,0,120.0,120.0,120.0,120.0,0.0,0.0,0.0,0.0,0.0,0.0,0.0,120.0,120.0,60.0,84.852814,0.0,0.0,0.0,0.0,0.0,0.0,0.0,0.0,0.0,0.0,4.053116,4.053116,4.053116,4.053116,0.0,29606851.764706,1.0,1.0,120.0,0.0,0.0,0.0,0.0,0.0,0.0,0.0,4.053116,4.053116,4.053116,4.053116,0.0,0.0,0.0,0.0,0.0,0.0,64,0,64,DOS_SYN_Hping
S0591,18448,21,tcp,-,5e-06,1,1,1,0,199728.761905,199728.761905,399457.52381,1.0,20,20,20,20,20,20,0,1,1,0,0,1,0,0,0,0,120.0,120.0,120.0,120.0,0.0,0.0,0.0,0.0,0.0,0.0,0.0,120.0,120.0,60.0,84.852814,0.0,0.0,0.0,0.0,0.0,0.0,0.0,0.0,0.0,0.0,5.0067900000000005,5.0067900000000005,5.0067900000000005,5.0067900000000005,0.0,23967451.428571,1.0,1.0,120.0,0.0,0.0,0.0,0.0,0.0,0.0,0.0,5.0067900000000005,5.0067900000000005,5.0067900000000005,5.0067900000000005,0.0,0.0,0.0,0.0,0.0,0.0,64,0,64,DOS_SYN_Hping
S0592,36672,21,tcp,-,1e-06,1,1,1,0,838860.8,838860.8,1677721.6,1.0,20,20,20,20,20,20,0,1,1,0,0,1,0,0,0,0,120.0,120.0,120.0,120.0,0.0,0.0,0.0,0.0,0.0,0.0,0.0,120.0,120.0,60.0,84.852814,0.0,0.0,0.0,0.0,0.0,0.0,0.0,0.0,0.0,0.0,1.192093,1.192093,1.192093,1.192093,0.0,100663296.0,1.0,1.0,120.0,0.0,0.0,0.0,0.0,0.0,0.0,0.0,1.192093,1.192093,1.192093,1.192093,0.0,0.0,0.0,0.0,0.0,0.0,64,0,64,DOS_SYN_Hping
S0593,14951,21,tcp,-,4e-06,1,1,1,0,246723.764706,246723.764706,493447.529412,1.0,20,20,20,20,20,20,0,1,1,0,0,1,0,0,0,0,120.0,120.0,120.0,120.0,0.0,0.0,0.0,0.0,0.0,0.0,0.0,120.0,120.0,60.0,84.852814,0.0,0.0,0.0,0.0,0.0,0.0,0.0,0.0,0.0,0.0,4.053116,4.053116,4.053116,4.053116,0.0,29606851.764706,1.0,1.0,120.0,0.0,0.0,0.0,0.0,0.0,0.0,0.0,4.053116,4.053116,4.053116,4.053116,0.0,0.0,0.0,0.0,0.0,0.0,64,0,64,DOS_SYN_Hping
S0594,25612,21,tcp,-,2e-06,1,1,1,0,466033.777778,466033.777778,932067.555556,1.0,20,20,20,20,20,20,0,1,1,0,0,1,0,0,0,0,120.0,120.0,120.0,120.0,0.0,0.0,0.0,0.0,0.0,0.0,0.0,120.0,120.0,60.0,84.852814,0.0,0.0,0.0,0.0,0.0,0.0,0.0,0.0,0.0,0.0,2.145767,2.145767,2.145767,2.145767,0.0,55924053.33333299,1.0,1.0,120.0,0.0,0.0,0.0,0.0,0.0,0.0,0.0,2.145767,2.145767,2.145767,2.145767,0.0,0.0,0.0,0.0,0.0,0.0,64,0,64,DOS_SYN_Hping
S0595,25783,21,tcp,-,1e-06,1,1,1,0,1048576.0,1048576.0,2097152.0,1.0,20,20,20,20,20,20,0,1,1,0,0,1,0,0,0,0,120.0,120.0,120.0,120.0,0.0,0.0,0.0,0.0,0.0,0.0,0.0,120.0,120.0,60.0,84.852814,0.0,0.0,0.0,0.0,0.0,0.0,0.0,0.0,0.0,0.0,0.953674,0.953674,0.953674,0.953674,0.0,125829120.0,1.0,1.0,120.0,0.0,0.0,0.0,0.0,0.0,0.0,0.0,0.953674,0.953674,0.953674,0.953674,0.0,0.0,0.0,0.0,0.0,0.0,64,0,64,DOS_SYN_Hping
S0596,9501,21,tcp,-,5e-06,1,1,1,0,199728.761905,199728.761905,399457.52381,1.0,20,20,20,20,20,20,0,1,1,0,0,1,0,0,0,0,120.0,120.0,120.0,120.0,0.0,0.0,0.0,0.0,0.0,0.0,0.0,120.0,120.0,60.0,84.852814,0.0,0.0,0.0,0.0,0.0,0.0,0.0,0.0,0.0,0.0,5.0067900000000005,5.0067900000000005,5.0067900000000005,5.0067900000000005,0.0,23967451.428571,1.0,1.0,120.0,0.0,0.0,0.0,0.0,0.0,0.0,0.0,5.0067900000000005,5.0067900000000005,5.0067900000000005,5.0067900000000005,0.0,0.0,0.0,0.0,0.0,0.0,64,0,64,DOS_SYN_Hping
S0597,44044,5353,udp,dns,0.0,1,0,1,0,0.0,0.0,0.0,0.0,8,8,8,0,0,0,0,0,0,0,0,0,0,0,0,0,43.0,43.0,43.0,43.0,0.0,0.0,0.0,0.0,0.0,0.0,43.0,43.0,43.0,43.0,0.0,0.0,0.0,0.0,0.0,0.0,0.0,0.0,0.0,0.0,0.0,0.0,0.0,0.0,0.0,0.0,0.0,1.0,0.0,43.0,0.0,0.0,0.0,0.0,0.0,0.0,0.0,0.0,0.0,0.0,0.0,0.0,0.0,0.0,0.0,0.0,0.0,0,0,0,ARP_poisioning
S0598,60872,443,tcp,ssl,1.474194,14,12,3,9,9.496714,8.140041,17.636754999999997,0.857143,432,20,40,392,32,40,2,2,2,3,6,23,0,0,0,0,0.0,517.0,840.0,60.0,144.534798,0.0,1352.0,6152.0,512.666667,593.716696,0.0,1352.0,6992.0,268.923077,467.89246,228.16658,281355.8578,1478545.189,113734.2453,132533.9693,19.073486,364830.0171,1207592.9640000002,109781.1786,153806.0273,19.073486,279134.0351,1478545.189,59141.80756,108827.1495,4742.930553,14.0,12.0,840.0,6152.0,0.0,4548.0,0.0,5.0,0.0,5093643.416,1478545.189,1478545.189,1478545.189,1478545.189,0.0,0.0,0.0,0.0,0.0,0.0,64240,26847,0,Thing_Speak
S0599,19209,21,tcp,-,1e-06,1,1,1,0,1048576.0,1048576.0,2097152.0,1.0,20,20,20,20,20,20,0,1,1,0,0,1,0,0,0,0,120.0,120.0,120.0,120.0,0.0,0.0,0.0,0.0,0.0,0.0,0.0,120.0,120.0,60.0,84.852814,0.0,0.0,0.0,0.0,0.0,0.0,0.0,0.0,0.0,0.0,0.953674,0.953674,0.953674,0.953674,0.0,125829120.0,1.0,1.0,120.0,0.0,0.0,0.0,0.0,0.0,0.0,0.0,0.953674,0.953674,0.953674,0.953674,0.0,0.0,0.0,0.0,0.0,0.0,64,0,64,DOS_SYN_Hping
S0600,35610,21,tcp,-,4e-06,1,1,1,0,246723.764706,246723.764706,493447.529412,1.0,20,20,20,20,20,20,0,1,1,0,0,1,0,0,0,0,120.0,120.0,120.0,120.0,0.0,0.0,0.0,0.0,0.0,0.0,0.0,120.0,120.0,60.0,84.852814,0.0,0.0,0.0,0.0,0.0,0.0,0.0,0.0,0.0,0.0,4.053116,4.053116,4.053116,4.053116,0.0,29606851.764706,1.0,1.0,120.0,0.0,0.0,0.0,0.0,0.0,0.0,0.0,4.053116,4.053116,4.053116,4.053116,0.0,0.0,0.0,0.0,0.0,0.0,64,0,64,DOS_SYN_Hping
S0601,7833,21,tcp,-,1e-06,1,1,1,0,1048576.0,1048576.0,2097152.0,1.0,20,20,20,20,20,20,0,1,1,0,0,1,0,0,0,0,120.0,120.0,120.0,120.0,0.0,0.0,0.0,0.0,0.0,0.0,0.0,120.0,120.0,60.0,84.852814,0.0,0.0,0.0,0.0,0.0,0.0,0.0,0.0,0.0,0.0,0.953674,0.953674,0.953674,0.953674,0.0,125829120.0,1.0,1.0,120.0,0.0,0.0,0.0,0.0,0.0,0.0,0.0,0.953674,0.953674,0.953674,0.953674,0.0,0.0,0.0,0.0,0.0,0.0,64,0,64,DOS_SYN_Hping
S0602,16255,21,tcp,-,4e-06,1,1,1,0,262144.0,262144.0,524288.0,1.0,20,20,20,20,20,20,0,1,1,0,0,1,0,0,0,0,120.0,120.0,120.0,120.0,0.0,0.0,0.0,0.0,0.0,0.0,0.0,120.0,120.0,60.0,84.852814,0.0,0.0,0.0,0.0,0.0,0.0,0.0,0.0,0.0,0.0,3.814697,3.814697,3.814697,3.814697,0.0,31457280.0,1.0,1.0,120.0,0.0,0.0,0.0,0.0,0.0,0.0,0.0,3.814697,3.814697,3.814697,3.814697,0.0,0.0,0.0,0.0,0.0,0.0,64,0,64,DOS_SYN_Hping
S0603,51893,53,udp,dns,1.024937,2,2,2,2,1.951339,1.951339,3.902678,1.0,16,8,8,16,8,8,0,0,0,0,0,0,0,0,0,0,43.0,43.0,86.0,43.0,0.0,71.0,139.0,210.0,105.0,48.083261,43.0,139.0,296.0,74.0,45.299007,30.040741,30.040741,30.040741,30.040741,0.0,71727.03743,71727.03743,71727.03743,71727.03743,0.0,30.040741,953180.074692,1024937.152863,341645.717621,530816.180275,288.798195,2.0,2.0,86.0,210.0,0.0,0.0,0.0,0.0,0.0,0.0,1024937.152863,1024937.152863,1024937.152863,1024937.152863,0.0,0.0,0.0,0.0,0.0,0.0,0,0,0,ARP_poisioning
S0604,14086,21,tcp,-,1e-06,1,1,1,0,1048576.0,1048576.0,2097152.0,1.0,20,20,20,20,20,20,0,1,1,0,0,1,0,0,0,0,120.0,120.0,120.0,120.0,0.0,0.0,0.0,0.0,0.0,0.0,0.0,120.0,120.0,60.0,84.852814,0.0,0.0,0.0,0.0,0.0,0.0,0.0,0.0,0.0,0.0,0.953674,0.953674,0.953674,0.953674,0.0,125829120.0,1.0,1.0,120.0,0.0,0.0,0.0,0.0,0.0,0.0,0.0,0.953674,0.953674,0.953674,0.953674,0.0,0.0,0.0,0.0,0.0,0.0,64,0,64,DOS_SYN_Hping
S0605,60548,53,udp,dns,0.104276,2,2,2,2,19.17988,19.17988,38.359759,1.0,16,8,8,16,8,8,0,0,0,0,0,0,0,0,0,0,36.0,36.0,72.0,36.0,0.0,68.0,120.0,188.0,94.0,36.769553,36.0,120.0,260.0,65.0,39.648455,180.959702,180.959702,180.959702,180.959702,0.0,14121.0556,14121.0556,14121.0556,14121.0556,0.0,180.959702,89973.92654,104275.9418,34758.647280000005,48323.15042,2493.384336,2.0,2.0,72.0,188.0,0.0,0.0,0.0,0.0,0.0,0.0,104275.9418,104275.9418,104275.9418,104275.9418,0.0,0.0,0.0,0.0,0.0,0.0,0,0,0,Thing_Speak
S0606,51036,3325,tcp,-,7.000000000000001e-06,1,1,0,0,144631.172414,144631.172414,289262.344828,1.0,20,20,20,20,20,20,0,0,1,0,0,1,0,0,0,0,0.0,0.0,0.0,0.0,0.0,0.0,0.0,0.0,0.0,0.0,0.0,0.0,0.0,0.0,0.0,0.0,0.0,0.0,0.0,0.0,0.0,0.0,0.0,0.0,0.0,6.914139,6.914139,6.914139,6.914139,0.0,0.0,1.0,1.0,0.0,0.0,0.0,0.0,0.0,0.0,0.0,0.0,6.914139,6.914139,6.914139,6.914139,0.0,0.0,0.0,0.0,0.0,0.0,1024,0,1024,NMAP_OS_DETECTION
S0607,60337,1883,tcp,mqtt,62.050955,10,6,3,4,0.161158,0.096695,0.257853,0.6,328,32,40,200,32,40,0,2,1,3,4,15,0,0,0,0,0.0,33.0,78.0,7.8,12.934021,0.0,23.0,36.0,6.0,8.602325,0.0,33.0,114.0,7.125,11.218289,264.167786,59811637.87841801,62050955.05714399,6894550.561905,19847596.242341,652.074814,1493786.0965729996,1991492.033005,398298.406601,624667.54616,264.167786,59811637.87841801,62050955.05714399,4136730.337143,15405328.758378,1.8372,3.333333,2.0,26.0,12.0,0.0,0.0,0.0,0.0,0.0,0.0,2239317.178726,2239317.178726,2239317.178726,2239317.178726,0.0,59811637.87841801,59811637.87841801,59811637.87841801,59811637.87841801,0.0,64240,26847,502,MQTT_Publish
S0608,51036,49155,tcp,-,1e-06,1,1,0,0,1048576.0,1048576.0,2097152.0,1.0,20,20,20,20,20,20,0,0,1,0,0,1,0,0,0,0,0.0,0.0,0.0,0.0,0.0,0.0,0.0,0.0,0.0,0.0,0.0,0.0,0.0,0.0,0.0,0.0,0.0,0.0,0.0,0.0,0.0,0.0,0.0,0.0,0.0,0.953674,0.953674,0.953674,0.953674,0.0,0.0,1.0,1.0,0.0,0.0,0.0,0.0,0.0,0.0,0.0,0.0,0.953674,0.953674,0.953674,0.953674,0.0,0.0,0.0,0.0,0.0,0.0,1024,0,1024,NMAP_OS_DETECTION
S0609,46237,1883,tcp,mqtt,61.948249,10,6,3,4,0.161425,0.096855,0.25828,0.6,328,32,40,200,32,40,0,2,1,3,4,15,0,0,0,0,0.0,33.0,77.0,7.7,12.789318,0.0,22.0,35.0,5.8333330000000005,8.20772,0.0,33.0,112.0,7.0,11.021192,235.080719,59895663.022995,61948249.101639,6883138.789071001,19884408.754983,86.784363,1551823.139191,1888199.090958,377639.818192,661724.373101,86.784363,59895663.022995,61948249.101639,4129883.273443,15431124.796751998,1.807961,3.333333,2.0,25.666667,11.666667,0.0,0.0,0.0,0.0,0.0,0.0,2052586.078644,2052586.078644,2052586.078644,2052586.078644,0.0,59895663.022995,59895663.022995,59895663.022995,59895663.022995,0.0,64240,26847,502,MQTT_Publish
S0610,36242,10009,tcp,-,6e-06,1,1,0,0,161319.38461500002,161319.38461500002,322638.769231,1.0,20,20,20,20,20,20,1,0,1,1,0,1,1,0,0,0,0.0,0.0,0.0,0.0,0.0,0.0,0.0,0.0,0.0,0.0,0.0,0.0,0.0,0.0,0.0,0.0,0.0,0.0,0.0,0.0,0.0,0.0,0.0,0.0,0.0,6.198883,6.198883,6.198883,6.198883,0.0,0.0,1.0,1.0,0.0,0.0,0.0,0.0,0.0,0.0,0.0,0.0,6.198883,6.198883,6.198883,6.198883,0.0,0.0,0.0,0.0,0.0,0.0,1024,0,1024,NMAP_XMAS_TREE_SCAN
S0611,57225,21,tcp,-,2e-06,1,1,1,0,524288.0,524288.0,1048576.0,1.0,20,20,20,20,20,20,0,1,1,0,0,1,0,0,0,0,120.0,120.0,120.0,120.0,0.0,0.0,0.0,0.0,0.0,0.0,0.0,120.0,120.0,60.0,84.852814,0.0,0.0,0.0,0.0,0.0,0.0,0.0,0.0,0.0,0.0,1.907349,1.907349,1.907349,1.907349,0.0,62914560.0,1.0,1.0,120.0,0.0,0.0,0.0,0.0,0.0,0.0,0.0,1.907349,1.907349,1.907349,1.907349,0.0,0.0,0.0,0.0,0.0,0.0,64,0,64,DOS_SYN_Hping
S0612,60268,21,tcp,-,0.0,1,0,1,0,0.0,0.0,0.0,0.0,20,20,20,0,0,0,0,1,0,0,0,0,0,0,0,0,120.0,120.0,120.0,120.0,0.0,0.0,0.0,0.0,0.0,0.0,120.0,120.0,120.0,120.0,0.0,0.0,0.0,0.0,0.0,0.0,0.0,0.0,0.0,0.0,0.0,0.0,0.0,0.0,0.0,0.0,0.0,1.0,0.0,120.0,0.0,0.0,0.0,0.0,0.0,0.0,0.0,0.0,0.0,0.0,0.0,0.0,0.0,0.0,0.0,0.0,0.0,64,0,64,DOS_SYN_Hping
S0613,18325,21,tcp,-,1e-06,1,1,1,0,838860.8,838860.8,1677721.6,1.0,20,20,20,20,20,20,0,1,1,0,0,1,0,0,0,0,120.0,120.0,120.0,120.0,0.0,0.0,0.0,0.0,0.0,0.0,0.0,120.0,120.0,60.0,84.852814,0.0,0.0,0.0,0.0,0.0,0.0,0.0,0.0,0.0,0.0,1.192093,1.192093,1.192093,1.192093,0.0,100663296.0,1.0,1.0,120.0,0.0,0.0,0.0,0.0,0.0,0.0,0.0,1.192093,1.192093,1.192093,1.192093,0.0,0.0,0.0,0.0,0.0,0.0,64,0,64,DOS_SYN_Hping
S0614,36037,21,tcp,-,4e-06,1,1,1,0,246723.764706,246723.764706,493447.529412,1.0,20,20,20,20,20,20,0,1,1,0,0,1,0,0,0,0,120.0,120.0,120.0,120.0,0.0,0.0,0.0,0.0,0.0,0.0,0.0,120.0,120.0,60.0,84.852814,0.0,0.0,0.0,0.0,0.0,0.0,0.0,0.0,0.0,0.0,4.053116,4.053116,4.053116,4.053116,0.0,29606851.764706,1.0,1.0,120.0,0.0,0.0,0.0,0.0,0.0,0.0,0.0,4.053116,4.053116,4.053116,4.053116,0.0,0.0,0.0,0.0,0.0,0.0,64,0,64,DOS_SYN_Hping
S0615,3044,21,tcp,-,1e-06,1,1,1,0,1048576.0,1048576.0,2097152.0,1.0,20,20,20,20,20,20,0,1,1,0,0,1,0,0,0,0,120.0,120.0,120.0,120.0,0.0,0.0,0.0,0.0,0.0,0.0,0.0,120.0,120.0,60.0,84.852814,0.0,0.0,0.0,0.0,0.0,0.0,0.0,0.0,0.0,0.0,0.953674,0.953674,0.953674,0.953674,0.0,125829120.0,1.0,1.0,120.0,0.0,0.0,0.0,0.0,0.0,0.0,0.0,0.953674,0.953674,0.953674,0.953674,0.0,0.0,0.0,0.0,0.0,0.0,64,0,64,DOS_SYN_Hping
S0616,4780,21,tcp,-,4e-06,1,1,1,0,246723.764706,246723.764706,493447.529412,1.0,20,20,20,20,20,20,0,1,1,0,0,1,0,0,0,0,120.0,120.0,120.0,120.0,0.0,0.0,0.0,0.0,0.0,0.0,0.0,120.0,120.0,60.0,84.852814,0.0,0.0,0.0,0.0,0.0,0.0,0.0,0.0,0.0,0.0,4.053116,4.053116,4.053116,4.053116,0.0,29606851.764706,1.0,1.0,120.0,0.0,0.0,0.0,0.0,0.0,0.0,0.0,4.053116,4.053116,4.053116,4.053116,0.0,0.0,0.0,0.0,0.0,0.0,64,0,64,DOS_SYN_Hping
S0617,4959,21,tcp,-,3e-06,1,1,1,0,349525.333333,349525.333333,699050.666667,1.0,20,20,20,20,20,20,0,1,1,0,0,1,0,0,0,0,120.0,120.0,120.0,120.0,0.0,0.0,0.0,0.0,0.0,0.0,0.0,120.0,120.0,60.0,84.852814,0.0,0.0,0.0,0.0,0.0,0.0,0.0,0.0,0.0,0.0,2.861023,2.861023,2.861023,2.861023,0.0,41943040.0,1.0,1.0,120.0,0.0,0.0,0.0,0.0,0.0,0.0,0.0,2.861023,2.861023,2.861023,2.861023,0.0,0.0,0.0,0.0,0.0,0.0,64,0,64,DOS_SYN_Hping
S0618,32445,21,tcp,-,0.0,1,0,1,0,0.0,0.0,0.0,0.0,20,20,20,0,0,0,0,1,0,0,0,0,0,0,0,0,120.0,120.0,120.0,120.0,0.0,0.0,0.0,0.0,0.0,0.0,120.0,120.0,120.0,120.0,0.0,0.0,0.0,0.0,0.0,0.0,0.0,0.0,0.0,0.0,0.0,0.0,0.0,0.0,0.0,0.0,0.0,1.0,0.0,120.0,0.0,0.0,0.0,0.0,0.0,0.0,0.0,0.0,0.0,0.0,0.0,0.0,0.0,0.0,0.0,0.0,0.0,64,0,64,DOS_SYN_Hping
S0619,19645,21,tcp,-,5e-06,1,1,1,0,199728.761905,199728.761905,399457.52381,1.0,20,20,20,20,20,20,0,1,1,0,0,1,0,0,0,0,120.0,120.0,120.0,120.0,0.0,0.0,0.0,0.0,0.0,0.0,0.0,120.0,120.0,60.0,84.852814,0.0,0.0,0.0,0.0,0.0,0.0,0.0,0.0,0.0,0.0,5.0067900000000005,5.0067900000000005,5.0067900000000005,5.0067900000000005,0.0,23967451.428571,1.0,1.0,120.0,0.0,0.0,0.0,0.0,0.0,0.0,0.0,5.0067900000000005,5.0067900000000005,5.0067900000000005,5.0067900000000005,0.0,0.0,0.0,0.0,0.0,0.0,64,0,64,DOS_SYN_Hping
S0620,61381,21,tcp,-,1e-06,1,1,1,0,1048576.0,1048576.0,2097152.0,1.0,20,20,20,20,20,20,0,1,1,0,0,1,0,0,0,0,120.0,120.0,120.0,120.0,0.0,0.0,0.0,0.0,0.0,0.0,0.0,120.0,120.0,60.0,84.852814,0.0,0.0,0.0,0.0,0.0,0.0,0.0,0.0,0.0,0.0,0.953674,0.953674,0.953674,0.953674,0.0,125829120.0,1.0,1.0,120.0,0.0,0.0,0.0,0.0,0.0,0.0,0.0,0.953674,0.953674,0.953674,0.953674,0.0,0.0,0.0,0.0,0.0,0.0,64,0,64,DOS_SYN_Hping
S0621,60038,21,tcp,-,4e-06,1,1,1,0,246723.764706,246723.764706,493447.529412,1.0,20,20,20,20,20,20,0,1,1,0,0,1,0,0,0,0,120.0,120.0,120.0,120.0,0.0,0.0,0.0,0.0,0.0,0.0,0.0,120.0,120.0,60.0,84.852814,0.0,0.0,0.0,0.0,0.0,0.0,0.0,0.0,0.0,0.0,4.053116,4.053116,4.053116,4.053116,0.0,29606851.764706,1.0,1.0,120.0,0.0,0.0,0.0,0.0,0.0,0.0,0.0,4.053116,4.053116,4.053116,4.053116,0.0,0.0,0.0,0.0,0.0,0.0,64,0,64,DOS_SYN_Hping
S0622,36242,5904,tcp,-,8e-06,1,1,0,0,127100.12121199998,127100.12121199998,254200.242424,1.0,20,20,20,20,20,20,1,0,1,1,0,1,1,0,0,0,0.0,0.0,0.0,0.0,0.0,0.0,0.0,0.0,0.0,0.0,0.0,0.0,0.0,0.0,0.0,0.0,0.0,0.0,0.0,0.0,0.0,0.0,0.0,0.0,0.0,7.867813000000001,7.867813000000001,7.867813000000001,7.867813000000001,0.0,0.0,1.0,1.0,0.0,0.0,0.0,0.0,0.0,0.0,0.0,0.0,7.867813000000001,7.867813000000001,7.867813000000001,7.867813000000001,0.0,0.0,0.0,0.0,0.0,0.0,1024,0,1024,NMAP_XMAS_TREE_SCAN
S0623,51098,21,tcp,-,0.0,1,0,1,0,0.0,0.0,0.0,0.0,20,20,20,0,0,0,0,1,0,0,0,0,0,0,0,0,120.0,120.0,120.0,120.0,0.0,0.0,0.0,0.0,0.0,0.0,120.0,120.0,120.0,120.0,0.0,0.0,0.0,0.0,0.0,0.0,0.0,0.0,0.0,0.0,0.0,0.0,0.0,0.0,0.0,0.0,0.0,1.0,0.0,120.0,0.0,0.0,0.0,0.0,0.0,0.0,0.0,0.0,0.0,0.0,0.0,0.0,0.0,0.0,0.0,0.0,0.0,64,0,64,DOS_SYN_Hping
S0624,47954,21,tcp,-,0.0,1,0,1,0,0.0,0.0,0.0,0.0,20,20,20,0,0,0,0,1,0,0,0,0,0,0,0,0,120.0,120.0,120.0,120.0,0.0,0.0,0.0,0.0,0.0,0.0,120.0,120.0,120.0,120.0,0.0,0.0,0.0,0.0,0.0,0.0,0.0,0.0,0.0,0.0,0.0,0.0,0.0,0.0,0.0,0.0,0.0,1.0,0.0,120.0,0.0,0.0,0.0,0.0,0.0,0.0,0.0,0.0,0.0,0.0,0.0,0.0,0.0,0.0,0.0,0.0,0.0,64,0,64,DOS_SYN_Hping
S0625,53420,21,tcp,-,4e-06,1,1,1,0,246723.764706,246723.764706,493447.529412,1.0,20,20,20,20,20,20,0,1,1,0,0,1,0,0,0,0,120.0,120.0,120.0,120.0,0.0,0.0,0.0,0.0,0.0,0.0,0.0,120.0,120.0,60.0,84.852814,0.0,0.0,0.0,0.0,0.0,0.0,0.0,0.0,0.0,0.0,4.053116,4.053116,4.053116,4.053116,0.0,29606851.764706,1.0,1.0,120.0,0.0,0.0,0.0,0.0,0.0,0.0,0.0,4.053116,4.053116,4.053116,4.053116,0.0,0.0,0.0,0.0,0.0,0.0,64,0,64,DOS_SYN_Hping
S0626,46310,53,udp,dns,0.0748539999999999,2,2,2,2,26.718716,26.718716,53.437432,1.0,16,8,8,16,8,8,0,0,0,0,0,0,0,0,0,0,49.0,49.0,98.0,49.0,0.0,49.0,177.0,226.0,113.0,90.509668,49.0,177.0,324.0,81.0,64.0,4.053116,4.053116,4.053116,4.053116,0.0,497.817993,497.817993,497.817993,497.817993,0.0,4.053116,74352.02598600001,74853.89709500001,24951.299032,42782.99684,4328.431953,2.0,2.0,98.0,226.0,0.0,0.0,0.0,0.0,0.0,0.0,74853.89709500001,74853.89709500001,74853.89709500001,74853.89709500001,0.0,0.0,0.0,0.0,0.0,0.0,0,0,0,ARP_poisioning
S0627,52832,21,tcp,-,4e-06,1,1,1,0,262144.0,262144.0,524288.0,1.0,20,20,20,20,20,20,0,1,1,0,0,1,0,0,0,0,120.0,120.0,120.0,120.0,0.0,0.0,0.0,0.0,0.0,0.0,0.0,120.0,120.0,60.0,84.852814,0.0,0.0,0.0,0.0,0.0,0.0,0.0,0.0,0.0,0.0,3.814697,3.814697,3.814697,3.814697,0.0,31457280.0,1.0,1.0,120.0,0.0,0.0,0.0,0.0,0.0,0.0,0.0,3.814697,3.814697,3.814697,3.814697,0.0,0.0,0.0,0.0,0.0,0.0,64,0,64,DOS_SYN_Hping
S0628,21762,21,tcp,-,0.0,1,0,1,0,0.0,0.0,0.0,0.0,20,20,20,0,0,0,0,1,0,0,0,0,0,0,0,0,120.0,120.0,120.0,120.0,0.0,0.0,0.0,0.0,0.0,0.0,120.0,120.0,120.0,120.0,0.0,0.0,0.0,0.0,0.0,0.0,0.0,0.0,0.0,0.0,0.0,0.0,0.0,0.0,0.0,0.0,0.0,1.0,0.0,120.0,0.0,0.0,0.0,0.0,0.0,0.0,0.0,0.0,0.0,0.0,0.0,0.0,0.0,0.0,0.0,0.0,0.0,64,0,64,DOS_SYN_Hping
S0629,8481,21,tcp,-,4e-06,1,1,1,0,262144.0,262144.0,524288.0,1.0,20,20,20,20,20,20,0,1,1,0,0,1,0,0,0,0,120.0,120.0,120.0,120.0,0.0,0.0,0.0,0.0,0.0,0.0,0.0,120.0,120.0,60.0,84.852814,0.0,0.0,0.0,0.0,0.0,0.0,0.0,0.0,0.0,0.0,3.814697,3.814697,3.814697,3.814697,0.0,31457280.0,1.0,1.0,120.0,0.0,0.0,0.0,0.0,0.0,0.0,0.0,3.814697,3.814697,3.814697,3.814697,0.0,0.0,0.0,0.0,0.0,0.0,64,0,64,DOS_SYN_Hping
S0630,47780,21,tcp,-,1e-06,1,1,1,0,838860.8,838860.8,1677721.6,1.0,20,20,20,20,20,20,0,1,1,0,0,1,0,0,0,0,120.0,120.0,120.0,120.0,0.0,0.0,0.0,0.0,0.0,0.0,0.0,120.0,120.0,60.0,84.852814,0.0,0.0,0.0,0.0,0.0,0.0,0.0,0.0,0.0,0.0,1.192093,1.192093,1.192093,1.192093,0.0,100663296.0,1.0,1.0,120.0,0.0,0.0,0.0,0.0,0.0,0.0,0.0,1.192093,1.192093,1.192093,1.192093,0.0,0.0,0.0,0.0,0.0,0.0,64,0,64,DOS_SYN_Hping
S0631,58140,21,tcp,-,1e-06,1,1,1,0,1048576.0,1048576.0,2097152.0,1.0,20,20,20,20,20,20,0,1,1,0,0,1,0,0,0,0,120.0,120.0,120.0,120.0,0.0,0.0,0.0,0.0,0.0,0.0,0.0,120.0,120.0,60.0,84.852814,0.0,0.0,0.0,0.0,0.0,0.0,0.0,0.0,0.0,0.0,0.953674,0.953674,0.953674,0.953674,0.0,125829120.0,1.0,1.0,120.0,0.0,0.0,0.0,0.0,0.0,0.0,0.0,0.953674,0.953674,0.953674,0.953674,0.0,0.0,0.0,0.0,0.0,0.0,64,0,64,DOS_SYN_Hping
S0632,10388,21,tcp,-,5e-06,1,1,1,0,199728.761905,199728.761905,399457.52381,1.0,20,20,20,20,20,20,0,1,1,0,0,1,0,0,0,0,120.0,120.0,120.0,120.0,0.0,0.0,0.0,0.0,0.0,0.0,0.0,120.0,120.0,60.0,84.852814,0.0,0.0,0.0,0.0,0.0,0.0,0.0,0.0,0.0,0.0,5.0067900000000005,5.0067900000000005,5.0067900000000005,5.0067900000000005,0.0,23967451.428571,1.0,1.0,120.0,0.0,0.0,0.0,0.0,0.0,0.0,0.0,5.0067900000000005,5.0067900000000005,5.0067900000000005,5.0067900000000005,0.0,0.0,0.0,0.0,0.0,0.0,64,0,64,DOS_SYN_Hping
S0633,15676,21,tcp,-,5e-06,1,1,1,0,199728.761905,199728.761905,399457.52381,1.0,20,20,20,20,20,20,0,1,1,0,0,1,0,0,0,0,120.0,120.0,120.0,120.0,0.0,0.0,0.0,0.0,0.0,0.0,0.0,120.0,120.0,60.0,84.852814,0.0,0.0,0.0,0.0,0.0,0.0,0.0,0.0,0.0,0.0,5.0067900000000005,5.0067900000000005,5.0067900000000005,5.0067900000000005,0.0,23967451.428571,1.0,1.0,120.0,0.0,0.0,0.0,0.0,0.0,0.0,0.0,5.0067900000000005,5.0067900000000005,5.0067900000000005,5.0067900000000005,0.0,0.0,0.0,0.0,0.0,0.0,64,0,64,DOS_SYN_Hping
S0634,63130,21,tcp,-,4e-06,1,1,1,0,246723.764706,246723.764706,493447.529412,1.0,20,20,20,20,20,20,0,1,1,0,0,1,0,0,0,0,120.0,120.0,120.0,120.0,0.0,0.0,0.0,0.0,0.0,0.0,0.0,120.0,120.0,60.0,84.852814,0.0,0.0,0.0,0.0,0.0,0.0,0.0,0.0,0.0,0.0,4.053116,4.053116,4.053116,4.053116,0.0,29606851.764706,1.0,1.0,120.0,0.0,0.0,0.0,0.0,0.0,0.0,0.0,4.053116,4.053116,4.053116,4.053116,0.0,0.0,0.0,0.0,0.0,0.0,64,0,64,DOS_SYN_Hping
S0635,3787,21,tcp,-,0.0,1,0,1,0,0.0,0.0,0.0,0.0,20,20,20,0,0,0,0,1,0,0,0,0,0,0,0,0,120.0,120.0,120.0,120.0,0.0,0.0,0.0,0.0,0.0,0.0,120.0,120.0,120.0,120.0,0.0,0.0,0.0,0.0,0.0,0.0,0.0,0.0,0.0,0.0,0.0,0.0,0.0,0.0,0.0,0.0,0.0,1.0,0.0,120.0,0.0,0.0,0.0,0.0,0.0,0.0,0.0,0.0,0.0,0.0,0.0,0.0,0.0,0.0,0.0,0.0,0.0,64,0,64,DOS_SYN_Hping
S0636,58312,443,tcp,ssl,1.505718,14,12,3,9,9.29789,7.96962,17.26751,0.857143,432,20,40,392,32,40,2,2,2,3,6,23,0,0,0,0,0.0,517.0,840.0,60.0,144.534798,0.0,1352.0,6160.0,513.333333,594.392483,0.0,1352.0,7000.0,269.230769,468.436489,252.962112,285439.9681,1508185.863,116014.2972,131822.4532,24.080276,380869.8654,1239320.04,112665.4582,158218.6527,24.080276,283239.8415,1508185.863,60327.43454,109174.146,4648.944911,14.0,12.0,840.0,6160.0,0.0,4548.0,0.0,5.0,0.0,4869975.643,1508185.863,1508185.863,1508185.863,1508185.863,0.0,0.0,0.0,0.0,0.0,0.0,64240,26847,0,Thing_Speak
S0637,52734,53,udp,dns,0.003159,2,2,2,2,633.102491,633.102491,1266.204981,1.0,16,8,8,16,8,8,0,0,0,0,0,0,0,0,0,0,43.0,43.0,86.0,43.0,0.0,43.0,59.0,102.0,51.0,11.313708,43.0,59.0,188.0,47.0,8.0,12.159348,12.159348,12.159348,12.159348,0.0,757.9326629999999,757.9326629999999,757.9326629999999,757.9326629999999,0.0,12.159348,2388.954163,3159.046173,1053.015391,1215.5631449999998,59511.634113,2.0,2.0,86.0,102.0,0.0,0.0,0.0,0.0,0.0,0.0,3159.046173,3159.046173,3159.046173,3159.046173,0.0,0.0,0.0,0.0,0.0,0.0,0,0,0,ARP_poisioning
S0638,49576,21,tcp,-,1e-06,1,1,1,0,1048576.0,1048576.0,2097152.0,1.0,20,20,20,20,20,20,0,1,1,0,0,1,0,0,0,0,120.0,120.0,120.0,120.0,0.0,0.0,0.0,0.0,0.0,0.0,0.0,120.0,120.0,60.0,84.852814,0.0,0.0,0.0,0.0,0.0,0.0,0.0,0.0,0.0,0.0,0.953674,0.953674,0.953674,0.953674,0.0,125829120.0,1.0,1.0,120.0,0.0,0.0,0.0,0.0,0.0,0.0,0.0,0.953674,0.953674,0.953674,0.953674,0.0,0.0,0.0,0.0,0.0,0.0,64,0,64,DOS_SYN_Hping
S0639,56457,21,tcp,-,4e-06,1,1,1,0,246723.764706,246723.764706,493447.529412,1.0,20,20,20,20,20,20,0,1,1,0,0,1,0,0,0,0,120.0,120.0,120.0,120.0,0.0,0.0,0.0,0.0,0.0,0.0,0.0,120.0,120.0,60.0,84.852814,0.0,0.0,0.0,0.0,0.0,0.0,0.0,0.0,0.0,0.0,4.053116,4.053116,4.053116,4.053116,0.0,29606851.764706,1.0,1.0,120.0,0.0,0.0,0.0,0.0,0.0,0.0,0.0,4.053116,4.053116,4.053116,4.053116,0.0,0.0,0.0,0.0,0.0,0.0,64,0,64,DOS_SYN_Hping
S0640,5996,21,tcp,-,3e-06,1,1,1,0,322638.769231,322638.769231,645277.538462,1.0,20,20,20,20,20,20,0,1,1,0,0,1,0,0,0,0,120.0,120.0,120.0,120.0,0.0,0.0,0.0,0.0,0.0,0.0,0.0,120.0,120.0,60.0,84.852814,0.0,0.0,0.0,0.0,0.0,0.0,0.0,0.0,0.0,0.0,3.099442,3.099442,3.099442,3.099442,0.0,38716652.307692,1.0,1.0,120.0,0.0,0.0,0.0,0.0,0.0,0.0,0.0,3.099442,3.099442,3.099442,3.099442,0.0,0.0,0.0,0.0,0.0,0.0,64,0,64,DOS_SYN_Hping
S0641,55588,21,tcp,-,1e-06,1,1,1,0,1048576.0,1048576.0,2097152.0,1.0,20,20,20,20,20,20,0,1,1,0,0,1,0,0,0,0,120.0,120.0,120.0,120.0,0.0,0.0,0.0,0.0,0.0,0.0,0.0,120.0,120.0,60.0,84.852814,0.0,0.0,0.0,0.0,0.0,0.0,0.0,0.0,0.0,0.0,0.953674,0.953674,0.953674,0.953674,0.0,125829120.0,1.0,1.0,120.0,0.0,0.0,0.0,0.0,0.0,0.0,0.0,0.953674,0.953674,0.953674,0.953674,0.0,0.0,0.0,0.0,0.0,0.0,64,0,64,DOS_SYN_Hping
S0642,64662,21,tcp,-,4e-06,1,1,1,0,246723.764706,246723.764706,493447.529412,1.0,20,20,20,20,20,20,0,1,1,0,0,1,0,0,0,0,120.0,120.0,120.0,120.0,0.0,0.0,0.0,0.0,0.0,0.0,0.0,120.0,120.0,60.0,84.852814,0.0,0.0,0.0,0.0,0.0,0.0,0.0,0.0,0.0,0.0,4.053116,4.053116,4.053116,4.053116,0.0,29606851.764706,1.0,1.0,120.0,0.0,0.0,0.0,0.0,0.0,0.0,0.0,4.053116,4.053116,4.053116,4.053116,0.0,0.0,0.0,0.0,0.0,0.0,64,0,64,DOS_SYN_Hping
S0643,39170,5353,udp,dns,0.0,1,0,1,0,0.0,0.0,0.0,0.0,8,8,8,0,0,0,0,0,0,0,0,0,0,0,0,0,29.0,29.0,29.0,29.0,0.0,0.0,0.0,0.0,0.0,0.0,29.0,29.0,29.0,29.0,0.0,0.0,0.0,0.0,0.0,0.0,0.0,0.0,0.0,0.0,0.0,0.0,0.0,0.0,0.0,0.0,0.0,1.0,0.0,29.0,0.0,0.0,0.0,0.0,0.0,0.0,0.0,0.0,0.0,0.0,0.0,0.0,0.0,0.0,0.0,0.0,0.0,0,0,0,ARP_poisioning
S0644,1922,21,tcp,-,2e-06,1,1,1,0,524288.0,524288.0,1048576.0,1.0,20,20,20,20,20,20,0,1,1,0,0,1,0,0,0,0,120.0,120.0,120.0,120.0,0.0,0.0,0.0,0.0,0.0,0.0,0.0,120.0,120.0,60.0,84.852814,0.0,0.0,0.0,0.0,0.0,0.0,0.0,0.0,0.0,0.0,1.907349,1.907349,1.907349,1.907349,0.0,62914560.0,1.0,1.0,120.0,0.0,0.0,0.0,0.0,0.0,0.0,0.0,1.907349,1.907349,1.907349,1.907349,0.0,0.0,0.0,0.0,0.0,0.0,64,0,64,DOS_SYN_Hping
S0645,51725,53,udp,dns,0.083213,2,2,2,2,24.034749,24.034749,48.069497,1.0,16,8,8,16,8,8,0,0,0,0,0,0,0,0,0,0,32.0,32.0,64.0,32.0,0.0,32.0,64.0,96.0,48.0,22.627417,32.0,64.0,160.0,40.0,16.0,951.051712,951.051712,951.051712,951.051712,0.0,82034.82628,82034.82628,82034.82628,82034.82628,0.0,226.974487,82034.82628,83212.85248,27737.61749,47024.15585,1922.779898,2.0,2.0,64.0,96.0,0.0,0.0,0.0,0.0,0.0,0.0,83212.85248,83212.85248,83212.85248,83212.85248,0.0,0.0,0.0,0.0,0.0,0.0,0,0,0,Thing_Speak
S0646,19887,21,tcp,-,4e-06,1,1,1,0,246723.764706,246723.764706,493447.529412,1.0,20,20,20,20,20,20,0,1,1,0,0,1,0,0,0,0,120.0,120.0,120.0,120.0,0.0,0.0,0.0,0.0,0.0,0.0,0.0,120.0,120.0,60.0,84.852814,0.0,0.0,0.0,0.0,0.0,0.0,0.0,0.0,0.0,0.0,4.053116,4.053116,4.053116,4.053116,0.0,29606851.764706,1.0,1.0,120.0,0.0,0.0,0.0,0.0,0.0,0.0,0.0,4.053116,4.053116,4.053116,4.053116,0.0,0.0,0.0,0.0,0.0,0.0,64,0,64,DOS_SYN_Hping
S0647,4083,21,tcp,-,4e-06,1,1,1,0,262144.0,262144.0,524288.0,1.0,20,20,20,20,20,20,0,1,1,0,0,1,0,0,0,0,120.0,120.0,120.0,120.0,0.0,0.0,0.0,0.0,0.0,0.0,0.0,120.0,120.0,60.0,84.852814,0.0,0.0,0.0,0.0,0.0,0.0,0.0,0.0,0.0,0.0,3.814697,3.814697,3.814697,3.814697,0.0,31457280.0,1.0,1.0,120.0,0.0,0.0,0.0,0.0,0.0,0.0,0.0,3.814697,3.814697,3.814697,3.814697,0.0,0.0,0.0,0.0,0.0,0.0,64,0,64,DOS_SYN_Hping
S0648,3008,21,tcp,-,0.0,1,0,1,0,0.0,0.0,0.0,0.0,20,20,20,0,0,0,0,1,0,0,0,0,0,0,0,0,120.0,120.0,120.0,120.0,0.0,0.0,0.0,0.0,0.0,0.0,120.0,120.0,120.0,120.0,0.0,0.0,0.0,0.0,0.0,0.0,0.0,0.0,0.0,0.0,0.0,0.0,0.0,0.0,0.0,0.0,0.0,1.0,0.0,120.0,0.0,0.0,0.0,0.0,0.0,0.0,0.0,0.0,0.0,0.0,0.0,0.0,0.0,0.0,0.0,0.0,0.0,64,0,64,DOS_SYN_Hping
S0649,14391,21,tcp,-,0.0,1,0,1,0,0.0,0.0,0.0,0.0,20,20,20,0,0,0,0,1,0,0,0,0,0,0,0,0,120.0,120.0,120.0,120.0,0.0,0.0,0.0,0.0,0.0,0.0,120.0,120.0,120.0,120.0,0.0,0.0,0.0,0.0,0.0,0.0,0.0,0.0,0.0,0.0,0.0,0.0,0.0,0.0,0.0,0.0,0.0,1.0,0.0,120.0,0.0,0.0,0.0,0.0,0.0,0.0,0.0,0.0,0.0,0.0,0.0,0.0,0.0,0.0,0.0,0.0,0.0,64,0,64,DOS_SYN_Hping
S0650,46600,7625,tcp,-,2e-06,1,1,0,0,466033.777778,466033.777778,932067.555556,1.0,20,20,20,20,20,20,0,0,1,0,0,1,0,0,0,0,0.0,0.0,0.0,0.0,0.0,0.0,0.0,0.0,0.0,0.0,0.0,0.0,0.0,0.0,0.0,0.0,0.0,0.0,0.0,0.0,0.0,0.0,0.0,0.0,0.0,2.145767,2.145767,2.145767,2.145767,0.0,0.0,1.0,1.0,0.0,0.0,0.0,0.0,0.0,0.0,0.0,0.0,2.145767,2.145767,2.145767,2.145767,0.0,0.0,0.0,0.0,0.0,0.0,1024,0,1024,NMAP_OS_DETECTION
S0651,60893,1883,tcp,mqtt,31.916669,9,5,3,3,0.281984,0.156658,0.438642,0.555556,296,32,40,168,32,40,0,2,1,3,3,13,0,0,0,0,0.0,33.0,76.0,8.444444,13.115935999999998,0.0,23.0,32.0,6.4,9.555103,0.0,33.0,108.0,7.714286,11.618477,228.16658,29879471.063614,31916669.130325,3989583.641291,10471411.040969,227.212906,1572248.935699,1884327.888489,471081.972122,737771.3346,227.212906,29879471.063614,31916669.130325,2455128.39464,8248866.5718169985,3.3838120000000003,3.0,1.666667,25.333333,10.666667,0.0,0.0,0.0,0.0,0.0,0.0,2037198.066711,2037198.066711,2037198.066711,2037198.066711,0.0,29879471.063614,29879471.063614,29879471.063614,29879471.063614,0.0,64240,26847,502,MQTT_Publish
S0652,43075,21,tcp,-,4e-06,1,1,1,0,246723.764706,246723.764706,493447.529412,1.0,20,20,20,20,20,20,0,1,1,0,0,1,0,0,0,0,120.0,120.0,120.0,120.0,0.0,0.0,0.0,0.0,0.0,0.0,0.0,120.0,120.0,60.0,84.852814,0.0,0.0,0.0,0.0,0.0,0.0,0.0,0.0,0.0,0.0,4.053116,4.053116,4.053116,4.053116,0.0,29606851.764706,1.0,1.0,120.0,0.0,0.0,0.0,0.0,0.0,0.0,0.0,4.053116,4.053116,4.053116,4.053116,0.0,0.0,0.0,0.0,0.0,0.0,64,0,64,DOS_SYN_Hping
S0653,30200,21,tcp,-,1e-06,1,1,1,0,1048576.0,1048576.0,2097152.0,1.0,20,20,20,20,20,20,0,1,1,0,0,1,0,0,0,0,120.0,120.0,120.0,120.0,0.0,0.0,0.0,0.0,0.0,0.0,0.0,120.0,120.0,60.0,84.852814,0.0,0.0,0.0,0.0,0.0,0.0,0.0,0.0,0.0,0.0,0.953674,0.953674,0.953674,0.953674,0.0,125829120.0,1.0,1.0,120.0,0.0,0.0,0.0,0.0,0.0,0.0,0.0,0.953674,0.953674,0.953674,0.953674,0.0,0.0,0.0,0.0,0.0,0.0,64,0,64,DOS_SYN_Hping
S0654,40742,21,tcp,-,4e-06,1,1,1,0,246723.764706,246723.764706,493447.529412,1.0,20,20,20,20,20,20,0,1,1,0,0,1,0,0,0,0,120.0,120.0,120.0,120.0,0.0,0.0,0.0,0.0,0.0,0.0,0.0,120.0,120.0,60.0,84.852814,0.0,0.0,0.0,0.0,0.0,0.0,0.0,0.0,0.0,0.0,4.053116,4.053116,4.053116,4.053116,0.0,29606851.764706,1.0,1.0,120.0,0.0,0.0,0.0,0.0,0.0,0.0,0.0,4.053116,4.053116,4.053116,4.053116,0.0,0.0,0.0,0.0,0.0,0.0,64,0,64,DOS_SYN_Hping
S0655,12169,21,tcp,-,0.0,1,0,1,0,0.0,0.0,0.0,0.0,20,20,20,0,0,0,0,1,0,0,0,0,0,0,0,0,120.0,120.0,120.0,120.0,0.0,0.0,0.0,0.0,0.0,0.0,120.0,120.0,120.0,120.0,0.0,0.0,0.0,0.0,0.0,0.0,0.0,0.0,0.0,0.0,0.0,0.0,0.0,0.0,0.0,0.0,0.0,1.0,0.0,120.0,0.0,0.0,0.0,0.0,0.0,0.0,0.0,0.0,0.0,0.0,0.0,0.0,0.0,0.0,0.0,0.0,0.0,64,0,64,DOS_SYN_Hping
S0656,31579,21,tcp,-,2e-06,1,1,1,0,466033.777778,466033.777778,932067.555556,1.0,20,20,20,20,20,20,0,1,1,0,0,1,0,0,0,0,120.0,120.0,120.0,120.0,0.0,0.0,0.0,0.0,0.0,0.0,0.0,120.0,120.0,60.0,84.852814,0.0,0.0,0.0,0.0,0.0,0.0,0.0,0.0,0.0,0.0,2.145767,2.145767,2.145767,2.145767,0.0,55924053.33333299,1.0,1.0,120.0,0.0,0.0,0.0,0.0,0.0,0.0,0.0,2.145767,2.145767,2.145767,2.145767,0.0,0.0,0.0,0.0,0.0,0.0,64,0,64,DOS_SYN_Hping
S0657,55378,443,tcp,ssl,1.478616,15,13,3,10,10.144622,8.792006,18.936627,0.866667,464,20,40,424,32,40,2,2,2,3,6,25,0,0,0,0,0.0,517.0,840.0,56.0,140.136158,0.0,1352.0,6548.0,503.692308,608.7179679999999,0.0,1352.0,7388.0,263.857143,475.987295,226.020813,285947.0844,1481064.081,105790.2915,131162.7539,46.96846,366039.0377,1212553.024,101046.0854,150619.1819,46.96846,282757.0438,1481064.081,54854.22523,106036.0565,4996.564357,15.0,13.0,840.0,6548.0,0.0,4548.0,0.0,5.0,0.0,10832308.12,1481064.081,1481064.081,1481064.081,1481064.081,0.0,0.0,0.0,0.0,0.0,0.0,64240,26847,0,Thing_Speak
S0658,14069,21,tcp,-,2e-06,1,1,1,0,524288.0,524288.0,1048576.0,1.0,20,20,20,20,20,20,0,1,1,0,0,1,0,0,0,0,120.0,120.0,120.0,120.0,0.0,0.0,0.0,0.0,0.0,0.0,0.0,120.0,120.0,60.0,84.852814,0.0,0.0,0.0,0.0,0.0,0.0,0.0,0.0,0.0,0.0,1.907349,1.907349,1.907349,1.907349,0.0,62914560.0,1.0,1.0,120.0,0.0,0.0,0.0,0.0,0.0,0.0,0.0,1.907349,1.907349,1.907349,1.907349,0.0,0.0,0.0,0.0,0.0,0.0,64,0,64,DOS_SYN_Hping
S0659,53262,21,tcp,-,2e-06,1,1,1,0,524288.0,524288.0,1048576.0,1.0,20,20,20,20,20,20,0,1,1,0,0,1,0,0,0,0,120.0,120.0,120.0,120.0,0.0,0.0,0.0,0.0,0.0,0.0,0.0,120.0,120.0,60.0,84.852814,0.0,0.0,0.0,0.0,0.0,0.0,0.0,0.0,0.0,0.0,1.907349,1.907349,1.907349,1.907349,0.0,62914560.0,1.0,1.0,120.0,0.0,0.0,0.0,0.0,0.0,0.0,0.0,1.907349,1.907349,1.907349,1.907349,0.0,0.0,0.0,0.0,0.0,0.0,64,0,64,DOS_SYN_Hping
S0660,40845,21,tcp,-,5e-06,1,1,1,0,199728.761905,199728.761905,399457.52381,1.0,20,20,20,20,20,20,0,1,1,0,0,1,0,0,0,0,120.0,120.0,120.0,120.0,0.0,0.0,0.0,0.0,0.0,0.0,0.0,120.0,120.0,60.0,84.852814,0.0,0.0,0.0,0.0,0.0,0.0,0.0,0.0,0.0,0.0,5.0067900000000005,5.0067900000000005,5.0067900000000005,5.0067900000000005,0.0,23967451.428571,1.0,1.0,120.0,0.0,0.0,0.0,0.0,0.0,0.0,0.0,5.0067900000000005,5.0067900000000005,5.0067900000000005,5.0067900000000005,0.0,0.0,0.0,0.0,0.0,0.0,64,0,64,DOS_SYN_Hping
S0661,38485,21,tcp,-,2e-06,1,1,1,0,466033.777778,466033.777778,932067.555556,1.0,20,20,20,20,20,20,0,1,1,0,0,1,0,0,0,0,120.0,120.0,120.0,120.0,0.0,0.0,0.0,0.0,0.0,0.0,0.0,120.0,120.0,60.0,84.852814,0.0,0.0,0.0,0.0,0.0,0.0,0.0,0.0,0.0,0.0,2.145767,2.145767,2.145767,2.145767,0.0,55924053.33333299,1.0,1.0,120.0,0.0,0.0,0.0,0.0,0.0,0.0,0.0,2.145767,2.145767,2.145767,2.145767,0.0,0.0,0.0,0.0,0.0,0.0,64,0,64,DOS_SYN_Hping
S0662,62692,21,tcp,-,1e-06,1,1,1,0,838860.8,838860.8,1677721.6,1.0,20,20,20,20,20,20,0,1,1,0,0,1,0,0,0,0,120.0,120.0,120.0,120.0,0.0,0.0,0.0,0.0,0.0,0.0,0.0,120.0,120.0,60.0,84.852814,0.0,0.0,0.0,0.0,0.0,0.0,0.0,0.0,0.0,0.0,1.192093,1.192093,1.192093,1.192093,0.0,100663296.0,1.0,1.0,120.0,0.0,0.0,0.0,0.0,0.0,0.0,0.0,1.192093,1.192093,1.192093,1.192093,0.0,0.0,0.0,0.0,0.0,0.0,64,0,64,DOS_SYN_Hping
S0663,48513,53,udp,dns,0.053051,2,2,2,2,37.699576,37.699576,75.399152,1.0,16,8,8,16,8,8,0,0,0,0,0,0,0,0,0,0,32.0,32.0,64.0,32.0,0.0,32.0,64.0,96.0,48.0,22.627417,32.0,64.0,160.0,40.0,16.0,241.994858,241.994858,241.994858,241.994858,0.0,51815.98663,51815.98663,51815.98663,51815.98663,0.0,241.994858,51815.98663,53050.99487,17683.66496,29561.84271,3015.96606,2.0,2.0,64.0,96.0,0.0,0.0,0.0,0.0,0.0,0.0,53050.99487,53050.99487,53050.99487,53050.99487,0.0,0.0,0.0,0.0,0.0,0.0,0,0,0,Thing_Speak
S0664,2758,21,tcp,-,4e-06,1,1,1,0,246723.764706,246723.764706,493447.529412,1.0,20,20,20,20,20,20,0,1,1,0,0,1,0,0,0,0,120.0,120.0,120.0,120.0,0.0,0.0,0.0,0.0,0.0,0.0,0.0,120.0,120.0,60.0,84.852814,0.0,0.0,0.0,0.0,0.0,0.0,0.0,0.0,0.0,0.0,4.053116,4.053116,4.053116,4.053116,0.0,29606851.764706,1.0,1.0,120.0,0.0,0.0,0.0,0.0,0.0,0.0,0.0,4.053116,4.053116,4.053116,4.053116,0.0,0.0,0.0,0.0,0.0,0.0,64,0,64,DOS_SYN_Hping
S0665,2972,21,tcp,-,4e-06,1,1,1,0,246723.764706,246723.764706,493447.529412,1.0,20,20,20,20,20,20,0,1,1,0,0,1,0,0,0,0,120.0,120.0,120.0,120.0,0.0,0.0,0.0,0.0,0.0,0.0,0.0,120.0,120.0,60.0,84.852814,0.0,0.0,0.0,0.0,0.0,0.0,0.0,0.0,0.0,0.0,4.053116,4.053116,4.053116,4.053116,0.0,29606851.764706,1.0,1.0,120.0,0.0,0.0,0.0,0.0,0.0,0.0,0.0,4.053116,4.053116,4.053116,4.053116,0.0,0.0,0.0,0.0,0.0,0.0,64,0,64,DOS_SYN_Hping
S0666,44035,21,tcp,-,2e-06,1,1,1,0,524288.0,524288.0,1048576.0,1.0,20,20,20,20,20,20,0,1,1,0,0,1,0,0,0,0,120.0,120.0,120.0,120.0,0.0,0.0,0.0,0.0,0.0,0.0,0.0,120.0,120.0,60.0,84.852814,0.0,0.0,0.0,0.0,0.0,0.0,0.0,0.0,0.0,0.0,1.907349,1.907349,1.907349,1.907349,0.0,62914560.0,1.0,1.0,120.0,0.0,0.0,0.0,0.0,0.0,0.0,0.0,1.907349,1.907349,1.907349,1.907349,0.0,0.0,0.0,0.0,0.0,0.0,64,0,64,DOS_SYN_Hping
S0667,20908,21,tcp,-,5e-06,1,1,1,0,199728.761905,199728.761905,399457.52381,1.0,20,20,20,20,20,20,0,1,1,0,0,1,0,0,0,0,120.0,120.0,120.0,120.0,0.0,0.0,0.0,0.0,0.0,0.0,0.0,120.0,120.0,60.0,84.852814,0.0,0.0,0.0,0.0,0.0,0.0,0.0,0.0,0.0,0.0,5.0067900000000005,5.0067900000000005,5.0067900000000005,5.0067900000000005,0.0,23967451.428571,1.0,1.0,120.0,0.0,0.0,0.0,0.0,0.0,0.0,0.0,5.0067900000000005,5.0067900000000005,5.0067900000000005,5.0067900000000005,0.0,0.0,0.0,0.0,0.0,0.0,64,0,64,DOS_SYN_Hping
S0668,45886,443,tcp,-,3.025291,3,0,0,0,0.99164,0.0,0.99164,0.0,120,40,40,0,0,0,0,3,0,0,0,0,0,0,0,0,0.0,0.0,0.0,0.0,0.0,0.0,0.0,0.0,0.0,0.0,0.0,0.0,0.0,0.0,0.0,1009356.021881,2015934.944153,3025290.966034,1512645.483017,711758.781738,0.0,0.0,0.0,0.0,0.0,1009356.021881,2015934.944153,3025290.966034,1512645.483017,711758.781738,0.0,1.0,0.0,0.0,0.0,0.0,0.0,0.0,0.0,0.0,0.0,3025290.966034,3025290.966034,3025290.966034,3025290.966034,0.0,0.0,0.0,0.0,0.0,0.0,64240,0,64240,ARP_poisioning
S0669,19351,21,tcp,-,4e-06,1,1,1,0,262144.0,262144.0,524288.0,1.0,20,20,20,20,20,20,0,1,1,0,0,1,0,0,0,0,120.0,120.0,120.0,120.0,0.0,0.0,0.0,0.0,0.0,0.0,0.0,120.0,120.0,60.0,84.852814,0.0,0.0,0.0,0.0,0.0,0.0,0.0,0.0,0.0,0.0,3.814697,3.814697,3.814697,3.814697,0.0,31457280.0,1.0,1.0,120.0,0.0,0.0,0.0,0.0,0.0,0.0,0.0,3.814697,3.814697,3.814697,3.814697,0.0,0.0,0.0,0.0,0.0,0.0,64,0,64,DOS_SYN_Hping
S0670,48926,5353,udp,dns,0.0,1,0,1,0,0.0,0.0,0.0,0.0,8,8,8,0,0,0,0,0,0,0,0,0,0,0,0,0,45.0,45.0,45.0,45.0,0.0,0.0,0.0,0.0,0.0,0.0,45.0,45.0,45.0,45.0,0.0,0.0,0.0,0.0,0.0,0.0,0.0,0.0,0.0,0.0,0.0,0.0,0.0,0.0,0.0,0.0,0.0,1.0,0.0,45.0,0.0,0.0,0.0,0.0,0.0,0.0,0.0,0.0,0.0,0.0,0.0,0.0,0.0,0.0,0.0,0.0,0.0,0,0,0,ARP_poisioning
S0671,32960,21,tcp,-,6e-06,1,1,1,0,167772.16,167772.16,335544.32,1.0,20,20,20,20,20,20,0,1,1,0,0,1,0,0,0,0,120.0,120.0,120.0,120.0,0.0,0.0,0.0,0.0,0.0,0.0,0.0,120.0,120.0,60.0,84.852814,0.0,0.0,0.0,0.0,0.0,0.0,0.0,0.0,0.0,0.0,5.960464,5.960464,5.960464,5.960464,0.0,20132659.2,1.0,1.0,120.0,0.0,0.0,0.0,0.0,0.0,0.0,0.0,5.960464,5.960464,5.960464,5.960464,0.0,0.0,0.0,0.0,0.0,0.0,64,0,64,DOS_SYN_Hping
S0672,35157,1883,tcp,mqtt,61.952547,10,6,3,4,0.161414,0.096848,0.258262,0.6,328,32,40,200,32,40,0,2,1,3,4,15,0,0,0,0,0.0,33.0,78.0,7.8,12.934021,0.0,23.0,36.0,6.0,8.602325,0.0,33.0,114.0,7.125,11.218289,251.054764,59904205.08384699,61952547.073364,6883616.341485,19887364.715001,61.03515600000001,1535267.829895,1890590.906143,378118.181229,652991.9548739999,61.03515600000001,59904205.08384699,61952547.073364,4130169.804891001,15433355.622437,1.840118,3.333333,2.0,26.0,12.0,0.0,0.0,0.0,0.0,0.0,0.0,2048341.989517,2048341.989517,2048341.989517,2048341.989517,0.0,59904205.08384699,59904205.08384699,59904205.08384699,59904205.08384699,0.0,64240,26847,502,MQTT_Publish
S0673,52586,53,udp,dns,0.000757,2,2,2,2,2642.08126,2642.08126,5284.16252,1.0,16,8,8,16,8,8,0,0,0,0,0,0,0,0,0,0,45.0,45.0,90.0,45.0,0.0,127.0,151.0,278.0,139.0,16.970563000000002,45.0,151.0,368.0,92.0,55.148285,23.126602,23.126602,23.126602,23.126602,0.0,313.997269,313.997269,313.997269,313.997269,0.0,23.126602,419.855118,756.978989,252.32633,205.428473,486142.951811,2.0,2.0,90.0,278.0,0.0,0.0,0.0,0.0,0.0,0.0,756.978989,756.978989,756.978989,756.978989,0.0,0.0,0.0,0.0,0.0,0.0,0,0,0,ARP_poisioning
S0674,41417,21,tcp,-,4e-06,1,1,1,0,246723.764706,246723.764706,493447.529412,1.0,20,20,20,20,20,20,0,1,1,0,0,1,0,0,0,0,120.0,120.0,120.0,120.0,0.0,0.0,0.0,0.0,0.0,0.0,0.0,120.0,120.0,60.0,84.852814,0.0,0.0,0.0,0.0,0.0,0.0,0.0,0.0,0.0,0.0,4.053116,4.053116,4.053116,4.053116,0.0,29606851.764706,1.0,1.0,120.0,0.0,0.0,0.0,0.0,0.0,0.0,0.0,4.053116,4.053116,4.053116,4.053116,0.0,0.0,0.0,0.0,0.0,0.0,64,0,64,DOS_SYN_Hping
S0675,47154,53,udp,dns,0.070034,2,2,2,2,28.557547,28.557547,57.115093,1.0,16,8,8,16,8,8,0,0,0,0,0,0,0,0,0,0,32.0,32.0,64.0,32.0,0.0,32.0,64.0,96.0,48.0,22.627417,32.0,64.0,160.0,40.0,16.0,234.8423,234.8423,234.8423,234.8423,0.0,69100.14153,69100.14153,69100.14153,69100.14153,0.0,234.8423,69100.14153,70034.0271,23344.6757,39626.07551,2284.603737,2.0,2.0,64.0,96.0,0.0,0.0,0.0,0.0,0.0,0.0,70034.0271,70034.0271,70034.0271,70034.0271,0.0,0.0,0.0,0.0,0.0,0.0,0,0,0,Thing_Speak
S0676,54663,21,tcp,-,4e-06,1,1,1,0,246723.764706,246723.764706,493447.529412,1.0,20,20,20,20,20,20,0,1,1,0,0,1,0,0,0,0,120.0,120.0,120.0,120.0,0.0,0.0,0.0,0.0,0.0,0.0,0.0,120.0,120.0,60.0,84.852814,0.0,0.0,0.0,0.0,0.0,0.0,0.0,0.0,0.0,0.0,4.053116,4.053116,4.053116,4.053116,0.0,29606851.764706,1.0,1.0,120.0,0.0,0.0,0.0,0.0,0.0,0.0,0.0,4.053116,4.053116,4.053116,4.053116,0.0,0.0,0.0,0.0,0.0,0.0,64,0,64,DOS_SYN_Hping
S0677,53051,1883,tcp,mqtt,61.969653,10,6,3,4,0.161369,0.096822,0.258191,0.6,328,32,40,200,32,40,0,2,1,3,4,15,0,0,0,0,0.0,33.0,78.0,7.8,12.934021,0.0,23.0,36.0,6.0,8.602325,0.0,33.0,114.0,7.125,11.218289,247.001648,59925545.930862,61969652.891159,6885516.987907001,19895186.53506,77.962875,1588087.081909,1895725.9655,379145.1931,679962.149117,77.962875,59925545.930862,61969652.891159,4131310.192744,15439334.027723,1.83961,3.333333,2.0,26.0,12.0,0.0,0.0,0.0,0.0,0.0,0.0,2044106.960297,2044106.960297,2044106.960297,2044106.960297,0.0,59925545.930862,59925545.930862,59925545.930862,59925545.930862,0.0,64240,26847,502,MQTT_Publish
S0678,525,21,tcp,-,5e-06,1,1,1,0,199728.761905,199728.761905,399457.52381,1.0,20,20,20,20,20,20,0,1,1,0,0,1,0,0,0,0,120.0,120.0,120.0,120.0,0.0,0.0,0.0,0.0,0.0,0.0,0.0,120.0,120.0,60.0,84.852814,0.0,0.0,0.0,0.0,0.0,0.0,0.0,0.0,0.0,0.0,5.0067900000000005,5.0067900000000005,5.0067900000000005,5.0067900000000005,0.0,23967451.428571,1.0,1.0,120.0,0.0,0.0,0.0,0.0,0.0,0.0,0.0,5.0067900000000005,5.0067900000000005,5.0067900000000005,5.0067900000000005,0.0,0.0,0.0,0.0,0.0,0.0,64,0,64,DOS_SYN_Hping
S0679,30651,21,tcp,-,1e-06,1,1,1,0,1048576.0,1048576.0,2097152.0,1.0,20,20,20,20,20,20,0,1,1,0,0,1,0,0,0,0,120.0,120.0,120.0,120.0,0.0,0.0,0.0,0.0,0.0,0.0,0.0,120.0,120.0,60.0,84.852814,0.0,0.0,0.0,0.0,0.0,0.0,0.0,0.0,0.0,0.0,0.953674,0.953674,0.953674,0.953674,0.0,125829120.0,1.0,1.0,120.0,0.0,0.0,0.0,0.0,0.0,0.0,0.0,0.953674,0.953674,0.953674,0.953674,0.0,0.0,0.0,0.0,0.0,0.0,64,0,64,DOS_SYN_Hping
S0680,38349,21,tcp,-,1e-06,1,1,1,0,838860.8,838860.8,1677721.6,1.0,20,20,20,20,20,20,0,1,1,0,0,1,0,0,0,0,120.0,120.0,120.0,120.0,0.0,0.0,0.0,0.0,0.0,0.0,0.0,120.0,120.0,60.0,84.852814,0.0,0.0,0.0,0.0,0.0,0.0,0.0,0.0,0.0,0.0,1.192093,1.192093,1.192093,1.192093,0.0,100663296.0,1.0,1.0,120.0,0.0,0.0,0.0,0.0,0.0,0.0,0.0,1.192093,1.192093,1.192093,1.192093,0.0,0.0,0.0,0.0,0.0,0.0,64,0,64,DOS_SYN_Hping
S0681,42722,21,tcp,-,4e-06,1,1,1,0,262144.0,262144.0,524288.0,1.0,20,20,20,20,20,20,0,1,1,0,0,1,0,0,0,0,120.0,120.0,120.0,120.0,0.0,0.0,0.0,0.0,0.0,0.0,0.0,120.0,120.0,60.0,84.852814,0.0,0.0,0.0,0.0,0.0,0.0,0.0,0.0,0.0,0.0,3.814697,3.814697,3.814697,3.814697,0.0,31457280.0,1.0,1.0,120.0,0.0,0.0,0.0,0.0,0.0,0.0,0.0,3.814697,3.814697,3.814697,3.814697,0.0,0.0,0.0,0.0,0.0,0.0,64,0,64,DOS_SYN_Hping
S0682,54992,21,tcp,-,1e-06,1,1,1,0,1048576.0,1048576.0,2097152.0,1.0,20,20,20,20,20,20,0,1,1,0,0,1,0,0,0,0,120.0,120.0,120.0,120.0,0.0,0.0,0.0,0.0,0.0,0.0,0.0,120.0,120.0,60.0,84.852814,0.0,0.0,0.0,0.0,0.0,0.0,0.0,0.0,0.0,0.0,0.953674,0.953674,0.953674,0.953674,0.0,125829120.0,1.0,1.0,120.0,0.0,0.0,0.0,0.0,0.0,0.0,0.0,0.953674,0.953674,0.953674,0.953674,0.0,0.0,0.0,0.0,0.0,0.0,64,0,64,DOS_SYN_Hping
S0683,14015,21,tcp,-,4e-06,1,1,1,0,246723.764706,246723.764706,493447.529412,1.0,20,20,20,20,20,20,0,1,1,0,0,1,0,0,0,0,120.0,120.0,120.0,120.0,0.0,0.0,0.0,0.0,0.0,0.0,0.0,120.0,120.0,60.0,84.852814,0.0,0.0,0.0,0.0,0.0,0.0,0.0,0.0,0.0,0.0,4.053116,4.053116,4.053116,4.053116,0.0,29606851.764706,1.0,1.0,120.0,0.0,0.0,0.0,0.0,0.0,0.0,0.0,4.053116,4.053116,4.053116,4.053116,0.0,0.0,0.0,0.0,0.0,0.0,64,0,64,DOS_SYN_Hping
S0684,19394,21,tcp,-,1e-06,1,1,1,0,1048576.0,1048576.0,2097152.0,1.0,20,20,20,20,20,20,0,1,1,0,0,1,0,0,0,0,120.0,120.0,120.0,120.0,0.0,0.0,0.0,0.0,0.0,0.0,0.0,120.0,120.0,60.0,84.852814,0.0,0.0,0.0,0.0,0.0,0.0,0.0,0.0,0.0,0.0,0.953674,0.953674,0.953674,0.953674,0.0,125829120.0,1.0,1.0,120.0,0.0,0.0,0.0,0.0,0.0,0.0,0.0,0.953674,0.953674,0.953674,0.953674,0.0,0.0,0.0,0.0,0.0,0.0,64,0,64,DOS_SYN_Hping
S0685,41111,21,tcp,-,4e-06,1,1,1,0,262144.0,262144.0,524288.0,1.0,20,20,20,20,20,20,0,1,1,0,0,1,0,0,0,0,120.0,120.0,120.0,120.0,0.0,0.0,0.0,0.0,0.0,0.0,0.0,120.0,120.0,60.0,84.852814,0.0,0.0,0.0,0.0,0.0,0.0,0.0,0.0,0.0,0.0,3.814697,3.814697,3.814697,3.814697,0.0,31457280.0,1.0,1.0,120.0,0.0,0.0,0.0,0.0,0.0,0.0,0.0,3.814697,3.814697,3.814697,3.814697,0.0,0.0,0.0,0.0,0.0,0.0,64,0,64,DOS_SYN_Hping
S0686,23665,21,tcp,-,0.0,1,0,1,0,0.0,0.0,0.0,0.0,20,20,20,0,0,0,0,1,0,0,0,0,0,0,0,0,120.0,120.0,120.0,120.0,0.0,0.0,0.0,0.0,0.0,0.0,120.0,120.0,120.0,120.0,0.0,0.0,0.0,0.0,0.0,0.0,0.0,0.0,0.0,0.0,0.0,0.0,0.0,0.0,0.0,0.0,0.0,1.0,0.0,120.0,0.0,0.0,0.0,0.0,0.0,0.0,0.0,0.0,0.0,0.0,0.0,0.0,0.0,0.0,0.0,0.0,0.0,64,0,64,DOS_SYN_Hping
S0687,61920,21,tcp,-,4e-06,1,1,1,0,246723.764706,246723.764706,493447.529412,1.0,20,20,20,20,20,20,0,1,1,0,0,1,0,0,0,0,120.0,120.0,120.0,120.0,0.0,0.0,0.0,0.0,0.0,0.0,0.0,120.0,120.0,60.0,84.852814,0.0,0.0,0.0,0.0,0.0,0.0,0.0,0.0,0.0,0.0,4.053116,4.053116,4.053116,4.053116,0.0,29606851.764706,1.0,1.0,120.0,0.0,0.0,0.0,0.0,0.0,0.0,0.0,4.053116,4.053116,4.053116,4.053116,0.0,0.0,0.0,0.0,0.0,0.0,64,0,64,DOS_SYN_Hping
S0688,37245,1883,tcp,mqtt,61.955473,10,6,3,4,0.161406,0.096844,0.25825,0.6,328,32,40,200,32,40,0,2,1,3,4,15,0,0,0,0,0.0,33.0,76.0,7.6,12.650867,0.0,21.0,34.0,5.666667,7.814516,0.0,33.0,110.0,6.875,10.831282,235.080719,59907712.936401,61955472.94616701,6883941.4384630015,19888836.739881,66.995621,1571722.984314,1888263.940811,377652.788162,672128.5548319999,66.995621,59907712.936401,61955472.94616701,4130364.863078,15434477.08178,1.775469,3.333333,2.0,25.333333,11.333333,0.0,0.0,0.0,0.0,0.0,0.0,2047760.009766,2047760.009766,2047760.009766,2047760.009766,0.0,59907712.936401,59907712.936401,59907712.936401,59907712.936401,0.0,64240,26847,502,MQTT_Publish
S0689,57444,21,tcp,-,0.0,1,0,1,0,0.0,0.0,0.0,0.0,20,20,20,0,0,0,0,1,0,0,0,0,0,0,0,0,120.0,120.0,120.0,120.0,0.0,0.0,0.0,0.0,0.0,0.0,120.0,120.0,120.0,120.0,0.0,0.0,0.0,0.0,0.0,0.0,0.0,0.0,0.0,0.0,0.0,0.0,0.0,0.0,0.0,0.0,0.0,1.0,0.0,120.0,0.0,0.0,0.0,0.0,0.0,0.0,0.0,0.0,0.0,0.0,0.0,0.0,0.0,0.0,0.0,0.0,0.0,64,0,64,DOS_SYN_Hping
S0690,64177,16086,udp,-,0.0,1,0,0,0,0.0,0.0,0.0,0.0,8,8,8,0,0,0,0,0,0,0,0,0,0,0,0,0,0.0,0.0,0.0,0.0,0.0,0.0,0.0,0.0,0.0,0.0,0.0,0.0,0.0,0.0,0.0,0.0,0.0,0.0,0.0,0.0,0.0,0.0,0.0,0.0,0.0,0.0,0.0,0.0,0.0,0.0,0.0,1.0,0.0,0.0,0.0,0.0,0.0,0.0,0.0,0.0,0.0,0.0,0.0,0.0,0.0,0.0,0.0,0.0,0.0,0.0,0.0,0,0,0,NMAP_UDP_SCAN
S0691,34673,1883,tcp,mqtt,51.15736,9,6,3,4,0.175928,0.117285,0.293213,0.666667,296,32,40,200,32,40,0,2,1,3,4,14,0,0,0,0,0.0,33.0,78.0,8.666667,13.407088,0.0,23.0,36.0,6.0,8.602325,0.0,33.0,114.0,7.6,11.444275,237.941742,48793097.019196,51157359.838486,6394669.979811,17134760.357839998,178.098679,1414413.928986,2107192.0394900003,421438.407898,581225.7449020001,178.098679,48793097.019196,51157359.838486,3654097.13132,12994853.668,2.228418,3.0,2.0,26.0,12.0,0.0,0.0,0.0,0.0,0.0,0.0,2364262.81929,2364262.81929,2364262.81929,2364262.81929,0.0,48793097.019196,48793097.019196,48793097.019196,48793097.019196,0.0,64240,26847,502,MQTT_Publish
S0692,60408,21,tcp,-,4e-06,1,1,1,0,246723.764706,246723.764706,493447.529412,1.0,20,20,20,20,20,20,0,1,1,0,0,1,0,0,0,0,120.0,120.0,120.0,120.0,0.0,0.0,0.0,0.0,0.0,0.0,0.0,120.0,120.0,60.0,84.852814,0.0,0.0,0.0,0.0,0.0,0.0,0.0,0.0,0.0,0.0,4.053116,4.053116,4.053116,4.053116,0.0,29606851.764706,1.0,1.0,120.0,0.0,0.0,0.0,0.0,0.0,0.0,0.0,4.053116,4.053116,4.053116,4.053116,0.0,0.0,0.0,0.0,0.0,0.0,64,0,64,DOS_SYN_Hping
S0693,34587,1883,tcp,mqtt,32.022776,9,5,3,3,0.28105,0.156139,0.4371890000000001,0.555556,296,32,40,168,32,40,0,2,1,3,3,13,0,0,0,0,0.0,33.0,76.0,8.444444,13.115935999999998,0.0,23.0,32.0,6.4,9.555103,0.0,33.0,108.0,7.714286,11.618477,271.081924,29751519.918442,32022775.888443,4002846.986055,10411629.830123,2149.105072,1513609.886169,2019652.843475,504913.210869,682696.826441,216.960907,29751519.918442,32022775.888443,2463290.452957,8206255.297194,3.3726,3.0,1.666667,25.333333,10.666667,0.0,0.0,0.0,0.0,0.0,0.0,2271255.970001,2271255.970001,2271255.970001,2271255.970001,0.0,29751519.918442,29751519.918442,29751519.918442,29751519.918442,0.0,64240,26847,502,MQTT_Publish
S0694,5884,21,tcp,-,0.0,1,0,1,0,0.0,0.0,0.0,0.0,20,20,20,0,0,0,0,1,0,0,0,0,0,0,0,0,120.0,120.0,120.0,120.0,0.0,0.0,0.0,0.0,0.0,0.0,120.0,120.0,120.0,120.0,0.0,0.0,0.0,0.0,0.0,0.0,0.0,0.0,0.0,0.0,0.0,0.0,0.0,0.0,0.0,0.0,0.0,1.0,0.0,120.0,0.0,0.0,0.0,0.0,0.0,0.0,0.0,0.0,0.0,0.0,0.0,0.0,0.0,0.0,0.0,0.0,0.0,64,0,64,DOS_SYN_Hping
S0695,47790,21,tcp,-,1e-06,1,1,1,0,1048576.0,1048576.0,2097152.0,1.0,20,20,20,20,20,20,0,1,1,0,0,1,0,0,0,0,120.0,120.0,120.0,120.0,0.0,0.0,0.0,0.0,0.0,0.0,0.0,120.0,120.0,60.0,84.852814,0.0,0.0,0.0,0.0,0.0,0.0,0.0,0.0,0.0,0.0,0.953674,0.953674,0.953674,0.953674,0.0,125829120.0,1.0,1.0,120.0,0.0,0.0,0.0,0.0,0.0,0.0,0.0,0.953674,0.953674,0.953674,0.953674,0.0,0.0,0.0,0.0,0.0,0.0,64,0,64,DOS_SYN_Hping
S0696,39093,53,udp,dns,0.037377,2,2,2,2,53.508672,53.508672,107.017344,1.0,16,8,8,16,8,8,0,0,0,0,0,0,0,0,0,0,36.0,36.0,72.0,36.0,0.0,36.0,68.0,104.0,52.0,22.627417,36.0,68.0,176.0,44.0,16.0,240.087509,240.087509,240.087509,240.087509,0.0,36442.0414,36442.0414,36442.0414,36442.0414,0.0,240.087509,36442.0414,37377.119060000005,12459.03969,20771.13411,4708.763126,2.0,2.0,72.0,104.0,0.0,0.0,0.0,0.0,0.0,0.0,37377.119060000005,37377.119060000005,37377.119060000005,37377.119060000005,0.0,0.0,0.0,0.0,0.0,0.0,0,0,0,Thing_Speak
S0697,27724,21,tcp,-,5e-06,1,1,1,0,199728.761905,199728.761905,399457.52381,1.0,20,20,20,20,20,20,0,1,1,0,0,1,0,0,0,0,120.0,120.0,120.0,120.0,0.0,0.0,0.0,0.0,0.0,0.0,0.0,120.0,120.0,60.0,84.852814,0.0,0.0,0.0,0.0,0.0,0.0,0.0,0.0,0.0,0.0,5.0067900000000005,5.0067900000000005,5.0067900000000005,5.0067900000000005,0.0,23967451.428571,1.0,1.0,120.0,0.0,0.0,0.0,0.0,0.0,0.0,0.0,5.0067900000000005,5.0067900000000005,5.0067900000000005,5.0067900000000005,0.0,0.0,0.0,0.0,0.0,0.0,64,0,64,DOS_SYN_Hping
S0698,34912,53,udp,dns,0.019798,2,2,2,2,101.021316,101.021316,202.042631,1.0,16,8,8,16,8,8,0,0,0,0,0,0,0,0,0,0,36.0,36.0,72.0,36.0,0.0,36.0,68.0,104.0,52.0,22.627417,36.0,68.0,176.0,44.0,16.0,259.876251,259.876251,259.876251,259.876251,0.0,18484.83086,18484.83086,18484.83086,18484.83086,0.0,259.876251,18484.83086,19797.80197,6599.267324,10300.83804,8889.875768,2.0,2.0,72.0,104.0,0.0,0.0,0.0,0.0,0.0,0.0,19797.80197,19797.80197,19797.80197,19797.80197,0.0,0.0,0.0,0.0,0.0,0.0,0,0,0,Thing_Speak
S0699,12470,21,tcp,-,0.0,1,0,1,0,0.0,0.0,0.0,0.0,20,20,20,0,0,0,0,1,0,0,0,0,0,0,0,0,120.0,120.0,120.0,120.0,0.0,0.0,0.0,0.0,0.0,0.0,120.0,120.0,120.0,120.0,0.0,0.0,0.0,0.0,0.0,0.0,0.0,0.0,0.0,0.0,0.0,0.0,0.0,0.0,0.0,0.0,0.0,1.0,0.0,120.0,0.0,0.0,0.0,0.0,0.0,0.0,0.0,0.0,0.0,0.0,0.0,0.0,0.0,0.0,0.0,0.0,0.0,64,0,64,DOS_SYN_Hping
S0700,57126,21,tcp,-,1e-06,1,1,1,0,838860.8,838860.8,1677721.6,1.0,20,20,20,20,20,20,0,1,1,0,0,1,0,0,0,0,120.0,120.0,120.0,120.0,0.0,0.0,0.0,0.0,0.0,0.0,0.0,120.0,120.0,60.0,84.852814,0.0,0.0,0.0,0.0,0.0,0.0,0.0,0.0,0.0,0.0,1.192093,1.192093,1.192093,1.192093,0.0,100663296.0,1.0,1.0,120.0,0.0,0.0,0.0,0.0,0.0,0.0,0.0,1.192093,1.192093,1.192093,1.192093,0.0,0.0,0.0,0.0,0.0,0.0,64,0,64,DOS_SYN_Hping
S0701,51036,19842,tcp,-,6e-06,1,1,0,0,167772.16,167772.16,335544.32,1.0,20,20,20,20,20,20,0,0,1,0,0,1,0,0,0,0,0.0,0.0,0.0,0.0,0.0,0.0,0.0,0.0,0.0,0.0,0.0,0.0,0.0,0.0,0.0,0.0,0.0,0.0,0.0,0.0,0.0,0.0,0.0,0.0,0.0,5.960464,5.960464,5.960464,5.960464,0.0,0.0,1.0,1.0,0.0,0.0,0.0,0.0,0.0,0.0,0.0,0.0,5.960464,5.960464,5.960464,5.960464,0.0,0.0,0.0,0.0,0.0,0.0,1024,0,1024,NMAP_OS_DETECTION
S0702,51036,2522,tcp,-,6e-06,1,1,0,0,167772.16,167772.16,335544.32,1.0,20,20,20,20,20,20,0,0,1,0,0,1,0,0,0,0,0.0,0.0,0.0,0.0,0.0,0.0,0.0,0.0,0.0,0.0,0.0,0.0,0.0,0.0,0.0,0.0,0.0,0.0,0.0,0.0,0.0,0.0,0.0,0.0,0.0,5.960464,5.960464,5.960464,5.960464,0.0,0.0,1.0,1.0,0.0,0.0,0.0,0.0,0.0,0.0,0.0,0.0,5.960464,5.960464,5.960464,5.960464,0.0,0.0,0.0,0.0,0.0,0.0,1024,0,1024,NMAP_OS_DETECTION
S0703,3056,21,tcp,-,4e-06,1,1,1,0,246723.764706,246723.764706,493447.529412,1.0,20,20,20,20,20,20,0,1,1,0,0,1,0,0,0,0,120.0,120.0,120.0,120.0,0.0,0.0,0.0,0.0,0.0,0.0,0.0,120.0,120.0,60.0,84.852814,0.0,0.0,0.0,0.0,0.0,0.0,0.0,0.0,0.0,0.0,4.053116,4.053116,4.053116,4.053116,0.0,29606851.764706,1.0,1.0,120.0,0.0,0.0,0.0,0.0,0.0,0.0,0.0,4.053116,4.053116,4.053116,4.053116,0.0,0.0,0.0,0.0,0.0,0.0,64,0,64,DOS_SYN_Hping
S0704,44310,53,udp,dns,0.000155,2,2,2,2,12905.550769,12905.550769,25811.101538,1.0,16,8,8,16,8,8,0,0,0,0,0,0,0,0,0,0,56.0,56.0,112.0,56.0,0.0,72.0,84.0,156.0,78.0,8.485281,56.0,84.0,268.0,67.0,13.613719,6.914139,6.914139,6.914139,6.914139,0.0,56.028366000000005,56.028366000000005,56.028366000000005,56.028366000000005,0.0,6.914139,92.029572,154.972076,51.657359,42.725736,1729343.803077,2.0,2.0,112.0,156.0,0.0,0.0,0.0,0.0,0.0,0.0,154.972076,154.972076,154.972076,154.972076,0.0,0.0,0.0,0.0,0.0,0.0,0,0,0,ARP_poisioning
S0705,4727,21,tcp,-,4e-06,1,1,1,0,262144.0,262144.0,524288.0,1.0,20,20,20,20,20,20,0,1,1,0,0,1,0,0,0,0,120.0,120.0,120.0,120.0,0.0,0.0,0.0,0.0,0.0,0.0,0.0,120.0,120.0,60.0,84.852814,0.0,0.0,0.0,0.0,0.0,0.0,0.0,0.0,0.0,0.0,3.814697,3.814697,3.814697,3.814697,0.0,31457280.0,1.0,1.0,120.0,0.0,0.0,0.0,0.0,0.0,0.0,0.0,3.814697,3.814697,3.814697,3.814697,0.0,0.0,0.0,0.0,0.0,0.0,64,0,64,DOS_SYN_Hping
S0706,50082,21,tcp,-,1e-06,1,1,1,0,838860.8,838860.8,1677721.6,1.0,20,20,20,20,20,20,0,1,1,0,0,1,0,0,0,0,120.0,120.0,120.0,120.0,0.0,0.0,0.0,0.0,0.0,0.0,0.0,120.0,120.0,60.0,84.852814,0.0,0.0,0.0,0.0,0.0,0.0,0.0,0.0,0.0,0.0,1.192093,1.192093,1.192093,1.192093,0.0,100663296.0,1.0,1.0,120.0,0.0,0.0,0.0,0.0,0.0,0.0,0.0,1.192093,1.192093,1.192093,1.192093,0.0,0.0,0.0,0.0,0.0,0.0,64,0,64,DOS_SYN_Hping
S0707,46511,21,tcp,-,4e-06,1,1,1,0,262144.0,262144.0,524288.0,1.0,20,20,20,20,20,20,0,1,1,0,0,1,0,0,0,0,120.0,120.0,120.0,120.0,0.0,0.0,0.0,0.0,0.0,0.0,0.0,120.0,120.0,60.0,84.852814,0.0,0.0,0.0,0.0,0.0,0.0,0.0,0.0,0.0,0.0,3.814697,3.814697,3.814697,3.814697,0.0,31457280.0,1.0,1.0,120.0,0.0,0.0,0.0,0.0,0.0,0.0,0.0,3.814697,3.814697,3.814697,3.814697,0.0,0.0,0.0,0.0,0.0,0.0,64,0,64,DOS_SYN_Hping
S0708,49529,21,tcp,-,1e-06,1,1,1,0,1048576.0,1048576.0,2097152.0,1.0,20,20,20,20,20,20,0,1,1,0,0,1,0,0,0,0,120.0,120.0,120.0,120.0,0.0,0.0,0.0,0.0,0.0,0.0,0.0,120.0,120.0,60.0,84.852814,0.0,0.0,0.0,0.0,0.0,0.0,0.0,0.0,0.0,0.0,0.953674,0.953674,0.953674,0.953674,0.0,125829120.0,1.0,1.0,120.0,0.0,0.0,0.0,0.0,0.0,0.0,0.0,0.953674,0.953674,0.953674,0.953674,0.0,0.0,0.0,0.0,0.0,0.0,64,0,64,DOS_SYN_Hping
S0709,19850,21,tcp,-,4e-06,1,1,1,0,246723.764706,246723.764706,493447.529412,1.0,20,20,20,20,20,20,0,1,1,0,0,1,0,0,0,0,120.0,120.0,120.0,120.0,0.0,0.0,0.0,0.0,0.0,0.0,0.0,120.0,120.0,60.0,84.852814,0.0,0.0,0.0,0.0,0.0,0.0,0.0,0.0,0.0,0.0,4.053116,4.053116,4.053116,4.053116,0.0,29606851.764706,1.0,1.0,120.0,0.0,0.0,0.0,0.0,0.0,0.0,0.0,4.053116,4.053116,4.053116,4.053116,0.0,0.0,0.0,0.0,0.0,0.0,64,0,64,DOS_SYN_Hping
S0710,15540,21,tcp,-,4e-06,1,1,1,0,262144.0,262144.0,524288.0,1.0,20,20,20,20,20,20,0,1,1,0,0,1,0,0,0,0,120.0,120.0,120.0,120.0,0.0,0.0,0.0,0.0,0.0,0.0,0.0,120.0,120.0,60.0,84.852814,0.0,0.0,0.0,0.0,0.0,0.0,0.0,0.0,0.0,0.0,3.814697,3.814697,3.814697,3.814697,0.0,31457280.0,1.0,1.0,120.0,0.0,0.0,0.0,0.0,0.0,0.0,0.0,3.814697,3.814697,3.814697,3.814697,0.0,0.0,0.0,0.0,0.0,0.0,64,0,64,DOS_SYN_Hping
S0711,34892,21,tcp,-,4e-06,1,1,1,0,246723.764706,246723.764706,493447.529412,1.0,20,20,20,20,20,20,0,1,1,0,0,1,0,0,0,0,120.0,120.0,120.0,120.0,0.0,0.0,0.0,0.0,0.0,0.0,0.0,120.0,120.0,60.0,84.852814,0.0,0.0,0.0,0.0,0.0,0.0,0.0,0.0,0.0,0.0,4.053116,4.053116,4.053116,4.053116,0.0,29606851.764706,1.0,1.0,120.0,0.0,0.0,0.0,0.0,0.0,0.0,0.0,4.053116,4.053116,4.053116,4.053116,0.0,0.0,0.0,0.0,0.0,0.0,64,0,64,DOS_SYN_Hping
S0712,2334,21,tcp,-,1e-06,1,1,1,0,838860.8,838860.8,1677721.6,1.0,20,20,20,20,20,20,0,1,1,0,0,1,0,0,0,0,120.0,120.0,120.0,120.0,0.0,0.0,0.0,0.0,0.0,0.0,0.0,120.0,120.0,60.0,84.852814,0.0,0.0,0.0,0.0,0.0,0.0,0.0,0.0,0.0,0.0,1.192093,1.192093,1.192093,1.192093,0.0,100663296.0,1.0,1.0,120.0,0.0,0.0,0.0,0.0,0.0,0.0,0.0,1.192093,1.192093,1.192093,1.192093,0.0,0.0,0.0,0.0,0.0,0.0,64,0,64,DOS_SYN_Hping
S0713,14692,21,tcp,-,2e-06,1,1,1,0,524288.0,524288.0,1048576.0,1.0,20,20,20,20,20,20,0,1,1,0,0,1,0,0,0,0,120.0,120.0,120.0,120.0,0.0,0.0,0.0,0.0,0.0,0.0,0.0,120.0,120.0,60.0,84.852814,0.0,0.0,0.0,0.0,0.0,0.0,0.0,0.0,0.0,0.0,1.907349,1.907349,1.907349,1.907349,0.0,62914560.0,1.0,1.0,120.0,0.0,0.0,0.0,0.0,0.0,0.0,0.0,1.907349,1.907349,1.907349,1.907349,0.0,0.0,0.0,0.0,0.0,0.0,64,0,64,DOS_SYN_Hping
S0714,46796,21,tcp,-,4e-06,1,1,1,0,262144.0,262144.0,524288.0,1.0,20,20,20,20,20,20,0,1,1,0,0,1,0,0,0,0,120.0,120.0,120.0,120.0,0.0,0.0,0.0,0.0,0.0,0.0,0.0,120.0,120.0,60.0,84.852814,0.0,0.0,0.0,0.0,0.0,0.0,0.0,0.0,0.0,0.0,3.814697,3.814697,3.814697,3.814697,0.0,31457280.0,1.0,1.0,120.0,0.0,0.0,0.0,0.0,0.0,0.0,0.0,3.814697,3.814697,3.814697,3.814697,0.0,0.0,0.0,0.0,0.0,0.0,64,0,64,DOS_SYN_Hping
S0715,65040,21,tcp,-,4e-06,1,1,1,0,246723.764706,246723.764706,493447.529412,1.0,20,20,20,20,20,20,0,1,1,0,0,1,0,0,0,0,120.0,120.0,120.0,120.0,0.0,0.0,0.0,0.0,0.0,0.0,0.0,120.0,120.0,60.0,84.852814,0.0,0.0,0.0,0.0,0.0,0.0,0.0,0.0,0.0,0.0,4.053116,4.053116,4.053116,4.053116,0.0,29606851.764706,1.0,1.0,120.0,0.0,0.0,0.0,0.0,0.0,0.0,0.0,4.053116,4.053116,4.053116,4.053116,0.0,0.0,0.0,0.0,0.0,0.0,64,0,64,DOS_SYN_Hping
S0716,50612,53,udp,dns,0.0292209999999999,2,2,2,2,68.443792,68.443792,136.887583,1.0,16,8,8,16,8,8,0,0,0,0,0,0,0,0,0,0,36.0,36.0,72.0,36.0,0.0,36.0,68.0,104.0,52.0,22.627417,36.0,68.0,176.0,44.0,16.0,735.044479,735.044479,735.044479,735.044479,0.0,28229.95186,28229.95186,28229.95186,28229.95186,0.0,256.061554,28229.95186,29221.05789,9740.352631,16014.253519999998,6023.053671,2.0,2.0,72.0,104.0,0.0,0.0,0.0,0.0,0.0,0.0,29221.05789,29221.05789,29221.05789,29221.05789,0.0,0.0,0.0,0.0,0.0,0.0,0,0,0,Thing_Speak
S0717,44826,21,tcp,-,4e-06,1,1,1,0,262144.0,262144.0,524288.0,1.0,20,20,20,20,20,20,0,1,1,0,0,1,0,0,0,0,120.0,120.0,120.0,120.0,0.0,0.0,0.0,0.0,0.0,0.0,0.0,120.0,120.0,60.0,84.852814,0.0,0.0,0.0,0.0,0.0,0.0,0.0,0.0,0.0,0.0,3.814697,3.814697,3.814697,3.814697,0.0,31457280.0,1.0,1.0,120.0,0.0,0.0,0.0,0.0,0.0,0.0,0.0,3.814697,3.814697,3.814697,3.814697,0.0,0.0,0.0,0.0,0.0,0.0,64,0,64,DOS_SYN_Hping
S0718,35884,21,tcp,-,1e-06,1,1,1,0,838860.8,838860.8,1677721.6,1.0,20,20,20,20,20,20,0,1,1,0,0,1,0,0,0,0,120.0,120.0,120.0,120.0,0.0,0.0,0.0,0.0,0.0,0.0,0.0,120.0,120.0,60.0,84.852814,0.0,0.0,0.0,0.0,0.0,0.0,0.0,0.0,0.0,0.0,1.192093,1.192093,1.192093,1.192093,0.0,100663296.0,1.0,1.0,120.0,0.0,0.0,0.0,0.0,0.0,0.0,0.0,1.192093,1.192093,1.192093,1.192093,0.0,0.0,0.0,0.0,0.0,0.0,64,0,64,DOS_SYN_Hping
S0719,47501,21,tcp,-,3e-06,1,1,1,0,322638.769231,322638.769231,645277.538462,1.0,20,20,20,20,20,20,0,1,1,0,0,1,0,0,0,0,120.0,120.0,120.0,120.0,0.0,0.0,0.0,0.0,0.0,0.0,0.0,120.0,120.0,60.0,84.852814,0.0,0.0,0.0,0.0,0.0,0.0,0.0,0.0,0.0,0.0,3.099442,3.099442,3.099442,3.099442,0.0,38716652.307692,1.0,1.0,120.0,0.0,0.0,0.0,0.0,0.0,0.0,0.0,3.099442,3.099442,3.099442,3.099442,0.0,0.0,0.0,0.0,0.0,0.0,64,0,64,DOS_SYN_Hping
S0720,21086,21,tcp,-,4e-06,1,1,1,0,246723.764706,246723.764706,493447.529412,1.0,20,20,20,20,20,20,0,1,1,0,0,1,0,0,0,0,120.0,120.0,120.0,120.0,0.0,0.0,0.0,0.0,0.0,0.0,0.0,120.0,120.0,60.0,84.852814,0.0,0.0,0.0,0.0,0.0,0.0,0.0,0.0,0.0,0.0,4.053116,4.053116,4.053116,4.053116,0.0,29606851.764706,1.0,1.0,120.0,0.0,0.0,0.0,0.0,0.0,0.0,0.0,4.053116,4.053116,4.053116,4.053116,0.0,0.0,0.0,0.0,0.0,0.0,64,0,64,DOS_SYN_Hping
S0721,20665,21,tcp,-,5e-06,1,1,1,0,199728.761905,199728.761905,399457.52381,1.0,20,20,20,20,20,20,0,1,1,0,0,1,0,0,0,0,120.0,120.0,120.0,120.0,0.0,0.0,0.0,0.0,0.0,0.0,0.0,120.0,120.0,60.0,84.852814,0.0,0.0,0.0,0.0,0.0,0.0,0.0,0.0,0.0,0.0,5.0067900000000005,5.0067900000000005,5.0067900000000005,5.0067900000000005,0.0,23967451.428571,1.0,1.0,120.0,0.0,0.0,0.0,0.0,0.0,0.0,0.0,5.0067900000000005,5.0067900000000005,5.0067900000000005,5.0067900000000005,0.0,0.0,0.0,0.0,0.0,0.0,64,0,64,DOS_SYN_Hping
S0722,54670,53,udp,dns,0.028091,2,2,2,2,71.19669300000001,71.19669300000001,142.39338700000002,1.0,16,8,8,16,8,8,0,0,0,0,0,0,0,0,0,0,36.0,36.0,72.0,36.0,0.0,36.0,68.0,104.0,52.0,22.627417,36.0,68.0,176.0,44.0,16.0,27851.10474,27851.10474,27851.10474,27851.10474,0.0,2138.1378170000003,2138.1378170000003,2138.1378170000003,2138.1378170000003,0.0,240.087509,25953.05443,28091.19225,9363.730748,14390.67251,6265.309014,2.0,2.0,72.0,104.0,0.0,0.0,0.0,0.0,0.0,0.0,28091.19225,28091.19225,28091.19225,28091.19225,0.0,0.0,0.0,0.0,0.0,0.0,0,0,0,Thing_Speak
S0723,57140,21,tcp,-,5e-06,1,1,1,0,199728.761905,199728.761905,399457.52381,1.0,20,20,20,20,20,20,0,1,1,0,0,1,0,0,0,0,120.0,120.0,120.0,120.0,0.0,0.0,0.0,0.0,0.0,0.0,0.0,120.0,120.0,60.0,84.852814,0.0,0.0,0.0,0.0,0.0,0.0,0.0,0.0,0.0,0.0,5.0067900000000005,5.0067900000000005,5.0067900000000005,5.0067900000000005,0.0,23967451.428571,1.0,1.0,120.0,0.0,0.0,0.0,0.0,0.0,0.0,0.0,5.0067900000000005,5.0067900000000005,5.0067900000000005,5.0067900000000005,0.0,0.0,0.0,0.0,0.0,0.0,64,0,64,DOS_SYN_Hping
S0724,5903,21,tcp,-,5e-06,1,1,1,0,199728.761905,199728.761905,399457.52381,1.0,20,20,20,20,20,20,0,1,1,0,0,1,0,0,0,0,120.0,120.0,120.0,120.0,0.0,0.0,0.0,0.0,0.0,0.0,0.0,120.0,120.0,60.0,84.852814,0.0,0.0,0.0,0.0,0.0,0.0,0.0,0.0,0.0,0.0,5.0067900000000005,5.0067900000000005,5.0067900000000005,5.0067900000000005,0.0,23967451.428571,1.0,1.0,120.0,0.0,0.0,0.0,0.0,0.0,0.0,0.0,5.0067900000000005,5.0067900000000005,5.0067900000000005,5.0067900000000005,0.0,0.0,0.0,0.0,0.0,0.0,64,0,64,DOS_SYN_Hping
S0725,51036,787,tcp,-,6e-06,1,1,0,0,167772.16,167772.16,335544.32,1.0,20,20,20,20,20,20,0,0,1,0,0,1,0,0,0,0,0.0,0.0,0.0,0.0,0.0,0.0,0.0,0.0,0.0,0.0,0.0,0.0,0.0,0.0,0.0,0.0,0.0,0.0,0.0,0.0,0.0,0.0,0.0,0.0,0.0,5.960464,5.960464,5.960464,5.960464,0.0,0.0,1.0,1.0,0.0,0.0,0.0,0.0,0.0,0.0,0.0,0.0,5.960464,5.960464,5.960464,5.960464,0.0,0.0,0.0,0.0,0.0,0.0,1024,0,1024,NMAP_OS_DETECTION
S0726,13270,21,tcp,-,4e-06,1,1,1,0,262144.0,262144.0,524288.0,1.0,20,20,20,20,20,20,0,1,1,0,0,1,0,0,0,0,120.0,120.0,120.0,120.0,0.0,0.0,0.0,0.0,0.0,0.0,0.0,120.0,120.0,60.0,84.852814,0.0,0.0,0.0,0.0,0.0,0.0,0.0,0.0,0.0,0.0,3.814697,3.814697,3.814697,3.814697,0.0,31457280.0,1.0,1.0,120.0,0.0,0.0,0.0,0.0,0.0,0.0,0.0,3.814697,3.814697,3.814697,3.814697,0.0,0.0,0.0,0.0,0.0,0.0,64,0,64,DOS_SYN_Hping
S0727,3812,21,tcp,-,4e-06,1,1,1,0,246723.764706,246723.764706,493447.529412,1.0,20,20,20,20,20,20,0,1,1,0,0,1,0,0,0,0,120.0,120.0,120.0,120.0,0.0,0.0,0.0,0.0,0.0,0.0,0.0,120.0,120.0,60.0,84.852814,0.0,0.0,0.0,0.0,0.0,0.0,0.0,0.0,0.0,0.0,4.053116,4.053116,4.053116,4.053116,0.0,29606851.764706,1.0,1.0,120.0,0.0,0.0,0.0,0.0,0.0,0.0,0.0,4.053116,4.053116,4.053116,4.053116,0.0,0.0,0.0,0.0,0.0,0.0,64,0,64,DOS_SYN_Hping
S0728,44705,1883,tcp,mqtt,40.064942,9,5,3,3,0.224635,0.124797,0.349433,0.555556,296,32,40,168,32,40,0,2,1,3,3,13,0,0,0,0,0.0,33.0,76.0,8.444444,13.115935999999998,0.0,23.0,32.0,6.4,9.555103,0.0,33.0,108.0,7.714286,11.618477,267.028809,37767044.067383,40064942.121506,5008117.765188,13241941.608232,2851.963043,1478325.1285549996,2025148.153305,506287.038326,660328.243713,267.028809,37767044.067383,40064942.121506,3081918.624731,10426776.501856,2.695624,3.0,1.666667,25.333333,10.666667,0.0,0.0,0.0,0.0,0.0,0.0,2297898.054123,2297898.054123,2297898.054123,2297898.054123,0.0,37767044.067383,37767044.067383,37767044.067383,37767044.067383,0.0,64240,26847,502,MQTT_Publish
S0729,26255,21,tcp,-,4e-06,1,1,1,0,246723.764706,246723.764706,493447.529412,1.0,20,20,20,20,20,20,0,1,1,0,0,1,0,0,0,0,120.0,120.0,120.0,120.0,0.0,0.0,0.0,0.0,0.0,0.0,0.0,120.0,120.0,60.0,84.852814,0.0,0.0,0.0,0.0,0.0,0.0,0.0,0.0,0.0,0.0,4.053116,4.053116,4.053116,4.053116,0.0,29606851.764706,1.0,1.0,120.0,0.0,0.0,0.0,0.0,0.0,0.0,0.0,4.053116,4.053116,4.053116,4.053116,0.0,0.0,0.0,0.0,0.0,0.0,64,0,64,DOS_SYN_Hping
S0730,36755,53,udp,dns,0.000334,2,2,2,2,5987.58601,5987.58601,11975.17202,1.0,16,8,8,16,8,8,0,0,0,0,0,0,0,0,0,0,59.0,59.0,118.0,59.0,0.0,175.0,191.0,366.0,183.0,11.313708,59.0,191.0,484.0,121.0,71.888803,7.867813000000001,7.867813000000001,7.867813000000001,7.867813000000001,0.0,137.090683,137.090683,137.090683,137.090683,0.0,7.867813000000001,189.065933,334.024429,111.341476,93.303033,1448995.814418,2.0,2.0,118.0,366.0,0.0,0.0,0.0,0.0,0.0,0.0,334.024429,334.024429,334.024429,334.024429,0.0,0.0,0.0,0.0,0.0,0.0,0,0,0,ARP_poisioning
S0731,47196,21,tcp,-,5e-06,1,1,1,0,199728.761905,199728.761905,399457.52381,1.0,20,20,20,20,20,20,0,1,1,0,0,1,0,0,0,0,120.0,120.0,120.0,120.0,0.0,0.0,0.0,0.0,0.0,0.0,0.0,120.0,120.0,60.0,84.852814,0.0,0.0,0.0,0.0,0.0,0.0,0.0,0.0,0.0,0.0,5.0067900000000005,5.0067900000000005,5.0067900000000005,5.0067900000000005,0.0,23967451.428571,1.0,1.0,120.0,0.0,0.0,0.0,0.0,0.0,0.0,0.0,5.0067900000000005,5.0067900000000005,5.0067900000000005,5.0067900000000005,0.0,0.0,0.0,0.0,0.0,0.0,64,0,64,DOS_SYN_Hping
S0732,55201,1883,tcp,mqtt,48.992049,10,6,3,4,0.204115,0.122469,0.326584,0.6,328,32,40,200,32,40,0,2,1,3,4,15,0,0,0,0,0.0,33.0,76.0,7.6,12.650867,0.0,21.0,34.0,5.666667,7.814516,0.0,33.0,110.0,6.875,10.831282,236.98806800000003,46895315.885544,48992048.978806,5443560.997645,15551260.015068,277.042389,1627027.03476,1939914.941788,387982.988358,696808.2126430001,236.98806800000003,46895315.885544,48992048.978806,3266136.598587,12075380.57684,2.245262,3.333333,2.0,25.333333,11.333333,0.0,0.0,0.0,0.0,0.0,0.0,2096733.093262,2096733.093262,2096733.093262,2096733.093262,0.0,46895315.885544,46895315.885544,46895315.885544,46895315.885544,0.0,64240,26847,502,MQTT_Publish
S0733,37344,80,tcp,http,0.918358,7,5,2,1,7.622300999999999,5.444501,13.066802,0.714286,232,32,40,168,32,40,2,2,0,2,1,11,0,0,0,0,0.0,169.0,202.0,28.857143,63.00907,0.0,539.0,539.0,107.8,241.048128,0.0,539.0,741.0,61.75,157.945402,92.983246,344628.0956,1030129.91,171688.3183,187093.4933,79.870224,341434.0019,689349.8898,172337.4724,185374.8004,79.870224,229007.9594,1030129.91,93648.17359,97278.6644,806.8750110000001,7.0,5.0,202.0,539.0,0.0,0.0,0.0,0.0,0.0,0.0,1030129.91,1030129.91,1030129.91,1030129.91,0.0,0.0,0.0,0.0,0.0,0.0,64240,26847,501,Thing_Speak
S0734,47426,443,tcp,ssl,0.758238,13,9,4,7,17.145011,11.869623,29.014634,0.692308,412,20,40,296,32,40,1,2,1,4,4,20,0,0,0,0,0.0,517.0,868.0,66.769231,148.269548,0.0,1352.0,5720.0,635.5555559999999,671.61226,0.0,1352.0,6588.0,299.454545,516.0674309999999,8.106232,471190.214157,758238.077164,63186.50643,132632.891454,5.960464,569183.111191,701955.080032,87744.385004,196782.674842,2.861023,471190.214157,758238.077164,36106.575103,102290.455607,8688.56392,13.0,9.0,868.0,5720.0,0.0,0.0,0.0,0.0,0.0,0.0,758238.077164,758238.077164,758238.077164,758238.077164,0.0,0.0,0.0,0.0,0.0,0.0,64240,26847,0,ARP_poisioning
S0735,11327,21,tcp,-,4e-06,1,1,1,0,246723.764706,246723.764706,493447.529412,1.0,20,20,20,20,20,20,0,1,1,0,0,1,0,0,0,0,120.0,120.0,120.0,120.0,0.0,0.0,0.0,0.0,0.0,0.0,0.0,120.0,120.0,60.0,84.852814,0.0,0.0,0.0,0.0,0.0,0.0,0.0,0.0,0.0,0.0,4.053116,4.053116,4.053116,4.053116,0.0,29606851.764706,1.0,1.0,120.0,0.0,0.0,0.0,0.0,0.0,0.0,0.0,4.053116,4.053116,4.053116,4.053116,0.0,0.0,0.0,0.0,0.0,0.0,64,0,64,DOS_SYN_Hping
S0736,51036,6004,tcp,-,7.000000000000001e-06,1,1,0,0,144631.172414,144631.172414,289262.344828,1.0,20,20,20,20,20,20,0,0,1,0,0,1,0,0,0,0,0.0,0.0,0.0,0.0,0.0,0.0,0.0,0.0,0.0,0.0,0.0,0.0,0.0,0.0,0.0,0.0,0.0,0.0,0.0,0.0,0.0,0.0,0.0,0.0,0.0,6.914139,6.914139,6.914139,6.914139,0.0,0.0,1.0,1.0,0.0,0.0,0.0,0.0,0.0,0.0,0.0,0.0,6.914139,6.914139,6.914139,6.914139,0.0,0.0,0.0,0.0,0.0,0.0,1024,0,1024,NMAP_OS_DETECTION
S0737,8956,21,tcp,-,4e-06,1,1,1,0,246723.764706,246723.764706,493447.529412,1.0,20,20,20,20,20,20,0,1,1,0,0,1,0,0,0,0,120.0,120.0,120.0,120.0,0.0,0.0,0.0,0.0,0.0,0.0,0.0,120.0,120.0,60.0,84.852814,0.0,0.0,0.0,0.0,0.0,0.0,0.0,0.0,0.0,0.0,4.053116,4.053116,4.053116,4.053116,0.0,29606851.764706,1.0,1.0,120.0,0.0,0.0,0.0,0.0,0.0,0.0,0.0,4.053116,4.053116,4.053116,4.053116,0.0,0.0,0.0,0.0,0.0,0.0,64,0,64,DOS_SYN_Hping
S0738,30433,21,tcp,-,4e-06,1,1,1,0,246723.764706,246723.764706,493447.529412,1.0,20,20,20,20,20,20,0,1,1,0,0,1,0,0,0,0,120.0,120.0,120.0,120.0,0.0,0.0,0.0,0.0,0.0,0.0,0.0,120.0,120.0,60.0,84.852814,0.0,0.0,0.0,0.0,0.0,0.0,0.0,0.0,0.0,0.0,4.053116,4.053116,4.053116,4.053116,0.0,29606851.764706,1.0,1.0,120.0,0.0,0.0,0.0,0.0,0.0,0.0,0.0,4.053116,4.053116,4.053116,4.053116,0.0,0.0,0.0,0.0,0.0,0.0,64,0,64,DOS_SYN_Hping
S0739,38222,80,tcp,http,0.891066,7,5,2,1,7.855759,5.611256,13.467015,0.714286,232,32,40,168,32,40,2,2,0,2,1,11,0,0,0,0,0.0,169.0,215.0,30.714286,63.34223000000001,0.0,538.0,538.0,107.6,240.600914,0.0,538.0,753.0,62.75,157.50043300000002,92.983246,319995.1649,892797.9469,148799.6578,161767.3831,51.97525,288091.1827,608821.1536,152205.2884,155627.6208,51.97525,282292.1276,892797.9469,81163.44972,129542.3383,845.055178,7.0,5.0,215.0,538.0,0.0,0.0,0.0,0.0,0.0,0.0,892797.9469,892797.9469,892797.9469,892797.9469,0.0,0.0,0.0,0.0,0.0,0.0,64240,26847,501,Thing_Speak
S0740,35204,21,tcp,-,0.0,1,0,1,0,0.0,0.0,0.0,0.0,20,20,20,0,0,0,0,1,0,0,0,0,0,0,0,0,120.0,120.0,120.0,120.0,0.0,0.0,0.0,0.0,0.0,0.0,120.0,120.0,120.0,120.0,0.0,0.0,0.0,0.0,0.0,0.0,0.0,0.0,0.0,0.0,0.0,0.0,0.0,0.0,0.0,0.0,0.0,1.0,0.0,120.0,0.0,0.0,0.0,0.0,0.0,0.0,0.0,0.0,0.0,0.0,0.0,0.0,0.0,0.0,0.0,0.0,0.0,64,0,64,DOS_SYN_Hping
S0741,35374,443,tcp,ssl,170.87528600000002,21,17,8,9,0.122897,0.099488,0.222384,0.809524,680,32,40,552,32,40,2,2,0,8,5,37,0,0,0,0,0.0,517.0,923.0,43.952381,115.28593899999998,0.0,1352.0,7351.0,432.41176500000006,612.8672429999999,0.0,1352.0,8274.0,217.736842,455.986882,14.066696,58898806.095123,170875302.07634,8543765.103817,20793066.412925,21.934509,58918688.058853,170854990.005493,10678436.875343,22892452.496754,2.145767,58898806.095123,170875308.036804,4618251.568562,15710443.393865,48.42128,5.25,4.25,230.75,1837.75,0.0,6634.0,0.0,5.0,0.0,14675639.628692,19803.04718,642699.00322,713742.97142,178435.742855,309556.180289,52837840.080261,58898806.095123,170161565.065384,56720521.688461,3370838.860549,64240,65535,501,ARP_poisioning
S0742,38325,21,tcp,-,1e-06,1,1,1,0,838860.8,838860.8,1677721.6,1.0,20,20,20,20,20,20,0,1,1,0,0,1,0,0,0,0,120.0,120.0,120.0,120.0,0.0,0.0,0.0,0.0,0.0,0.0,0.0,120.0,120.0,60.0,84.852814,0.0,0.0,0.0,0.0,0.0,0.0,0.0,0.0,0.0,0.0,1.192093,1.192093,1.192093,1.192093,0.0,100663296.0,1.0,1.0,120.0,0.0,0.0,0.0,0.0,0.0,0.0,0.0,1.192093,1.192093,1.192093,1.192093,0.0,0.0,0.0,0.0,0.0,0.0,64,0,64,DOS_SYN_Hping
S0743,37495,21,tcp,-,5e-06,1,1,1,0,199728.761905,199728.761905,399457.52381,1.0,20,20,20,20,20,20,0,1,1,0,0,1,0,0,0,0,120.0,120.0,120.0,120.0,0.0,0.0,0.0,0.0,0.0,0.0,0.0,120.0,120.0,60.0,84.852814,0.0,0.0,0.0,0.0,0.0,0.0,0.0,0.0,0.0,0.0,5.0067900000000005,5.0067900000000005,5.0067900000000005,5.0067900000000005,0.0,23967451.428571,1.0,1.0,120.0,0.0,0.0,0.0,0.0,0.0,0.0,0.0,5.0067900000000005,5.0067900000000005,5.0067900000000005,5.0067900000000005,0.0,0.0,0.0,0.0,0.0,0.0,64,0,64,DOS_SYN_Hping
S0744,30457,21,tcp,-,1e-06,1,1,1,0,1048576.0,1048576.0,2097152.0,1.0,20,20,20,20,20,20,0,1,1,0,0,1,0,0,0,0,120.0,120.0,120.0,120.0,0.0,0.0,0.0,0.0,0.0,0.0,0.0,120.0,120.0,60.0,84.852814,0.0,0.0,0.0,0.0,0.0,0.0,0.0,0.0,0.0,0.0,0.953674,0.953674,0.953674,0.953674,0.0,125829120.0,1.0,1.0,120.0,0.0,0.0,0.0,0.0,0.0,0.0,0.0,0.953674,0.953674,0.953674,0.953674,0.0,0.0,0.0,0.0,0.0,0.0,64,0,64,DOS_SYN_Hping
S0745,20636,21,tcp,-,4e-06,1,1,1,0,246723.764706,246723.764706,493447.529412,1.0,20,20,20,20,20,20,0,1,1,0,0,1,0,0,0,0,120.0,120.0,120.0,120.0,0.0,0.0,0.0,0.0,0.0,0.0,0.0,120.0,120.0,60.0,84.852814,0.0,0.0,0.0,0.0,0.0,0.0,0.0,0.0,0.0,0.0,4.053116,4.053116,4.053116,4.053116,0.0,29606851.764706,1.0,1.0,120.0,0.0,0.0,0.0,0.0,0.0,0.0,0.0,4.053116,4.053116,4.053116,4.053116,0.0,0.0,0.0,0.0,0.0,0.0,64,0,64,DOS_SYN_Hping
S0746,64177,1105,udp,-,0.0,1,0,1,0,0.0,0.0,0.0,0.0,8,8,8,0,0,0,0,0,0,0,0,0,0,0,0,0,72.0,72.0,72.0,72.0,0.0,0.0,0.0,0.0,0.0,0.0,72.0,72.0,72.0,72.0,0.0,0.0,0.0,0.0,0.0,0.0,0.0,0.0,0.0,0.0,0.0,0.0,0.0,0.0,0.0,0.0,0.0,1.0,0.0,72.0,0.0,0.0,0.0,0.0,0.0,0.0,0.0,0.0,0.0,0.0,0.0,0.0,0.0,0.0,0.0,0.0,0.0,0,0,0,NMAP_UDP_SCAN
S0747,3366,21,tcp,-,5e-06,1,1,1,0,199728.761905,199728.761905,399457.52381,1.0,20,20,20,20,20,20,0,1,1,0,0,1,0,0,0,0,120.0,120.0,120.0,120.0,0.0,0.0,0.0,0.0,0.0,0.0,0.0,120.0,120.0,60.0,84.852814,0.0,0.0,0.0,0.0,0.0,0.0,0.0,0.0,0.0,0.0,5.0067900000000005,5.0067900000000005,5.0067900000000005,5.0067900000000005,0.0,23967451.428571,1.0,1.0,120.0,0.0,0.0,0.0,0.0,0.0,0.0,0.0,5.0067900000000005,5.0067900000000005,5.0067900000000005,5.0067900000000005,0.0,0.0,0.0,0.0,0.0,0.0,64,0,64,DOS_SYN_Hping
S0748,49866,80,tcp,http,0.006356,4,3,2,0,629.3265309999999,471.994899,1101.32143,0.75,136,32,40,104,32,40,0,2,0,2,0,6,0,0,0,0,0.0,168.0,189.0,47.25,81.106412,0.0,0.0,0.0,0.0,0.0,0.0,168.0,189.0,27.0,62.665780000000005,151.872635,4569.05365,6337.881088,2112.627029,2249.9200530000003,1598.119736,4732.847214,6330.966949000001,3165.483475,2216.587057,18.119812,4544.019699,6356.0009,1059.333483,1813.106516,29735.678608,4.0,3.0,189.0,0.0,0.0,0.0,0.0,0.0,0.0,0.0,6356.0009,6356.0009,6356.0009,6356.0009,0.0,0.0,0.0,0.0,0.0,0.0,64240,65160,502,DDOS_Slowloris
S0749,64178,49189,udp,-,0.0,1,0,1,0,0.0,0.0,0.0,0.0,8,8,8,0,0,0,0,0,0,0,0,0,0,0,0,0,40.0,40.0,40.0,40.0,0.0,0.0,0.0,0.0,0.0,0.0,40.0,40.0,40.0,40.0,0.0,0.0,0.0,0.0,0.0,0.0,0.0,0.0,0.0,0.0,0.0,0.0,0.0,0.0,0.0,0.0,0.0,1.0,0.0,40.0,0.0,0.0,0.0,0.0,0.0,0.0,0.0,0.0,0.0,0.0,0.0,0.0,0.0,0.0,0.0,0.0,0.0,0,0,0,NMAP_UDP_SCAN
S0750,19079,21,tcp,-,1e-06,1,1,1,0,1048576.0,1048576.0,2097152.0,1.0,20,20,20,20,20,20,0,1,1,0,0,1,0,0,0,0,120.0,120.0,120.0,120.0,0.0,0.0,0.0,0.0,0.0,0.0,0.0,120.0,120.0,60.0,84.852814,0.0,0.0,0.0,0.0,0.0,0.0,0.0,0.0,0.0,0.0,0.953674,0.953674,0.953674,0.953674,0.0,125829120.0,1.0,1.0,120.0,0.0,0.0,0.0,0.0,0.0,0.0,0.0,0.953674,0.953674,0.953674,0.953674,0.0,0.0,0.0,0.0,0.0,0.0,64,0,64,DOS_SYN_Hping
S0751,23216,21,tcp,-,1e-06,1,1,1,0,1048576.0,1048576.0,2097152.0,1.0,20,20,20,20,20,20,0,1,1,0,0,1,0,0,0,0,120.0,120.0,120.0,120.0,0.0,0.0,0.0,0.0,0.0,0.0,0.0,120.0,120.0,60.0,84.852814,0.0,0.0,0.0,0.0,0.0,0.0,0.0,0.0,0.0,0.0,0.953674,0.953674,0.953674,0.953674,0.0,125829120.0,1.0,1.0,120.0,0.0,0.0,0.0,0.0,0.0,0.0,0.0,0.953674,0.953674,0.953674,0.953674,0.0,0.0,0.0,0.0,0.0,0.0,64,0,64,DOS_SYN_Hping
S0752,18986,21,tcp,-,4e-06,1,1,1,0,246723.764706,246723.764706,493447.529412,1.0,20,20,20,20,20,20,0,1,1,0,0,1,0,0,0,0,120.0,120.0,120.0,120.0,0.0,0.0,0.0,0.0,0.0,0.0,0.0,120.0,120.0,60.0,84.852814,0.0,0.0,0.0,0.0,0.0,0.0,0.0,0.0,0.0,0.0,4.053116,4.053116,4.053116,4.053116,0.0,29606851.764706,1.0,1.0,120.0,0.0,0.0,0.0,0.0,0.0,0.0,0.0,4.053116,4.053116,4.053116,4.053116,0.0,0.0,0.0,0.0,0.0,0.0,64,0,64,DOS_SYN_Hping
S0753,38216,21,tcp,-,4e-06,1,1,1,0,246723.764706,246723.764706,493447.529412,1.0,20,20,20,20,20,20,0,1,1,0,0,1,0,0,0,0,120.0,120.0,120.0,120.0,0.0,0.0,0.0,0.0,0.0,0.0,0.0,120.0,120.0,60.0,84.852814,0.0,0.0,0.0,0.0,0.0,0.0,0.0,0.0,0.0,0.0,4.053116,4.053116,4.053116,4.053116,0.0,29606851.764706,1.0,1.0,120.0,0.0,0.0,0.0,0.0,0.0,0.0,0.0,4.053116,4.053116,4.053116,4.053116,0.0,0.0,0.0,0.0,0.0,0.0,64,0,64,DOS_SYN_Hping
S0754,59169,1883,tcp,mqtt,62.016702,10,6,3,4,0.161247,0.096748,0.257995,0.6,328,32,40,200,32,40,0,2,1,3,4,15,0,0,0,0,0.0,33.0,78.0,7.8,12.934021,0.0,23.0,36.0,6.0,8.602325,0.0,33.0,114.0,7.125,11.218289,221.014023,59904536.962509,62016701.936722,6890744.659636,19885625.492668,63.896179,1640852.928162,1953315.973282,390663.194656,703222.196983,63.896179,59904536.962509,62016701.936722,4134446.795781,15432893.827874,1.838214,3.333333,2.0,26.0,12.0,0.0,0.0,0.0,0.0,0.0,0.0,2112164.974213,2112164.974213,2112164.974213,2112164.974213,0.0,59904536.962509,59904536.962509,59904536.962509,59904536.962509,0.0,64240,26847,502,MQTT_Publish
S0755,22699,21,tcp,-,1e-06,1,1,1,0,838860.8,838860.8,1677721.6,1.0,20,20,20,20,20,20,0,1,1,0,0,1,0,0,0,0,120.0,120.0,120.0,120.0,0.0,0.0,0.0,0.0,0.0,0.0,0.0,120.0,120.0,60.0,84.852814,0.0,0.0,0.0,0.0,0.0,0.0,0.0,0.0,0.0,0.0,1.192093,1.192093,1.192093,1.192093,0.0,100663296.0,1.0,1.0,120.0,0.0,0.0,0.0,0.0,0.0,0.0,0.0,1.192093,1.192093,1.192093,1.192093,0.0,0.0,0.0,0.0,0.0,0.0,64,0,64,DOS_SYN_Hping
S0756,23430,21,tcp,-,4e-06,1,1,1,0,246723.764706,246723.764706,493447.529412,1.0,20,20,20,20,20,20,0,1,1,0,0,1,0,0,0,0,120.0,120.0,120.0,120.0,0.0,0.0,0.0,0.0,0.0,0.0,0.0,120.0,120.0,60.0,84.852814,0.0,0.0,0.0,0.0,0.0,0.0,0.0,0.0,0.0,0.0,4.053116,4.053116,4.053116,4.053116,0.0,29606851.764706,1.0,1.0,120.0,0.0,0.0,0.0,0.0,0.0,0.0,0.0,4.053116,4.053116,4.053116,4.053116,0.0,0.0,0.0,0.0,0.0,0.0,64,0,64,DOS_SYN_Hping
S0757,44775,21,tcp,-,0.0,1,0,1,0,0.0,0.0,0.0,0.0,20,20,20,0,0,0,0,1,0,0,0,0,0,0,0,0,120.0,120.0,120.0,120.0,0.0,0.0,0.0,0.0,0.0,0.0,120.0,120.0,120.0,120.0,0.0,0.0,0.0,0.0,0.0,0.0,0.0,0.0,0.0,0.0,0.0,0.0,0.0,0.0,0.0,0.0,0.0,1.0,0.0,120.0,0.0,0.0,0.0,0.0,0.0,0.0,0.0,0.0,0.0,0.0,0.0,0.0,0.0,0.0,0.0,0.0,0.0,64,0,64,DOS_SYN_Hping
S0758,5437,21,tcp,-,4e-06,1,1,1,0,246723.764706,246723.764706,493447.529412,1.0,20,20,20,20,20,20,0,1,1,0,0,1,0,0,0,0,120.0,120.0,120.0,120.0,0.0,0.0,0.0,0.0,0.0,0.0,0.0,120.0,120.0,60.0,84.852814,0.0,0.0,0.0,0.0,0.0,0.0,0.0,0.0,0.0,0.0,4.053116,4.053116,4.053116,4.053116,0.0,29606851.764706,1.0,1.0,120.0,0.0,0.0,0.0,0.0,0.0,0.0,0.0,4.053116,4.053116,4.053116,4.053116,0.0,0.0,0.0,0.0,0.0,0.0,64,0,64,DOS_SYN_Hping
S0759,4754,21,tcp,-,5e-06,1,1,1,0,199728.761905,199728.761905,399457.52381,1.0,20,20,20,20,20,20,0,1,1,0,0,1,0,0,0,0,120.0,120.0,120.0,120.0,0.0,0.0,0.0,0.0,0.0,0.0,0.0,120.0,120.0,60.0,84.852814,0.0,0.0,0.0,0.0,0.0,0.0,0.0,0.0,0.0,0.0,5.0067900000000005,5.0067900000000005,5.0067900000000005,5.0067900000000005,0.0,23967451.428571,1.0,1.0,120.0,0.0,0.0,0.0,0.0,0.0,0.0,0.0,5.0067900000000005,5.0067900000000005,5.0067900000000005,5.0067900000000005,0.0,0.0,0.0,0.0,0.0,0.0,64,0,64,DOS_SYN_Hping
S0760,4871,21,tcp,-,3e-06,1,1,1,0,322638.769231,322638.769231,645277.538462,1.0,20,20,20,20,20,20,0,1,1,0,0,1,0,0,0,0,120.0,120.0,120.0,120.0,0.0,0.0,0.0,0.0,0.0,0.0,0.0,120.0,120.0,60.0,84.852814,0.0,0.0,0.0,0.0,0.0,0.0,0.0,0.0,0.0,0.0,3.099442,3.099442,3.099442,3.099442,0.0,38716652.307692,1.0,1.0,120.0,0.0,0.0,0.0,0.0,0.0,0.0,0.0,3.099442,3.099442,3.099442,3.099442,0.0,0.0,0.0,0.0,0.0,0.0,64,0,64,DOS_SYN_Hping
S0761,52785,21,tcp,-,4e-06,1,1,1,0,262144.0,262144.0,524288.0,1.0,20,20,20,20,20,20,0,1,1,0,0,1,0,0,0,0,120.0,120.0,120.0,120.0,0.0,0.0,0.0,0.0,0.0,0.0,0.0,120.0,120.0,60.0,84.852814,0.0,0.0,0.0,0.0,0.0,0.0,0.0,0.0,0.0,0.0,3.814697,3.814697,3.814697,3.814697,0.0,31457280.0,1.0,1.0,120.0,0.0,0.0,0.0,0.0,0.0,0.0,0.0,3.814697,3.814697,3.814697,3.814697,0.0,0.0,0.0,0.0,0.0,0.0,64,0,64,DOS_SYN_Hping
S0762,35574,21,tcp,-,4e-06,1,1,1,0,246723.764706,246723.764706,493447.529412,1.0,20,20,20,20,20,20,0,1,1,0,0,1,0,0,0,0,120.0,120.0,120.0,120.0,0.0,0.0,0.0,0.0,0.0,0.0,0.0,120.0,120.0,60.0,84.852814,0.0,0.0,0.0,0.0,0.0,0.0,0.0,0.0,0.0,0.0,4.053116,4.053116,4.053116,4.053116,0.0,29606851.764706,1.0,1.0,120.0,0.0,0.0,0.0,0.0,0.0,0.0,0.0,4.053116,4.053116,4.053116,4.053116,0.0,0.0,0.0,0.0,0.0,0.0,64,0,64,DOS_SYN_Hping
S0763,853,21,tcp,-,3e-06,1,1,1,0,349525.333333,349525.333333,699050.666667,1.0,20,20,20,20,20,20,0,1,1,0,0,1,0,0,0,0,120.0,120.0,120.0,120.0,0.0,0.0,0.0,0.0,0.0,0.0,0.0,120.0,120.0,60.0,84.852814,0.0,0.0,0.0,0.0,0.0,0.0,0.0,0.0,0.0,0.0,2.861023,2.861023,2.861023,2.861023,0.0,41943040.0,1.0,1.0,120.0,0.0,0.0,0.0,0.0,0.0,0.0,0.0,2.861023,2.861023,2.861023,2.861023,0.0,0.0,0.0,0.0,0.0,0.0,64,0,64,DOS_SYN_Hping
S0764,8397,21,tcp,-,4e-06,1,1,1,0,262144.0,262144.0,524288.0,1.0,20,20,20,20,20,20,0,1,1,0,0,1,0,0,0,0,120.0,120.0,120.0,120.0,0.0,0.0,0.0,0.0,0.0,0.0,0.0,120.0,120.0,60.0,84.852814,0.0,0.0,0.0,0.0,0.0,0.0,0.0,0.0,0.0,0.0,3.814697,3.814697,3.814697,3.814697,0.0,31457280.0,1.0,1.0,120.0,0.0,0.0,0.0,0.0,0.0,0.0,0.0,3.814697,3.814697,3.814697,3.814697,0.0,0.0,0.0,0.0,0.0,0.0,64,0,64,DOS_SYN_Hping
S0765,37772,21,tcp,-,4e-06,1,1,1,0,246723.764706,246723.764706,493447.529412,1.0,20,20,20,20,20,20,0,1,1,0,0,1,0,0,0,0,120.0,120.0,120.0,120.0,0.0,0.0,0.0,0.0,0.0,0.0,0.0,120.0,120.0,60.0,84.852814,0.0,0.0,0.0,0.0,0.0,0.0,0.0,0.0,0.0,0.0,4.053116,4.053116,4.053116,4.053116,0.0,29606851.764706,1.0,1.0,120.0,0.0,0.0,0.0,0.0,0.0,0.0,0.0,4.053116,4.053116,4.053116,4.053116,0.0,0.0,0.0,0.0,0.0,0.0,64,0,64,DOS_SYN_Hping
S0766,34160,21,tcp,-,4e-06,1,1,1,0,246723.764706,246723.764706,493447.529412,1.0,20,20,20,20,20,20,0,1,1,0,0,1,0,0,0,0,120.0,120.0,120.0,120.0,0.0,0.0,0.0,0.0,0.0,0.0,0.0,120.0,120.0,60.0,84.852814,0.0,0.0,0.0,0.0,0.0,0.0,0.0,0.0,0.0,0.0,4.053116,4.053116,4.053116,4.053116,0.0,29606851.764706,1.0,1.0,120.0,0.0,0.0,0.0,0.0,0.0,0.0,0.0,4.053116,4.053116,4.053116,4.053116,0.0,0.0,0.0,0.0,0.0,0.0,64,0,64,DOS_SYN_Hping
S0767,16123,21,tcp,-,5e-06,1,1,1,0,199728.761905,199728.761905,399457.52381,1.0,20,20,20,20,20,20,0,1,1,0,0,1,0,0,0,0,120.0,120.0,120.0,120.0,0.0,0.0,0.0,0.0,0.0,0.0,0.0,120.0,120.0,60.0,84.852814,0.0,0.0,0.0,0.0,0.0,0.0,0.0,0.0,0.0,0.0,5.0067900000000005,5.0067900000000005,5.0067900000000005,5.0067900000000005,0.0,23967451.428571,1.0,1.0,120.0,0.0,0.0,0.0,0.0,0.0,0.0,0.0,5.0067900000000005,5.0067900000000005,5.0067900000000005,5.0067900000000005,0.0,0.0,0.0,0.0,0.0,0.0,64,0,64,DOS_SYN_Hping
S0768,39981,21,tcp,-,6e-06,1,1,1,0,161319.38461500002,161319.38461500002,322638.769231,1.0,20,20,20,20,20,20,0,1,1,0,0,1,0,0,0,0,120.0,120.0,120.0,120.0,0.0,0.0,0.0,0.0,0.0,0.0,0.0,120.0,120.0,60.0,84.852814,0.0,0.0,0.0,0.0,0.0,0.0,0.0,0.0,0.0,0.0,6.198883,6.198883,6.198883,6.198883,0.0,19358326.153846,1.0,1.0,120.0,0.0,0.0,0.0,0.0,0.0,0.0,0.0,6.198883,6.198883,6.198883,6.198883,0.0,0.0,0.0,0.0,0.0,0.0,64,0,64,DOS_SYN_Hping
S0769,34521,21,tcp,-,4e-06,1,1,1,0,246723.764706,246723.764706,493447.529412,1.0,20,20,20,20,20,20,0,1,1,0,0,1,0,0,0,0,120.0,120.0,120.0,120.0,0.0,0.0,0.0,0.0,0.0,0.0,0.0,120.0,120.0,60.0,84.852814,0.0,0.0,0.0,0.0,0.0,0.0,0.0,0.0,0.0,0.0,4.053116,4.053116,4.053116,4.053116,0.0,29606851.764706,1.0,1.0,120.0,0.0,0.0,0.0,0.0,0.0,0.0,0.0,4.053116,4.053116,4.053116,4.053116,0.0,0.0,0.0,0.0,0.0,0.0,64,0,64,DOS_SYN_Hping
S0770,34763,53,udp,dns,0.0611679999999999,2,2,2,2,32.696859,32.696859,65.393718,1.0,16,8,8,16,8,8,0,0,0,0,0,0,0,0,0,0,36.0,36.0,72.0,36.0,0.0,36.0,68.0,104.0,52.0,22.627417,36.0,68.0,176.0,44.0,16.0,60847.99766,60847.99766,60847.99766,60847.99766,0.0,2393.007278,2393.007278,2393.007278,2393.007278,0.0,319.957733,58774.94812000001,61167.9554,20389.31847,33254.48475,2877.323573,2.0,2.0,72.0,104.0,0.0,0.0,0.0,0.0,0.0,0.0,61167.9554,61167.9554,61167.9554,61167.9554,0.0,0.0,0.0,0.0,0.0,0.0,0,0,0,Thing_Speak
S0771,59771,21,tcp,-,5e-06,1,1,1,0,199728.761905,199728.761905,399457.52381,1.0,20,20,20,20,20,20,0,1,1,0,0,1,0,0,0,0,120.0,120.0,120.0,120.0,0.0,0.0,0.0,0.0,0.0,0.0,0.0,120.0,120.0,60.0,84.852814,0.0,0.0,0.0,0.0,0.0,0.0,0.0,0.0,0.0,0.0,5.0067900000000005,5.0067900000000005,5.0067900000000005,5.0067900000000005,0.0,23967451.428571,1.0,1.0,120.0,0.0,0.0,0.0,0.0,0.0,0.0,0.0,5.0067900000000005,5.0067900000000005,5.0067900000000005,5.0067900000000005,0.0,0.0,0.0,0.0,0.0,0.0,64,0,64,DOS_SYN_Hping
S0772,18886,21,tcp,-,4e-06,1,1,1,0,246723.764706,246723.764706,493447.529412,1.0,20,20,20,20,20,20,0,1,1,0,0,1,0,0,0,0,120.0,120.0,120.0,120.0,0.0,0.0,0.0,0.0,0.0,0.0,0.0,120.0,120.0,60.0,84.852814,0.0,0.0,0.0,0.0,0.0,0.0,0.0,0.0,0.0,0.0,4.053116,4.053116,4.053116,4.053116,0.0,29606851.764706,1.0,1.0,120.0,0.0,0.0,0.0,0.0,0.0,0.0,0.0,4.053116,4.053116,4.053116,4.053116,0.0,0.0,0.0,0.0,0.0,0.0,64,0,64,DOS_SYN_Hping
S0773,45838,21,tcp,-,1e-06,1,1,1,0,1048576.0,1048576.0,2097152.0,1.0,20,20,20,20,20,20,0,1,1,0,0,1,0,0,0,0,120.0,120.0,120.0,120.0,0.0,0.0,0.0,0.0,0.0,0.0,0.0,120.0,120.0,60.0,84.852814,0.0,0.0,0.0,0.0,0.0,0.0,0.0,0.0,0.0,0.0,0.953674,0.953674,0.953674,0.953674,0.0,125829120.0,1.0,1.0,120.0,0.0,0.0,0.0,0.0,0.0,0.0,0.0,0.953674,0.953674,0.953674,0.953674,0.0,0.0,0.0,0.0,0.0,0.0,64,0,64,DOS_SYN_Hping
S0774,8646,21,tcp,-,4e-06,1,1,1,0,246723.764706,246723.764706,493447.529412,1.0,20,20,20,20,20,20,0,1,1,0,0,1,0,0,0,0,120.0,120.0,120.0,120.0,0.0,0.0,0.0,0.0,0.0,0.0,0.0,120.0,120.0,60.0,84.852814,0.0,0.0,0.0,0.0,0.0,0.0,0.0,0.0,0.0,0.0,4.053116,4.053116,4.053116,4.053116,0.0,29606851.764706,1.0,1.0,120.0,0.0,0.0,0.0,0.0,0.0,0.0,0.0,4.053116,4.053116,4.053116,4.053116,0.0,0.0,0.0,0.0,0.0,0.0,64,0,64,DOS_SYN_Hping
S0775,26371,21,tcp,-,4e-06,1,1,1,0,262144.0,262144.0,524288.0,1.0,20,20,20,20,20,20,0,1,1,0,0,1,0,0,0,0,120.0,120.0,120.0,120.0,0.0,0.0,0.0,0.0,0.0,0.0,0.0,120.0,120.0,60.0,84.852814,0.0,0.0,0.0,0.0,0.0,0.0,0.0,0.0,0.0,0.0,3.814697,3.814697,3.814697,3.814697,0.0,31457280.0,1.0,1.0,120.0,0.0,0.0,0.0,0.0,0.0,0.0,0.0,3.814697,3.814697,3.814697,3.814697,0.0,0.0,0.0,0.0,0.0,0.0,64,0,64,DOS_SYN_Hping
S0776,2052,21,tcp,-,4e-06,1,1,1,0,246723.764706,246723.764706,493447.529412,1.0,20,20,20,20,20,20,0,1,1,0,0,1,0,0,0,0,120.0,120.0,120.0,120.0,0.0,0.0,0.0,0.0,0.0,0.0,0.0,120.0,120.0,60.0,84.852814,0.0,0.0,0.0,0.0,0.0,0.0,0.0,0.0,0.0,0.0,4.053116,4.053116,4.053116,4.053116,0.0,29606851.764706,1.0,1.0,120.0,0.0,0.0,0.0,0.0,0.0,0.0,0.0,4.053116,4.053116,4.053116,4.053116,0.0,0.0,0.0,0.0,0.0,0.0,64,0,64,DOS_SYN_Hping
S0777,12961,21,tcp,-,1e-06,1,1,1,0,1048576.0,1048576.0,2097152.0,1.0,20,20,20,20,20,20,0,1,1,0,0,1,0,0,0,0,120.0,120.0,120.0,120.0,0.0,0.0,0.0,0.0,0.0,0.0,0.0,120.0,120.0,60.0,84.852814,0.0,0.0,0.0,0.0,0.0,0.0,0.0,0.0,0.0,0.0,0.953674,0.953674,0.953674,0.953674,0.0,125829120.0,1.0,1.0,120.0,0.0,0.0,0.0,0.0,0.0,0.0,0.0,0.953674,0.953674,0.953674,0.953674,0.0,0.0,0.0,0.0,0.0,0.0,64,0,64,DOS_SYN_Hping
S0778,1674,21,tcp,-,4e-06,1,1,1,0,262144.0,262144.0,524288.0,1.0,20,20,20,20,20,20,0,1,1,0,0,1,0,0,0,0,120.0,120.0,120.0,120.0,0.0,0.0,0.0,0.0,0.0,0.0,0.0,120.0,120.0,60.0,84.852814,0.0,0.0,0.0,0.0,0.0,0.0,0.0,0.0,0.0,0.0,3.814697,3.814697,3.814697,3.814697,0.0,31457280.0,1.0,1.0,120.0,0.0,0.0,0.0,0.0,0.0,0.0,0.0,3.814697,3.814697,3.814697,3.814697,0.0,0.0,0.0,0.0,0.0,0.0,64,0,64,DOS_SYN_Hping
S0779,10235,21,tcp,-,3e-06,1,1,1,0,349525.333333,349525.333333,699050.666667,1.0,20,20,20,20,20,20,0,1,1,0,0,1,0,0,0,0,120.0,120.0,120.0,120.0,0.0,0.0,0.0,0.0,0.0,0.0,0.0,120.0,120.0,60.0,84.852814,0.0,0.0,0.0,0.0,0.0,0.0,0.0,0.0,0.0,0.0,2.861023,2.861023,2.861023,2.861023,0.0,41943040.0,1.0,1.0,120.0,0.0,0.0,0.0,0.0,0.0,0.0,0.0,2.861023,2.861023,2.861023,2.861023,0.0,0.0,0.0,0.0,0.0,0.0,64,0,64,DOS_SYN_Hping
S0780,4700,21,tcp,-,4e-06,1,1,1,0,246723.764706,246723.764706,493447.529412,1.0,20,20,20,20,20,20,0,1,1,0,0,1,0,0,0,0,120.0,120.0,120.0,120.0,0.0,0.0,0.0,0.0,0.0,0.0,0.0,120.0,120.0,60.0,84.852814,0.0,0.0,0.0,0.0,0.0,0.0,0.0,0.0,0.0,0.0,4.053116,4.053116,4.053116,4.053116,0.0,29606851.764706,1.0,1.0,120.0,0.0,0.0,0.0,0.0,0.0,0.0,0.0,4.053116,4.053116,4.053116,4.053116,0.0,0.0,0.0,0.0,0.0,0.0,64,0,64,DOS_SYN_Hping
S0781,3103,21,tcp,-,4e-06,1,1,1,0,262144.0,262144.0,524288.0,1.0,20,20,20,20,20,20,0,1,1,0,0,1,0,0,0,0,120.0,120.0,120.0,120.0,0.0,0.0,0.0,0.0,0.0,0.0,0.0,120.0,120.0,60.0,84.852814,0.0,0.0,0.0,0.0,0.0,0.0,0.0,0.0,0.0,0.0,3.814697,3.814697,3.814697,3.814697,0.0,31457280.0,1.0,1.0,120.0,0.0,0.0,0.0,0.0,0.0,0.0,0.0,3.814697,3.814697,3.814697,3.814697,0.0,0.0,0.0,0.0,0.0,0.0,64,0,64,DOS_SYN_Hping
S0782,30999,21,tcp,-,1e-06,1,1,1,0,838860.8,838860.8,1677721.6,1.0,20,20,20,20,20,20,0,1,1,0,0,1,0,0,0,0,120.0,120.0,120.0,120.0,0.0,0.0,0.0,0.0,0.0,0.0,0.0,120.0,120.0,60.0,84.852814,0.0,0.0,0.0,0.0,0.0,0.0,0.0,0.0,0.0,0.0,1.192093,1.192093,1.192093,1.192093,0.0,100663296.0,1.0,1.0,120.0,0.0,0.0,0.0,0.0,0.0,0.0,0.0,1.192093,1.192093,1.192093,1.192093,0.0,0.0,0.0,0.0,0.0,0.0,64,0,64,DOS_SYN_Hping
S0783,10095,21,tcp,-,5e-06,1,1,1,0,199728.761905,199728.761905,399457.52381,1.0,20,20,20,20,20,20,0,1,1,0,0,1,0,0,0,0,120.0,120.0,120.0,120.0,0.0,0.0,0.0,0.0,0.0,0.0,0.0,120.0,120.0,60.0,84.852814,0.0,0.0,0.0,0.0,0.0,0.0,0.0,0.0,0.0,0.0,5.0067900000000005,5.0067900000000005,5.0067900000000005,5.0067900000000005,0.0,23967451.428571,1.0,1.0,120.0,0.0,0.0,0.0,0.0,0.0,0.0,0.0,5.0067900000000005,5.0067900000000005,5.0067900000000005,5.0067900000000005,0.0,0.0,0.0,0.0,0.0,0.0,64,0,64,DOS_SYN_Hping
S0784,41699,21,tcp,-,2e-06,1,1,1,0,466033.777778,466033.777778,932067.555556,1.0,20,20,20,20,20,20,0,1,1,0,0,1,0,0,0,0,120.0,120.0,120.0,120.0,0.0,0.0,0.0,0.0,0.0,0.0,0.0,120.0,120.0,60.0,84.852814,0.0,0.0,0.0,0.0,0.0,0.0,0.0,0.0,0.0,0.0,2.145767,2.145767,2.145767,2.145767,0.0,55924053.33333299,1.0,1.0,120.0,0.0,0.0,0.0,0.0,0.0,0.0,0.0,2.145767,2.145767,2.145767,2.145767,0.0,0.0,0.0,0.0,0.0,0.0,64,0,64,DOS_SYN_Hping
S0785,43286,137,udp,dns,0.0,1,0,1,0,0.0,0.0,0.0,0.0,8,8,8,0,0,0,0,0,0,0,0,0,0,0,0,0,50.0,50.0,50.0,50.0,0.0,0.0,0.0,0.0,0.0,0.0,50.0,50.0,50.0,50.0,0.0,0.0,0.0,0.0,0.0,0.0,0.0,0.0,0.0,0.0,0.0,0.0,0.0,0.0,0.0,0.0,0.0,1.0,0.0,50.0,0.0,0.0,0.0,0.0,0.0,0.0,0.0,0.0,0.0,0.0,0.0,0.0,0.0,0.0,0.0,0.0,0.0,0,0,0,ARP_poisioning
S0786,37588,21,tcp,-,1e-06,1,1,1,0,1048576.0,1048576.0,2097152.0,1.0,20,20,20,20,20,20,0,1,1,0,0,1,0,0,0,0,120.0,120.0,120.0,120.0,0.0,0.0,0.0,0.0,0.0,0.0,0.0,120.0,120.0,60.0,84.852814,0.0,0.0,0.0,0.0,0.0,0.0,0.0,0.0,0.0,0.0,0.953674,0.953674,0.953674,0.953674,0.0,125829120.0,1.0,1.0,120.0,0.0,0.0,0.0,0.0,0.0,0.0,0.0,0.953674,0.953674,0.953674,0.953674,0.0,0.0,0.0,0.0,0.0,0.0,64,0,64,DOS_SYN_Hping
S0787,64272,21,tcp,-,4e-06,1,1,1,0,246723.764706,246723.764706,493447.529412,1.0,20,20,20,20,20,20,0,1,1,0,0,1,0,0,0,0,120.0,120.0,120.0,120.0,0.0,0.0,0.0,0.0,0.0,0.0,0.0,120.0,120.0,60.0,84.852814,0.0,0.0,0.0,0.0,0.0,0.0,0.0,0.0,0.0,0.0,4.053116,4.053116,4.053116,4.053116,0.0,29606851.764706,1.0,1.0,120.0,0.0,0.0,0.0,0.0,0.0,0.0,0.0,4.053116,4.053116,4.053116,4.053116,0.0,0.0,0.0,0.0,0.0,0.0,64,0,64,DOS_SYN_Hping
S0788,42794,21,tcp,-,4e-06,1,1,1,0,246723.764706,246723.764706,493447.529412,1.0,20,20,20,20,20,20,0,1,1,0,0,1,0,0,0,0,120.0,120.0,120.0,120.0,0.0,0.0,0.0,0.0,0.0,0.0,0.0,120.0,120.0,60.0,84.852814,0.0,0.0,0.0,0.0,0.0,0.0,0.0,0.0,0.0,0.0,4.053116,4.053116,4.053116,4.053116,0.0,29606851.764706,1.0,1.0,120.0,0.0,0.0,0.0,0.0,0.0,0.0,0.0,4.053116,4.053116,4.053116,4.053116,0.0,0.0,0.0,0.0,0.0,0.0,64,0,64,DOS_SYN_Hping
S0789,47584,80,tcp,-,6.1139,4,3,0,0,0.654247,0.490685,1.144932,0.75,136,32,40,104,32,40,2,2,0,0,0,6,0,0,0,0,0.0,0.0,0.0,0.0,0.0,0.0,0.0,0.0,0.0,0.0,0.0,0.0,0.0,0.0,0.0,63513.040543,5982349.157333001,6113922.119141,2037974.039714,3415929.810448,3140.926361,6042764.902115,6045905.828476001,3022952.9142380003,4270659.069072,22.172928,5982349.157333001,6113922.119141,1018987.019857,2431738.857119,0.0,2.0,1.5,0.0,0.0,0.0,0.0,0.0,0.0,0.0,0.0,63513.040543,68059.921265,131572.961807,65786.480904,3215.130192,5982349.157333001,5982349.157333001,5982349.157333001,5982349.157333001,0.0,64240,65535,502,ARP_poisioning
S0790,20517,21,tcp,-,4e-06,1,1,1,0,262144.0,262144.0,524288.0,1.0,20,20,20,20,20,20,0,1,1,0,0,1,0,0,0,0,120.0,120.0,120.0,120.0,0.0,0.0,0.0,0.0,0.0,0.0,0.0,120.0,120.0,60.0,84.852814,0.0,0.0,0.0,0.0,0.0,0.0,0.0,0.0,0.0,0.0,3.814697,3.814697,3.814697,3.814697,0.0,31457280.0,1.0,1.0,120.0,0.0,0.0,0.0,0.0,0.0,0.0,0.0,3.814697,3.814697,3.814697,3.814697,0.0,0.0,0.0,0.0,0.0,0.0,64,0,64,DOS_SYN_Hping
S0791,44885,1883,tcp,mqtt,62.108636,10,6,3,4,0.1610079999999999,0.096605,0.257613,0.6,328,32,40,200,32,40,0,2,1,3,4,15,0,0,0,0,0.0,33.0,76.0,7.6,12.650867,0.0,21.0,34.0,5.666667,7.814516,0.0,33.0,110.0,6.875,10.831282,262.97569300000004,59802692.89016701,62108635.902405,6900959.544712,19841977.283054,968.933105,1533429.145813,2049438.9534,409887.79068,640604.124331,262.97569300000004,59802692.89016701,62108635.902405,4140575.726827,15401930.433027,1.77109,3.333333,2.0,25.333333,11.333333,0.0,0.0,0.0,0.0,0.0,0.0,2305943.012238,2305943.012238,2305943.012238,2305943.012238,0.0,59802692.89016701,59802692.89016701,59802692.89016701,59802692.89016701,0.0,64240,26847,502,MQTT_Publish
S0792,40509,21,tcp,-,0.0,1,0,1,0,0.0,0.0,0.0,0.0,20,20,20,0,0,0,0,1,0,0,0,0,0,0,0,0,120.0,120.0,120.0,120.0,0.0,0.0,0.0,0.0,0.0,0.0,120.0,120.0,120.0,120.0,0.0,0.0,0.0,0.0,0.0,0.0,0.0,0.0,0.0,0.0,0.0,0.0,0.0,0.0,0.0,0.0,0.0,1.0,0.0,120.0,0.0,0.0,0.0,0.0,0.0,0.0,0.0,0.0,0.0,0.0,0.0,0.0,0.0,0.0,0.0,0.0,0.0,64,0,64,DOS_SYN_Hping
S0793,23608,21,tcp,-,1e-06,1,1,1,0,1048576.0,1048576.0,2097152.0,1.0,20,20,20,20,20,20,0,1,1,0,0,1,0,0,0,0,120.0,120.0,120.0,120.0,0.0,0.0,0.0,0.0,0.0,0.0,0.0,120.0,120.0,60.0,84.852814,0.0,0.0,0.0,0.0,0.0,0.0,0.0,0.0,0.0,0.0,0.953674,0.953674,0.953674,0.953674,0.0,125829120.0,1.0,1.0,120.0,0.0,0.0,0.0,0.0,0.0,0.0,0.0,0.953674,0.953674,0.953674,0.953674,0.0,0.0,0.0,0.0,0.0,0.0,64,0,64,DOS_SYN_Hping
S0794,54680,53,udp,dns,0.0275699999999999,2,2,2,2,72.543222,72.543222,145.086444,1.0,16,8,8,16,8,8,0,0,0,0,0,0,0,0,0,0,36.0,36.0,72.0,36.0,0.0,36.0,68.0,104.0,52.0,22.627417,36.0,68.0,176.0,44.0,16.0,27328.96805,27328.96805,27328.96805,27328.96805,0.0,2039.909363,2039.909363,2039.909363,2039.909363,0.0,240.802765,25529.86145,27569.77081,9189.923604,14172.23533,6383.803521,2.0,2.0,72.0,104.0,0.0,0.0,0.0,0.0,0.0,0.0,27569.77081,27569.77081,27569.77081,27569.77081,0.0,0.0,0.0,0.0,0.0,0.0,0,0,0,Thing_Speak
S0795,40112,80,tcp,http,0.921755,7,5,2,1,7.594208,5.424434,13.018643,0.714286,232,32,40,168,32,40,2,2,0,2,1,11,0,0,0,0,0.0,169.0,215.0,30.714286,63.34223000000001,0.0,539.0,539.0,107.8,241.048128,0.0,539.0,754.0,62.833333,157.77477199999998,236.034393,327603.1017,923599.0047,153933.1675,168381.1858,191.926956,299672.1268,626284.1225,156571.0306,164735.9552,191.926956,295470.953,923599.0047,83963.54589,136026.8679,818.004717,7.0,5.0,215.0,539.0,0.0,0.0,0.0,0.0,0.0,0.0,923599.0047,923599.0047,923599.0047,923599.0047,0.0,0.0,0.0,0.0,0.0,0.0,64240,26847,501,Thing_Speak
S0796,46303,21,tcp,-,2e-06,1,1,1,0,466033.777778,466033.777778,932067.555556,1.0,20,20,20,20,20,20,0,1,1,0,0,1,0,0,0,0,120.0,120.0,120.0,120.0,0.0,0.0,0.0,0.0,0.0,0.0,0.0,120.0,120.0,60.0,84.852814,0.0,0.0,0.0,0.0,0.0,0.0,0.0,0.0,0.0,0.0,2.145767,2.145767,2.145767,2.145767,0.0,55924053.33333299,1.0,1.0,120.0,0.0,0.0,0.0,0.0,0.0,0.0,0.0,2.145767,2.145767,2.145767,2.145767,0.0,0.0,0.0,0.0,0.0,0.0,64,0,64,DOS_SYN_Hping
S0797,4457,21,tcp,-,0.0,1,0,1,0,0.0,0.0,0.0,0.0,20,20,20,0,0,0,0,1,0,0,0,0,0,0,0,0,120.0,120.0,120.0,120.0,0.0,0.0,0.0,0.0,0.0,0.0,120.0,120.0,120.0,120.0,0.0,0.0,0.0,0.0,0.0,0.0,0.0,0.0,0.0,0.0,0.0,0.0,0.0,0.0,0.0,0.0,0.0,1.0,0.0,120.0,0.0,0.0,0.0,0.0,0.0,0.0,0.0,0.0,0.0,0.0,0.0,0.0,0.0,0.0,0.0,0.0,0.0,64,0,64,DOS_SYN_Hping
S0798,7805,21,tcp,-,2e-06,1,1,1,0,466033.777778,466033.777778,932067.555556,1.0,20,20,20,20,20,20,0,1,1,0,0,1,0,0,0,0,120.0,120.0,120.0,120.0,0.0,0.0,0.0,0.0,0.0,0.0,0.0,120.0,120.0,60.0,84.852814,0.0,0.0,0.0,0.0,0.0,0.0,0.0,0.0,0.0,0.0,2.145767,2.145767,2.145767,2.145767,0.0,55924053.33333299,1.0,1.0,120.0,0.0,0.0,0.0,0.0,0.0,0.0,0.0,2.145767,2.145767,2.145767,2.145767,0.0,0.0,0.0,0.0,0.0,0.0,64,0,64,DOS_SYN_Hping
S0799,22564,21,tcp,-,1e-06,1,1,1,0,1048576.0,1048576.0,2097152.0,1.0,20,20,20,20,20,20,0,1,1,0,0,1,0,0,0,0,120.0,120.0,120.0,120.0,0.0,0.0,0.0,0.0,0.0,0.0,0.0,120.0,120.0,60.0,84.852814,0.0,0.0,0.0,0.0,0.0,0.0,0.0,0.0,0.0,0.0,0.953674,0.953674,0.953674,0.953674,0.0,125829120.0,1.0,1.0,120.0,0.0,0.0,0.0,0.0,0.0,0.0,0.0,0.953674,0.953674,0.953674,0.953674,0.0,0.0,0.0,0.0,0.0,0.0,64,0,64,DOS_SYN_Hping
S0800,46576,53,udp,dns,0.060818,2,2,2,2,32.885024,32.885024,65.770049,1.0,16,8,8,16,8,8,0,0,0,0,0,0,0,0,0,0,36.0,36.0,72.0,36.0,0.0,36.0,68.0,104.0,52.0,22.627417,36.0,68.0,176.0,44.0,16.0,774.145126,774.145126,774.145126,774.145126,0.0,59793.94912999999,59793.94912999999,59793.94912999999,59793.94912999999,0.0,249.862671,59793.94912999999,60817.95692,20272.65231,34227.45089,2893.882151,2.0,2.0,72.0,104.0,0.0,0.0,0.0,0.0,0.0,0.0,60817.95692,60817.95692,60817.95692,60817.95692,0.0,0.0,0.0,0.0,0.0,0.0,0,0,0,Thing_Speak
S0801,11335,21,tcp,-,1e-06,1,1,1,0,1048576.0,1048576.0,2097152.0,1.0,20,20,20,20,20,20,0,1,1,0,0,1,0,0,0,0,120.0,120.0,120.0,120.0,0.0,0.0,0.0,0.0,0.0,0.0,0.0,120.0,120.0,60.0,84.852814,0.0,0.0,0.0,0.0,0.0,0.0,0.0,0.0,0.0,0.0,0.953674,0.953674,0.953674,0.953674,0.0,125829120.0,1.0,1.0,120.0,0.0,0.0,0.0,0.0,0.0,0.0,0.0,0.953674,0.953674,0.953674,0.953674,0.0,0.0,0.0,0.0,0.0,0.0,64,0,64,DOS_SYN_Hping
S0802,29084,21,tcp,-,5e-06,1,1,1,0,199728.761905,199728.761905,399457.52381,1.0,20,20,20,20,20,20,0,1,1,0,0,1,0,0,0,0,120.0,120.0,120.0,120.0,0.0,0.0,0.0,0.0,0.0,0.0,0.0,120.0,120.0,60.0,84.852814,0.0,0.0,0.0,0.0,0.0,0.0,0.0,0.0,0.0,0.0,5.0067900000000005,5.0067900000000005,5.0067900000000005,5.0067900000000005,0.0,23967451.428571,1.0,1.0,120.0,0.0,0.0,0.0,0.0,0.0,0.0,0.0,5.0067900000000005,5.0067900000000005,5.0067900000000005,5.0067900000000005,0.0,0.0,0.0,0.0,0.0,0.0,64,0,64,DOS_SYN_Hping
S0803,46114,21,tcp,-,2e-06,1,1,1,0,524288.0,524288.0,1048576.0,1.0,20,20,20,20,20,20,0,1,1,0,0,1,0,0,0,0,120.0,120.0,120.0,120.0,0.0,0.0,0.0,0.0,0.0,0.0,0.0,120.0,120.0,60.0,84.852814,0.0,0.0,0.0,0.0,0.0,0.0,0.0,0.0,0.0,0.0,1.907349,1.907349,1.907349,1.907349,0.0,62914560.0,1.0,1.0,120.0,0.0,0.0,0.0,0.0,0.0,0.0,0.0,1.907349,1.907349,1.907349,1.907349,0.0,0.0,0.0,0.0,0.0,0.0,64,0,64,DOS_SYN_Hping
S0804,692,21,tcp,-,2e-06,1,1,1,0,524288.0,524288.0,1048576.0,1.0,20,20,20,20,20,20,0,1,1,0,0,1,0,0,0,0,120.0,120.0,120.0,120.0,0.0,0.0,0.0,0.0,0.0,0.0,0.0,120.0,120.0,60.0,84.852814,0.0,0.0,0.0,0.0,0.0,0.0,0.0,0.0,0.0,0.0,1.907349,1.907349,1.907349,1.907349,0.0,62914560.0,1.0,1.0,120.0,0.0,0.0,0.0,0.0,0.0,0.0,0.0,1.907349,1.907349,1.907349,1.907349,0.0,0.0,0.0,0.0,0.0,0.0,64,0,64,DOS_SYN_Hping
S0805,3400,21,tcp,-,5e-06,1,1,1,0,199728.761905,199728.761905,399457.52381,1.0,20,20,20,20,20,20,0,1,1,0,0,1,0,0,0,0,120.0,120.0,120.0,120.0,0.0,0.0,0.0,0.0,0.0,0.0,0.0,120.0,120.0,60.0,84.852814,0.0,0.0,0.0,0.0,0.0,0.0,0.0,0.0,0.0,0.0,5.0067900000000005,5.0067900000000005,5.0067900000000005,5.0067900000000005,0.0,23967451.428571,1.0,1.0,120.0,0.0,0.0,0.0,0.0,0.0,0.0,0.0,5.0067900000000005,5.0067900000000005,5.0067900000000005,5.0067900000000005,0.0,0.0,0.0,0.0,0.0,0.0,64,0,64,DOS_SYN_Hping
S0806,49664,80,tcp,http,0.010869,4,3,2,0,368.01825,276.013688,644.031938,0.75,136,32,40,104,32,40,0,2,0,2,0,6,0,0,0,0,0.0,168.0,188.0,47.0,81.215762,0.0,0.0,0.0,0.0,0.0,0.0,168.0,188.0,26.857143,62.682875,1340.150833,7623.910904,10848.045349,3616.015116,3481.574357,1295.0897220000002,9557.962418,10853.052139,5426.52607,5842.733315,15.974045000000002,7623.910904,10869.026184,1811.504364,2951.358982,17296.85777,4.0,3.0,188.0,0.0,0.0,0.0,0.0,0.0,0.0,0.0,10869.026184,10869.026184,10869.026184,10869.026184,0.0,0.0,0.0,0.0,0.0,0.0,64240,65160,502,DDOS_Slowloris
S0807,64590,21,tcp,-,4e-06,1,1,1,0,246723.764706,246723.764706,493447.529412,1.0,20,20,20,20,20,20,0,1,1,0,0,1,0,0,0,0,120.0,120.0,120.0,120.0,0.0,0.0,0.0,0.0,0.0,0.0,0.0,120.0,120.0,60.0,84.852814,0.0,0.0,0.0,0.0,0.0,0.0,0.0,0.0,0.0,0.0,4.053116,4.053116,4.053116,4.053116,0.0,29606851.764706,1.0,1.0,120.0,0.0,0.0,0.0,0.0,0.0,0.0,0.0,4.053116,4.053116,4.053116,4.053116,0.0,0.0,0.0,0.0,0.0,0.0,64,0,64,DOS_SYN_Hping
S0808,46593,1883,tcp,mqtt,20.031208,10,6,3,4,0.499221,0.299533,0.798754,0.6,328,32,40,200,32,40,0,2,1,3,4,15,0,0,0,0,0.0,33.0,77.0,7.7,12.789318,0.0,22.0,35.0,5.8333330000000005,8.20772,0.0,33.0,112.0,7.0,11.021192,281.095505,17744889.974594,20031208.03833,2225689.782037,5830967.841561,751.0185240000002,1461018.08548,2012221.097946,402444.219589,607332.920467,281.095505,17744889.974594,20031208.03833,1335413.869222,4549966.19794,5.591275,3.333333,2.0,25.666667,11.666667,0.0,0.0,0.0,0.0,0.0,0.0,2286318.063736,2286318.063736,2286318.063736,2286318.063736,0.0,17744889.974594,17744889.974594,17744889.974594,17744889.974594,0.0,64240,26847,502,MQTT_Publish
S0809,21123,21,tcp,-,6e-06,1,1,1,0,167772.16,167772.16,335544.32,1.0,20,20,20,20,20,20,0,1,1,0,0,1,0,0,0,0,120.0,120.0,120.0,120.0,0.0,0.0,0.0,0.0,0.0,0.0,0.0,120.0,120.0,60.0,84.852814,0.0,0.0,0.0,0.0,0.0,0.0,0.0,0.0,0.0,0.0,5.960464,5.960464,5.960464,5.960464,0.0,20132659.2,1.0,1.0,120.0,0.0,0.0,0.0,0.0,0.0,0.0,0.0,5.960464,5.960464,5.960464,5.960464,0.0,0.0,0.0,0.0,0.0,0.0,64,0,64,DOS_SYN_Hping
S0810,17740,21,tcp,-,4e-06,1,1,1,0,246723.764706,246723.764706,493447.529412,1.0,20,20,20,20,20,20,0,1,1,0,0,1,0,0,0,0,120.0,120.0,120.0,120.0,0.0,0.0,0.0,0.0,0.0,0.0,0.0,120.0,120.0,60.0,84.852814,0.0,0.0,0.0,0.0,0.0,0.0,0.0,0.0,0.0,0.0,4.053116,4.053116,4.053116,4.053116,0.0,29606851.764706,1.0,1.0,120.0,0.0,0.0,0.0,0.0,0.0,0.0,0.0,4.053116,4.053116,4.053116,4.053116,0.0,0.0,0.0,0.0,0.0,0.0,64,0,64,DOS_SYN_Hping
S0811,1129,21,tcp,-,7.000000000000001e-06,1,1,1,0,144631.172414,144631.172414,289262.344828,1.0,20,20,20,20,20,20,0,1,1,0,0,1,0,0,0,0,120.0,120.0,120.0,120.0,0.0,0.0,0.0,0.0,0.0,0.0,0.0,120.0,120.0,60.0,84.852814,0.0,0.0,0.0,0.0,0.0,0.0,0.0,0.0,0.0,0.0,6.914139,6.914139,6.914139,6.914139,0.0,17355740.689655,1.0,1.0,120.0,0.0,0.0,0.0,0.0,0.0,0.0,0.0,6.914139,6.914139,6.914139,6.914139,0.0,0.0,0.0,0.0,0.0,0.0,64,0,64,DOS_SYN_Hping
S0812,19751,21,tcp,-,4e-06,1,1,1,0,246723.764706,246723.764706,493447.529412,1.0,20,20,20,20,20,20,0,1,1,0,0,1,0,0,0,0,120.0,120.0,120.0,120.0,0.0,0.0,0.0,0.0,0.0,0.0,0.0,120.0,120.0,60.0,84.852814,0.0,0.0,0.0,0.0,0.0,0.0,0.0,0.0,0.0,0.0,4.053116,4.053116,4.053116,4.053116,0.0,29606851.764706,1.0,1.0,120.0,0.0,0.0,0.0,0.0,0.0,0.0,0.0,4.053116,4.053116,4.053116,4.053116,0.0,0.0,0.0,0.0,0.0,0.0,64,0,64,DOS_SYN_Hping
S0813,58288,443,tcp,ssl,1.548619,14,12,3,9,9.040313,7.748839,16.789151999999998,0.857143,432,20,40,392,32,40,2,2,2,3,5,23,0,0,0,0,0.0,517.0,840.0,60.0,144.534798,0.0,1352.0,6084.0,507.0,635.817155,0.0,1352.0,6924.0,266.307692,490.287489,140.90538,297950.0294,1551081.896,119313.992,139788.5543,24.080276,379076.9577,1267373.085,115215.735,161233.2212,24.080276,295763.9694,1551081.896,62043.27583,114939.3128,4471.08027,14.0,12.0,840.0,6084.0,0.0,4548.0,0.0,5.0,0.0,4512821.053,1551081.896,1551081.896,1551081.896,1551081.896,0.0,0.0,0.0,0.0,0.0,0.0,64240,26847,0,Thing_Speak
S0814,25317,21,tcp,-,1e-06,1,1,1,0,1048576.0,1048576.0,2097152.0,1.0,20,20,20,20,20,20,0,1,1,0,0,1,0,0,0,0,120.0,120.0,120.0,120.0,0.0,0.0,0.0,0.0,0.0,0.0,0.0,120.0,120.0,60.0,84.852814,0.0,0.0,0.0,0.0,0.0,0.0,0.0,0.0,0.0,0.0,0.953674,0.953674,0.953674,0.953674,0.0,125829120.0,1.0,1.0,120.0,0.0,0.0,0.0,0.0,0.0,0.0,0.0,0.953674,0.953674,0.953674,0.953674,0.0,0.0,0.0,0.0,0.0,0.0,64,0,64,DOS_SYN_Hping
S0815,55954,21,tcp,-,6e-06,1,1,1,0,161319.38461500002,161319.38461500002,322638.769231,1.0,20,20,20,20,20,20,0,1,1,0,0,1,0,0,0,0,120.0,120.0,120.0,120.0,0.0,0.0,0.0,0.0,0.0,0.0,0.0,120.0,120.0,60.0,84.852814,0.0,0.0,0.0,0.0,0.0,0.0,0.0,0.0,0.0,0.0,6.198883,6.198883,6.198883,6.198883,0.0,19358326.153846,1.0,1.0,120.0,0.0,0.0,0.0,0.0,0.0,0.0,0.0,6.198883,6.198883,6.198883,6.198883,0.0,0.0,0.0,0.0,0.0,0.0,64,0,64,DOS_SYN_Hping
S0816,34362,21,tcp,-,5e-06,1,1,1,0,199728.761905,199728.761905,399457.52381,1.0,20,20,20,20,20,20,0,1,1,0,0,1,0,0,0,0,120.0,120.0,120.0,120.0,0.0,0.0,0.0,0.0,0.0,0.0,0.0,120.0,120.0,60.0,84.852814,0.0,0.0,0.0,0.0,0.0,0.0,0.0,0.0,0.0,0.0,5.0067900000000005,5.0067900000000005,5.0067900000000005,5.0067900000000005,0.0,23967451.428571,1.0,1.0,120.0,0.0,0.0,0.0,0.0,0.0,0.0,0.0,5.0067900000000005,5.0067900000000005,5.0067900000000005,5.0067900000000005,0.0,0.0,0.0,0.0,0.0,0.0,64,0,64,DOS_SYN_Hping
S0817,53993,53,udp,dns,0.0001419999999999,2,2,2,2,14098.50084,14098.50084,28197.001681,1.0,16,8,8,16,8,8,0,0,0,0,0,0,0,0,0,0,45.0,45.0,90.0,45.0,0.0,45.0,61.0,106.0,53.0,11.313708,45.0,61.0,196.0,49.0,8.0,5.0067900000000005,5.0067900000000005,5.0067900000000005,5.0067900000000005,0.0,46.014786,46.014786,46.014786,46.014786,0.0,5.0067900000000005,90.837479,141.859055,47.286352,42.92947,1381653.082353,2.0,2.0,90.0,106.0,0.0,0.0,0.0,0.0,0.0,0.0,141.859055,141.859055,141.859055,141.859055,0.0,0.0,0.0,0.0,0.0,0.0,0,0,0,ARP_poisioning
S0818,33438,443,tcp,ssl,3.3174019999999995,16,13,8,8,4.823051,3.918729,8.741781,0.8125,520,32,40,412,20,40,2,2,1,8,8,27,0,0,0,0,0.0,1116.0,2835.0,177.1875,341.242869,0.0,148.0,772.0,59.384615,64.46903499999999,0.0,1116.0,3607.0,124.37931,260.22729300000003,23.841858,3000047.922134,3317401.885986,221160.125732,769274.885715,10.01358,3000026.9412990003,3312155.008316,276012.91736,858438.982693,3.099442,3000005.00679,3377068.042755,120609.572956,564762.464972,1087.296663,8.0,6.5,1417.5,386.0,0.0,0.0,0.0,0.0,0.0,0.0,3377068.042755,3377068.042755,3377068.042755,3377068.042755,0.0,0.0,0.0,0.0,0.0,0.0,64240,26847,501,ARP_poisioning
S0819,27514,21,tcp,-,4e-06,1,1,1,0,246723.764706,246723.764706,493447.529412,1.0,20,20,20,20,20,20,0,1,1,0,0,1,0,0,0,0,120.0,120.0,120.0,120.0,0.0,0.0,0.0,0.0,0.0,0.0,0.0,120.0,120.0,60.0,84.852814,0.0,0.0,0.0,0.0,0.0,0.0,0.0,0.0,0.0,0.0,4.053116,4.053116,4.053116,4.053116,0.0,29606851.764706,1.0,1.0,120.0,0.0,0.0,0.0,0.0,0.0,0.0,0.0,4.053116,4.053116,4.053116,4.053116,0.0,0.0,0.0,0.0,0.0,0.0,64,0,64,DOS_SYN_Hping
S0820,53197,21,tcp,-,4e-06,1,1,1,0,246723.764706,246723.764706,493447.529412,1.0,20,20,20,20,20,20,0,1,1,0,0,1,0,0,0,0,120.0,120.0,120.0,120.0,0.0,0.0,0.0,0.0,0.0,0.0,0.0,120.0,120.0,60.0,84.852814,0.0,0.0,0.0,0.0,0.0,0.0,0.0,0.0,0.0,0.0,4.053116,4.053116,4.053116,4.053116,0.0,29606851.764706,1.0,1.0,120.0,0.0,0.0,0.0,0.0,0.0,0.0,0.0,4.053116,4.053116,4.053116,4.053116,0.0,0.0,0.0,0.0,0.0,0.0,64,0,64,DOS_SYN_Hping
S0821,22786,21,tcp,-,1e-06,1,1,1,0,1048576.0,1048576.0,2097152.0,1.0,20,20,20,20,20,20,0,1,1,0,0,1,0,0,0,0,120.0,120.0,120.0,120.0,0.0,0.0,0.0,0.0,0.0,0.0,0.0,120.0,120.0,60.0,84.852814,0.0,0.0,0.0,0.0,0.0,0.0,0.0,0.0,0.0,0.0,0.953674,0.953674,0.953674,0.953674,0.0,125829120.0,1.0,1.0,120.0,0.0,0.0,0.0,0.0,0.0,0.0,0.0,0.953674,0.953674,0.953674,0.953674,0.0,0.0,0.0,0.0,0.0,0.0,64,0,64,DOS_SYN_Hping
S0822,63767,21,tcp,-,5e-06,1,1,1,0,199728.761905,199728.761905,399457.52381,1.0,20,20,20,20,20,20,0,1,1,0,0,1,0,0,0,0,120.0,120.0,120.0,120.0,0.0,0.0,0.0,0.0,0.0,0.0,0.0,120.0,120.0,60.0,84.852814,0.0,0.0,0.0,0.0,0.0,0.0,0.0,0.0,0.0,0.0,5.0067900000000005,5.0067900000000005,5.0067900000000005,5.0067900000000005,0.0,23967451.428571,1.0,1.0,120.0,0.0,0.0,0.0,0.0,0.0,0.0,0.0,5.0067900000000005,5.0067900000000005,5.0067900000000005,5.0067900000000005,0.0,0.0,0.0,0.0,0.0,0.0,64,0,64,DOS_SYN_Hping
S0823,10680,21,tcp,-,4e-06,1,1,1,0,246723.764706,246723.764706,493447.529412,1.0,20,20,20,20,20,20,0,1,1,0,0,1,0,0,0,0,120.0,120.0,120.0,120.0,0.0,0.0,0.0,0.0,0.0,0.0,0.0,120.0,120.0,60.0,84.852814,0.0,0.0,0.0,0.0,0.0,0.0,0.0,0.0,0.0,0.0,4.053116,4.053116,4.053116,4.053116,0.0,29606851.764706,1.0,1.0,120.0,0.0,0.0,0.0,0.0,0.0,0.0,0.0,4.053116,4.053116,4.053116,4.053116,0.0,0.0,0.0,0.0,0.0,0.0,64,0,64,DOS_SYN_Hping
S0824,19745,21,tcp,-,4e-06,1,1,1,0,246723.764706,246723.764706,493447.529412,1.0,20,20,20,20,20,20,0,1,1,0,0,1,0,0,0,0,120.0,120.0,120.0,120.0,0.0,0.0,0.0,0.0,0.0,0.0,0.0,120.0,120.0,60.0,84.852814,0.0,0.0,0.0,0.0,0.0,0.0,0.0,0.0,0.0,0.0,4.053116,4.053116,4.053116,4.053116,0.0,29606851.764706,1.0,1.0,120.0,0.0,0.0,0.0,0.0,0.0,0.0,0.0,4.053116,4.053116,4.053116,4.053116,0.0,0.0,0.0,0.0,0.0,0.0,64,0,64,DOS_SYN_Hping
S0825,32262,21,tcp,-,4e-06,1,1,1,0,246723.764706,246723.764706,493447.529412,1.0,20,20,20,20,20,20,0,1,1,0,0,1,0,0,0,0,120.0,120.0,120.0,120.0,0.0,0.0,0.0,0.0,0.0,0.0,0.0,120.0,120.0,60.0,84.852814,0.0,0.0,0.0,0.0,0.0,0.0,0.0,0.0,0.0,0.0,4.053116,4.053116,4.053116,4.053116,0.0,29606851.764706,1.0,1.0,120.0,0.0,0.0,0.0,0.0,0.0,0.0,0.0,4.053116,4.053116,4.053116,4.053116,0.0,0.0,0.0,0.0,0.0,0.0,64,0,64,DOS_SYN_Hping
S0826,51036,49153,tcp,-,1e-05,1,1,0,0,99864.380952,99864.380952,199728.761905,1.0,20,20,20,20,20,20,0,0,1,0,0,1,0,0,0,0,0.0,0.0,0.0,0.0,0.0,0.0,0.0,0.0,0.0,0.0,0.0,0.0,0.0,0.0,0.0,0.0,0.0,0.0,0.0,0.0,0.0,0.0,0.0,0.0,0.0,10.01358,10.01358,10.01358,10.01358,0.0,0.0,1.0,1.0,0.0,0.0,0.0,0.0,0.0,0.0,0.0,0.0,10.01358,10.01358,10.01358,10.01358,0.0,0.0,0.0,0.0,0.0,0.0,1024,0,1024,NMAP_OS_DETECTION
S0827,7792,21,tcp,-,5e-06,1,1,1,0,199728.761905,199728.761905,399457.52381,1.0,20,20,20,20,20,20,0,1,1,0,0,1,0,0,0,0,120.0,120.0,120.0,120.0,0.0,0.0,0.0,0.0,0.0,0.0,0.0,120.0,120.0,60.0,84.852814,0.0,0.0,0.0,0.0,0.0,0.0,0.0,0.0,0.0,0.0,5.0067900000000005,5.0067900000000005,5.0067900000000005,5.0067900000000005,0.0,23967451.428571,1.0,1.0,120.0,0.0,0.0,0.0,0.0,0.0,0.0,0.0,5.0067900000000005,5.0067900000000005,5.0067900000000005,5.0067900000000005,0.0,0.0,0.0,0.0,0.0,0.0,64,0,64,DOS_SYN_Hping
S0828,47943,53,udp,dns,0.068324,2,2,2,2,29.272355,29.272355,58.54471,1.0,16,8,8,16,8,8,0,0,0,0,0,0,0,0,0,0,45.0,45.0,90.0,45.0,0.0,45.0,77.0,122.0,61.0,22.627417,45.0,77.0,212.0,53.0,16.0,7.867813000000001,7.867813000000001,7.867813000000001,7.867813000000001,0.0,68236.82785,68236.82785,68236.82785,68236.82785,0.0,7.867813000000001,68236.82785,68323.850632,22774.616877,39371.445749,3102.869613,2.0,2.0,90.0,122.0,0.0,0.0,0.0,0.0,0.0,0.0,68323.850632,68323.850632,68323.850632,68323.850632,0.0,0.0,0.0,0.0,0.0,0.0,0,0,0,ARP_poisioning
S0829,50715,53,udp,dns,0.056678,1,1,1,1,17.643587,17.643587,35.287173,1.0,8,8,8,8,8,8,0,0,0,0,0,0,0,0,0,0,42.0,42.0,42.0,42.0,0.0,170.0,170.0,170.0,170.0,0.0,42.0,170.0,212.0,106.0,90.509668,0.0,0.0,0.0,0.0,0.0,0.0,0.0,0.0,0.0,0.0,56677.8183,56677.8183,56677.8183,56677.8183,0.0,3740.440376,1.0,1.0,42.0,170.0,0.0,0.0,0.0,0.0,0.0,0.0,56677.8183,56677.8183,56677.8183,56677.8183,0.0,0.0,0.0,0.0,0.0,0.0,0,0,0,Thing_Speak
S0830,23685,21,tcp,-,1e-06,1,1,1,0,1048576.0,1048576.0,2097152.0,1.0,20,20,20,20,20,20,0,1,1,0,0,1,0,0,0,0,120.0,120.0,120.0,120.0,0.0,0.0,0.0,0.0,0.0,0.0,0.0,120.0,120.0,60.0,84.852814,0.0,0.0,0.0,0.0,0.0,0.0,0.0,0.0,0.0,0.0,0.953674,0.953674,0.953674,0.953674,0.0,125829120.0,1.0,1.0,120.0,0.0,0.0,0.0,0.0,0.0,0.0,0.0,0.953674,0.953674,0.953674,0.953674,0.0,0.0,0.0,0.0,0.0,0.0,64,0,64,DOS_SYN_Hping
S0831,37323,21,tcp,-,1e-06,1,1,1,0,1048576.0,1048576.0,2097152.0,1.0,20,20,20,20,20,20,0,1,1,0,0,1,0,0,0,0,120.0,120.0,120.0,120.0,0.0,0.0,0.0,0.0,0.0,0.0,0.0,120.0,120.0,60.0,84.852814,0.0,0.0,0.0,0.0,0.0,0.0,0.0,0.0,0.0,0.0,0.953674,0.953674,0.953674,0.953674,0.0,125829120.0,1.0,1.0,120.0,0.0,0.0,0.0,0.0,0.0,0.0,0.0,0.953674,0.953674,0.953674,0.953674,0.0,0.0,0.0,0.0,0.0,0.0,64,0,64,DOS_SYN_Hping
S0832,12457,21,tcp,-,1e-06,1,1,1,0,1048576.0,1048576.0,2097152.0,1.0,20,20,20,20,20,20,0,1,1,0,0,1,0,0,0,0,120.0,120.0,120.0,120.0,0.0,0.0,0.0,0.0,0.0,0.0,0.0,120.0,120.0,60.0,84.852814,0.0,0.0,0.0,0.0,0.0,0.0,0.0,0.0,0.0,0.0,0.953674,0.953674,0.953674,0.953674,0.0,125829120.0,1.0,1.0,120.0,0.0,0.0,0.0,0.0,0.0,0.0,0.0,0.953674,0.953674,0.953674,0.953674,0.0,0.0,0.0,0.0,0.0,0.0,64,0,64,DOS_SYN_Hping
S0833,1889,21,tcp,-,4e-06,1,1,1,0,246723.764706,246723.764706,493447.529412,1.0,20,20,20,20,20,20,0,1,1,0,0,1,0,0,0,0,120.0,120.0,120.0,120.0,0.0,0.0,0.0,0.0,0.0,0.0,0.0,120.0,120.0,60.0,84.852814,0.0,0.0,0.0,0.0,0.0,0.0,0.0,0.0,0.0,0.0,4.053116,4.053116,4.053116,4.053116,0.0,29606851.764706,1.0,1.0,120.0,0.0,0.0,0.0,0.0,0.0,0.0,0.0,4.053116,4.053116,4.053116,4.053116,0.0,0.0,0.0,0.0,0.0,0.0,64,0,64,DOS_SYN_Hping
S0834,9419,21,tcp,-,0.0,1,0,1,0,0.0,0.0,0.0,0.0,20,20,20,0,0,0,0,1,0,0,0,0,0,0,0,0,120.0,120.0,120.0,120.0,0.0,0.0,0.0,0.0,0.0,0.0,120.0,120.0,120.0,120.0,0.0,0.0,0.0,0.0,0.0,0.0,0.0,0.0,0.0,0.0,0.0,0.0,0.0,0.0,0.0,0.0,0.0,1.0,0.0,120.0,0.0,0.0,0.0,0.0,0.0,0.0,0.0,0.0,0.0,0.0,0.0,0.0,0.0,0.0,0.0,0.0,0.0,64,0,64,DOS_SYN_Hping
S0835,46514,21,tcp,-,1e-06,1,1,1,0,1048576.0,1048576.0,2097152.0,1.0,20,20,20,20,20,20,0,1,1,0,0,1,0,0,0,0,120.0,120.0,120.0,120.0,0.0,0.0,0.0,0.0,0.0,0.0,0.0,120.0,120.0,60.0,84.852814,0.0,0.0,0.0,0.0,0.0,0.0,0.0,0.0,0.0,0.0,0.953674,0.953674,0.953674,0.953674,0.0,125829120.0,1.0,1.0,120.0,0.0,0.0,0.0,0.0,0.0,0.0,0.0,0.953674,0.953674,0.953674,0.953674,0.0,0.0,0.0,0.0,0.0,0.0,64,0,64,DOS_SYN_Hping
S0836,7436,21,tcp,-,0.0,1,0,1,0,0.0,0.0,0.0,0.0,20,20,20,0,0,0,0,1,0,0,0,0,0,0,0,0,120.0,120.0,120.0,120.0,0.0,0.0,0.0,0.0,0.0,0.0,120.0,120.0,120.0,120.0,0.0,0.0,0.0,0.0,0.0,0.0,0.0,0.0,0.0,0.0,0.0,0.0,0.0,0.0,0.0,0.0,0.0,1.0,0.0,120.0,0.0,0.0,0.0,0.0,0.0,0.0,0.0,0.0,0.0,0.0,0.0,0.0,0.0,0.0,0.0,0.0,0.0,64,0,64,DOS_SYN_Hping
S0837,61347,21,tcp,-,1e-06,1,1,1,0,1048576.0,1048576.0,2097152.0,1.0,20,20,20,20,20,20,0,1,1,0,0,1,0,0,0,0,120.0,120.0,120.0,120.0,0.0,0.0,0.0,0.0,0.0,0.0,0.0,120.0,120.0,60.0,84.852814,0.0,0.0,0.0,0.0,0.0,0.0,0.0,0.0,0.0,0.0,0.953674,0.953674,0.953674,0.953674,0.0,125829120.0,1.0,1.0,120.0,0.0,0.0,0.0,0.0,0.0,0.0,0.0,0.953674,0.953674,0.953674,0.953674,0.0,0.0,0.0,0.0,0.0,0.0,64,0,64,DOS_SYN_Hping
S0838,33964,21,tcp,-,3e-06,1,1,1,0,322638.769231,322638.769231,645277.538462,1.0,20,20,20,20,20,20,0,1,1,0,0,1,0,0,0,0,120.0,120.0,120.0,120.0,0.0,0.0,0.0,0.0,0.0,0.0,0.0,120.0,120.0,60.0,84.852814,0.0,0.0,0.0,0.0,0.0,0.0,0.0,0.0,0.0,0.0,3.099442,3.099442,3.099442,3.099442,0.0,38716652.307692,1.0,1.0,120.0,0.0,0.0,0.0,0.0,0.0,0.0,0.0,3.099442,3.099442,3.099442,3.099442,0.0,0.0,0.0,0.0,0.0,0.0,64,0,64,DOS_SYN_Hping
S0839,59247,8651,tcp,-,4e-06,1,1,0,0,246723.764706,246723.764706,493447.529412,1.0,20,20,20,20,20,20,1,0,1,1,0,1,1,0,0,0,0.0,0.0,0.0,0.0,0.0,0.0,0.0,0.0,0.0,0.0,0.0,0.0,0.0,0.0,0.0,0.0,0.0,0.0,0.0,0.0,0.0,0.0,0.0,0.0,0.0,4.053116,4.053116,4.053116,4.053116,0.0,0.0,1.0,1.0,0.0,0.0,0.0,0.0,0.0,0.0,0.0,0.0,4.053116,4.053116,4.053116,4.053116,0.0,0.0,0.0,0.0,0.0,0.0,1024,0,1024,NMAP_XMAS_TREE_SCAN
S0840,63142,21,tcp,-,4e-06,1,1,1,0,262144.0,262144.0,524288.0,1.0,20,20,20,20,20,20,0,1,1,0,0,1,0,0,0,0,120.0,120.0,120.0,120.0,0.0,0.0,0.0,0.0,0.0,0.0,0.0,120.0,120.0,60.0,84.852814,0.0,0.0,0.0,0.0,0.0,0.0,0.0,0.0,0.0,0.0,3.814697,3.814697,3.814697,3.814697,0.0,31457280.0,1.0,1.0,120.0,0.0,0.0,0.0,0.0,0.0,0.0,0.0,3.814697,3.814697,3.814697,3.814697,0.0,0.0,0.0,0.0,0.0,0.0,64,0,64,DOS_SYN_Hping
S0841,53987,21,tcp,-,4e-06,1,1,1,0,262144.0,262144.0,524288.0,1.0,20,20,20,20,20,20,0,1,1,0,0,1,0,0,0,0,120.0,120.0,120.0,120.0,0.0,0.0,0.0,0.0,0.0,0.0,0.0,120.0,120.0,60.0,84.852814,0.0,0.0,0.0,0.0,0.0,0.0,0.0,0.0,0.0,0.0,3.814697,3.814697,3.814697,3.814697,0.0,31457280.0,1.0,1.0,120.0,0.0,0.0,0.0,0.0,0.0,0.0,0.0,3.814697,3.814697,3.814697,3.814697,0.0,0.0,0.0,0.0,0.0,0.0,64,0,64,DOS_SYN_Hping
S0842,34484,53,udp,dns,0.027495,2,2,2,2,72.740113,72.740113,145.480225,1.0,16,8,8,16,8,8,0,0,0,0,0,0,0,0,0,0,32.0,32.0,64.0,32.0,0.0,32.0,64.0,96.0,48.0,22.627417,32.0,64.0,160.0,40.0,16.0,1113.1763460000002,1113.1763460000002,1113.1763460000002,1113.1763460000002,0.0,26120.18585,26120.18585,26120.18585,26120.18585,0.0,261.7836,26120.18585,27495.1458,9165.048599,14689.74904,5819.209004,2.0,2.0,64.0,96.0,0.0,0.0,0.0,0.0,0.0,0.0,27495.1458,27495.1458,27495.1458,27495.1458,0.0,0.0,0.0,0.0,0.0,0.0,0,0,0,Thing_Speak
S0843,17635,21,tcp,-,3e-06,1,1,1,0,322638.769231,322638.769231,645277.538462,1.0,20,20,20,20,20,20,0,1,1,0,0,1,0,0,0,0,120.0,120.0,120.0,120.0,0.0,0.0,0.0,0.0,0.0,0.0,0.0,120.0,120.0,60.0,84.852814,0.0,0.0,0.0,0.0,0.0,0.0,0.0,0.0,0.0,0.0,3.099442,3.099442,3.099442,3.099442,0.0,38716652.307692,1.0,1.0,120.0,0.0,0.0,0.0,0.0,0.0,0.0,0.0,3.099442,3.099442,3.099442,3.099442,0.0,0.0,0.0,0.0,0.0,0.0,64,0,64,DOS_SYN_Hping
S0844,36657,21,tcp,-,1e-06,1,1,1,0,1048576.0,1048576.0,2097152.0,1.0,20,20,20,20,20,20,0,1,1,0,0,1,0,0,0,0,120.0,120.0,120.0,120.0,0.0,0.0,0.0,0.0,0.0,0.0,0.0,120.0,120.0,60.0,84.852814,0.0,0.0,0.0,0.0,0.0,0.0,0.0,0.0,0.0,0.0,0.953674,0.953674,0.953674,0.953674,0.0,125829120.0,1.0,1.0,120.0,0.0,0.0,0.0,0.0,0.0,0.0,0.0,0.953674,0.953674,0.953674,0.953674,0.0,0.0,0.0,0.0,0.0,0.0,64,0,64,DOS_SYN_Hping
S0845,46540,21,tcp,-,0.0,1,0,1,0,0.0,0.0,0.0,0.0,20,20,20,0,0,0,0,1,0,0,0,0,0,0,0,0,120.0,120.0,120.0,120.0,0.0,0.0,0.0,0.0,0.0,0.0,120.0,120.0,120.0,120.0,0.0,0.0,0.0,0.0,0.0,0.0,0.0,0.0,0.0,0.0,0.0,0.0,0.0,0.0,0.0,0.0,0.0,1.0,0.0,120.0,0.0,0.0,0.0,0.0,0.0,0.0,0.0,0.0,0.0,0.0,0.0,0.0,0.0,0.0,0.0,0.0,0.0,64,0,64,DOS_SYN_Hping
S0846,22152,21,tcp,-,2e-06,1,1,1,0,466033.777778,466033.777778,932067.555556,1.0,20,20,20,20,20,20,0,1,1,0,0,1,0,0,0,0,120.0,120.0,120.0,120.0,0.0,0.0,0.0,0.0,0.0,0.0,0.0,120.0,120.0,60.0,84.852814,0.0,0.0,0.0,0.0,0.0,0.0,0.0,0.0,0.0,0.0,2.145767,2.145767,2.145767,2.145767,0.0,55924053.33333299,1.0,1.0,120.0,0.0,0.0,0.0,0.0,0.0,0.0,0.0,2.145767,2.145767,2.145767,2.145767,0.0,0.0,0.0,0.0,0.0,0.0,64,0,64,DOS_SYN_Hping
S0847,18572,21,tcp,-,4e-06,1,1,1,0,246723.764706,246723.764706,493447.529412,1.0,20,20,20,20,20,20,0,1,1,0,0,1,0,0,0,0,120.0,120.0,120.0,120.0,0.0,0.0,0.0,0.0,0.0,0.0,0.0,120.0,120.0,60.0,84.852814,0.0,0.0,0.0,0.0,0.0,0.0,0.0,0.0,0.0,0.0,4.053116,4.053116,4.053116,4.053116,0.0,29606851.764706,1.0,1.0,120.0,0.0,0.0,0.0,0.0,0.0,0.0,0.0,4.053116,4.053116,4.053116,4.053116,0.0,0.0,0.0,0.0,0.0,0.0,64,0,64,DOS_SYN_Hping
S0848,22484,21,tcp,-,2e-06,1,1,1,0,524288.0,524288.0,1048576.0,1.0,20,20,20,20,20,20,0,1,1,0,0,1,0,0,0,0,120.0,120.0,120.0,120.0,0.0,0.0,0.0,0.0,0.0,0.0,0.0,120.0,120.0,60.0,84.852814,0.0,0.0,0.0,0.0,0.0,0.0,0.0,0.0,0.0,0.0,1.907349,1.907349,1.907349,1.907349,0.0,62914560.0,1.0,1.0,120.0,0.0,0.0,0.0,0.0,0.0,0.0,0.0,1.907349,1.907349,1.907349,1.907349,0.0,0.0,0.0,0.0,0.0,0.0,64,0,64,DOS_SYN_Hping
S0849,4551,21,tcp,-,6e-06,1,1,1,0,167772.16,167772.16,335544.32,1.0,20,20,20,20,20,20,0,1,1,0,0,1,0,0,0,0,120.0,120.0,120.0,120.0,0.0,0.0,0.0,0.0,0.0,0.0,0.0,120.0,120.0,60.0,84.852814,0.0,0.0,0.0,0.0,0.0,0.0,0.0,0.0,0.0,0.0,5.960464,5.960464,5.960464,5.960464,0.0,20132659.2,1.0,1.0,120.0,0.0,0.0,0.0,0.0,0.0,0.0,0.0,5.960464,5.960464,5.960464,5.960464,0.0,0.0,0.0,0.0,0.0,0.0,64,0,64,DOS_SYN_Hping
S0850,41480,5353,udp,dns,0.0,1,0,1,0,0.0,0.0,0.0,0.0,8,8,8,0,0,0,0,0,0,0,0,0,0,0,0,0,29.0,29.0,29.0,29.0,0.0,0.0,0.0,0.0,0.0,0.0,29.0,29.0,29.0,29.0,0.0,0.0,0.0,0.0,0.0,0.0,0.0,0.0,0.0,0.0,0.0,0.0,0.0,0.0,0.0,0.0,0.0,1.0,0.0,29.0,0.0,0.0,0.0,0.0,0.0,0.0,0.0,0.0,0.0,0.0,0.0,0.0,0.0,0.0,0.0,0.0,0.0,0,0,0,ARP_poisioning
S0851,43388,21,tcp,-,4e-06,1,1,1,0,246723.764706,246723.764706,493447.529412,1.0,20,20,20,20,20,20,0,1,1,0,0,1,0,0,0,0,120.0,120.0,120.0,120.0,0.0,0.0,0.0,0.0,0.0,0.0,0.0,120.0,120.0,60.0,84.852814,0.0,0.0,0.0,0.0,0.0,0.0,0.0,0.0,0.0,0.0,4.053116,4.053116,4.053116,4.053116,0.0,29606851.764706,1.0,1.0,120.0,0.0,0.0,0.0,0.0,0.0,0.0,0.0,4.053116,4.053116,4.053116,4.053116,0.0,0.0,0.0,0.0,0.0,0.0,64,0,64,DOS_SYN_Hping
S0852,51088,21,tcp,-,4e-06,1,1,1,0,246723.764706,246723.764706,493447.529412,1.0,20,20,20,20,20,20,0,1,1,0,0,1,0,0,0,0,120.0,120.0,120.0,120.0,0.0,0.0,0.0,0.0,0.0,0.0,0.0,120.0,120.0,60.0,84.852814,0.0,0.0,0.0,0.0,0.0,0.0,0.0,0.0,0.0,0.0,4.053116,4.053116,4.053116,4.053116,0.0,29606851.764706,1.0,1.0,120.0,0.0,0.0,0.0,0.0,0.0,0.0,0.0,4.053116,4.053116,4.053116,4.053116,0.0,0.0,0.0,0.0,0.0,0.0,64,0,64,DOS_SYN_Hping
S0853,51036,1334,tcp,-,6e-06,1,1,0,0,167772.16,167772.16,335544.32,1.0,20,20,20,20,20,20,0,0,1,0,0,1,0,0,0,0,0.0,0.0,0.0,0.0,0.0,0.0,0.0,0.0,0.0,0.0,0.0,0.0,0.0,0.0,0.0,0.0,0.0,0.0,0.0,0.0,0.0,0.0,0.0,0.0,0.0,5.960464,5.960464,5.960464,5.960464,0.0,0.0,1.0,1.0,0.0,0.0,0.0,0.0,0.0,0.0,0.0,0.0,5.960464,5.960464,5.960464,5.960464,0.0,0.0,0.0,0.0,0.0,0.0,1024,0,1024,NMAP_OS_DETECTION
S0854,35293,21,tcp,-,4e-06,1,1,1,0,246723.764706,246723.764706,493447.529412,1.0,20,20,20,20,20,20,0,1,1,0,0,1,0,0,0,0,120.0,120.0,120.0,120.0,0.0,0.0,0.0,0.0,0.0,0.0,0.0,120.0,120.0,60.0,84.852814,0.0,0.0,0.0,0.0,0.0,0.0,0.0,0.0,0.0,0.0,4.053116,4.053116,4.053116,4.053116,0.0,29606851.764706,1.0,1.0,120.0,0.0,0.0,0.0,0.0,0.0,0.0,0.0,4.053116,4.053116,4.053116,4.053116,0.0,0.0,0.0,0.0,0.0,0.0,64,0,64,DOS_SYN_Hping
S0855,60685,443,tcp,ssl,0.754499,10,11,5,4,13.253829,14.579212,27.833040000000004,1.1,204,20,24,224,20,24,2,2,2,5,4,20,0,0,0,0,0.0,357.0,808.0,80.8,120.888194,0.0,405.0,717.0,65.181818,123.869139,0.0,405.0,1525.0,72.61904799999998,119.632553,253.200531,211383.81958,811189.1746520002,90132.130517,62653.432455,46.014786,208230.018616,712783.813477,71278.381348,68426.727033,46.014786,167243.003845,811189.1746520002,40559.458733,38271.70176,2021.208887,10.0,11.0,808.0,717.0,0.0,0.0,0.0,0.0,0.0,0.0,811189.1746520002,811189.1746520002,811189.1746520002,811189.1746520002,0.0,0.0,0.0,0.0,0.0,0.0,4380,65535,4380,Wipro_bulb
S0856,6340,21,tcp,-,4e-06,1,1,1,0,246723.764706,246723.764706,493447.529412,1.0,20,20,20,20,20,20,0,1,1,0,0,1,0,0,0,0,120.0,120.0,120.0,120.0,0.0,0.0,0.0,0.0,0.0,0.0,0.0,120.0,120.0,60.0,84.852814,0.0,0.0,0.0,0.0,0.0,0.0,0.0,0.0,0.0,0.0,4.053116,4.053116,4.053116,4.053116,0.0,29606851.764706,1.0,1.0,120.0,0.0,0.0,0.0,0.0,0.0,0.0,0.0,4.053116,4.053116,4.053116,4.053116,0.0,0.0,0.0,0.0,0.0,0.0,64,0,64,DOS_SYN_Hping
S0857,53043,21,tcp,-,5e-06,1,1,1,0,199728.761905,199728.761905,399457.52381,1.0,20,20,20,20,20,20,0,1,1,0,0,1,0,0,0,0,120.0,120.0,120.0,120.0,0.0,0.0,0.0,0.0,0.0,0.0,0.0,120.0,120.0,60.0,84.852814,0.0,0.0,0.0,0.0,0.0,0.0,0.0,0.0,0.0,0.0,5.0067900000000005,5.0067900000000005,5.0067900000000005,5.0067900000000005,0.0,23967451.428571,1.0,1.0,120.0,0.0,0.0,0.0,0.0,0.0,0.0,0.0,5.0067900000000005,5.0067900000000005,5.0067900000000005,5.0067900000000005,0.0,0.0,0.0,0.0,0.0,0.0,64,0,64,DOS_SYN_Hping
S0858,51036,1067,tcp,-,7.000000000000001e-06,1,1,0,0,144631.172414,144631.172414,289262.344828,1.0,20,20,20,20,20,20,0,0,1,0,0,1,0,0,0,0,0.0,0.0,0.0,0.0,0.0,0.0,0.0,0.0,0.0,0.0,0.0,0.0,0.0,0.0,0.0,0.0,0.0,0.0,0.0,0.0,0.0,0.0,0.0,0.0,0.0,6.914139,6.914139,6.914139,6.914139,0.0,0.0,1.0,1.0,0.0,0.0,0.0,0.0,0.0,0.0,0.0,0.0,6.914139,6.914139,6.914139,6.914139,0.0,0.0,0.0,0.0,0.0,0.0,1024,0,1024,NMAP_OS_DETECTION
S0859,16062,21,tcp,-,5e-06,1,1,1,0,199728.761905,199728.761905,399457.52381,1.0,20,20,20,20,20,20,0,1,1,0,0,1,0,0,0,0,120.0,120.0,120.0,120.0,0.0,0.0,0.0,0.0,0.0,0.0,0.0,120.0,120.0,60.0,84.852814,0.0,0.0,0.0,0.0,0.0,0.0,0.0,0.0,0.0,0.0,5.0067900000000005,5.0067900000000005,5.0067900000000005,5.0067900000000005,0.0,23967451.428571,1.0,1.0,120.0,0.0,0.0,0.0,0.0,0.0,0.0,0.0,5.0067900000000005,5.0067900000000005,5.0067900000000005,5.0067900000000005,0.0,0.0,0.0,0.0,0.0,0.0,64,0,64,DOS_SYN_Hping
S0860,18502,21,tcp,-,4e-06,1,1,1,0,246723.764706,246723.764706,493447.529412,1.0,20,20,20,20,20,20,0,1,1,0,0,1,0,0,0,0,120.0,120.0,120.0,120.0,0.0,0.0,0.0,0.0,0.0,0.0,0.0,120.0,120.0,60.0,84.852814,0.0,0.0,0.0,0.0,0.0,0.0,0.0,0.0,0.0,0.0,4.053116,4.053116,4.053116,4.053116,0.0,29606851.764706,1.0,1.0,120.0,0.0,0.0,0.0,0.0,0.0,0.0,0.0,4.053116,4.053116,4.053116,4.053116,0.0,0.0,0.0,0.0,0.0,0.0,64,0,64,DOS_SYN_Hping
S0861,54373,21,tcp,-,5e-06,1,1,1,0,199728.761905,199728.761905,399457.52381,1.0,20,20,20,20,20,20,0,1,1,0,0,1,0,0,0,0,120.0,120.0,120.0,120.0,0.0,0.0,0.0,0.0,0.0,0.0,0.0,120.0,120.0,60.0,84.852814,0.0,0.0,0.0,0.0,0.0,0.0,0.0,0.0,0.0,0.0,5.0067900000000005,5.0067900000000005,5.0067900000000005,5.0067900000000005,0.0,23967451.428571,1.0,1.0,120.0,0.0,0.0,0.0,0.0,0.0,0.0,0.0,5.0067900000000005,5.0067900000000005,5.0067900000000005,5.0067900000000005,0.0,0.0,0.0,0.0,0.0,0.0,64,0,64,DOS_SYN_Hping
S0862,47316,21,tcp,-,4e-06,1,1,1,0,262144.0,262144.0,524288.0,1.0,20,20,20,20,20,20,0,1,1,0,0,1,0,0,0,0,120.0,120.0,120.0,120.0,0.0,0.0,0.0,0.0,0.0,0.0,0.0,120.0,120.0,60.0,84.852814,0.0,0.0,0.0,0.0,0.0,0.0,0.0,0.0,0.0,0.0,3.814697,3.814697,3.814697,3.814697,0.0,31457280.0,1.0,1.0,120.0,0.0,0.0,0.0,0.0,0.0,0.0,0.0,3.814697,3.814697,3.814697,3.814697,0.0,0.0,0.0,0.0,0.0,0.0,64,0,64,DOS_SYN_Hping
S0863,30078,21,tcp,-,1e-06,1,1,1,0,1048576.0,1048576.0,2097152.0,1.0,20,20,20,20,20,20,0,1,1,0,0,1,0,0,0,0,120.0,120.0,120.0,120.0,0.0,0.0,0.0,0.0,0.0,0.0,0.0,120.0,120.0,60.0,84.852814,0.0,0.0,0.0,0.0,0.0,0.0,0.0,0.0,0.0,0.0,0.953674,0.953674,0.953674,0.953674,0.0,125829120.0,1.0,1.0,120.0,0.0,0.0,0.0,0.0,0.0,0.0,0.0,0.953674,0.953674,0.953674,0.953674,0.0,0.0,0.0,0.0,0.0,0.0,64,0,64,DOS_SYN_Hping
S0864,15081,21,tcp,-,0.0,1,0,1,0,0.0,0.0,0.0,0.0,20,20,20,0,0,0,0,1,0,0,0,0,0,0,0,0,120.0,120.0,120.0,120.0,0.0,0.0,0.0,0.0,0.0,0.0,120.0,120.0,120.0,120.0,0.0,0.0,0.0,0.0,0.0,0.0,0.0,0.0,0.0,0.0,0.0,0.0,0.0,0.0,0.0,0.0,0.0,1.0,0.0,120.0,0.0,0.0,0.0,0.0,0.0,0.0,0.0,0.0,0.0,0.0,0.0,0.0,0.0,0.0,0.0,0.0,0.0,64,0,64,DOS_SYN_Hping
S0865,60225,21,tcp,-,5e-06,1,1,1,0,199728.761905,199728.761905,399457.52381,1.0,20,20,20,20,20,20,0,1,1,0,0,1,0,0,0,0,120.0,120.0,120.0,120.0,0.0,0.0,0.0,0.0,0.0,0.0,0.0,120.0,120.0,60.0,84.852814,0.0,0.0,0.0,0.0,0.0,0.0,0.0,0.0,0.0,0.0,5.0067900000000005,5.0067900000000005,5.0067900000000005,5.0067900000000005,0.0,23967451.428571,1.0,1.0,120.0,0.0,0.0,0.0,0.0,0.0,0.0,0.0,5.0067900000000005,5.0067900000000005,5.0067900000000005,5.0067900000000005,0.0,0.0,0.0,0.0,0.0,0.0,64,0,64,DOS_SYN_Hping
S0866,63644,21,tcp,-,1e-06,1,1,1,0,1048576.0,1048576.0,2097152.0,1.0,20,20,20,20,20,20,0,1,1,0,0,1,0,0,0,0,120.0,120.0,120.0,120.0,0.0,0.0,0.0,0.0,0.0,0.0,0.0,120.0,120.0,60.0,84.852814,0.0,0.0,0.0,0.0,0.0,0.0,0.0,0.0,0.0,0.0,0.953674,0.953674,0.953674,0.953674,0.0,125829120.0,1.0,1.0,120.0,0.0,0.0,0.0,0.0,0.0,0.0,0.0,0.953674,0.953674,0.953674,0.953674,0.0,0.0,0.0,0.0,0.0,0.0,64,0,64,DOS_SYN_Hping
S0867,30025,21,tcp,-,1e-06,1,1,1,0,1048576.0,1048576.0,2097152.0,1.0,20,20,20,20,20,20,0,1,1,0,0,1,0,0,0,0,120.0,120.0,120.0,120.0,0.0,0.0,0.0,0.0,0.0,0.0,0.0,120.0,120.0,60.0,84.852814,0.0,0.0,0.0,0.0,0.0,0.0,0.0,0.0,0.0,0.0,0.953674,0.953674,0.953674,0.953674,0.0,125829120.0,1.0,1.0,120.0,0.0,0.0,0.0,0.0,0.0,0.0,0.0,0.953674,0.953674,0.953674,0.953674,0.0,0.0,0.0,0.0,0.0,0.0,64,0,64,DOS_SYN_Hping
S0868,39038,80,tcp,http,0.884732,7,5,2,1,7.912000000000001,5.651429,13.563429,0.714286,232,32,40,168,32,40,2,2,0,2,1,11,0,0,0,0,0.0,169.0,214.0,30.571429,63.303126,0.0,538.0,538.0,107.6,240.600914,0.0,538.0,752.0,62.666667,157.51036499999998,92.983246,313565.0158,886651.0391,147775.1732,161135.4597,76.055527,286545.9919,603276.0143,150819.0036,157097.8973,76.055527,282157.8979,886651.0391,80604.63992,129421.0616,849.9749,7.0,5.0,214.0,538.0,0.0,0.0,0.0,0.0,0.0,0.0,886651.0391,886651.0391,886651.0391,886651.0391,0.0,0.0,0.0,0.0,0.0,0.0,64240,26847,501,Thing_Speak
S0869,12606,21,tcp,-,4e-06,1,1,1,0,246723.764706,246723.764706,493447.529412,1.0,20,20,20,20,20,20,0,1,1,0,0,1,0,0,0,0,120.0,120.0,120.0,120.0,0.0,0.0,0.0,0.0,0.0,0.0,0.0,120.0,120.0,60.0,84.852814,0.0,0.0,0.0,0.0,0.0,0.0,0.0,0.0,0.0,0.0,4.053116,4.053116,4.053116,4.053116,0.0,29606851.764706,1.0,1.0,120.0,0.0,0.0,0.0,0.0,0.0,0.0,0.0,4.053116,4.053116,4.053116,4.053116,0.0,0.0,0.0,0.0,0.0,0.0,64,0,64,DOS_SYN_Hping
S0870,65043,53,udp,dns,0.130091,1,1,1,1,7.68693,7.68693,15.373859,1.0,8,8,8,8,8,8,0,0,0,0,0,0,0,0,0,0,53.0,53.0,53.0,53.0,0.0,192.0,192.0,192.0,192.0,0.0,53.0,192.0,245.0,122.5,98.287843,0.0,0.0,0.0,0.0,0.0,0.0,0.0,0.0,0.0,0.0,130090.9519,130090.9519,130090.9519,130090.9519,0.0,1883.297773,1.0,1.0,53.0,192.0,0.0,0.0,0.0,0.0,0.0,0.0,130090.9519,130090.9519,130090.9519,130090.9519,0.0,0.0,0.0,0.0,0.0,0.0,0,0,0,Thing_Speak
S0871,64177,49211,udp,-,0.0,1,0,1,0,0.0,0.0,0.0,0.0,8,8,8,0,0,0,0,0,0,0,0,0,0,0,0,0,40.0,40.0,40.0,40.0,0.0,0.0,0.0,0.0,0.0,0.0,40.0,40.0,40.0,40.0,0.0,0.0,0.0,0.0,0.0,0.0,0.0,0.0,0.0,0.0,0.0,0.0,0.0,0.0,0.0,0.0,0.0,1.0,0.0,40.0,0.0,0.0,0.0,0.0,0.0,0.0,0.0,0.0,0.0,0.0,0.0,0.0,0.0,0.0,0.0,0.0,0.0,0,0,0,NMAP_UDP_SCAN
S0872,23634,21,tcp,-,1e-06,1,1,1,0,1048576.0,1048576.0,2097152.0,1.0,20,20,20,20,20,20,0,1,1,0,0,1,0,0,0,0,120.0,120.0,120.0,120.0,0.0,0.0,0.0,0.0,0.0,0.0,0.0,120.0,120.0,60.0,84.852814,0.0,0.0,0.0,0.0,0.0,0.0,0.0,0.0,0.0,0.0,0.953674,0.953674,0.953674,0.953674,0.0,125829120.0,1.0,1.0,120.0,0.0,0.0,0.0,0.0,0.0,0.0,0.0,0.953674,0.953674,0.953674,0.953674,0.0,0.0,0.0,0.0,0.0,0.0,64,0,64,DOS_SYN_Hping
S0873,25882,21,tcp,-,2e-06,1,1,1,0,524288.0,524288.0,1048576.0,1.0,20,20,20,20,20,20,0,1,1,0,0,1,0,0,0,0,120.0,120.0,120.0,120.0,0.0,0.0,0.0,0.0,0.0,0.0,0.0,120.0,120.0,60.0,84.852814,0.0,0.0,0.0,0.0,0.0,0.0,0.0,0.0,0.0,0.0,1.907349,1.907349,1.907349,1.907349,0.0,62914560.0,1.0,1.0,120.0,0.0,0.0,0.0,0.0,0.0,0.0,0.0,1.907349,1.907349,1.907349,1.907349,0.0,0.0,0.0,0.0,0.0,0.0,64,0,64,DOS_SYN_Hping
S0874,63069,21,tcp,-,3e-06,1,1,1,0,322638.769231,322638.769231,645277.538462,1.0,20,20,20,20,20,20,0,1,1,0,0,1,0,0,0,0,120.0,120.0,120.0,120.0,0.0,0.0,0.0,0.0,0.0,0.0,0.0,120.0,120.0,60.0,84.852814,0.0,0.0,0.0,0.0,0.0,0.0,0.0,0.0,0.0,0.0,3.099442,3.099442,3.099442,3.099442,0.0,38716652.307692,1.0,1.0,120.0,0.0,0.0,0.0,0.0,0.0,0.0,0.0,3.099442,3.099442,3.099442,3.099442,0.0,0.0,0.0,0.0,0.0,0.0,64,0,64,DOS_SYN_Hping
S0875,18914,21,tcp,-,0.0,1,0,1,0,0.0,0.0,0.0,0.0,20,20,20,0,0,0,0,1,0,0,0,0,0,0,0,0,120.0,120.0,120.0,120.0,0.0,0.0,0.0,0.0,0.0,0.0,120.0,120.0,120.0,120.0,0.0,0.0,0.0,0.0,0.0,0.0,0.0,0.0,0.0,0.0,0.0,0.0,0.0,0.0,0.0,0.0,0.0,1.0,0.0,120.0,0.0,0.0,0.0,0.0,0.0,0.0,0.0,0.0,0.0,0.0,0.0,0.0,0.0,0.0,0.0,0.0,0.0,64,0,64,DOS_SYN_Hping
S0876,53311,21,tcp,-,4e-06,1,1,1,0,246723.764706,246723.764706,493447.529412,1.0,20,20,20,20,20,20,0,1,1,0,0,1,0,0,0,0,120.0,120.0,120.0,120.0,0.0,0.0,0.0,0.0,0.0,0.0,0.0,120.0,120.0,60.0,84.852814,0.0,0.0,0.0,0.0,0.0,0.0,0.0,0.0,0.0,0.0,4.053116,4.053116,4.053116,4.053116,0.0,29606851.764706,1.0,1.0,120.0,0.0,0.0,0.0,0.0,0.0,0.0,0.0,4.053116,4.053116,4.053116,4.053116,0.0,0.0,0.0,0.0,0.0,0.0,64,0,64,DOS_SYN_Hping
S0877,3113,21,tcp,-,5e-06,1,1,1,0,199728.761905,199728.761905,399457.52381,1.0,20,20,20,20,20,20,0,1,1,0,0,1,0,0,0,0,120.0,120.0,120.0,120.0,0.0,0.0,0.0,0.0,0.0,0.0,0.0,120.0,120.0,60.0,84.852814,0.0,0.0,0.0,0.0,0.0,0.0,0.0,0.0,0.0,0.0,5.0067900000000005,5.0067900000000005,5.0067900000000005,5.0067900000000005,0.0,23967451.428571,1.0,1.0,120.0,0.0,0.0,0.0,0.0,0.0,0.0,0.0,5.0067900000000005,5.0067900000000005,5.0067900000000005,5.0067900000000005,0.0,0.0,0.0,0.0,0.0,0.0,64,0,64,DOS_SYN_Hping
S0878,11622,21,tcp,-,4e-06,1,1,1,0,246723.764706,246723.764706,493447.529412,1.0,20,20,20,20,20,20,0,1,1,0,0,1,0,0,0,0,120.0,120.0,120.0,120.0,0.0,0.0,0.0,0.0,0.0,0.0,0.0,120.0,120.0,60.0,84.852814,0.0,0.0,0.0,0.0,0.0,0.0,0.0,0.0,0.0,0.0,4.053116,4.053116,4.053116,4.053116,0.0,29606851.764706,1.0,1.0,120.0,0.0,0.0,0.0,0.0,0.0,0.0,0.0,4.053116,4.053116,4.053116,4.053116,0.0,0.0,0.0,0.0,0.0,0.0,64,0,64,DOS_SYN_Hping
S0879,41324,21,tcp,-,4e-06,1,1,1,0,246723.764706,246723.764706,493447.529412,1.0,20,20,20,20,20,20,0,1,1,0,0,1,0,0,0,0,120.0,120.0,120.0,120.0,0.0,0.0,0.0,0.0,0.0,0.0,0.0,120.0,120.0,60.0,84.852814,0.0,0.0,0.0,0.0,0.0,0.0,0.0,0.0,0.0,0.0,4.053116,4.053116,4.053116,4.053116,0.0,29606851.764706,1.0,1.0,120.0,0.0,0.0,0.0,0.0,0.0,0.0,0.0,4.053116,4.053116,4.053116,4.053116,0.0,0.0,0.0,0.0,0.0,0.0,64,0,64,DOS_SYN_Hping
S0880,3774,21,tcp,-,5e-06,1,1,1,0,199728.761905,199728.761905,399457.52381,1.0,20,20,20,20,20,20,0,1,1,0,0,1,0,0,0,0,120.0,120.0,120.0,120.0,0.0,0.0,0.0,0.0,0.0,0.0,0.0,120.0,120.0,60.0,84.852814,0.0,0.0,0.0,0.0,0.0,0.0,0.0,0.0,0.0,0.0,5.0067900000000005,5.0067900000000005,5.0067900000000005,5.0067900000000005,0.0,23967451.428571,1.0,1.0,120.0,0.0,0.0,0.0,0.0,0.0,0.0,0.0,5.0067900000000005,5.0067900000000005,5.0067900000000005,5.0067900000000005,0.0,0.0,0.0,0.0,0.0,0.0,64,0,64,DOS_SYN_Hping
S0881,33159,1883,tcp,mqtt,62.04557,10,6,3,4,0.161172,0.096703,0.257875,0.6,328,32,40,200,32,40,0,2,1,3,4,15,0,0,0,0,0.0,33.0,78.0,7.8,12.934021,0.0,23.0,36.0,6.0,8.602325,0.0,33.0,114.0,7.125,11.218289,239.133835,59816115.856171,62045569.896698,6893952.210744,19849448.500384,182.151794,1486287.83226,1982352.018356,396470.403671,621565.209937,182.151794,59816115.856171,62045569.896698,4136371.326447,15406623.309216,1.837359,3.333333,2.0,26.0,12.0,0.0,0.0,0.0,0.0,0.0,0.0,2229454.040527,2229454.040527,2229454.040527,2229454.040527,0.0,59816115.856171,59816115.856171,59816115.856171,59816115.856171,0.0,64240,26847,502,MQTT_Publish
S0882,10836,21,tcp,-,4e-06,1,1,1,0,262144.0,262144.0,524288.0,1.0,20,20,20,20,20,20,0,1,1,0,0,1,0,0,0,0,120.0,120.0,120.0,120.0,0.0,0.0,0.0,0.0,0.0,0.0,0.0,120.0,120.0,60.0,84.852814,0.0,0.0,0.0,0.0,0.0,0.0,0.0,0.0,0.0,0.0,3.814697,3.814697,3.814697,3.814697,0.0,31457280.0,1.0,1.0,120.0,0.0,0.0,0.0,0.0,0.0,0.0,0.0,3.814697,3.814697,3.814697,3.814697,0.0,0.0,0.0,0.0,0.0,0.0,64,0,64,DOS_SYN_Hping
S0883,57831,5353,udp,dns,0.0,1,0,1,0,0.0,0.0,0.0,0.0,8,8,8,0,0,0,0,0,0,0,0,0,0,0,0,0,29.0,29.0,29.0,29.0,0.0,0.0,0.0,0.0,0.0,0.0,29.0,29.0,29.0,29.0,0.0,0.0,0.0,0.0,0.0,0.0,0.0,0.0,0.0,0.0,0.0,0.0,0.0,0.0,0.0,0.0,0.0,1.0,0.0,29.0,0.0,0.0,0.0,0.0,0.0,0.0,0.0,0.0,0.0,0.0,0.0,0.0,0.0,0.0,0.0,0.0,0.0,0,0,0,ARP_poisioning
S0884,36871,21,tcp,-,0.0,1,0,1,0,0.0,0.0,0.0,0.0,20,20,20,0,0,0,0,1,0,0,0,0,0,0,0,0,120.0,120.0,120.0,120.0,0.0,0.0,0.0,0.0,0.0,0.0,120.0,120.0,120.0,120.0,0.0,0.0,0.0,0.0,0.0,0.0,0.0,0.0,0.0,0.0,0.0,0.0,0.0,0.0,0.0,0.0,0.0,1.0,0.0,120.0,0.0,0.0,0.0,0.0,0.0,0.0,0.0,0.0,0.0,0.0,0.0,0.0,0.0,0.0,0.0,0.0,0.0,64,0,64,DOS_SYN_Hping
S0885,46165,1883,tcp,mqtt,43.985781,10,6,3,4,0.227346,0.136408,0.363754,0.6,328,32,40,200,32,40,0,2,1,3,4,15,0,0,0,0,0.0,33.0,78.0,7.8,12.934021,0.0,23.0,36.0,6.0,8.602325,0.0,33.0,114.0,7.125,11.218289,351.190567,41887115.00167801,43985780.954361,4887308.994929,13882685.308717,6713.151931999999,1627921.1044309996,1950042.963028,390008.592606,695870.074628,351.190567,41887115.00167801,43985780.954361,2932385.396957,10782983.496184,2.591747,3.333333,2.0,26.0,12.0,0.0,0.0,0.0,0.0,0.0,0.0,2098665.952682,2098665.952682,2098665.952682,2098665.952682,0.0,41887115.00167801,41887115.00167801,41887115.00167801,41887115.00167801,0.0,64240,26847,502,MQTT_Publish
S0886,44972,80,tcp,http,0.809786,7,5,2,1,8.644261,6.174472,14.818732999999998,0.714286,232,32,40,168,32,40,2,2,0,2,1,11,0,0,0,0,0.0,169.0,203.0,29.0,63.02116,0.0,539.0,539.0,107.8,241.048128,0.0,539.0,742.0,61.833333,157.929117,92.029572,285633.0872,811705.8277,135284.3046,148225.1228,62.227249,259579.8969,542497.8733,135624.4683,140620.7154,62.227249,267287.9696,811705.8277,73791.43888,118348.843,916.291642,7.0,5.0,203.0,539.0,0.0,0.0,0.0,0.0,0.0,0.0,811705.8277,811705.8277,811705.8277,811705.8277,0.0,0.0,0.0,0.0,0.0,0.0,64240,26847,501,Thing_Speak
S0887,45225,1883,tcp,mqtt,28.966695,10,6,3,4,0.345224,0.207134,0.552358,0.6,328,32,40,200,32,40,0,2,1,3,4,15,0,0,0,0,0.0,33.0,78.0,7.8,12.934021,0.0,23.0,36.0,6.0,8.602325,0.0,33.0,114.0,7.125,11.218289,244.855881,26868986.129761,28966695.070267,3218521.674474,8881204.958867999,74.148178,1652575.969696,1948457.956314,389691.591263,709625.501286,74.148178,26868986.129761,28966695.070267,1931113.004684,6909083.482113001,3.935554,3.333333,2.0,26.0,12.0,0.0,0.0,0.0,0.0,0.0,0.0,2097708.940506,2097708.940506,2097708.940506,2097708.940506,0.0,26868986.129761,26868986.129761,26868986.129761,26868986.129761,0.0,64240,26847,502,MQTT_Publish
S0888,7866,21,tcp,-,1e-06,1,1,1,0,1048576.0,1048576.0,2097152.0,1.0,20,20,20,20,20,20,0,1,1,0,0,1,0,0,0,0,120.0,120.0,120.0,120.0,0.0,0.0,0.0,0.0,0.0,0.0,0.0,120.0,120.0,60.0,84.852814,0.0,0.0,0.0,0.0,0.0,0.0,0.0,0.0,0.0,0.0,0.953674,0.953674,0.953674,0.953674,0.0,125829120.0,1.0,1.0,120.0,0.0,0.0,0.0,0.0,0.0,0.0,0.0,0.953674,0.953674,0.953674,0.953674,0.0,0.0,0.0,0.0,0.0,0.0,64,0,64,DOS_SYN_Hping
S0889,33214,21,tcp,-,1e-06,1,1,1,0,838860.8,838860.8,1677721.6,1.0,20,20,20,20,20,20,0,1,1,0,0,1,0,0,0,0,120.0,120.0,120.0,120.0,0.0,0.0,0.0,0.0,0.0,0.0,0.0,120.0,120.0,60.0,84.852814,0.0,0.0,0.0,0.0,0.0,0.0,0.0,0.0,0.0,0.0,1.192093,1.192093,1.192093,1.192093,0.0,100663296.0,1.0,1.0,120.0,0.0,0.0,0.0,0.0,0.0,0.0,0.0,1.192093,1.192093,1.192093,1.192093,0.0,0.0,0.0,0.0,0.0,0.0,64,0,64,DOS_SYN_Hping
S0890,2935,21,tcp,-,2e-06,1,1,1,0,524288.0,524288.0,1048576.0,1.0,20,20,20,20,20,20,0,1,1,0,0,1,0,0,0,0,120.0,120.0,120.0,120.0,0.0,0.0,0.0,0.0,0.0,0.0,0.0,120.0,120.0,60.0,84.852814,0.0,0.0,0.0,0.0,0.0,0.0,0.0,0.0,0.0,0.0,1.907349,1.907349,1.907349,1.907349,0.0,62914560.0,1.0,1.0,120.0,0.0,0.0,0.0,0.0,0.0,0.0,0.0,1.907349,1.907349,1.907349,1.907349,0.0,0.0,0.0,0.0,0.0,0.0,64,0,64,DOS_SYN_Hping
S0891,32651,21,tcp,-,5e-06,1,1,1,0,199728.761905,199728.761905,399457.52381,1.0,20,20,20,20,20,20,0,1,1,0,0,1,0,0,0,0,120.0,120.0,120.0,120.0,0.0,0.0,0.0,0.0,0.0,0.0,0.0,120.0,120.0,60.0,84.852814,0.0,0.0,0.0,0.0,0.0,0.0,0.0,0.0,0.0,0.0,5.0067900000000005,5.0067900000000005,5.0067900000000005,5.0067900000000005,0.0,23967451.428571,1.0,1.0,120.0,0.0,0.0,0.0,0.0,0.0,0.0,0.0,5.0067900000000005,5.0067900000000005,5.0067900000000005,5.0067900000000005,0.0,0.0,0.0,0.0,0.0,0.0,64,0,64,DOS_SYN_Hping
S0892,51325,21,tcp,-,4e-06,1,1,1,0,246723.764706,246723.764706,493447.529412,1.0,20,20,20,20,20,20,0,1,1,0,0,1,0,0,0,0,120.0,120.0,120.0,120.0,0.0,0.0,0.0,0.0,0.0,0.0,0.0,120.0,120.0,60.0,84.852814,0.0,0.0,0.0,0.0,0.0,0.0,0.0,0.0,0.0,0.0,4.053116,4.053116,4.053116,4.053116,0.0,29606851.764706,1.0,1.0,120.0,0.0,0.0,0.0,0.0,0.0,0.0,0.0,4.053116,4.053116,4.053116,4.053116,0.0,0.0,0.0,0.0,0.0,0.0,64,0,64,DOS_SYN_Hping
S0893,49079,21,tcp,-,1e-06,1,1,1,0,838860.8,838860.8,1677721.6,1.0,20,20,20,20,20,20,0,1,1,0,0,1,0,0,0,0,120.0,120.0,120.0,120.0,0.0,0.0,0.0,0.0,0.0,0.0,0.0,120.0,120.0,60.0,84.852814,0.0,0.0,0.0,0.0,0.0,0.0,0.0,0.0,0.0,0.0,1.192093,1.192093,1.192093,1.192093,0.0,100663296.0,1.0,1.0,120.0,0.0,0.0,0.0,0.0,0.0,0.0,0.0,1.192093,1.192093,1.192093,1.192093,0.0,0.0,0.0,0.0,0.0,0.0,64,0,64,DOS_SYN_Hping
S0894,43956,21,tcp,-,3e-06,1,1,1,0,322638.769231,322638.769231,645277.538462,1.0,20,20,20,20,20,20,0,1,1,0,0,1,0,0,0,0,120.0,120.0,120.0,120.0,0.0,0.0,0.0,0.0,0.0,0.0,0.0,120.0,120.0,60.0,84.852814,0.0,0.0,0.0,0.0,0.0,0.0,0.0,0.0,0.0,0.0,3.099442,3.099442,3.099442,3.099442,0.0,38716652.307692,1.0,1.0,120.0,0.0,0.0,0.0,0.0,0.0,0.0,0.0,3.099442,3.099442,3.099442,3.099442,0.0,0.0,0.0,0.0,0.0,0.0,64,0,64,DOS_SYN_Hping
S0895,41243,21,tcp,-,4e-06,1,1,1,0,246723.764706,246723.764706,493447.529412,1.0,20,20,20,20,20,20,0,1,1,0,0,1,0,0,0,0,120.0,120.0,120.0,120.0,0.0,0.0,0.0,0.0,0.0,0.0,0.0,120.0,120.0,60.0,84.852814,0.0,0.0,0.0,0.0,0.0,0.0,0.0,0.0,0.0,0.0,4.053116,4.053116,4.053116,4.053116,0.0,29606851.764706,1.0,1.0,120.0,0.0,0.0,0.0,0.0,0.0,0.0,0.0,4.053116,4.053116,4.053116,4.053116,0.0,0.0,0.0,0.0,0.0,0.0,64,0,64,DOS_SYN_Hping
S0896,22767,21,tcp,-,1e-06,1,1,1,0,1048576.0,1048576.0,2097152.0,1.0,20,20,20,20,20,20,0,1,1,0,0,1,0,0,0,0,120.0,120.0,120.0,120.0,0.0,0.0,0.0,0.0,0.0,0.0,0.0,120.0,120.0,60.0,84.852814,0.0,0.0,0.0,0.0,0.0,0.0,0.0,0.0,0.0,0.0,0.953674,0.953674,0.953674,0.953674,0.0,125829120.0,1.0,1.0,120.0,0.0,0.0,0.0,0.0,0.0,0.0,0.0,0.953674,0.953674,0.953674,0.953674,0.0,0.0,0.0,0.0,0.0,0.0,64,0,64,DOS_SYN_Hping
S0897,36242,1021,tcp,-,6e-06,1,1,0,0,167772.16,167772.16,335544.32,1.0,20,20,20,20,20,20,1,0,1,1,0,1,1,0,0,0,0.0,0.0,0.0,0.0,0.0,0.0,0.0,0.0,0.0,0.0,0.0,0.0,0.0,0.0,0.0,0.0,0.0,0.0,0.0,0.0,0.0,0.0,0.0,0.0,0.0,5.960464,5.960464,5.960464,5.960464,0.0,0.0,1.0,1.0,0.0,0.0,0.0,0.0,0.0,0.0,0.0,0.0,5.960464,5.960464,5.960464,5.960464,0.0,0.0,0.0,0.0,0.0,0.0,1024,0,1024,NMAP_XMAS_TREE_SCAN
S0898,51730,80,tcp,http,0.0005059999999999,8,0,2,0,15812.644675,0.0,15812.644675,0.0,260,20,40,0,0,0,1,2,1,2,0,6,0,0,0,0,0.0,126.0,212.0,26.5,50.219518,0.0,0.0,0.0,0.0,0.0,0.0,126.0,212.0,26.5,50.219518,20.027161,324.010849,505.924225,72.274889,111.622462,0.0,0.0,0.0,0.0,0.0,20.027161,324.010849,505.924225,72.274889,111.622462,419035.083883,8.0,0.0,212.0,0.0,0.0,0.0,0.0,0.0,0.0,0.0,505.924225,505.924225,505.924225,505.924225,0.0,0.0,0.0,0.0,0.0,0.0,65476,0,0,NMAP_UDP_SCAN
S0899,13273,21,tcp,-,1e-06,1,1,1,0,1048576.0,1048576.0,2097152.0,1.0,20,20,20,20,20,20,0,1,1,0,0,1,0,0,0,0,120.0,120.0,120.0,120.0,0.0,0.0,0.0,0.0,0.0,0.0,0.0,120.0,120.0,60.0,84.852814,0.0,0.0,0.0,0.0,0.0,0.0,0.0,0.0,0.0,0.0,0.953674,0.953674,0.953674,0.953674,0.0,125829120.0,1.0,1.0,120.0,0.0,0.0,0.0,0.0,0.0,0.0,0.0,0.953674,0.953674,0.953674,0.953674,0.0,0.0,0.0,0.0,0.0,0.0,64,0,64,DOS_SYN_Hping
S0900,31083,21,tcp,-,1e-06,1,1,1,0,1048576.0,1048576.0,2097152.0,1.0,20,20,20,20,20,20,0,1,1,0,0,1,0,0,0,0,120.0,120.0,120.0,120.0,0.0,0.0,0.0,0.0,0.0,0.0,0.0,120.0,120.0,60.0,84.852814,0.0,0.0,0.0,0.0,0.0,0.0,0.0,0.0,0.0,0.0,0.953674,0.953674,0.953674,0.953674,0.0,125829120.0,1.0,1.0,120.0,0.0,0.0,0.0,0.0,0.0,0.0,0.0,0.953674,0.953674,0.953674,0.953674,0.0,0.0,0.0,0.0,0.0,0.0,64,0,64,DOS_SYN_Hping
S0901,44591,53,udp,dns,0.140379,2,2,2,2,14.24715,14.24715,28.4943,1.0,16,8,8,16,8,8,0,0,0,0,0,0,0,0,0,0,53.0,53.0,106.0,53.0,0.0,132.0,144.0,276.0,138.0,8.485281,53.0,144.0,382.0,95.5,49.318692,211.000443,211.000443,211.000443,211.000443,0.0,160.932541,160.932541,160.932541,160.932541,0.0,160.932541,140007.019043,140378.952026,46792.984009,80725.726211,2721.205669,2.0,2.0,106.0,276.0,0.0,0.0,0.0,0.0,0.0,0.0,140378.952026,140378.952026,140378.952026,140378.952026,0.0,0.0,0.0,0.0,0.0,0.0,0,0,0,ARP_poisioning
S0902,51036,5900,tcp,-,2.1e-05,1,1,0,0,47127.011236,47127.011236,94254.022472,1.0,20,20,20,20,20,20,0,0,1,0,0,1,0,0,0,0,0.0,0.0,0.0,0.0,0.0,0.0,0.0,0.0,0.0,0.0,0.0,0.0,0.0,0.0,0.0,0.0,0.0,0.0,0.0,0.0,0.0,0.0,0.0,0.0,0.0,21.219254,21.219254,21.219254,21.219254,0.0,0.0,1.0,1.0,0.0,0.0,0.0,0.0,0.0,0.0,0.0,0.0,21.219254,21.219254,21.219254,21.219254,0.0,0.0,0.0,0.0,0.0,0.0,1024,0,1024,NMAP_OS_DETECTION
S0903,55781,21,tcp,-,1e-06,1,1,1,0,1048576.0,1048576.0,2097152.0,1.0,20,20,20,20,20,20,0,1,1,0,0,1,0,0,0,0,120.0,120.0,120.0,120.0,0.0,0.0,0.0,0.0,0.0,0.0,0.0,120.0,120.0,60.0,84.852814,0.0,0.0,0.0,0.0,0.0,0.0,0.0,0.0,0.0,0.0,0.953674,0.953674,0.953674,0.953674,0.0,125829120.0,1.0,1.0,120.0,0.0,0.0,0.0,0.0,0.0,0.0,0.0,0.953674,0.953674,0.953674,0.953674,0.0,0.0,0.0,0.0,0.0,0.0,64,0,64,DOS_SYN_Hping
S0904,7556,21,tcp,-,4e-06,1,1,1,0,246723.764706,246723.764706,493447.529412,1.0,20,20,20,20,20,20,0,1,1,0,0,1,0,0,0,0,120.0,120.0,120.0,120.0,0.0,0.0,0.0,0.0,0.0,0.0,0.0,120.0,120.0,60.0,84.852814,0.0,0.0,0.0,0.0,0.0,0.0,0.0,0.0,0.0,0.0,4.053116,4.053116,4.053116,4.053116,0.0,29606851.764706,1.0,1.0,120.0,0.0,0.0,0.0,0.0,0.0,0.0,0.0,4.053116,4.053116,4.053116,4.053116,0.0,0.0,0.0,0.0,0.0,0.0,64,0,64,DOS_SYN_Hping
S0905,46865,1883,tcp,mqtt,32.123940000000005,10,6,3,4,0.311294,0.186777,0.498071,0.6,328,32,40,200,32,40,0,2,1,3,4,15,0,0,0,0,0.0,33.0,78.0,7.8,12.934021,0.0,23.0,36.0,6.0,8.602325,0.0,33.0,114.0,7.125,11.218289,244.140625,29755290.031433,32123939.990997,3569326.6656660005,9825355.97275,210.046768,1425013.780594,2094861.030579,418972.206116,586583.984162,210.046768,29755290.031433,32123939.990997,2141595.9994,7644124.018530998,3.5487550000000003,3.333333,2.0,26.0,12.0,0.0,0.0,0.0,0.0,0.0,0.0,2368649.959564,2368649.959564,2368649.959564,2368649.959564,0.0,29755290.031433,29755290.031433,29755290.031433,29755290.031433,0.0,64240,26847,502,MQTT_Publish
S0906,46266,21,tcp,-,2e-06,1,1,1,0,524288.0,524288.0,1048576.0,1.0,20,20,20,20,20,20,0,1,1,0,0,1,0,0,0,0,120.0,120.0,120.0,120.0,0.0,0.0,0.0,0.0,0.0,0.0,0.0,120.0,120.0,60.0,84.852814,0.0,0.0,0.0,0.0,0.0,0.0,0.0,0.0,0.0,0.0,1.907349,1.907349,1.907349,1.907349,0.0,62914560.0,1.0,1.0,120.0,0.0,0.0,0.0,0.0,0.0,0.0,0.0,1.907349,1.907349,1.907349,1.907349,0.0,0.0,0.0,0.0,0.0,0.0,64,0,64,DOS_SYN_Hping
S0907,35926,21,tcp,-,4e-06,1,1,1,0,262144.0,262144.0,524288.0,1.0,20,20,20,20,20,20,0,1,1,0,0,1,0,0,0,0,120.0,120.0,120.0,120.0,0.0,0.0,0.0,0.0,0.0,0.0,0.0,120.0,120.0,60.0,84.852814,0.0,0.0,0.0,0.0,0.0,0.0,0.0,0.0,0.0,0.0,3.814697,3.814697,3.814697,3.814697,0.0,31457280.0,1.0,1.0,120.0,0.0,0.0,0.0,0.0,0.0,0.0,0.0,3.814697,3.814697,3.814697,3.814697,0.0,0.0,0.0,0.0,0.0,0.0,64,0,64,DOS_SYN_Hping
S0908,41312,21,tcp,-,4e-06,1,1,1,0,246723.764706,246723.764706,493447.529412,1.0,20,20,20,20,20,20,0,1,1,0,0,1,0,0,0,0,120.0,120.0,120.0,120.0,0.0,0.0,0.0,0.0,0.0,0.0,0.0,120.0,120.0,60.0,84.852814,0.0,0.0,0.0,0.0,0.0,0.0,0.0,0.0,0.0,0.0,4.053116,4.053116,4.053116,4.053116,0.0,29606851.764706,1.0,1.0,120.0,0.0,0.0,0.0,0.0,0.0,0.0,0.0,4.053116,4.053116,4.053116,4.053116,0.0,0.0,0.0,0.0,0.0,0.0,64,0,64,DOS_SYN_Hping
S0909,1058,21,tcp,-,4e-06,1,1,1,0,262144.0,262144.0,524288.0,1.0,20,20,20,20,20,20,0,1,1,0,0,1,0,0,0,0,120.0,120.0,120.0,120.0,0.0,0.0,0.0,0.0,0.0,0.0,0.0,120.0,120.0,60.0,84.852814,0.0,0.0,0.0,0.0,0.0,0.0,0.0,0.0,0.0,0.0,3.814697,3.814697,3.814697,3.814697,0.0,31457280.0,1.0,1.0,120.0,0.0,0.0,0.0,0.0,0.0,0.0,0.0,3.814697,3.814697,3.814697,3.814697,0.0,0.0,0.0,0.0,0.0,0.0,64,0,64,DOS_SYN_Hping
S0910,785,21,tcp,-,2e-06,1,1,1,0,524288.0,524288.0,1048576.0,1.0,20,20,20,20,20,20,0,1,1,0,0,1,0,0,0,0,120.0,120.0,120.0,120.0,0.0,0.0,0.0,0.0,0.0,0.0,0.0,120.0,120.0,60.0,84.852814,0.0,0.0,0.0,0.0,0.0,0.0,0.0,0.0,0.0,0.0,1.907349,1.907349,1.907349,1.907349,0.0,62914560.0,1.0,1.0,120.0,0.0,0.0,0.0,0.0,0.0,0.0,0.0,1.907349,1.907349,1.907349,1.907349,0.0,0.0,0.0,0.0,0.0,0.0,64,0,64,DOS_SYN_Hping
S0911,33104,21,tcp,-,4e-06,1,1,1,0,246723.764706,246723.764706,493447.529412,1.0,20,20,20,20,20,20,0,1,1,0,0,1,0,0,0,0,120.0,120.0,120.0,120.0,0.0,0.0,0.0,0.0,0.0,0.0,0.0,120.0,120.0,60.0,84.852814,0.0,0.0,0.0,0.0,0.0,0.0,0.0,0.0,0.0,0.0,4.053116,4.053116,4.053116,4.053116,0.0,29606851.764706,1.0,1.0,120.0,0.0,0.0,0.0,0.0,0.0,0.0,0.0,4.053116,4.053116,4.053116,4.053116,0.0,0.0,0.0,0.0,0.0,0.0,64,0,64,DOS_SYN_Hping
S0912,1159,21,tcp,-,5e-06,1,1,1,0,199728.761905,199728.761905,399457.52381,1.0,20,20,20,20,20,20,0,1,1,0,0,1,0,0,0,0,120.0,120.0,120.0,120.0,0.0,0.0,0.0,0.0,0.0,0.0,0.0,120.0,120.0,60.0,84.852814,0.0,0.0,0.0,0.0,0.0,0.0,0.0,0.0,0.0,0.0,5.0067900000000005,5.0067900000000005,5.0067900000000005,5.0067900000000005,0.0,23967451.428571,1.0,1.0,120.0,0.0,0.0,0.0,0.0,0.0,0.0,0.0,5.0067900000000005,5.0067900000000005,5.0067900000000005,5.0067900000000005,0.0,0.0,0.0,0.0,0.0,0.0,64,0,64,DOS_SYN_Hping
S0913,2261,21,tcp,-,4e-06,1,1,1,0,246723.764706,246723.764706,493447.529412,1.0,20,20,20,20,20,20,0,1,1,0,0,1,0,0,0,0,120.0,120.0,120.0,120.0,0.0,0.0,0.0,0.0,0.0,0.0,0.0,120.0,120.0,60.0,84.852814,0.0,0.0,0.0,0.0,0.0,0.0,0.0,0.0,0.0,0.0,4.053116,4.053116,4.053116,4.053116,0.0,29606851.764706,1.0,1.0,120.0,0.0,0.0,0.0,0.0,0.0,0.0,0.0,4.053116,4.053116,4.053116,4.053116,0.0,0.0,0.0,0.0,0.0,0.0,64,0,64,DOS_SYN_Hping
S0914,8003,21,tcp,-,4e-06,1,1,1,0,262144.0,262144.0,524288.0,1.0,20,20,20,20,20,20,0,1,1,0,0,1,0,0,0,0,120.0,120.0,120.0,120.0,0.0,0.0,0.0,0.0,0.0,0.0,0.0,120.0,120.0,60.0,84.852814,0.0,0.0,0.0,0.0,0.0,0.0,0.0,0.0,0.0,0.0,3.814697,3.814697,3.814697,3.814697,0.0,31457280.0,1.0,1.0,120.0,0.0,0.0,0.0,0.0,0.0,0.0,0.0,3.814697,3.814697,3.814697,3.814697,0.0,0.0,0.0,0.0,0.0,0.0,64,0,64,DOS_SYN_Hping
S0915,2842,21,tcp,-,5e-06,1,1,1,0,199728.761905,199728.761905,399457.52381,1.0,20,20,20,20,20,20,0,1,1,0,0,1,0,0,0,0,120.0,120.0,120.0,120.0,0.0,0.0,0.0,0.0,0.0,0.0,0.0,120.0,120.0,60.0,84.852814,0.0,0.0,0.0,0.0,0.0,0.0,0.0,0.0,0.0,0.0,5.0067900000000005,5.0067900000000005,5.0067900000000005,5.0067900000000005,0.0,23967451.428571,1.0,1.0,120.0,0.0,0.0,0.0,0.0,0.0,0.0,0.0,5.0067900000000005,5.0067900000000005,5.0067900000000005,5.0067900000000005,0.0,0.0,0.0,0.0,0.0,0.0,64,0,64,DOS_SYN_Hping
S0916,10781,21,tcp,-,5e-06,1,1,1,0,199728.761905,199728.761905,399457.52381,1.0,20,20,20,20,20,20,0,1,1,0,0,1,0,0,0,0,120.0,120.0,120.0,120.0,0.0,0.0,0.0,0.0,0.0,0.0,0.0,120.0,120.0,60.0,84.852814,0.0,0.0,0.0,0.0,0.0,0.0,0.0,0.0,0.0,0.0,5.0067900000000005,5.0067900000000005,5.0067900000000005,5.0067900000000005,0.0,23967451.428571,1.0,1.0,120.0,0.0,0.0,0.0,0.0,0.0,0.0,0.0,5.0067900000000005,5.0067900000000005,5.0067900000000005,5.0067900000000005,0.0,0.0,0.0,0.0,0.0,0.0,64,0,64,DOS_SYN_Hping
S0917,47591,21,tcp,-,4e-06,1,1,1,0,246723.764706,246723.764706,493447.529412,1.0,20,20,20,20,20,20,0,1,1,0,0,1,0,0,0,0,120.0,120.0,120.0,120.0,0.0,0.0,0.0,0.0,0.0,0.0,0.0,120.0,120.0,60.0,84.852814,0.0,0.0,0.0,0.0,0.0,0.0,0.0,0.0,0.0,0.0,4.053116,4.053116,4.053116,4.053116,0.0,29606851.764706,1.0,1.0,120.0,0.0,0.0,0.0,0.0,0.0,0.0,0.0,4.053116,4.053116,4.053116,4.053116,0.0,0.0,0.0,0.0,0.0,0.0,64,0,64,DOS_SYN_Hping
S0918,36455,21,tcp,-,5e-06,1,1,1,0,199728.761905,199728.761905,399457.52381,1.0,20,20,20,20,20,20,0,1,1,0,0,1,0,0,0,0,120.0,120.0,120.0,120.0,0.0,0.0,0.0,0.0,0.0,0.0,0.0,120.0,120.0,60.0,84.852814,0.0,0.0,0.0,0.0,0.0,0.0,0.0,0.0,0.0,0.0,5.0067900000000005,5.0067900000000005,5.0067900000000005,5.0067900000000005,0.0,23967451.428571,1.0,1.0,120.0,0.0,0.0,0.0,0.0,0.0,0.0,0.0,5.0067900000000005,5.0067900000000005,5.0067900000000005,5.0067900000000005,0.0,0.0,0.0,0.0,0.0,0.0,64,0,64,DOS_SYN_Hping
S0919,6661,21,tcp,-,0.0,1,0,1,0,0.0,0.0,0.0,0.0,20,20,20,0,0,0,0,1,0,0,0,0,0,0,0,0,120.0,120.0,120.0,120.0,0.0,0.0,0.0,0.0,0.0,0.0,120.0,120.0,120.0,120.0,0.0,0.0,0.0,0.0,0.0,0.0,0.0,0.0,0.0,0.0,0.0,0.0,0.0,0.0,0.0,0.0,0.0,1.0,0.0,120.0,0.0,0.0,0.0,0.0,0.0,0.0,0.0,0.0,0.0,0.0,0.0,0.0,0.0,0.0,0.0,0.0,0.0,64,0,64,DOS_SYN_Hping
S0920,841,21,tcp,-,2e-06,1,1,1,0,524288.0,524288.0,1048576.0,1.0,20,20,20,20,20,20,0,1,1,0,0,1,0,0,0,0,120.0,120.0,120.0,120.0,0.0,0.0,0.0,0.0,0.0,0.0,0.0,120.0,120.0,60.0,84.852814,0.0,0.0,0.0,0.0,0.0,0.0,0.0,0.0,0.0,0.0,1.907349,1.907349,1.907349,1.907349,0.0,62914560.0,1.0,1.0,120.0,0.0,0.0,0.0,0.0,0.0,0.0,0.0,1.907349,1.907349,1.907349,1.907349,0.0,0.0,0.0,0.0,0.0,0.0,64,0,64,DOS_SYN_Hping
S0921,50977,5353,udp,dns,0.0,1,0,1,0,0.0,0.0,0.0,0.0,8,8,8,0,0,0,0,0,0,0,0,0,0,0,0,0,50.0,50.0,50.0,50.0,0.0,0.0,0.0,0.0,0.0,0.0,50.0,50.0,50.0,50.0,0.0,0.0,0.0,0.0,0.0,0.0,0.0,0.0,0.0,0.0,0.0,0.0,0.0,0.0,0.0,0.0,0.0,1.0,0.0,50.0,0.0,0.0,0.0,0.0,0.0,0.0,0.0,0.0,0.0,0.0,0.0,0.0,0.0,0.0,0.0,0.0,0.0,0,0,0,ARP_poisioning
S0922,31836,21,tcp,-,4e-06,1,1,1,0,262144.0,262144.0,524288.0,1.0,20,20,20,20,20,20,0,1,1,0,0,1,0,0,0,0,120.0,120.0,120.0,120.0,0.0,0.0,0.0,0.0,0.0,0.0,0.0,120.0,120.0,60.0,84.852814,0.0,0.0,0.0,0.0,0.0,0.0,0.0,0.0,0.0,0.0,3.814697,3.814697,3.814697,3.814697,0.0,31457280.0,1.0,1.0,120.0,0.0,0.0,0.0,0.0,0.0,0.0,0.0,3.814697,3.814697,3.814697,3.814697,0.0,0.0,0.0,0.0,0.0,0.0,64,0,64,DOS_SYN_Hping
S0923,8135,21,tcp,-,5e-06,1,1,1,0,199728.761905,199728.761905,399457.52381,1.0,20,20,20,20,20,20,0,1,1,0,0,1,0,0,0,0,120.0,120.0,120.0,120.0,0.0,0.0,0.0,0.0,0.0,0.0,0.0,120.0,120.0,60.0,84.852814,0.0,0.0,0.0,0.0,0.0,0.0,0.0,0.0,0.0,0.0,5.0067900000000005,5.0067900000000005,5.0067900000000005,5.0067900000000005,0.0,23967451.428571,1.0,1.0,120.0,0.0,0.0,0.0,0.0,0.0,0.0,0.0,5.0067900000000005,5.0067900000000005,5.0067900000000005,5.0067900000000005,0.0,0.0,0.0,0.0,0.0,0.0,64,0,64,DOS_SYN_Hping
S0924,51036,8099,tcp,-,6e-06,1,1,0,0,167772.16,167772.16,335544.32,1.0,20,20,20,20,20,20,0,0,1,0,0,1,0,0,0,0,0.0,0.0,0.0,0.0,0.0,0.0,0.0,0.0,0.0,0.0,0.0,0.0,0.0,0.0,0.0,0.0,0.0,0.0,0.0,0.0,0.0,0.0,0.0,0.0,0.0,5.960464,5.960464,5.960464,5.960464,0.0,0.0,1.0,1.0,0.0,0.0,0.0,0.0,0.0,0.0,0.0,0.0,5.960464,5.960464,5.960464,5.960464,0.0,0.0,0.0,0.0,0.0,0.0,1024,0,1024,NMAP_OS_DETECTION
S0925,48420,21,tcp,-,5e-06,1,1,1,0,199728.761905,199728.761905,399457.52381,1.0,20,20,20,20,20,20,0,1,1,0,0,1,0,0,0,0,120.0,120.0,120.0,120.0,0.0,0.0,0.0,0.0,0.0,0.0,0.0,120.0,120.0,60.0,84.852814,0.0,0.0,0.0,0.0,0.0,0.0,0.0,0.0,0.0,0.0,5.0067900000000005,5.0067900000000005,5.0067900000000005,5.0067900000000005,0.0,23967451.428571,1.0,1.0,120.0,0.0,0.0,0.0,0.0,0.0,0.0,0.0,5.0067900000000005,5.0067900000000005,5.0067900000000005,5.0067900000000005,0.0,0.0,0.0,0.0,0.0,0.0,64,0,64,DOS_SYN_Hping
S0926,46868,21,tcp,-,4e-06,1,1,1,0,246723.764706,246723.764706,493447.529412,1.0,20,20,20,20,20,20,0,1,1,0,0,1,0,0,0,0,120.0,120.0,120.0,120.0,0.0,0.0,0.0,0.0,0.0,0.0,0.0,120.0,120.0,60.0,84.852814,0.0,0.0,0.0,0.0,0.0,0.0,0.0,0.0,0.0,0.0,4.053116,4.053116,4.053116,4.053116,0.0,29606851.764706,1.0,1.0,120.0,0.0,0.0,0.0,0.0,0.0,0.0,0.0,4.053116,4.053116,4.053116,4.053116,0.0,0.0,0.0,0.0,0.0,0.0,64,0,64,DOS_SYN_Hping
S0927,57716,21,tcp,-,0.0,1,0,1,0,0.0,0.0,0.0,0.0,20,20,20,0,0,0,0,1,0,0,0,0,0,0,0,0,120.0,120.0,120.0,120.0,0.0,0.0,0.0,0.0,0.0,0.0,120.0,120.0,120.0,120.0,0.0,0.0,0.0,0.0,0.0,0.0,0.0,0.0,0.0,0.0,0.0,0.0,0.0,0.0,0.0,0.0,0.0,1.0,0.0,120.0,0.0,0.0,0.0,0.0,0.0,0.0,0.0,0.0,0.0,0.0,0.0,0.0,0.0,0.0,0.0,0.0,0.0,64,0,64,DOS_SYN_Hping
S0928,25144,21,tcp,-,1e-06,1,1,1,0,1048576.0,1048576.0,2097152.0,1.0,20,20,20,20,20,20,0,1,1,0,0,1,0,0,0,0,120.0,120.0,120.0,120.0,0.0,0.0,0.0,0.0,0.0,0.0,0.0,120.0,120.0,60.0,84.852814,0.0,0.0,0.0,0.0,0.0,0.0,0.0,0.0,0.0,0.0,0.953674,0.953674,0.953674,0.953674,0.0,125829120.0,1.0,1.0,120.0,0.0,0.0,0.0,0.0,0.0,0.0,0.0,0.953674,0.953674,0.953674,0.953674,0.0,0.0,0.0,0.0,0.0,0.0,64,0,64,DOS_SYN_Hping
S0929,5504,21,tcp,-,4e-06,1,1,1,0,262144.0,262144.0,524288.0,1.0,20,20,20,20,20,20,0,1,1,0,0,1,0,0,0,0,120.0,120.0,120.0,120.0,0.0,0.0,0.0,0.0,0.0,0.0,0.0,120.0,120.0,60.0,84.852814,0.0,0.0,0.0,0.0,0.0,0.0,0.0,0.0,0.0,0.0,3.814697,3.814697,3.814697,3.814697,0.0,31457280.0,1.0,1.0,120.0,0.0,0.0,0.0,0.0,0.0,0.0,0.0,3.814697,3.814697,3.814697,3.814697,0.0,0.0,0.0,0.0,0.0,0.0,64,0,64,DOS_SYN_Hping
S0930,44558,21,tcp,-,0.0,1,0,1,0,0.0,0.0,0.0,0.0,20,20,20,0,0,0,0,1,0,0,0,0,0,0,0,0,120.0,120.0,120.0,120.0,0.0,0.0,0.0,0.0,0.0,0.0,120.0,120.0,120.0,120.0,0.0,0.0,0.0,0.0,0.0,0.0,0.0,0.0,0.0,0.0,0.0,0.0,0.0,0.0,0.0,0.0,0.0,1.0,0.0,120.0,0.0,0.0,0.0,0.0,0.0,0.0,0.0,0.0,0.0,0.0,0.0,0.0,0.0,0.0,0.0,0.0,0.0,64,0,64,DOS_SYN_Hping
S0931,39410,21,tcp,-,1e-06,1,1,1,0,838860.8,838860.8,1677721.6,1.0,20,20,20,20,20,20,0,1,1,0,0,1,0,0,0,0,120.0,120.0,120.0,120.0,0.0,0.0,0.0,0.0,0.0,0.0,0.0,120.0,120.0,60.0,84.852814,0.0,0.0,0.0,0.0,0.0,0.0,0.0,0.0,0.0,0.0,1.192093,1.192093,1.192093,1.192093,0.0,100663296.0,1.0,1.0,120.0,0.0,0.0,0.0,0.0,0.0,0.0,0.0,1.192093,1.192093,1.192093,1.192093,0.0,0.0,0.0,0.0,0.0,0.0,64,0,64,DOS_SYN_Hping
S0932,29868,21,tcp,-,0.0,1,0,1,0,0.0,0.0,0.0,0.0,20,20,20,0,0,0,0,1,0,0,0,0,0,0,0,0,120.0,120.0,120.0,120.0,0.0,0.0,0.0,0.0,0.0,0.0,120.0,120.0,120.0,120.0,0.0,0.0,0.0,0.0,0.0,0.0,0.0,0.0,0.0,0.0,0.0,0.0,0.0,0.0,0.0,0.0,0.0,1.0,0.0,120.0,0.0,0.0,0.0,0.0,0.0,0.0,0.0,0.0,0.0,0.0,0.0,0.0,0.0,0.0,0.0,0.0,0.0,64,0,64,DOS_SYN_Hping
S0933,5502,21,tcp,-,1e-06,1,1,1,0,838860.8,838860.8,1677721.6,1.0,20,20,20,20,20,20,0,1,1,0,0,1,0,0,0,0,120.0,120.0,120.0,120.0,0.0,0.0,0.0,0.0,0.0,0.0,0.0,120.0,120.0,60.0,84.852814,0.0,0.0,0.0,0.0,0.0,0.0,0.0,0.0,0.0,0.0,1.192093,1.192093,1.192093,1.192093,0.0,100663296.0,1.0,1.0,120.0,0.0,0.0,0.0,0.0,0.0,0.0,0.0,1.192093,1.192093,1.192093,1.192093,0.0,0.0,0.0,0.0,0.0,0.0,64,0,64,DOS_SYN_Hping
S0934,33242,1461,tcp,-,3e-06,1,1,0,0,322638.769231,322638.769231,645277.538462,1.0,40,40,40,20,20,20,0,1,1,0,0,1,0,0,0,0,0.0,0.0,0.0,0.0,0.0,0.0,0.0,0.0,0.0,0.0,0.0,0.0,0.0,0.0,0.0,0.0,0.0,0.0,0.0,0.0,0.0,0.0,0.0,0.0,0.0,3.099442,3.099442,3.099442,3.099442,0.0,0.0,1.0,1.0,0.0,0.0,0.0,0.0,0.0,0.0,0.0,0.0,3.099442,3.099442,3.099442,3.099442,0.0,0.0,0.0,0.0,0.0,0.0,64240,0,64240,NMAP_TCP_scan
S0935,42568,21,tcp,-,4e-06,1,1,1,0,246723.764706,246723.764706,493447.529412,1.0,20,20,20,20,20,20,0,1,1,0,0,1,0,0,0,0,120.0,120.0,120.0,120.0,0.0,0.0,0.0,0.0,0.0,0.0,0.0,120.0,120.0,60.0,84.852814,0.0,0.0,0.0,0.0,0.0,0.0,0.0,0.0,0.0,0.0,4.053116,4.053116,4.053116,4.053116,0.0,29606851.764706,1.0,1.0,120.0,0.0,0.0,0.0,0.0,0.0,0.0,0.0,4.053116,4.053116,4.053116,4.053116,0.0,0.0,0.0,0.0,0.0,0.0,64,0,64,DOS_SYN_Hping
S0936,6040,21,tcp,-,4e-06,1,1,1,0,246723.764706,246723.764706,493447.529412,1.0,20,20,20,20,20,20,0,1,1,0,0,1,0,0,0,0,120.0,120.0,120.0,120.0,0.0,0.0,0.0,0.0,0.0,0.0,0.0,120.0,120.0,60.0,84.852814,0.0,0.0,0.0,0.0,0.0,0.0,0.0,0.0,0.0,0.0,4.053116,4.053116,4.053116,4.053116,0.0,29606851.764706,1.0,1.0,120.0,0.0,0.0,0.0,0.0,0.0,0.0,0.0,4.053116,4.053116,4.053116,4.053116,0.0,0.0,0.0,0.0,0.0,0.0,64,0,64,DOS_SYN_Hping
S0937,19587,21,tcp,-,5e-06,1,1,1,0,199728.761905,199728.761905,399457.52381,1.0,20,20,20,20,20,20,0,1,1,0,0,1,0,0,0,0,120.0,120.0,120.0,120.0,0.0,0.0,0.0,0.0,0.0,0.0,0.0,120.0,120.0,60.0,84.852814,0.0,0.0,0.0,0.0,0.0,0.0,0.0,0.0,0.0,0.0,5.0067900000000005,5.0067900000000005,5.0067900000000005,5.0067900000000005,0.0,23967451.428571,1.0,1.0,120.0,0.0,0.0,0.0,0.0,0.0,0.0,0.0,5.0067900000000005,5.0067900000000005,5.0067900000000005,5.0067900000000005,0.0,0.0,0.0,0.0,0.0,0.0,64,0,64,DOS_SYN_Hping
S0938,15478,21,tcp,-,0.0,1,0,1,0,0.0,0.0,0.0,0.0,20,20,20,0,0,0,0,1,0,0,0,0,0,0,0,0,120.0,120.0,120.0,120.0,0.0,0.0,0.0,0.0,0.0,0.0,120.0,120.0,120.0,120.0,0.0,0.0,0.0,0.0,0.0,0.0,0.0,0.0,0.0,0.0,0.0,0.0,0.0,0.0,0.0,0.0,0.0,1.0,0.0,120.0,0.0,0.0,0.0,0.0,0.0,0.0,0.0,0.0,0.0,0.0,0.0,0.0,0.0,0.0,0.0,0.0,0.0,64,0,64,DOS_SYN_Hping
S0939,51742,21,tcp,-,8e-06,1,1,1,0,123361.882353,123361.882353,246723.764706,1.0,20,20,20,20,20,20,0,1,1,0,0,1,0,0,0,0,120.0,120.0,120.0,120.0,0.0,0.0,0.0,0.0,0.0,0.0,0.0,120.0,120.0,60.0,84.852814,0.0,0.0,0.0,0.0,0.0,0.0,0.0,0.0,0.0,0.0,8.106232,8.106232,8.106232,8.106232,0.0,14803425.882353,1.0,1.0,120.0,0.0,0.0,0.0,0.0,0.0,0.0,0.0,8.106232,8.106232,8.106232,8.106232,0.0,0.0,0.0,0.0,0.0,0.0,64,0,64,DOS_SYN_Hping
S0940,4485,21,tcp,-,4e-06,1,1,1,0,262144.0,262144.0,524288.0,1.0,20,20,20,20,20,20,0,1,1,0,0,1,0,0,0,0,120.0,120.0,120.0,120.0,0.0,0.0,0.0,0.0,0.0,0.0,0.0,120.0,120.0,60.0,84.852814,0.0,0.0,0.0,0.0,0.0,0.0,0.0,0.0,0.0,0.0,3.814697,3.814697,3.814697,3.814697,0.0,31457280.0,1.0,1.0,120.0,0.0,0.0,0.0,0.0,0.0,0.0,0.0,3.814697,3.814697,3.814697,3.814697,0.0,0.0,0.0,0.0,0.0,0.0,64,0,64,DOS_SYN_Hping
S0941,59318,21,tcp,-,2e-06,1,1,1,0,524288.0,524288.0,1048576.0,1.0,20,20,20,20,20,20,0,1,1,0,0,1,0,0,0,0,120.0,120.0,120.0,120.0,0.0,0.0,0.0,0.0,0.0,0.0,0.0,120.0,120.0,60.0,84.852814,0.0,0.0,0.0,0.0,0.0,0.0,0.0,0.0,0.0,0.0,1.907349,1.907349,1.907349,1.907349,0.0,62914560.0,1.0,1.0,120.0,0.0,0.0,0.0,0.0,0.0,0.0,0.0,1.907349,1.907349,1.907349,1.907349,0.0,0.0,0.0,0.0,0.0,0.0,64,0,64,DOS_SYN_Hping
S0942,24520,21,tcp,-,1e-06,1,1,1,0,1048576.0,1048576.0,2097152.0,1.0,20,20,20,20,20,20,0,1,1,0,0,1,0,0,0,0,120.0,120.0,120.0,120.0,0.0,0.0,0.0,0.0,0.0,0.0,0.0,120.0,120.0,60.0,84.852814,0.0,0.0,0.0,0.0,0.0,0.0,0.0,0.0,0.0,0.0,0.953674,0.953674,0.953674,0.953674,0.0,125829120.0,1.0,1.0,120.0,0.0,0.0,0.0,0.0,0.0,0.0,0.0,0.953674,0.953674,0.953674,0.953674,0.0,0.0,0.0,0.0,0.0,0.0,64,0,64,DOS_SYN_Hping
S0943,50573,21,tcp,-,2e-06,1,1,1,0,466033.777778,466033.777778,932067.555556,1.0,20,20,20,20,20,20,0,1,1,0,0,1,0,0,0,0,120.0,120.0,120.0,120.0,0.0,0.0,0.0,0.0,0.0,0.0,0.0,120.0,120.0,60.0,84.852814,0.0,0.0,0.0,0.0,0.0,0.0,0.0,0.0,0.0,0.0,2.145767,2.145767,2.145767,2.145767,0.0,55924053.33333299,1.0,1.0,120.0,0.0,0.0,0.0,0.0,0.0,0.0,0.0,2.145767,2.145767,2.145767,2.145767,0.0,0.0,0.0,0.0,0.0,0.0,64,0,64,DOS_SYN_Hping
S0944,39889,1883,tcp,mqtt,60.991822,9,7,3,3,0.147561,0.114769,0.26233,0.777778,296,32,40,232,32,40,0,2,1,3,3,15,0,0,0,0,0.0,33.0,76.0,8.444444,13.115935999999998,0.0,25.0,34.0,4.857143,9.136531,0.0,33.0,110.0,6.875,11.336519,257.015228,58902180.91011,60991822.00431801,7623977.7505399985,20723375.45581,151.872635,1399944.067001,1928544.998169,321424.16636100004,535096.1466,151.872635,58902180.91011,60991822.00431801,4066121.466955001,15173149.0493,1.80352,3.0,2.333333,25.333333,11.333333,0.0,0.0,0.0,0.0,0.0,0.0,2089641.094208,2089641.094208,2089641.094208,2089641.094208,0.0,58902180.91011,58902180.91011,58902180.91011,58902180.91011,0.0,64240,26847,502,MQTT_Publish
S0945,7864,21,tcp,-,4e-06,1,1,1,0,246723.764706,246723.764706,493447.529412,1.0,20,20,20,20,20,20,0,1,1,0,0,1,0,0,0,0,120.0,120.0,120.0,120.0,0.0,0.0,0.0,0.0,0.0,0.0,0.0,120.0,120.0,60.0,84.852814,0.0,0.0,0.0,0.0,0.0,0.0,0.0,0.0,0.0,0.0,4.053116,4.053116,4.053116,4.053116,0.0,29606851.764706,1.0,1.0,120.0,0.0,0.0,0.0,0.0,0.0,0.0,0.0,4.053116,4.053116,4.053116,4.053116,0.0,0.0,0.0,0.0,0.0,0.0,64,0,64,DOS_SYN_Hping
S0946,47137,21,tcp,-,5e-06,1,1,1,0,199728.761905,199728.761905,399457.52381,1.0,20,20,20,20,20,20,0,1,1,0,0,1,0,0,0,0,120.0,120.0,120.0,120.0,0.0,0.0,0.0,0.0,0.0,0.0,0.0,120.0,120.0,60.0,84.852814,0.0,0.0,0.0,0.0,0.0,0.0,0.0,0.0,0.0,0.0,5.0067900000000005,5.0067900000000005,5.0067900000000005,5.0067900000000005,0.0,23967451.428571,1.0,1.0,120.0,0.0,0.0,0.0,0.0,0.0,0.0,0.0,5.0067900000000005,5.0067900000000005,5.0067900000000005,5.0067900000000005,0.0,0.0,0.0,0.0,0.0,0.0,64,0,64,DOS_SYN_Hping
S0947,57214,53,udp,dns,0.026041,2,2,2,2,76.801875,76.801875,153.60375,1.0,16,8,8,16,8,8,0,0,0,0,0,0,0,0,0,0,36.0,36.0,72.0,36.0,0.0,36.0,68.0,104.0,52.0,22.627417,36.0,68.0,176.0,44.0,16.0,813.007355,813.007355,813.007355,813.007355,0.0,24968.86253,24968.86253,24968.86253,24968.86253,0.0,259.160995,24968.86253,26041.03088,8680.343628,14108.98907,6758.565004000001,2.0,2.0,72.0,104.0,0.0,0.0,0.0,0.0,0.0,0.0,26041.03088,26041.03088,26041.03088,26041.03088,0.0,0.0,0.0,0.0,0.0,0.0,0,0,0,Thing_Speak
S0948,51036,1433,tcp,-,5e-06,1,1,0,0,199728.761905,199728.761905,399457.52381,1.0,20,20,20,20,20,20,0,0,1,0,0,1,0,0,0,0,0.0,0.0,0.0,0.0,0.0,0.0,0.0,0.0,0.0,0.0,0.0,0.0,0.0,0.0,0.0,0.0,0.0,0.0,0.0,0.0,0.0,0.0,0.0,0.0,0.0,5.0067900000000005,5.0067900000000005,5.0067900000000005,5.0067900000000005,0.0,0.0,1.0,1.0,0.0,0.0,0.0,0.0,0.0,0.0,0.0,0.0,5.0067900000000005,5.0067900000000005,5.0067900000000005,5.0067900000000005,0.0,0.0,0.0,0.0,0.0,0.0,1024,0,1024,NMAP_OS_DETECTION
S0949,36242,8090,tcp,-,3.2e-05,1,1,0,0,31300.776119,31300.776119,62601.552239,1.0,20,20,20,20,20,20,1,0,1,1,0,1,1,0,0,0,0.0,0.0,0.0,0.0,0.0,0.0,0.0,0.0,0.0,0.0,0.0,0.0,0.0,0.0,0.0,0.0,0.0,0.0,0.0,0.0,0.0,0.0,0.0,0.0,0.0,31.948090000000004,31.948090000000004,31.948090000000004,31.948090000000004,0.0,0.0,1.0,1.0,0.0,0.0,0.0,0.0,0.0,0.0,0.0,0.0,31.948090000000004,31.948090000000004,31.948090000000004,31.948090000000004,0.0,0.0,0.0,0.0,0.0,0.0,1024,0,1024,NMAP_XMAS_TREE_SCAN
S0950,58629,1883,tcp,mqtt,58.957677,9,5,3,3,0.152652,0.084807,0.237458,0.555556,296,32,40,168,32,40,0,2,1,3,3,13,0,0,0,0,0.0,33.0,74.0,8.222222,12.852799,0.0,21.0,30.0,6.0,8.689074,0.0,33.0,104.0,7.428571000000002,11.229866,249.147415,56876715.898514,58957676.887512,7369709.610939,20008735.634881,425.100327,1543826.818466,1898939.847946,474734.961987,717592.177021,249.147415,56876715.898514,58957676.887512,4535205.914423998,15730965.947134,1.763977,3.0,1.666667,24.666667,10.0,0.0,0.0,0.0,0.0,0.0,0.0,2080960.988998,2080960.988998,2080960.988998,2080960.988998,0.0,56876715.898514,56876715.898514,56876715.898514,56876715.898514,0.0,64240,26847,502,MQTT_Publish
S0951,45596,21,tcp,-,1e-06,1,1,1,0,1048576.0,1048576.0,2097152.0,1.0,20,20,20,20,20,20,0,1,1,0,0,1,0,0,0,0,120.0,120.0,120.0,120.0,0.0,0.0,0.0,0.0,0.0,0.0,0.0,120.0,120.0,60.0,84.852814,0.0,0.0,0.0,0.0,0.0,0.0,0.0,0.0,0.0,0.0,0.953674,0.953674,0.953674,0.953674,0.0,125829120.0,1.0,1.0,120.0,0.0,0.0,0.0,0.0,0.0,0.0,0.0,0.953674,0.953674,0.953674,0.953674,0.0,0.0,0.0,0.0,0.0,0.0,64,0,64,DOS_SYN_Hping
S0952,53309,21,tcp,-,4e-06,1,1,1,0,246723.764706,246723.764706,493447.529412,1.0,20,20,20,20,20,20,0,1,1,0,0,1,0,0,0,0,120.0,120.0,120.0,120.0,0.0,0.0,0.0,0.0,0.0,0.0,0.0,120.0,120.0,60.0,84.852814,0.0,0.0,0.0,0.0,0.0,0.0,0.0,0.0,0.0,0.0,4.053116,4.053116,4.053116,4.053116,0.0,29606851.764706,1.0,1.0,120.0,0.0,0.0,0.0,0.0,0.0,0.0,0.0,4.053116,4.053116,4.053116,4.053116,0.0,0.0,0.0,0.0,0.0,0.0,64,0,64,DOS_SYN_Hping
S0953,124,21,tcp,-,1e-06,1,1,1,0,838860.8,838860.8,1677721.6,1.0,20,20,20,20,20,20,0,1,1,0,0,1,0,0,0,0,120.0,120.0,120.0,120.0,0.0,0.0,0.0,0.0,0.0,0.0,0.0,120.0,120.0,60.0,84.852814,0.0,0.0,0.0,0.0,0.0,0.0,0.0,0.0,0.0,0.0,1.192093,1.192093,1.192093,1.192093,0.0,100663296.0,1.0,1.0,120.0,0.0,0.0,0.0,0.0,0.0,0.0,0.0,1.192093,1.192093,1.192093,1.192093,0.0,0.0,0.0,0.0,0.0,0.0,64,0,64,DOS_SYN_Hping
S0954,6762,21,tcp,-,3e-06,1,1,1,0,322638.769231,322638.769231,645277.538462,1.0,20,20,20,20,20,20,0,1,1,0,0,1,0,0,0,0,120.0,120.0,120.0,120.0,0.0,0.0,0.0,0.0,0.0,0.0,0.0,120.0,120.0,60.0,84.852814,0.0,0.0,0.0,0.0,0.0,0.0,0.0,0.0,0.0,0.0,3.099442,3.099442,3.099442,3.099442,0.0,38716652.307692,1.0,1.0,120.0,0.0,0.0,0.0,0.0,0.0,0.0,0.0,3.099442,3.099442,3.099442,3.099442,0.0,0.0,0.0,0.0,0.0,0.0,64,0,64,DOS_SYN_Hping
S0955,64793,21,tcp,-,0.0,1,0,1,0,0.0,0.0,0.0,0.0,20,20,20,0,0,0,0,1,0,0,0,0,0,0,0,0,120.0,120.0,120.0,120.0,0.0,0.0,0.0,0.0,0.0,0.0,120.0,120.0,120.0,120.0,0.0,0.0,0.0,0.0,0.0,0.0,0.0,0.0,0.0,0.0,0.0,0.0,0.0,0.0,0.0,0.0,0.0,1.0,0.0,120.0,0.0,0.0,0.0,0.0,0.0,0.0,0.0,0.0,0.0,0.0,0.0,0.0,0.0,0.0,0.0,0.0,0.0,64,0,64,DOS_SYN_Hping
S0956,38178,80,tcp,http,0.698574,7,5,2,1,10.020412,7.157437,17.177849,0.714286,232,32,40,168,32,40,2,2,0,2,1,11,0,0,0,0,0.0,169.0,203.0,29.0,63.02116,0.0,539.0,539.0,107.8,241.048128,0.0,539.0,742.0,61.833333,157.929117,92.029572,247627.9736,700522.8996,116753.8166,127205.4607,54.836273,223989.9635,471910.9535,117977.7384,122652.6065,54.836273,226663.1126,700522.8996,63683.899970000006,102414.7177,1062.163679,7.0,5.0,203.0,539.0,0.0,0.0,0.0,0.0,0.0,0.0,700522.8996,700522.8996,700522.8996,700522.8996,0.0,0.0,0.0,0.0,0.0,0.0,64240,26847,501,Thing_Speak
S0957,3024,21,tcp,-,5e-06,1,1,1,0,199728.761905,199728.761905,399457.52381,1.0,20,20,20,20,20,20,0,1,1,0,0,1,0,0,0,0,120.0,120.0,120.0,120.0,0.0,0.0,0.0,0.0,0.0,0.0,0.0,120.0,120.0,60.0,84.852814,0.0,0.0,0.0,0.0,0.0,0.0,0.0,0.0,0.0,0.0,5.0067900000000005,5.0067900000000005,5.0067900000000005,5.0067900000000005,0.0,23967451.428571,1.0,1.0,120.0,0.0,0.0,0.0,0.0,0.0,0.0,0.0,5.0067900000000005,5.0067900000000005,5.0067900000000005,5.0067900000000005,0.0,0.0,0.0,0.0,0.0,0.0,64,0,64,DOS_SYN_Hping
S0958,54990,21,tcp,-,2e-06,1,1,1,0,524288.0,524288.0,1048576.0,1.0,20,20,20,20,20,20,0,1,1,0,0,1,0,0,0,0,120.0,120.0,120.0,120.0,0.0,0.0,0.0,0.0,0.0,0.0,0.0,120.0,120.0,60.0,84.852814,0.0,0.0,0.0,0.0,0.0,0.0,0.0,0.0,0.0,0.0,1.907349,1.907349,1.907349,1.907349,0.0,62914560.0,1.0,1.0,120.0,0.0,0.0,0.0,0.0,0.0,0.0,0.0,1.907349,1.907349,1.907349,1.907349,0.0,0.0,0.0,0.0,0.0,0.0,64,0,64,DOS_SYN_Hping
S0959,57317,21,tcp,-,2e-06,1,1,1,0,524288.0,524288.0,1048576.0,1.0,20,20,20,20,20,20,0,1,1,0,0,1,0,0,0,0,120.0,120.0,120.0,120.0,0.0,0.0,0.0,0.0,0.0,0.0,0.0,120.0,120.0,60.0,84.852814,0.0,0.0,0.0,0.0,0.0,0.0,0.0,0.0,0.0,0.0,1.907349,1.907349,1.907349,1.907349,0.0,62914560.0,1.0,1.0,120.0,0.0,0.0,0.0,0.0,0.0,0.0,0.0,1.907349,1.907349,1.907349,1.907349,0.0,0.0,0.0,0.0,0.0,0.0,64,0,64,DOS_SYN_Hping
S0960,48084,21,tcp,-,1e-06,1,1,1,0,1048576.0,1048576.0,2097152.0,1.0,20,20,20,20,20,20,0,1,1,0,0,1,0,0,0,0,120.0,120.0,120.0,120.0,0.0,0.0,0.0,0.0,0.0,0.0,0.0,120.0,120.0,60.0,84.852814,0.0,0.0,0.0,0.0,0.0,0.0,0.0,0.0,0.0,0.0,0.953674,0.953674,0.953674,0.953674,0.0,125829120.0,1.0,1.0,120.0,0.0,0.0,0.0,0.0,0.0,0.0,0.0,0.953674,0.953674,0.953674,0.953674,0.0,0.0,0.0,0.0,0.0,0.0,64,0,64,DOS_SYN_Hping
S0961,32832,80,tcp,http,0.799241,7,5,2,1,8.758308999999999,6.255935,15.014244,0.714286,232,32,40,168,32,40,2,2,0,2,1,11,0,0,0,0,0.0,169.0,215.0,30.714286,63.34223000000001,0.0,538.0,538.0,107.6,240.600914,0.0,538.0,753.0,62.75,157.50043300000002,92.029572,301273.1075,801232.0995,133538.6833,146884.3662,79.15496800000001,248581.8863,536159.0385,134039.7596,126124.0082,79.15496800000001,263082.0274,801232.0995,72839.28177999999,112854.0468,942.143781,7.0,5.0,215.0,538.0,0.0,0.0,0.0,0.0,0.0,0.0,801232.0995,801232.0995,801232.0995,801232.0995,0.0,0.0,0.0,0.0,0.0,0.0,64240,26847,501,Thing_Speak
S0962,64177,40724,udp,-,0.0,1,0,1,0,0.0,0.0,0.0,0.0,8,8,8,0,0,0,0,0,0,0,0,0,0,0,0,0,40.0,40.0,40.0,40.0,0.0,0.0,0.0,0.0,0.0,0.0,40.0,40.0,40.0,40.0,0.0,0.0,0.0,0.0,0.0,0.0,0.0,0.0,0.0,0.0,0.0,0.0,0.0,0.0,0.0,0.0,0.0,1.0,0.0,40.0,0.0,0.0,0.0,0.0,0.0,0.0,0.0,0.0,0.0,0.0,0.0,0.0,0.0,0.0,0.0,0.0,0.0,0,0,0,NMAP_UDP_SCAN
S0963,9758,21,tcp,-,1e-06,1,1,1,0,1048576.0,1048576.0,2097152.0,1.0,20,20,20,20,20,20,0,1,1,0,0,1,0,0,0,0,120.0,120.0,120.0,120.0,0.0,0.0,0.0,0.0,0.0,0.0,0.0,120.0,120.0,60.0,84.852814,0.0,0.0,0.0,0.0,0.0,0.0,0.0,0.0,0.0,0.0,0.953674,0.953674,0.953674,0.953674,0.0,125829120.0,1.0,1.0,120.0,0.0,0.0,0.0,0.0,0.0,0.0,0.0,0.953674,0.953674,0.953674,0.953674,0.0,0.0,0.0,0.0,0.0,0.0,64,0,64,DOS_SYN_Hping
S0964,47836,21,tcp,-,4e-06,1,1,1,0,246723.764706,246723.764706,493447.529412,1.0,20,20,20,20,20,20,0,1,1,0,0,1,0,0,0,0,120.0,120.0,120.0,120.0,0.0,0.0,0.0,0.0,0.0,0.0,0.0,120.0,120.0,60.0,84.852814,0.0,0.0,0.0,0.0,0.0,0.0,0.0,0.0,0.0,0.0,4.053116,4.053116,4.053116,4.053116,0.0,29606851.764706,1.0,1.0,120.0,0.0,0.0,0.0,0.0,0.0,0.0,0.0,4.053116,4.053116,4.053116,4.053116,0.0,0.0,0.0,0.0,0.0,0.0,64,0,64,DOS_SYN_Hping
S0965,17757,21,tcp,-,1e-06,1,1,1,0,1048576.0,1048576.0,2097152.0,1.0,20,20,20,20,20,20,0,1,1,0,0,1,0,0,0,0,120.0,120.0,120.0,120.0,0.0,0.0,0.0,0.0,0.0,0.0,0.0,120.0,120.0,60.0,84.852814,0.0,0.0,0.0,0.0,0.0,0.0,0.0,0.0,0.0,0.0,0.953674,0.953674,0.953674,0.953674,0.0,125829120.0,1.0,1.0,120.0,0.0,0.0,0.0,0.0,0.0,0.0,0.0,0.953674,0.953674,0.953674,0.953674,0.0,0.0,0.0,0.0,0.0,0.0,64,0,64,DOS_SYN_Hping
S0966,17464,21,tcp,-,4e-06,1,1,1,0,246723.764706,246723.764706,493447.529412,1.0,20,20,20,20,20,20,0,1,1,0,0,1,0,0,0,0,120.0,120.0,120.0,120.0,0.0,0.0,0.0,0.0,0.0,0.0,0.0,120.0,120.0,60.0,84.852814,0.0,0.0,0.0,0.0,0.0,0.0,0.0,0.0,0.0,0.0,4.053116,4.053116,4.053116,4.053116,0.0,29606851.764706,1.0,1.0,120.0,0.0,0.0,0.0,0.0,0.0,0.0,0.0,4.053116,4.053116,4.053116,4.053116,0.0,0.0,0.0,0.0,0.0,0.0,64,0,64,DOS_SYN_Hping
S0967,3548,21,tcp,-,2e-06,1,1,1,0,466033.777778,466033.777778,932067.555556,1.0,20,20,20,20,20,20,0,1,1,0,0,1,0,0,0,0,120.0,120.0,120.0,120.0,0.0,0.0,0.0,0.0,0.0,0.0,0.0,120.0,120.0,60.0,84.852814,0.0,0.0,0.0,0.0,0.0,0.0,0.0,0.0,0.0,0.0,2.145767,2.145767,2.145767,2.145767,0.0,55924053.33333299,1.0,1.0,120.0,0.0,0.0,0.0,0.0,0.0,0.0,0.0,2.145767,2.145767,2.145767,2.145767,0.0,0.0,0.0,0.0,0.0,0.0,64,0,64,DOS_SYN_Hping
S0968,56207,53,udp,dns,0.000179,2,2,2,2,11184.810667,11184.810667,22369.621333000003,1.0,16,8,8,16,8,8,0,0,0,0,0,0,0,0,0,0,43.0,43.0,86.0,43.0,0.0,59.0,71.0,130.0,65.0,8.485281,43.0,71.0,216.0,54.0,13.613719,10.967255,10.967255,10.967255,10.967255,0.0,56.028366000000005,56.028366000000005,56.028366000000005,56.028366000000005,0.0,10.967255,111.818314,178.81393400000002,59.604645,50.520554,1207959.552,2.0,2.0,86.0,130.0,0.0,0.0,0.0,0.0,0.0,0.0,178.81393400000002,178.81393400000002,178.81393400000002,178.81393400000002,0.0,0.0,0.0,0.0,0.0,0.0,0,0,0,ARP_poisioning
S0969,3298,21,tcp,-,1e-06,1,1,1,0,1048576.0,1048576.0,2097152.0,1.0,20,20,20,20,20,20,0,1,1,0,0,1,0,0,0,0,120.0,120.0,120.0,120.0,0.0,0.0,0.0,0.0,0.0,0.0,0.0,120.0,120.0,60.0,84.852814,0.0,0.0,0.0,0.0,0.0,0.0,0.0,0.0,0.0,0.0,0.953674,0.953674,0.953674,0.953674,0.0,125829120.0,1.0,1.0,120.0,0.0,0.0,0.0,0.0,0.0,0.0,0.0,0.953674,0.953674,0.953674,0.953674,0.0,0.0,0.0,0.0,0.0,0.0,64,0,64,DOS_SYN_Hping
S0970,44186,21,tcp,-,4e-06,1,1,1,0,246723.764706,246723.764706,493447.529412,1.0,20,20,20,20,20,20,0,1,1,0,0,1,0,0,0,0,120.0,120.0,120.0,120.0,0.0,0.0,0.0,0.0,0.0,0.0,0.0,120.0,120.0,60.0,84.852814,0.0,0.0,0.0,0.0,0.0,0.0,0.0,0.0,0.0,0.0,4.053116,4.053116,4.053116,4.053116,0.0,29606851.764706,1.0,1.0,120.0,0.0,0.0,0.0,0.0,0.0,0.0,0.0,4.053116,4.053116,4.053116,4.053116,0.0,0.0,0.0,0.0,0.0,0.0,64,0,64,DOS_SYN_Hping
S0971,28639,21,tcp,-,4e-06,1,1,1,0,262144.0,262144.0,524288.0,1.0,20,20,20,20,20,20,0,1,1,0,0,1,0,0,0,0,120.0,120.0,120.0,120.0,0.0,0.0,0.0,0.0,0.0,0.0,0.0,120.0,120.0,60.0,84.852814,0.0,0.0,0.0,0.0,0.0,0.0,0.0,0.0,0.0,0.0,3.814697,3.814697,3.814697,3.814697,0.0,31457280.0,1.0,1.0,120.0,0.0,0.0,0.0,0.0,0.0,0.0,0.0,3.814697,3.814697,3.814697,3.814697,0.0,0.0,0.0,0.0,0.0,0.0,64,0,64,DOS_SYN_Hping
S0972,20587,21,tcp,-,5e-06,1,1,1,0,199728.761905,199728.761905,399457.52381,1.0,20,20,20,20,20,20,0,1,1,0,0,1,0,0,0,0,120.0,120.0,120.0,120.0,0.0,0.0,0.0,0.0,0.0,0.0,0.0,120.0,120.0,60.0,84.852814,0.0,0.0,0.0,0.0,0.0,0.0,0.0,0.0,0.0,0.0,5.0067900000000005,5.0067900000000005,5.0067900000000005,5.0067900000000005,0.0,23967451.428571,1.0,1.0,120.0,0.0,0.0,0.0,0.0,0.0,0.0,0.0,5.0067900000000005,5.0067900000000005,5.0067900000000005,5.0067900000000005,0.0,0.0,0.0,0.0,0.0,0.0,64,0,64,DOS_SYN_Hping
S0973,30106,21,tcp,-,2e-06,1,1,1,0,466033.777778,466033.777778,932067.555556,1.0,20,20,20,20,20,20,0,1,1,0,0,1,0,0,0,0,120.0,120.0,120.0,120.0,0.0,0.0,0.0,0.0,0.0,0.0,0.0,120.0,120.0,60.0,84.852814,0.0,0.0,0.0,0.0,0.0,0.0,0.0,0.0,0.0,0.0,2.145767,2.145767,2.145767,2.145767,0.0,55924053.33333299,1.0,1.0,120.0,0.0,0.0,0.0,0.0,0.0,0.0,0.0,2.145767,2.145767,2.145767,2.145767,0.0,0.0,0.0,0.0,0.0,0.0,64,0,64,DOS_SYN_Hping
S0974,41216,21,tcp,-,4e-06,1,1,1,0,246723.764706,246723.764706,493447.529412,1.0,20,20,20,20,20,20,0,1,1,0,0,1,0,0,0,0,120.0,120.0,120.0,120.0,0.0,0.0,0.0,0.0,0.0,0.0,0.0,120.0,120.0,60.0,84.852814,0.0,0.0,0.0,0.0,0.0,0.0,0.0,0.0,0.0,0.0,4.053116,4.053116,4.053116,4.053116,0.0,29606851.764706,1.0,1.0,120.0,0.0,0.0,0.0,0.0,0.0,0.0,0.0,4.053116,4.053116,4.053116,4.053116,0.0,0.0,0.0,0.0,0.0,0.0,64,0,64,DOS_SYN_Hping
S0975,58033,21,tcp,-,1e-06,1,1,1,0,1048576.0,1048576.0,2097152.0,1.0,20,20,20,20,20,20,0,1,1,0,0,1,0,0,0,0,120.0,120.0,120.0,120.0,0.0,0.0,0.0,0.0,0.0,0.0,0.0,120.0,120.0,60.0,84.852814,0.0,0.0,0.0,0.0,0.0,0.0,0.0,0.0,0.0,0.0,0.953674,0.953674,0.953674,0.953674,0.0,125829120.0,1.0,1.0,120.0,0.0,0.0,0.0,0.0,0.0,0.0,0.0,0.953674,0.953674,0.953674,0.953674,0.0,0.0,0.0,0.0,0.0,0.0,64,0,64,DOS_SYN_Hping
S0976,51930,21,tcp,-,6e-06,1,1,1,0,167772.16,167772.16,335544.32,1.0,20,20,20,20,20,20,0,1,1,0,0,1,0,0,0,0,120.0,120.0,120.0,120.0,0.0,0.0,0.0,0.0,0.0,0.0,0.0,120.0,120.0,60.0,84.852814,0.0,0.0,0.0,0.0,0.0,0.0,0.0,0.0,0.0,0.0,5.960464,5.960464,5.960464,5.960464,0.0,20132659.2,1.0,1.0,120.0,0.0,0.0,0.0,0.0,0.0,0.0,0.0,5.960464,5.960464,5.960464,5.960464,0.0,0.0,0.0,0.0,0.0,0.0,64,0,64,DOS_SYN_Hping
S0977,25027,21,tcp,-,1e-06,1,1,1,0,1048576.0,1048576.0,2097152.0,1.0,20,20,20,20,20,20,0,1,1,0,0,1,0,0,0,0,120.0,120.0,120.0,120.0,0.0,0.0,0.0,0.0,0.0,0.0,0.0,120.0,120.0,60.0,84.852814,0.0,0.0,0.0,0.0,0.0,0.0,0.0,0.0,0.0,0.0,0.953674,0.953674,0.953674,0.953674,0.0,125829120.0,1.0,1.0,120.0,0.0,0.0,0.0,0.0,0.0,0.0,0.0,0.953674,0.953674,0.953674,0.953674,0.0,0.0,0.0,0.0,0.0,0.0,64,0,64,DOS_SYN_Hping
S0978,33622,80,tcp,http,0.915523,7,5,2,1,7.645903,5.461359,13.107261,0.714286,232,32,40,168,32,40,2,2,0,2,1,11,0,0,0,0,0.0,169.0,215.0,30.714286,63.34223000000001,0.0,538.0,538.0,107.6,240.600914,0.0,538.0,753.0,62.75,157.50043300000002,96.082687,346765.0414,917515.9931,152919.3322,168746.1138,87.976456,287703.9909,632614.1357,158153.5339,151247.9605,87.976456,284609.0794,917515.9931,83410.54483,129531.2735,822.480655,7.0,5.0,215.0,538.0,0.0,0.0,0.0,0.0,0.0,0.0,917515.9931,917515.9931,917515.9931,917515.9931,0.0,0.0,0.0,0.0,0.0,0.0,64240,26847,501,Thing_Speak
S0979,44463,21,tcp,-,4e-06,1,1,1,0,246723.764706,246723.764706,493447.529412,1.0,20,20,20,20,20,20,0,1,1,0,0,1,0,0,0,0,120.0,120.0,120.0,120.0,0.0,0.0,0.0,0.0,0.0,0.0,0.0,120.0,120.0,60.0,84.852814,0.0,0.0,0.0,0.0,0.0,0.0,0.0,0.0,0.0,0.0,4.053116,4.053116,4.053116,4.053116,0.0,29606851.764706,1.0,1.0,120.0,0.0,0.0,0.0,0.0,0.0,0.0,0.0,4.053116,4.053116,4.053116,4.053116,0.0,0.0,0.0,0.0,0.0,0.0,64,0,64,DOS_SYN_Hping
S0980,54071,21,tcp,-,4e-06,1,1,1,0,246723.764706,246723.764706,493447.529412,1.0,20,20,20,20,20,20,0,1,1,0,0,1,0,0,0,0,120.0,120.0,120.0,120.0,0.0,0.0,0.0,0.0,0.0,0.0,0.0,120.0,120.0,60.0,84.852814,0.0,0.0,0.0,0.0,0.0,0.0,0.0,0.0,0.0,0.0,4.053116,4.053116,4.053116,4.053116,0.0,29606851.764706,1.0,1.0,120.0,0.0,0.0,0.0,0.0,0.0,0.0,0.0,4.053116,4.053116,4.053116,4.053116,0.0,0.0,0.0,0.0,0.0,0.0,64,0,64,DOS_SYN_Hping
S0981,65079,21,tcp,-,1e-06,1,1,1,0,1048576.0,1048576.0,2097152.0,1.0,20,20,20,20,20,20,0,1,1,0,0,1,0,0,0,0,120.0,120.0,120.0,120.0,0.0,0.0,0.0,0.0,0.0,0.0,0.0,120.0,120.0,60.0,84.852814,0.0,0.0,0.0,0.0,0.0,0.0,0.0,0.0,0.0,0.0,0.953674,0.953674,0.953674,0.953674,0.0,125829120.0,1.0,1.0,120.0,0.0,0.0,0.0,0.0,0.0,0.0,0.0,0.953674,0.953674,0.953674,0.953674,0.0,0.0,0.0,0.0,0.0,0.0,64,0,64,DOS_SYN_Hping
S0982,47746,21,tcp,-,2e-06,1,1,1,0,466033.777778,466033.777778,932067.555556,1.0,20,20,20,20,20,20,0,1,1,0,0,1,0,0,0,0,120.0,120.0,120.0,120.0,0.0,0.0,0.0,0.0,0.0,0.0,0.0,120.0,120.0,60.0,84.852814,0.0,0.0,0.0,0.0,0.0,0.0,0.0,0.0,0.0,0.0,2.145767,2.145767,2.145767,2.145767,0.0,55924053.33333299,1.0,1.0,120.0,0.0,0.0,0.0,0.0,0.0,0.0,0.0,2.145767,2.145767,2.145767,2.145767,0.0,0.0,0.0,0.0,0.0,0.0,64,0,64,DOS_SYN_Hping
S0983,22224,21,tcp,-,2e-06,1,1,1,0,466033.777778,466033.777778,932067.555556,1.0,20,20,20,20,20,20,0,1,1,0,0,1,0,0,0,0,120.0,120.0,120.0,120.0,0.0,0.0,0.0,0.0,0.0,0.0,0.0,120.0,120.0,60.0,84.852814,0.0,0.0,0.0,0.0,0.0,0.0,0.0,0.0,0.0,0.0,2.145767,2.145767,2.145767,2.145767,0.0,55924053.33333299,1.0,1.0,120.0,0.0,0.0,0.0,0.0,0.0,0.0,0.0,2.145767,2.145767,2.145767,2.145767,0.0,0.0,0.0,0.0,0.0,0.0,64,0,64,DOS_SYN_Hping
S0984,19581,21,tcp,-,0.0,1,0,1,0,0.0,0.0,0.0,0.0,20,20,20,0,0,0,0,1,0,0,0,0,0,0,0,0,120.0,120.0,120.0,120.0,0.0,0.0,0.0,0.0,0.0,0.0,120.0,120.0,120.0,120.0,0.0,0.0,0.0,0.0,0.0,0.0,0.0,0.0,0.0,0.0,0.0,0.0,0.0,0.0,0.0,0.0,0.0,1.0,0.0,120.0,0.0,0.0,0.0,0.0,0.0,0.0,0.0,0.0,0.0,0.0,0.0,0.0,0.0,0.0,0.0,0.0,0.0,64,0,64,DOS_SYN_Hping
S0985,4345,21,tcp,-,4e-06,1,1,1,0,262144.0,262144.0,524288.0,1.0,20,20,20,20,20,20,0,1,1,0,0,1,0,0,0,0,120.0,120.0,120.0,120.0,0.0,0.0,0.0,0.0,0.0,0.0,0.0,120.0,120.0,60.0,84.852814,0.0,0.0,0.0,0.0,0.0,0.0,0.0,0.0,0.0,0.0,3.814697,3.814697,3.814697,3.814697,0.0,31457280.0,1.0,1.0,120.0,0.0,0.0,0.0,0.0,0.0,0.0,0.0,3.814697,3.814697,3.814697,3.814697,0.0,0.0,0.0,0.0,0.0,0.0,64,0,64,DOS_SYN_Hping
S0986,55297,21,tcp,-,1e-06,1,1,1,0,1048576.0,1048576.0,2097152.0,1.0,20,20,20,20,20,20,0,1,1,0,0,1,0,0,0,0,120.0,120.0,120.0,120.0,0.0,0.0,0.0,0.0,0.0,0.0,0.0,120.0,120.0,60.0,84.852814,0.0,0.0,0.0,0.0,0.0,0.0,0.0,0.0,0.0,0.0,0.953674,0.953674,0.953674,0.953674,0.0,125829120.0,1.0,1.0,120.0,0.0,0.0,0.0,0.0,0.0,0.0,0.0,0.953674,0.953674,0.953674,0.953674,0.0,0.0,0.0,0.0,0.0,0.0,64,0,64,DOS_SYN_Hping
S0987,17818,21,tcp,-,4e-06,1,1,1,0,246723.764706,246723.764706,493447.529412,1.0,20,20,20,20,20,20,0,1,1,0,0,1,0,0,0,0,120.0,120.0,120.0,120.0,0.0,0.0,0.0,0.0,0.0,0.0,0.0,120.0,120.0,60.0,84.852814,0.0,0.0,0.0,0.0,0.0,0.0,0.0,0.0,0.0,0.0,4.053116,4.053116,4.053116,4.053116,0.0,29606851.764706,1.0,1.0,120.0,0.0,0.0,0.0,0.0,0.0,0.0,0.0,4.053116,4.053116,4.053116,4.053116,0.0,0.0,0.0,0.0,0.0,0.0,64,0,64,DOS_SYN_Hping
S0988,12317,21,tcp,-,0.0,1,0,1,0,0.0,0.0,0.0,0.0,20,20,20,0,0,0,0,1,0,0,0,0,0,0,0,0,120.0,120.0,120.0,120.0,0.0,0.0,0.0,0.0,0.0,0.0,120.0,120.0,120.0,120.0,0.0,0.0,0.0,0.0,0.0,0.0,0.0,0.0,0.0,0.0,0.0,0.0,0.0,0.0,0.0,0.0,0.0,1.0,0.0,120.0,0.0,0.0,0.0,0.0,0.0,0.0,0.0,0.0,0.0,0.0,0.0,0.0,0.0,0.0,0.0,0.0,0.0,64,0,64,DOS_SYN_Hping
S0989,59769,21,tcp,-,4e-06,1,1,1,0,246723.764706,246723.764706,493447.529412,1.0,20,20,20,20,20,20,0,1,1,0,0,1,0,0,0,0,120.0,120.0,120.0,120.0,0.0,0.0,0.0,0.0,0.0,0.0,0.0,120.0,120.0,60.0,84.852814,0.0,0.0,0.0,0.0,0.0,0.0,0.0,0.0,0.0,0.0,4.053116,4.053116,4.053116,4.053116,0.0,29606851.764706,1.0,1.0,120.0,0.0,0.0,0.0,0.0,0.0,0.0,0.0,4.053116,4.053116,4.053116,4.053116,0.0,0.0,0.0,0.0,0.0,0.0,64,0,64,DOS_SYN_Hping
S0990,51036,1186,tcp,-,6e-06,1,1,0,0,167772.16,167772.16,335544.32,1.0,20,20,20,20,20,20,0,0,1,0,0,1,0,0,0,0,0.0,0.0,0.0,0.0,0.0,0.0,0.0,0.0,0.0,0.0,0.0,0.0,0.0,0.0,0.0,0.0,0.0,0.0,0.0,0.0,0.0,0.0,0.0,0.0,0.0,5.960464,5.960464,5.960464,5.960464,0.0,0.0,1.0,1.0,0.0,0.0,0.0,0.0,0.0,0.0,0.0,0.0,5.960464,5.960464,5.960464,5.960464,0.0,0.0,0.0,0.0,0.0,0.0,1024,0,1024,NMAP_OS_DETECTION
S0991,14438,21,tcp,-,4e-06,1,1,1,0,246723.764706,246723.764706,493447.529412,1.0,20,20,20,20,20,20,0,1,1,0,0,1,0,0,0,0,120.0,120.0,120.0,120.0,0.0,0.0,0.0,0.0,0.0,0.0,0.0,120.0,120.0,60.0,84.852814,0.0,0.0,0.0,0.0,0.0,0.0,0.0,0.0,0.0,0.0,4.053116,4.053116,4.053116,4.053116,0.0,29606851.764706,1.0,1.0,120.0,0.0,0.0,0.0,0.0,0.0,0.0,0.0,4.053116,4.053116,4.053116,4.053116,0.0,0.0,0.0,0.0,0.0,0.0,64,0,64,DOS_SYN_Hping
S0992,57347,53,udp,dns,0.0446089999999999,2,2,2,2,44.834172,44.834172,89.66834300000001,1.0,16,8,8,16,8,8,0,0,0,0,0,0,0,0,0,0,36.0,36.0,72.0,36.0,0.0,68.0,120.0,188.0,94.0,36.769553,36.0,120.0,260.0,65.0,39.648455,1127.958298,1127.958298,1127.958298,1127.958298,0.0,24124.86076,24124.86076,24124.86076,24124.86076,0.0,1127.958298,24124.86076,44608.83141,14869.61047,12137.14267,5828.442302,2.0,2.0,72.0,188.0,0.0,0.0,0.0,0.0,0.0,0.0,44608.83141,44608.83141,44608.83141,44608.83141,0.0,0.0,0.0,0.0,0.0,0.0,0,0,0,Thing_Speak
S0993,30139,21,tcp,-,1e-06,1,1,1,0,1048576.0,1048576.0,2097152.0,1.0,20,20,20,20,20,20,0,1,1,0,0,1,0,0,0,0,120.0,120.0,120.0,120.0,0.0,0.0,0.0,0.0,0.0,0.0,0.0,120.0,120.0,60.0,84.852814,0.0,0.0,0.0,0.0,0.0,0.0,0.0,0.0,0.0,0.0,0.953674,0.953674,0.953674,0.953674,0.0,125829120.0,1.0,1.0,120.0,0.0,0.0,0.0,0.0,0.0,0.0,0.0,0.953674,0.953674,0.953674,0.953674,0.0,0.0,0.0,0.0,0.0,0.0,64,0,64,DOS_SYN_Hping
S0994,43558,21,tcp,-,4e-06,1,1,1,0,246723.764706,246723.764706,493447.529412,1.0,20,20,20,20,20,20,0,1,1,0,0,1,0,0,0,0,120.0,120.0,120.0,120.0,0.0,0.0,0.0,0.0,0.0,0.0,0.0,120.0,120.0,60.0,84.852814,0.0,0.0,0.0,0.0,0.0,0.0,0.0,0.0,0.0,0.0,4.053116,4.053116,4.053116,4.053116,0.0,29606851.764706,1.0,1.0,120.0,0.0,0.0,0.0,0.0,0.0,0.0,0.0,4.053116,4.053116,4.053116,4.053116,0.0,0.0,0.0,0.0,0.0,0.0,64,0,64,DOS_SYN_Hping
S0995,19126,21,tcp,-,5e-06,1,1,1,0,199728.761905,199728.761905,399457.52381,1.0,20,20,20,20,20,20,0,1,1,0,0,1,0,0,0,0,120.0,120.0,120.0,120.0,0.0,0.0,0.0,0.0,0.0,0.0,0.0,120.0,120.0,60.0,84.852814,0.0,0.0,0.0,0.0,0.0,0.0,0.0,0.0,0.0,0.0,5.0067900000000005,5.0067900000000005,5.0067900000000005,5.0067900000000005,0.0,23967451.428571,1.0,1.0,120.0,0.0,0.0,0.0,0.0,0.0,0.0,0.0,5.0067900000000005,5.0067900000000005,5.0067900000000005,5.0067900000000005,0.0,0.0,0.0,0.0,0.0,0.0,64,0,64,DOS_SYN_Hping
S0996,63332,21,tcp,-,4e-06,1,1,1,0,262144.0,262144.0,524288.0,1.0,20,20,20,20,20,20,0,1,1,0,0,1,0,0,0,0,120.0,120.0,120.0,120.0,0.0,0.0,0.0,0.0,0.0,0.0,0.0,120.0,120.0,60.0,84.852814,0.0,0.0,0.0,0.0,0.0,0.0,0.0,0.0,0.0,0.0,3.814697,3.814697,3.814697,3.814697,0.0,31457280.0,1.0,1.0,120.0,0.0,0.0,0.0,0.0,0.0,0.0,0.0,3.814697,3.814697,3.814697,3.814697,0.0,0.0,0.0,0.0,0.0,0.0,64,0,64,DOS_SYN_Hping
S0997,56682,53,udp,dns,0.000177,2,2,2,2,11305.401617,11305.401617,22610.803235,1.0,16,8,8,16,8,8,0,0,0,0,0,0,0,0,0,0,55.0,55.0,110.0,55.0,0.0,55.0,119.0,174.0,87.0,45.254834,55.0,119.0,284.0,71.0,32.0,10.01358,10.01358,10.01358,10.01358,0.0,55.789948,55.789948,55.789948,55.789948,0.0,10.01358,111.103058,176.906586,58.968862,50.619658,1605367.02965,2.0,2.0,110.0,174.0,0.0,0.0,0.0,0.0,0.0,0.0,176.906586,176.906586,176.906586,176.906586,0.0,0.0,0.0,0.0,0.0,0.0,0,0,0,ARP_poisioning
S0998,51036,19,tcp,-,6e-06,1,1,0,0,167772.16,167772.16,335544.32,1.0,20,20,20,20,20,20,0,0,1,0,0,1,0,0,0,0,0.0,0.0,0.0,0.0,0.0,0.0,0.0,0.0,0.0,0.0,0.0,0.0,0.0,0.0,0.0,0.0,0.0,0.0,0.0,0.0,0.0,0.0,0.0,0.0,0.0,5.960464,5.960464,5.960464,5.960464,0.0,0.0,1.0,1.0,0.0,0.0,0.0,0.0,0.0,0.0,0.0,0.0,5.960464,5.960464,5.960464,5.960464,0.0,0.0,0.0,0.0,0.0,0.0,1024,0,1024,NMAP_OS_DETECTION
S0999,48352,21,tcp,-,1e-06,1,1,1,0,1048576.0,1048576.0,2097152.0,1.0,20,20,20,20,20,20,0,1,1,0,0,1,0,0,0,0,120.0,120.0,120.0,120.0,0.0,0.0,0.0,0.0,0.0,0.0,0.0,120.0,120.0,60.0,84.852814,0.0,0.0,0.0,0.0,0.0,0.0,0.0,0.0,0.0,0.0,0.953674,0.953674,0.953674,0.953674,0.0,125829120.0,1.0,1.0,120.0,0.0,0.0,0.0,0.0,0.0,0.0,0.0,0.953674,0.953674,0.953674,0.953674,0.0,0.0,0.0,0.0,0.0,0.0,64,0,64,DOS_SYN_Hping
S1000,36507,21,tcp,-,4e-06,1,1,1,0,262144.0,262144.0,524288.0,1.0,20,20,20,20,20,20,0,1,1,0,0,1,0,0,0,0,120.0,120.0,120.0,120.0,0.0,0.0,0.0,0.0,0.0,0.0,0.0,120.0,120.0,60.0,84.852814,0.0,0.0,0.0,0.0,0.0,0.0,0.0,0.0,0.0,0.0,3.814697,3.814697,3.814697,3.814697,0.0,31457280.0,1.0,1.0,120.0,0.0,0.0,0.0,0.0,0.0,0.0,0.0,3.814697,3.814697,3.814697,3.814697,0.0,0.0,0.0,0.0,0.0,0.0,64,0,64,DOS_SYN_Hping
S1001,44645,21,tcp,-,5e-06,1,1,1,0,199728.761905,199728.761905,399457.52381,1.0,20,20,20,20,20,20,0,1,1,0,0,1,0,0,0,0,120.0,120.0,120.0,120.0,0.0,0.0,0.0,0.0,0.0,0.0,0.0,120.0,120.0,60.0,84.852814,0.0,0.0,0.0,0.0,0.0,0.0,0.0,0.0,0.0,0.0,5.0067900000000005,5.0067900000000005,5.0067900000000005,5.0067900000000005,0.0,23967451.428571,1.0,1.0,120.0,0.0,0.0,0.0,0.0,0.0,0.0,0.0,5.0067900000000005,5.0067900000000005,5.0067900000000005,5.0067900000000005,0.0,0.0,0.0,0.0,0.0,0.0,64,0,64,DOS_SYN_Hping
S1002,8084,21,tcp,-,2e-06,1,1,1,0,524288.0,524288.0,1048576.0,1.0,20,20,20,20,20,20,0,1,1,0,0,1,0,0,0,0,120.0,120.0,120.0,120.0,0.0,0.0,0.0,0.0,0.0,0.0,0.0,120.0,120.0,60.0,84.852814,0.0,0.0,0.0,0.0,0.0,0.0,0.0,0.0,0.0,0.0,1.907349,1.907349,1.907349,1.907349,0.0,62914560.0,1.0,1.0,120.0,0.0,0.0,0.0,0.0,0.0,0.0,0.0,1.907349,1.907349,1.907349,1.907349,0.0,0.0,0.0,0.0,0.0,0.0,64,0,64,DOS_SYN_Hping
S1003,50078,57172,udp,-,0.0,1,0,1,0,0.0,0.0,0.0,0.0,8,8,8,0,0,0,0,0,0,0,0,0,0,0,0,0,40.0,40.0,40.0,40.0,0.0,0.0,0.0,0.0,0.0,0.0,40.0,40.0,40.0,40.0,0.0,0.0,0.0,0.0,0.0,0.0,0.0,0.0,0.0,0.0,0.0,0.0,0.0,0.0,0.0,0.0,0.0,1.0,0.0,40.0,0.0,0.0,0.0,0.0,0.0,0.0,0.0,0.0,0.0,0.0,0.0,0.0,0.0,0.0,0.0,0.0,0.0,0,0,0,NMAP_UDP_SCAN
S1004,47099,21,tcp,-,0.0,1,0,1,0,0.0,0.0,0.0,0.0,20,20,20,0,0,0,0,1,0,0,0,0,0,0,0,0,120.0,120.0,120.0,120.0,0.0,0.0,0.0,0.0,0.0,0.0,120.0,120.0,120.0,120.0,0.0,0.0,0.0,0.0,0.0,0.0,0.0,0.0,0.0,0.0,0.0,0.0,0.0,0.0,0.0,0.0,0.0,1.0,0.0,120.0,0.0,0.0,0.0,0.0,0.0,0.0,0.0,0.0,0.0,0.0,0.0,0.0,0.0,0.0,0.0,0.0,0.0,64,0,64,DOS_SYN_Hping
S1005,52209,21,tcp,-,3e-06,1,1,1,0,349525.333333,349525.333333,699050.666667,1.0,20,20,20,20,20,20,0,1,1,0,0,1,0,0,0,0,120.0,120.0,120.0,120.0,0.0,0.0,0.0,0.0,0.0,0.0,0.0,120.0,120.0,60.0,84.852814,0.0,0.0,0.0,0.0,0.0,0.0,0.0,0.0,0.0,0.0,2.861023,2.861023,2.861023,2.861023,0.0,41943040.0,1.0,1.0,120.0,0.0,0.0,0.0,0.0,0.0,0.0,0.0,2.861023,2.861023,2.861023,2.861023,0.0,0.0,0.0,0.0,0.0,0.0,64,0,64,DOS_SYN_Hping
S1006,64023,21,tcp,-,4e-06,1,1,1,0,246723.764706,246723.764706,493447.529412,1.0,20,20,20,20,20,20,0,1,1,0,0,1,0,0,0,0,120.0,120.0,120.0,120.0,0.0,0.0,0.0,0.0,0.0,0.0,0.0,120.0,120.0,60.0,84.852814,0.0,0.0,0.0,0.0,0.0,0.0,0.0,0.0,0.0,0.0,4.053116,4.053116,4.053116,4.053116,0.0,29606851.764706,1.0,1.0,120.0,0.0,0.0,0.0,0.0,0.0,0.0,0.0,4.053116,4.053116,4.053116,4.053116,0.0,0.0,0.0,0.0,0.0,0.0,64,0,64,DOS_SYN_Hping
S1007,63255,21,tcp,-,4e-06,1,1,1,0,246723.764706,246723.764706,493447.529412,1.0,20,20,20,20,20,20,0,1,1,0,0,1,0,0,0,0,120.0,120.0,120.0,120.0,0.0,0.0,0.0,0.0,0.0,0.0,0.0,120.0,120.0,60.0,84.852814,0.0,0.0,0.0,0.0,0.0,0.0,0.0,0.0,0.0,0.0,4.053116,4.053116,4.053116,4.053116,0.0,29606851.764706,1.0,1.0,120.0,0.0,0.0,0.0,0.0,0.0,0.0,0.0,4.053116,4.053116,4.053116,4.053116,0.0,0.0,0.0,0.0,0.0,0.0,64,0,64,DOS_SYN_Hping
S1008,39033,21,tcp,-,4e-06,1,1,1,0,246723.764706,246723.764706,493447.529412,1.0,20,20,20,20,20,20,0,1,1,0,0,1,0,0,0,0,120.0,120.0,120.0,120.0,0.0,0.0,0.0,0.0,0.0,0.0,0.0,120.0,120.0,60.0,84.852814,0.0,0.0,0.0,0.0,0.0,0.0,0.0,0.0,0.0,0.0,4.053116,4.053116,4.053116,4.053116,0.0,29606851.764706,1.0,1.0,120.0,0.0,0.0,0.0,0.0,0.0,0.0,0.0,4.053116,4.053116,4.053116,4.053116,0.0,0.0,0.0,0.0,0.0,0.0,64,0,64,DOS_SYN_Hping
S1009,34592,80,tcp,http,0.877075,7,5,2,1,7.981074,5.700767,13.681841,0.714286,232,32,40,168,32,40,2,2,0,2,1,11,0,0,0,0,0.0,169.0,215.0,30.714286,63.34223000000001,0.0,539.0,539.0,107.8,241.048128,0.0,539.0,754.0,62.833333,157.77477199999998,129.938126,312256.0978,878878.8319,146479.8053,159314.4309,87.976456,283740.0436,597918.9873,149479.7468,155120.6903,87.976456,279185.0567,878878.8319,79898.07562,128269.4999,859.675669,7.0,5.0,215.0,539.0,0.0,0.0,0.0,0.0,0.0,0.0,878878.8319,878878.8319,878878.8319,878878.8319,0.0,0.0,0.0,0.0,0.0,0.0,64240,26847,501,Thing_Speak
S1010,38353,21,tcp,-,4e-06,1,1,1,0,262144.0,262144.0,524288.0,1.0,20,20,20,20,20,20,0,1,1,0,0,1,0,0,0,0,120.0,120.0,120.0,120.0,0.0,0.0,0.0,0.0,0.0,0.0,0.0,120.0,120.0,60.0,84.852814,0.0,0.0,0.0,0.0,0.0,0.0,0.0,0.0,0.0,0.0,3.814697,3.814697,3.814697,3.814697,0.0,31457280.0,1.0,1.0,120.0,0.0,0.0,0.0,0.0,0.0,0.0,0.0,3.814697,3.814697,3.814697,3.814697,0.0,0.0,0.0,0.0,0.0,0.0,64,0,64,DOS_SYN_Hping
S1011,33963,21,tcp,-,4e-06,1,1,1,0,262144.0,262144.0,524288.0,1.0,20,20,20,20,20,20,0,1,1,0,0,1,0,0,0,0,120.0,120.0,120.0,120.0,0.0,0.0,0.0,0.0,0.0,0.0,0.0,120.0,120.0,60.0,84.852814,0.0,0.0,0.0,0.0,0.0,0.0,0.0,0.0,0.0,0.0,3.814697,3.814697,3.814697,3.814697,0.0,31457280.0,1.0,1.0,120.0,0.0,0.0,0.0,0.0,0.0,0.0,0.0,3.814697,3.814697,3.814697,3.814697,0.0,0.0,0.0,0.0,0.0,0.0,64,0,64,DOS_SYN_Hping
S1012,3654,21,tcp,-,4e-06,1,1,1,0,262144.0,262144.0,524288.0,1.0,20,20,20,20,20,20,0,1,1,0,0,1,0,0,0,0,120.0,120.0,120.0,120.0,0.0,0.0,0.0,0.0,0.0,0.0,0.0,120.0,120.0,60.0,84.852814,0.0,0.0,0.0,0.0,0.0,0.0,0.0,0.0,0.0,0.0,3.814697,3.814697,3.814697,3.814697,0.0,31457280.0,1.0,1.0,120.0,0.0,0.0,0.0,0.0,0.0,0.0,0.0,3.814697,3.814697,3.814697,3.814697,0.0,0.0,0.0,0.0,0.0,0.0,64,0,64,DOS_SYN_Hping
S1013,24554,21,tcp,-,1e-06,1,1,1,0,1048576.0,1048576.0,2097152.0,1.0,20,20,20,20,20,20,0,1,1,0,0,1,0,0,0,0,120.0,120.0,120.0,120.0,0.0,0.0,0.0,0.0,0.0,0.0,0.0,120.0,120.0,60.0,84.852814,0.0,0.0,0.0,0.0,0.0,0.0,0.0,0.0,0.0,0.0,0.953674,0.953674,0.953674,0.953674,0.0,125829120.0,1.0,1.0,120.0,0.0,0.0,0.0,0.0,0.0,0.0,0.0,0.953674,0.953674,0.953674,0.953674,0.0,0.0,0.0,0.0,0.0,0.0,64,0,64,DOS_SYN_Hping
S1014,64916,21,tcp,-,0.0,1,0,1,0,0.0,0.0,0.0,0.0,20,20,20,0,0,0,0,1,0,0,0,0,0,0,0,0,120.0,120.0,120.0,120.0,0.0,0.0,0.0,0.0,0.0,0.0,120.0,120.0,120.0,120.0,0.0,0.0,0.0,0.0,0.0,0.0,0.0,0.0,0.0,0.0,0.0,0.0,0.0,0.0,0.0,0.0,0.0,1.0,0.0,120.0,0.0,0.0,0.0,0.0,0.0,0.0,0.0,0.0,0.0,0.0,0.0,0.0,0.0,0.0,0.0,0.0,0.0,64,0,64,DOS_SYN_Hping
S1015,60441,1883,tcp,mqtt,60.033473,10,6,3,4,0.166574,0.099944,0.266518,0.6,328,32,40,200,32,40,0,2,1,3,4,15,0,0,0,0,0.0,33.0,78.0,7.8,12.934021,0.0,23.0,36.0,6.0,8.602325,0.0,33.0,114.0,7.125,11.218289,242.948532,57808403.015137,60033473.014832,6670385.890537,19180342.34714,990.152359,1463395.833969,1972115.039825,394423.007965,610648.680914,43.869019,57808403.015137,60033473.014832,4002231.534322,14888296.106185,1.898941,3.333333,2.0,26.0,12.0,0.0,0.0,0.0,0.0,0.0,0.0,2225069.999695,2225069.999695,2225069.999695,2225069.999695,0.0,57808403.015137,57808403.015137,57808403.015137,57808403.015137,0.0,64240,26847,502,MQTT_Publish
S1016,11730,21,tcp,-,0.0,1,0,1,0,0.0,0.0,0.0,0.0,20,20,20,0,0,0,0,1,0,0,0,0,0,0,0,0,120.0,120.0,120.0,120.0,0.0,0.0,0.0,0.0,0.0,0.0,120.0,120.0,120.0,120.0,0.0,0.0,0.0,0.0,0.0,0.0,0.0,0.0,0.0,0.0,0.0,0.0,0.0,0.0,0.0,0.0,0.0,1.0,0.0,120.0,0.0,0.0,0.0,0.0,0.0,0.0,0.0,0.0,0.0,0.0,0.0,0.0,0.0,0.0,0.0,0.0,0.0,64,0,64,DOS_SYN_Hping
S1017,52666,21,tcp,-,1e-06,1,1,1,0,1048576.0,1048576.0,2097152.0,1.0,20,20,20,20,20,20,0,1,1,0,0,1,0,0,0,0,120.0,120.0,120.0,120.0,0.0,0.0,0.0,0.0,0.0,0.0,0.0,120.0,120.0,60.0,84.852814,0.0,0.0,0.0,0.0,0.0,0.0,0.0,0.0,0.0,0.0,0.953674,0.953674,0.953674,0.953674,0.0,125829120.0,1.0,1.0,120.0,0.0,0.0,0.0,0.0,0.0,0.0,0.0,0.953674,0.953674,0.953674,0.953674,0.0,0.0,0.0,0.0,0.0,0.0,64,0,64,DOS_SYN_Hping
S1018,36325,21,tcp,-,5e-06,1,1,1,0,199728.761905,199728.761905,399457.52381,1.0,20,20,20,20,20,20,0,1,1,0,0,1,0,0,0,0,120.0,120.0,120.0,120.0,0.0,0.0,0.0,0.0,0.0,0.0,0.0,120.0,120.0,60.0,84.852814,0.0,0.0,0.0,0.0,0.0,0.0,0.0,0.0,0.0,0.0,5.0067900000000005,5.0067900000000005,5.0067900000000005,5.0067900000000005,0.0,23967451.428571,1.0,1.0,120.0,0.0,0.0,0.0,0.0,0.0,0.0,0.0,5.0067900000000005,5.0067900000000005,5.0067900000000005,5.0067900000000005,0.0,0.0,0.0,0.0,0.0,0.0,64,0,64,DOS_SYN_Hping
S1019,56605,53,udp,dns,0.049256,2,2,2,2,40.604316,40.604316,81.20863100000001,1.0,16,8,8,16,8,8,0,0,0,0,0,0,0,0,0,0,32.0,32.0,64.0,32.0,0.0,32.0,64.0,96.0,48.0,22.627417,32.0,64.0,160.0,40.0,16.0,944.852829,944.852829,944.852829,944.852829,0.0,48084.02061,48084.02061,48084.02061,48084.02061,0.0,226.974487,48084.02061,49255.84793,16418.615980000002,27425.39381,3248.345257,2.0,2.0,64.0,96.0,0.0,0.0,0.0,0.0,0.0,0.0,49255.84793,49255.84793,49255.84793,49255.84793,0.0,0.0,0.0,0.0,0.0,0.0,0,0,0,Thing_Speak
S1020,63152,21,tcp,-,4e-06,1,1,1,0,246723.764706,246723.764706,493447.529412,1.0,20,20,20,20,20,20,0,1,1,0,0,1,0,0,0,0,120.0,120.0,120.0,120.0,0.0,0.0,0.0,0.0,0.0,0.0,0.0,120.0,120.0,60.0,84.852814,0.0,0.0,0.0,0.0,0.0,0.0,0.0,0.0,0.0,0.0,4.053116,4.053116,4.053116,4.053116,0.0,29606851.764706,1.0,1.0,120.0,0.0,0.0,0.0,0.0,0.0,0.0,0.0,4.053116,4.053116,4.053116,4.053116,0.0,0.0,0.0,0.0,0.0,0.0,64,0,64,DOS_SYN_Hping
S1021,40304,53,udp,dns,0.029399,2,2,2,2,68.029714,68.029714,136.059428,1.0,16,8,8,16,8,8,0,0,0,0,0,0,0,0,0,0,36.0,36.0,72.0,36.0,0.0,36.0,68.0,104.0,52.0,22.627417,36.0,68.0,176.0,44.0,16.0,29155.96962,29155.96962,29155.96962,29155.96962,0.0,1924.037933,1924.037933,1924.037933,1924.037933,0.0,242.948532,27474.88022,29398.91815,9799.639384,15324.087780000002,5986.614850999999,2.0,2.0,72.0,104.0,0.0,0.0,0.0,0.0,0.0,0.0,29398.91815,29398.91815,29398.91815,29398.91815,0.0,0.0,0.0,0.0,0.0,0.0,0,0,0,Thing_Speak
S1022,31457,21,tcp,-,0.0,1,0,1,0,0.0,0.0,0.0,0.0,20,20,20,0,0,0,0,1,0,0,0,0,0,0,0,0,120.0,120.0,120.0,120.0,0.0,0.0,0.0,0.0,0.0,0.0,120.0,120.0,120.0,120.0,0.0,0.0,0.0,0.0,0.0,0.0,0.0,0.0,0.0,0.0,0.0,0.0,0.0,0.0,0.0,0.0,0.0,1.0,0.0,120.0,0.0,0.0,0.0,0.0,0.0,0.0,0.0,0.0,0.0,0.0,0.0,0.0,0.0,0.0,0.0,0.0,0.0,64,0,64,DOS_SYN_Hping
S1023,12128,21,tcp,-,5e-06,1,1,1,0,199728.761905,199728.761905,399457.52381,1.0,20,20,20,20,20,20,0,1,1,0,0,1,0,0,0,0,120.0,120.0,120.0,120.0,0.0,0.0,0.0,0.0,0.0,0.0,0.0,120.0,120.0,60.0,84.852814,0.0,0.0,0.0,0.0,0.0,0.0,0.0,0.0,0.0,0.0,5.0067900000000005,5.0067900000000005,5.0067900000000005,5.0067900000000005,0.0,23967451.428571,1.0,1.0,120.0,0.0,0.0,0.0,0.0,0.0,0.0,0.0,5.0067900000000005,5.0067900000000005,5.0067900000000005,5.0067900000000005,0.0,0.0,0.0,0.0,0.0,0.0,64,0,64,DOS_SYN_Hping
S1024,56335,1883,tcp,mqtt,37.97973,10,6,3,4,0.263298,0.157979,0.4212770000000001,0.6,328,32,40,200,32,40,0,2,1,3,4,15,0,0,0,0,0.0,33.0,78.0,7.8,12.934021,0.0,23.0,36.0,6.0,8.602325,0.0,33.0,114.0,7.125,11.218289,236.98806800000003,35892457.008362,37979730.129242,4219970.014359999,11886204.725164,75.81710799999998,1620359.182358,1928530.931473,385706.186295,694048.8687100001,75.81710799999998,35892457.008362,37979730.129242,2531982.008616,9236426.730714,3.001601,3.333333,2.0,26.0,12.0,0.0,0.0,0.0,0.0,0.0,0.0,2087273.12088,2087273.12088,2087273.12088,2087273.12088,0.0,35892457.008362,35892457.008362,35892457.008362,35892457.008362,0.0,64240,26847,502,MQTT_Publish
S1025,47029,21,tcp,-,5e-06,1,1,1,0,199728.761905,199728.761905,399457.52381,1.0,20,20,20,20,20,20,0,1,1,0,0,1,0,0,0,0,120.0,120.0,120.0,120.0,0.0,0.0,0.0,0.0,0.0,0.0,0.0,120.0,120.0,60.0,84.852814,0.0,0.0,0.0,0.0,0.0,0.0,0.0,0.0,0.0,0.0,5.0067900000000005,5.0067900000000005,5.0067900000000005,5.0067900000000005,0.0,23967451.428571,1.0,1.0,120.0,0.0,0.0,0.0,0.0,0.0,0.0,0.0,5.0067900000000005,5.0067900000000005,5.0067900000000005,5.0067900000000005,0.0,0.0,0.0,0.0,0.0,0.0,64,0,64,DOS_SYN_Hping
S1026,51036,2557,tcp,-,2e-06,1,1,0,0,466033.777778,466033.777778,932067.555556,1.0,20,20,20,20,20,20,0,0,1,0,0,1,0,0,0,0,0.0,0.0,0.0,0.0,0.0,0.0,0.0,0.0,0.0,0.0,0.0,0.0,0.0,0.0,0.0,0.0,0.0,0.0,0.0,0.0,0.0,0.0,0.0,0.0,0.0,2.145767,2.145767,2.145767,2.145767,0.0,0.0,1.0,1.0,0.0,0.0,0.0,0.0,0.0,0.0,0.0,0.0,2.145767,2.145767,2.145767,2.145767,0.0,0.0,0.0,0.0,0.0,0.0,1024,0,1024,NMAP_OS_DETECTION
S1027,28028,21,tcp,-,4e-06,1,1,1,0,246723.764706,246723.764706,493447.529412,1.0,20,20,20,20,20,20,0,1,1,0,0,1,0,0,0,0,120.0,120.0,120.0,120.0,0.0,0.0,0.0,0.0,0.0,0.0,0.0,120.0,120.0,60.0,84.852814,0.0,0.0,0.0,0.0,0.0,0.0,0.0,0.0,0.0,0.0,4.053116,4.053116,4.053116,4.053116,0.0,29606851.764706,1.0,1.0,120.0,0.0,0.0,0.0,0.0,0.0,0.0,0.0,4.053116,4.053116,4.053116,4.053116,0.0,0.0,0.0,0.0,0.0,0.0,64,0,64,DOS_SYN_Hping
S1028,10694,21,tcp,-,5e-06,1,1,1,0,199728.761905,199728.761905,399457.52381,1.0,20,20,20,20,20,20,0,1,1,0,0,1,0,0,0,0,120.0,120.0,120.0,120.0,0.0,0.0,0.0,0.0,0.0,0.0,0.0,120.0,120.0,60.0,84.852814,0.0,0.0,0.0,0.0,0.0,0.0,0.0,0.0,0.0,0.0,5.0067900000000005,5.0067900000000005,5.0067900000000005,5.0067900000000005,0.0,23967451.428571,1.0,1.0,120.0,0.0,0.0,0.0,0.0,0.0,0.0,0.0,5.0067900000000005,5.0067900000000005,5.0067900000000005,5.0067900000000005,0.0,0.0,0.0,0.0,0.0,0.0,64,0,64,DOS_SYN_Hping
S1029,27696,21,tcp,-,0.0,1,0,1,0,0.0,0.0,0.0,0.0,20,20,20,0,0,0,0,1,0,0,0,0,0,0,0,0,120.0,120.0,120.0,120.0,0.0,0.0,0.0,0.0,0.0,0.0,120.0,120.0,120.0,120.0,0.0,0.0,0.0,0.0,0.0,0.0,0.0,0.0,0.0,0.0,0.0,0.0,0.0,0.0,0.0,0.0,0.0,1.0,0.0,120.0,0.0,0.0,0.0,0.0,0.0,0.0,0.0,0.0,0.0,0.0,0.0,0.0,0.0,0.0,0.0,0.0,0.0,64,0,64,DOS_SYN_Hping
S1030,32932,21,tcp,-,4e-06,1,1,1,0,262144.0,262144.0,524288.0,1.0,20,20,20,20,20,20,0,1,1,0,0,1,0,0,0,0,120.0,120.0,120.0,120.0,0.0,0.0,0.0,0.0,0.0,0.0,0.0,120.0,120.0,60.0,84.852814,0.0,0.0,0.0,0.0,0.0,0.0,0.0,0.0,0.0,0.0,3.814697,3.814697,3.814697,3.814697,0.0,31457280.0,1.0,1.0,120.0,0.0,0.0,0.0,0.0,0.0,0.0,0.0,3.814697,3.814697,3.814697,3.814697,0.0,0.0,0.0,0.0,0.0,0.0,64,0,64,DOS_SYN_Hping
S1031,63932,21,tcp,-,1e-06,1,1,1,0,838860.8,838860.8,1677721.6,1.0,20,20,20,20,20,20,0,1,1,0,0,1,0,0,0,0,120.0,120.0,120.0,120.0,0.0,0.0,0.0,0.0,0.0,0.0,0.0,120.0,120.0,60.0,84.852814,0.0,0.0,0.0,0.0,0.0,0.0,0.0,0.0,0.0,0.0,1.192093,1.192093,1.192093,1.192093,0.0,100663296.0,1.0,1.0,120.0,0.0,0.0,0.0,0.0,0.0,0.0,0.0,1.192093,1.192093,1.192093,1.192093,0.0,0.0,0.0,0.0,0.0,0.0,64,0,64,DOS_SYN_Hping
S1032,51011,21,tcp,-,3e-06,1,1,1,0,322638.769231,322638.769231,645277.538462,1.0,20,20,20,20,20,20,0,1,1,0,0,1,0,0,0,0,120.0,120.0,120.0,120.0,0.0,0.0,0.0,0.0,0.0,0.0,0.0,120.0,120.0,60.0,84.852814,0.0,0.0,0.0,0.0,0.0,0.0,0.0,0.0,0.0,0.0,3.099442,3.099442,3.099442,3.099442,0.0,38716652.307692,1.0,1.0,120.0,0.0,0.0,0.0,0.0,0.0,0.0,0.0,3.099442,3.099442,3.099442,3.099442,0.0,0.0,0.0,0.0,0.0,0.0,64,0,64,DOS_SYN_Hping
S1033,34487,21,tcp,-,4e-06,1,1,1,0,246723.764706,246723.764706,493447.529412,1.0,20,20,20,20,20,20,0,1,1,0,0,1,0,0,0,0,120.0,120.0,120.0,120.0,0.0,0.0,0.0,0.0,0.0,0.0,0.0,120.0,120.0,60.0,84.852814,0.0,0.0,0.0,0.0,0.0,0.0,0.0,0.0,0.0,0.0,4.053116,4.053116,4.053116,4.053116,0.0,29606851.764706,1.0,1.0,120.0,0.0,0.0,0.0,0.0,0.0,0.0,0.0,4.053116,4.053116,4.053116,4.053116,0.0,0.0,0.0,0.0,0.0,0.0,64,0,64,DOS_SYN_Hping
S1034,54484,21,tcp,-,5e-06,1,1,1,0,199728.761905,199728.761905,399457.52381,1.0,20,20,20,20,20,20,0,1,1,0,0,1,0,0,0,0,120.0,120.0,120.0,120.0,0.0,0.0,0.0,0.0,0.0,0.0,0.0,120.0,120.0,60.0,84.852814,0.0,0.0,0.0,0.0,0.0,0.0,0.0,0.0,0.0,0.0,5.0067900000000005,5.0067900000000005,5.0067900000000005,5.0067900000000005,0.0,23967451.428571,1.0,1.0,120.0,0.0,0.0,0.0,0.0,0.0,0.0,0.0,5.0067900000000005,5.0067900000000005,5.0067900000000005,5.0067900000000005,0.0,0.0,0.0,0.0,0.0,0.0,64,0,64,DOS_SYN_Hping
S1035,33491,21,tcp,-,4e-06,1,1,1,0,246723.764706,246723.764706,493447.529412,1.0,20,20,20,20,20,20,0,1,1,0,0,1,0,0,0,0,120.0,120.0,120.0,120.0,0.0,0.0,0.0,0.0,0.0,0.0,0.0,120.0,120.0,60.0,84.852814,0.0,0.0,0.0,0.0,0.0,0.0,0.0,0.0,0.0,0.0,4.053116,4.053116,4.053116,4.053116,0.0,29606851.764706,1.0,1.0,120.0,0.0,0.0,0.0,0.0,0.0,0.0,0.0,4.053116,4.053116,4.053116,4.053116,0.0,0.0,0.0,0.0,0.0,0.0,64,0,64,DOS_SYN_Hping
S1036,20707,21,tcp,-,4e-06,1,1,1,0,246723.764706,246723.764706,493447.529412,1.0,20,20,20,20,20,20,0,1,1,0,0,1,0,0,0,0,120.0,120.0,120.0,120.0,0.0,0.0,0.0,0.0,0.0,0.0,0.0,120.0,120.0,60.0,84.852814,0.0,0.0,0.0,0.0,0.0,0.0,0.0,0.0,0.0,0.0,4.053116,4.053116,4.053116,4.053116,0.0,29606851.764706,1.0,1.0,120.0,0.0,0.0,0.0,0.0,0.0,0.0,0.0,4.053116,4.053116,4.053116,4.053116,0.0,0.0,0.0,0.0,0.0,0.0,64,0,64,DOS_SYN_Hping
S1037,64177,34422,udp,-,0.0,1,0,1,0,0.0,0.0,0.0,0.0,8,8,8,0,0,0,0,0,0,0,0,0,0,0,0,0,40.0,40.0,40.0,40.0,0.0,0.0,0.0,0.0,0.0,0.0,40.0,40.0,40.0,40.0,0.0,0.0,0.0,0.0,0.0,0.0,0.0,0.0,0.0,0.0,0.0,0.0,0.0,0.0,0.0,0.0,0.0,1.0,0.0,40.0,0.0,0.0,0.0,0.0,0.0,0.0,0.0,0.0,0.0,0.0,0.0,0.0,0.0,0.0,0.0,0.0,0.0,0,0,0,NMAP_UDP_SCAN
S1038,44007,443,udp,-,2.953538,8,12,8,12,2.708616,4.062924,6.771539999999999,1.5,64,8,8,96,8,8,0,0,0,0,0,0,0,0,0,0,35.0,1357.0,2458.0,307.25,488.223529,27.0,1232.0,3582.0,298.5,453.118387,27.0,1357.0,6040.0,302.0,454.647463,16.927719,2808068.037033,2915276.050568,416468.007224,1054635.052105,0.953674,2804770.946503,2934778.928757,266798.084432,842042.8212380001,0.953674,2787516.832352,2953537.940979,155449.365315,637496.713609,2045.005048,4.0,6.0,1229.0,1791.0,0.0,2750.0,0.0,5.0,0.0,3539225.529303,2953537.940979,2953537.940979,2953537.940979,2953537.940979,0.0,0.0,0.0,0.0,0.0,0.0,0,0,0,ARP_poisioning
S1039,43210,6005,tcp,-,2e-06,1,1,0,0,524288.0,524288.0,1048576.0,1.0,40,40,40,20,20,20,0,1,1,0,0,1,0,0,0,0,0.0,0.0,0.0,0.0,0.0,0.0,0.0,0.0,0.0,0.0,0.0,0.0,0.0,0.0,0.0,0.0,0.0,0.0,0.0,0.0,0.0,0.0,0.0,0.0,0.0,1.907349,1.907349,1.907349,1.907349,0.0,0.0,1.0,1.0,0.0,0.0,0.0,0.0,0.0,0.0,0.0,0.0,1.907349,1.907349,1.907349,1.907349,0.0,0.0,0.0,0.0,0.0,0.0,64240,0,64240,NMAP_TCP_scan
S1040,11589,21,tcp,-,1e-06,1,1,1,0,838860.8,838860.8,1677721.6,1.0,20,20,20,20,20,20,0,1,1,0,0,1,0,0,0,0,120.0,120.0,120.0,120.0,0.0,0.0,0.0,0.0,0.0,0.0,0.0,120.0,120.0,60.0,84.852814,0.0,0.0,0.0,0.0,0.0,0.0,0.0,0.0,0.0,0.0,1.192093,1.192093,1.192093,1.192093,0.0,100663296.0,1.0,1.0,120.0,0.0,0.0,0.0,0.0,0.0,0.0,0.0,1.192093,1.192093,1.192093,1.192093,0.0,0.0,0.0,0.0,0.0,0.0,64,0,64,DOS_SYN_Hping
S1041,1327,21,tcp,-,4e-06,1,1,1,0,262144.0,262144.0,524288.0,1.0,20,20,20,20,20,20,0,1,1,0,0,1,0,0,0,0,120.0,120.0,120.0,120.0,0.0,0.0,0.0,0.0,0.0,0.0,0.0,120.0,120.0,60.0,84.852814,0.0,0.0,0.0,0.0,0.0,0.0,0.0,0.0,0.0,0.0,3.814697,3.814697,3.814697,3.814697,0.0,31457280.0,1.0,1.0,120.0,0.0,0.0,0.0,0.0,0.0,0.0,0.0,3.814697,3.814697,3.814697,3.814697,0.0,0.0,0.0,0.0,0.0,0.0,64,0,64,DOS_SYN_Hping
S1042,26277,21,tcp,-,4e-06,1,1,1,0,246723.764706,246723.764706,493447.529412,1.0,20,20,20,20,20,20,0,1,1,0,0,1,0,0,0,0,120.0,120.0,120.0,120.0,0.0,0.0,0.0,0.0,0.0,0.0,0.0,120.0,120.0,60.0,84.852814,0.0,0.0,0.0,0.0,0.0,0.0,0.0,0.0,0.0,0.0,4.053116,4.053116,4.053116,4.053116,0.0,29606851.764706,1.0,1.0,120.0,0.0,0.0,0.0,0.0,0.0,0.0,0.0,4.053116,4.053116,4.053116,4.053116,0.0,0.0,0.0,0.0,0.0,0.0,64,0,64,DOS_SYN_Hping
S1043,11987,21,tcp,-,1e-06,1,1,1,0,1048576.0,1048576.0,2097152.0,1.0,20,20,20,20,20,20,0,1,1,0,0,1,0,0,0,0,120.0,120.0,120.0,120.0,0.0,0.0,0.0,0.0,0.0,0.0,0.0,120.0,120.0,60.0,84.852814,0.0,0.0,0.0,0.0,0.0,0.0,0.0,0.0,0.0,0.0,0.953674,0.953674,0.953674,0.953674,0.0,125829120.0,1.0,1.0,120.0,0.0,0.0,0.0,0.0,0.0,0.0,0.0,0.953674,0.953674,0.953674,0.953674,0.0,0.0,0.0,0.0,0.0,0.0,64,0,64,DOS_SYN_Hping
S1044,8884,21,tcp,-,1e-06,1,1,1,0,1048576.0,1048576.0,2097152.0,1.0,20,20,20,20,20,20,0,1,1,0,0,1,0,0,0,0,120.0,120.0,120.0,120.0,0.0,0.0,0.0,0.0,0.0,0.0,0.0,120.0,120.0,60.0,84.852814,0.0,0.0,0.0,0.0,0.0,0.0,0.0,0.0,0.0,0.0,0.953674,0.953674,0.953674,0.953674,0.0,125829120.0,1.0,1.0,120.0,0.0,0.0,0.0,0.0,0.0,0.0,0.0,0.953674,0.953674,0.953674,0.953674,0.0,0.0,0.0,0.0,0.0,0.0,64,0,64,DOS_SYN_Hping
S1045,49192,21,tcp,-,0.0,1,1,1,0,0.0,0.0,0.0,1.0,20,20,20,20,20,20,0,1,1,0,0,1,0,0,0,0,120.0,120.0,120.0,120.0,0.0,0.0,0.0,0.0,0.0,0.0,0.0,120.0,120.0,60.0,84.852814,0.0,0.0,0.0,0.0,0.0,0.0,0.0,0.0,0.0,0.0,0.0,0.0,0.0,0.0,0.0,0.0,1.0,1.0,120.0,0.0,0.0,0.0,0.0,0.0,0.0,0.0,0.0,0.0,0.0,0.0,0.0,0.0,0.0,0.0,0.0,0.0,64,0,64,DOS_SYN_Hping
S1046,51925,21,tcp,-,0.0,1,0,1,0,0.0,0.0,0.0,0.0,20,20,20,0,0,0,0,1,0,0,0,0,0,0,0,0,120.0,120.0,120.0,120.0,0.0,0.0,0.0,0.0,0.0,0.0,120.0,120.0,120.0,120.0,0.0,0.0,0.0,0.0,0.0,0.0,0.0,0.0,0.0,0.0,0.0,0.0,0.0,0.0,0.0,0.0,0.0,1.0,0.0,120.0,0.0,0.0,0.0,0.0,0.0,0.0,0.0,0.0,0.0,0.0,0.0,0.0,0.0,0.0,0.0,0.0,0.0,64,0,64,DOS_SYN_Hping
S1047,54173,1883,tcp,mqtt,2.892754,10,6,3,4,3.456914,2.074148,5.531062,0.6,328,32,40,200,32,40,0,2,1,3,4,15,0,0,0,0,0.0,33.0,77.0,7.7,12.789318,0.0,22.0,35.0,5.8333330000000005,8.20772,0.0,33.0,112.0,7.0,11.021192,250.101089,1427242.994308,2892753.839493,321417.093277,489425.633453,76.055527,1580032.82547,1895857.8109740005,379171.562195,675701.715216,76.055527,1427242.994308,2892753.839493,192850.255966,404069.856119,38.717432,5.0,3.0,38.5,17.5,0.0,0.0,0.0,0.0,0.0,0.0,2892753.839493,2892753.839493,2892753.839493,2892753.839493,0.0,0.0,0.0,0.0,0.0,0.0,64240,26847,502,MQTT_Publish
S1048,48609,21,tcp,-,1e-06,1,1,1,0,1048576.0,1048576.0,2097152.0,1.0,20,20,20,20,20,20,0,1,1,0,0,1,0,0,0,0,120.0,120.0,120.0,120.0,0.0,0.0,0.0,0.0,0.0,0.0,0.0,120.0,120.0,60.0,84.852814,0.0,0.0,0.0,0.0,0.0,0.0,0.0,0.0,0.0,0.0,0.953674,0.953674,0.953674,0.953674,0.0,125829120.0,1.0,1.0,120.0,0.0,0.0,0.0,0.0,0.0,0.0,0.0,0.953674,0.953674,0.953674,0.953674,0.0,0.0,0.0,0.0,0.0,0.0,64,0,64,DOS_SYN_Hping
S1049,17775,21,tcp,-,4e-06,1,1,1,0,246723.764706,246723.764706,493447.529412,1.0,20,20,20,20,20,20,0,1,1,0,0,1,0,0,0,0,120.0,120.0,120.0,120.0,0.0,0.0,0.0,0.0,0.0,0.0,0.0,120.0,120.0,60.0,84.852814,0.0,0.0,0.0,0.0,0.0,0.0,0.0,0.0,0.0,0.0,4.053116,4.053116,4.053116,4.053116,0.0,29606851.764706,1.0,1.0,120.0,0.0,0.0,0.0,0.0,0.0,0.0,0.0,4.053116,4.053116,4.053116,4.053116,0.0,0.0,0.0,0.0,0.0,0.0,64,0,64,DOS_SYN_Hping
S1050,51028,53,udp,dns,0.105846,1,1,1,1,9.447695,9.447695,18.895389,1.0,8,8,8,8,8,8,0,0,0,0,0,0,0,0,0,0,33.0,33.0,33.0,33.0,0.0,49.0,49.0,49.0,49.0,0.0,33.0,49.0,82.0,41.0,11.313708,0.0,0.0,0.0,0.0,0.0,0.0,0.0,0.0,0.0,0.0,105845.9282,105845.9282,105845.9282,105845.9282,0.0,774.710954,1.0,1.0,33.0,49.0,0.0,0.0,0.0,0.0,0.0,0.0,105845.9282,105845.9282,105845.9282,105845.9282,0.0,0.0,0.0,0.0,0.0,0.0,0,0,0,Thing_Speak
S1051,62029,21,tcp,-,0.0,1,0,1,0,0.0,0.0,0.0,0.0,20,20,20,0,0,0,0,1,0,0,0,0,0,0,0,0,120.0,120.0,120.0,120.0,0.0,0.0,0.0,0.0,0.0,0.0,120.0,120.0,120.0,120.0,0.0,0.0,0.0,0.0,0.0,0.0,0.0,0.0,0.0,0.0,0.0,0.0,0.0,0.0,0.0,0.0,0.0,1.0,0.0,120.0,0.0,0.0,0.0,0.0,0.0,0.0,0.0,0.0,0.0,0.0,0.0,0.0,0.0,0.0,0.0,0.0,0.0,64,0,64,DOS_SYN_Hping
S1052,33747,53,udp,dns,0.028862,2,2,2,2,69.29526800000001,69.29526800000001,138.590537,1.0,16,8,8,16,8,8,0,0,0,0,0,0,0,0,0,0,32.0,32.0,64.0,32.0,0.0,32.0,64.0,96.0,48.0,22.627417,32.0,64.0,160.0,40.0,16.0,1050.9490970000002,1050.9490970000002,1050.9490970000002,1050.9490970000002,0.0,27534.9617,27534.9617,27534.9617,27534.9617,0.0,276.088715,27534.9617,28861.99951,9620.666504,15519.07154,5543.621464,2.0,2.0,64.0,96.0,0.0,0.0,0.0,0.0,0.0,0.0,28861.99951,28861.99951,28861.99951,28861.99951,0.0,0.0,0.0,0.0,0.0,0.0,0,0,0,Thing_Speak
S1053,30586,21,tcp,-,4e-06,1,1,1,0,246723.764706,246723.764706,493447.529412,1.0,20,20,20,20,20,20,0,1,1,0,0,1,0,0,0,0,120.0,120.0,120.0,120.0,0.0,0.0,0.0,0.0,0.0,0.0,0.0,120.0,120.0,60.0,84.852814,0.0,0.0,0.0,0.0,0.0,0.0,0.0,0.0,0.0,0.0,4.053116,4.053116,4.053116,4.053116,0.0,29606851.764706,1.0,1.0,120.0,0.0,0.0,0.0,0.0,0.0,0.0,0.0,4.053116,4.053116,4.053116,4.053116,0.0,0.0,0.0,0.0,0.0,0.0,64,0,64,DOS_SYN_Hping
S1054,40717,1883,tcp,mqtt,32.028999,9,5,3,3,0.280995,0.156109,0.437104,0.555556,296,32,40,168,32,40,0,2,1,3,3,13,0,0,0,0,0.0,33.0,74.0,8.222222,12.852799,0.0,21.0,30.0,6.0,8.689074,0.0,33.0,104.0,7.428571000000002,11.229866,344.03801,29770264.863968,32028998.851776,4003624.856472,10417749.637583,2087.116241,1442167.9973600004,1986532.926559,496633.23164,642994.738942,279.903412,29770264.863968,32028998.851776,2463769.142444,8210873.375401,3.247057,3.0,1.666667,24.666667,10.0,0.0,0.0,0.0,0.0,0.0,0.0,2258733.9878080003,2258733.9878080003,2258733.9878080003,2258733.9878080003,0.0,29770264.863968,29770264.863968,29770264.863968,29770264.863968,0.0,64240,26847,502,MQTT_Publish
S1055,29143,21,tcp,-,0.0,1,0,1,0,0.0,0.0,0.0,0.0,20,20,20,0,0,0,0,1,0,0,0,0,0,0,0,0,120.0,120.0,120.0,120.0,0.0,0.0,0.0,0.0,0.0,0.0,120.0,120.0,120.0,120.0,0.0,0.0,0.0,0.0,0.0,0.0,0.0,0.0,0.0,0.0,0.0,0.0,0.0,0.0,0.0,0.0,0.0,1.0,0.0,120.0,0.0,0.0,0.0,0.0,0.0,0.0,0.0,0.0,0.0,0.0,0.0,0.0,0.0,0.0,0.0,0.0,0.0,64,0,64,DOS_SYN_Hping
S1056,41453,1883,tcp,mqtt,30.998144,10,6,3,4,0.3226,0.19356,0.5161600000000001,0.6,328,32,40,200,32,40,0,2,1,3,4,15,0,0,0,0,0.0,33.0,78.0,7.8,12.934021,0.0,23.0,36.0,6.0,8.602325,0.0,33.0,114.0,7.125,11.218289,277.996063,28868161.916733,30998143.911362,3444238.212374,9544769.85543,3813.028336,1620016.813278,1963375.091553,392675.018311,690987.39115,277.996063,28868161.916733,30998143.911362,2066542.927424,7423537.207346002,3.67764,3.333333,2.0,26.0,12.0,0.0,0.0,0.0,0.0,0.0,0.0,2129981.9946290003,2129981.9946290003,2129981.9946290003,2129981.9946290003,0.0,28868161.916733,28868161.916733,28868161.916733,28868161.916733,0.0,64240,26847,502,MQTT_Publish
S1057,38097,21,tcp,-,1e-06,1,1,1,0,838860.8,838860.8,1677721.6,1.0,20,20,20,20,20,20,0,1,1,0,0,1,0,0,0,0,120.0,120.0,120.0,120.0,0.0,0.0,0.0,0.0,0.0,0.0,0.0,120.0,120.0,60.0,84.852814,0.0,0.0,0.0,0.0,0.0,0.0,0.0,0.0,0.0,0.0,1.192093,1.192093,1.192093,1.192093,0.0,100663296.0,1.0,1.0,120.0,0.0,0.0,0.0,0.0,0.0,0.0,0.0,1.192093,1.192093,1.192093,1.192093,0.0,0.0,0.0,0.0,0.0,0.0,64,0,64,DOS_SYN_Hping
S1058,64177,49167,udp,-,0.0,1,0,1,0,0.0,0.0,0.0,0.0,8,8,8,0,0,0,0,0,0,0,0,0,0,0,0,0,40.0,40.0,40.0,40.0,0.0,0.0,0.0,0.0,0.0,0.0,40.0,40.0,40.0,40.0,0.0,0.0,0.0,0.0,0.0,0.0,0.0,0.0,0.0,0.0,0.0,0.0,0.0,0.0,0.0,0.0,0.0,1.0,0.0,40.0,0.0,0.0,0.0,0.0,0.0,0.0,0.0,0.0,0.0,0.0,0.0,0.0,0.0,0.0,0.0,0.0,0.0,0,0,0,NMAP_UDP_SCAN
S1059,52427,21,tcp,-,5e-06,1,1,1,0,199728.761905,199728.761905,399457.52381,1.0,20,20,20,20,20,20,0,1,1,0,0,1,0,0,0,0,120.0,120.0,120.0,120.0,0.0,0.0,0.0,0.0,0.0,0.0,0.0,120.0,120.0,60.0,84.852814,0.0,0.0,0.0,0.0,0.0,0.0,0.0,0.0,0.0,0.0,5.0067900000000005,5.0067900000000005,5.0067900000000005,5.0067900000000005,0.0,23967451.428571,1.0,1.0,120.0,0.0,0.0,0.0,0.0,0.0,0.0,0.0,5.0067900000000005,5.0067900000000005,5.0067900000000005,5.0067900000000005,0.0,0.0,0.0,0.0,0.0,0.0,64,0,64,DOS_SYN_Hping
S1060,38900,21,tcp,-,1e-06,1,1,1,0,1048576.0,1048576.0,2097152.0,1.0,20,20,20,20,20,20,0,1,1,0,0,1,0,0,0,0,120.0,120.0,120.0,120.0,0.0,0.0,0.0,0.0,0.0,0.0,0.0,120.0,120.0,60.0,84.852814,0.0,0.0,0.0,0.0,0.0,0.0,0.0,0.0,0.0,0.0,0.953674,0.953674,0.953674,0.953674,0.0,125829120.0,1.0,1.0,120.0,0.0,0.0,0.0,0.0,0.0,0.0,0.0,0.953674,0.953674,0.953674,0.953674,0.0,0.0,0.0,0.0,0.0,0.0,64,0,64,DOS_SYN_Hping
S1061,34200,443,tcp,ssl,10.34704,12,10,5,4,1.159752,0.96646,2.126212,0.833333,392,32,40,316,20,40,2,2,1,4,4,20,0,0,0,0,0.0,1352.0,2178.0,181.5,402.416225,0.0,2650.0,4138.0,413.8,870.2056970000001,0.0,2650.0,6316.0,287.090909,650.6770769999999,25.987625,9959978.103638,10347039.937973,940639.994361,2991934.606359,51.021576,10007637.9776,10332435.846329,1148048.4273700002,3322528.864637,5.960464,9959978.103638,10406829.833984,495563.325428,2168783.256282,610.4161230000001,6.0,5.0,1089.0,2069.0,0.0,0.0,0.0,0.0,0.0,0.0,64951.89666699999,381899.833679,446851.730347,223425.865173,224116.035544,9959978.103638,9959978.103638,9959978.103638,9959978.103638,0.0,64240,26544,501,ARP_poisioning
S1062,32293,21,tcp,-,4e-06,1,1,1,0,262144.0,262144.0,524288.0,1.0,20,20,20,20,20,20,0,1,1,0,0,1,0,0,0,0,120.0,120.0,120.0,120.0,0.0,0.0,0.0,0.0,0.0,0.0,0.0,120.0,120.0,60.0,84.852814,0.0,0.0,0.0,0.0,0.0,0.0,0.0,0.0,0.0,0.0,3.814697,3.814697,3.814697,3.814697,0.0,31457280.0,1.0,1.0,120.0,0.0,0.0,0.0,0.0,0.0,0.0,0.0,3.814697,3.814697,3.814697,3.814697,0.0,0.0,0.0,0.0,0.0,0.0,64,0,64,DOS_SYN_Hping
S1063,12024,21,tcp,-,1e-06,1,1,1,0,1048576.0,1048576.0,2097152.0,1.0,20,20,20,20,20,20,0,1,1,0,0,1,0,0,0,0,120.0,120.0,120.0,120.0,0.0,0.0,0.0,0.0,0.0,0.0,0.0,120.0,120.0,60.0,84.852814,0.0,0.0,0.0,0.0,0.0,0.0,0.0,0.0,0.0,0.0,0.953674,0.953674,0.953674,0.953674,0.0,125829120.0,1.0,1.0,120.0,0.0,0.0,0.0,0.0,0.0,0.0,0.0,0.953674,0.953674,0.953674,0.953674,0.0,0.0,0.0,0.0,0.0,0.0,64,0,64,DOS_SYN_Hping
S1064,14233,21,tcp,-,2e-06,1,1,1,0,466033.777778,466033.777778,932067.555556,1.0,20,20,20,20,20,20,0,1,1,0,0,1,0,0,0,0,120.0,120.0,120.0,120.0,0.0,0.0,0.0,0.0,0.0,0.0,0.0,120.0,120.0,60.0,84.852814,0.0,0.0,0.0,0.0,0.0,0.0,0.0,0.0,0.0,0.0,2.145767,2.145767,2.145767,2.145767,0.0,55924053.33333299,1.0,1.0,120.0,0.0,0.0,0.0,0.0,0.0,0.0,0.0,2.145767,2.145767,2.145767,2.145767,0.0,0.0,0.0,0.0,0.0,0.0,64,0,64,DOS_SYN_Hping
S1065,54382,21,tcp,-,5e-06,1,1,1,0,199728.761905,199728.761905,399457.52381,1.0,20,20,20,20,20,20,0,1,1,0,0,1,0,0,0,0,120.0,120.0,120.0,120.0,0.0,0.0,0.0,0.0,0.0,0.0,0.0,120.0,120.0,60.0,84.852814,0.0,0.0,0.0,0.0,0.0,0.0,0.0,0.0,0.0,0.0,5.0067900000000005,5.0067900000000005,5.0067900000000005,5.0067900000000005,0.0,23967451.428571,1.0,1.0,120.0,0.0,0.0,0.0,0.0,0.0,0.0,0.0,5.0067900000000005,5.0067900000000005,5.0067900000000005,5.0067900000000005,0.0,0.0,0.0,0.0,0.0,0.0,64,0,64,DOS_SYN_Hping
S1066,64238,21,tcp,-,8e-06,1,1,1,0,127100.12121199998,127100.12121199998,254200.242424,1.0,20,20,20,20,20,20,0,1,1,0,0,1,0,0,0,0,120.0,120.0,120.0,120.0,0.0,0.0,0.0,0.0,0.0,0.0,0.0,120.0,120.0,60.0,84.852814,0.0,0.0,0.0,0.0,0.0,0.0,0.0,0.0,0.0,0.0,7.867813000000001,7.867813000000001,7.867813000000001,7.867813000000001,0.0,15252014.545455,1.0,1.0,120.0,0.0,0.0,0.0,0.0,0.0,0.0,0.0,7.867813000000001,7.867813000000001,7.867813000000001,7.867813000000001,0.0,0.0,0.0,0.0,0.0,0.0,64,0,64,DOS_SYN_Hping
S1067,29203,21,tcp,-,4e-06,1,1,1,0,246723.764706,246723.764706,493447.529412,1.0,20,20,20,20,20,20,0,1,1,0,0,1,0,0,0,0,120.0,120.0,120.0,120.0,0.0,0.0,0.0,0.0,0.0,0.0,0.0,120.0,120.0,60.0,84.852814,0.0,0.0,0.0,0.0,0.0,0.0,0.0,0.0,0.0,0.0,4.053116,4.053116,4.053116,4.053116,0.0,29606851.764706,1.0,1.0,120.0,0.0,0.0,0.0,0.0,0.0,0.0,0.0,4.053116,4.053116,4.053116,4.053116,0.0,0.0,0.0,0.0,0.0,0.0,64,0,64,DOS_SYN_Hping
S1068,57684,137,udp,dns,0.0,1,0,1,0,0.0,0.0,0.0,0.0,8,8,8,0,0,0,0,0,0,0,0,0,0,0,0,0,50.0,50.0,50.0,50.0,0.0,0.0,0.0,0.0,0.0,0.0,50.0,50.0,50.0,50.0,0.0,0.0,0.0,0.0,0.0,0.0,0.0,0.0,0.0,0.0,0.0,0.0,0.0,0.0,0.0,0.0,0.0,1.0,0.0,50.0,0.0,0.0,0.0,0.0,0.0,0.0,0.0,0.0,0.0,0.0,0.0,0.0,0.0,0.0,0.0,0.0,0.0,0,0,0,ARP_poisioning
S1069,48701,21,tcp,-,1e-06,1,1,1,0,1048576.0,1048576.0,2097152.0,1.0,20,20,20,20,20,20,0,1,1,0,0,1,0,0,0,0,120.0,120.0,120.0,120.0,0.0,0.0,0.0,0.0,0.0,0.0,0.0,120.0,120.0,60.0,84.852814,0.0,0.0,0.0,0.0,0.0,0.0,0.0,0.0,0.0,0.0,0.953674,0.953674,0.953674,0.953674,0.0,125829120.0,1.0,1.0,120.0,0.0,0.0,0.0,0.0,0.0,0.0,0.0,0.953674,0.953674,0.953674,0.953674,0.0,0.0,0.0,0.0,0.0,0.0,64,0,64,DOS_SYN_Hping
S1070,49110,21,tcp,-,1e-06,1,1,1,0,838860.8,838860.8,1677721.6,1.0,20,20,20,20,20,20,0,1,1,0,0,1,0,0,0,0,120.0,120.0,120.0,120.0,0.0,0.0,0.0,0.0,0.0,0.0,0.0,120.0,120.0,60.0,84.852814,0.0,0.0,0.0,0.0,0.0,0.0,0.0,0.0,0.0,0.0,1.192093,1.192093,1.192093,1.192093,0.0,100663296.0,1.0,1.0,120.0,0.0,0.0,0.0,0.0,0.0,0.0,0.0,1.192093,1.192093,1.192093,1.192093,0.0,0.0,0.0,0.0,0.0,0.0,64,0,64,DOS_SYN_Hping
S1071,53744,53,udp,dns,9.6e-05,2,2,2,2,20815.404467,20815.404467,41630.808933,1.0,16,8,8,16,8,8,0,0,0,0,0,0,0,0,0,0,45.0,45.0,90.0,45.0,0.0,45.0,61.0,106.0,53.0,11.313708,45.0,61.0,196.0,49.0,8.0,5.0067900000000005,5.0067900000000005,5.0067900000000005,5.0067900000000005,0.0,41.96167,41.96167,41.96167,41.96167,0.0,5.0067900000000005,49.114227,96.082687,32.027562,23.672376,2039909.637717,2.0,2.0,90.0,106.0,0.0,0.0,0.0,0.0,0.0,0.0,96.082687,96.082687,96.082687,96.082687,0.0,0.0,0.0,0.0,0.0,0.0,0,0,0,ARP_poisioning
S1072,32694,21,tcp,-,4e-06,1,1,1,0,246723.764706,246723.764706,493447.529412,1.0,20,20,20,20,20,20,0,1,1,0,0,1,0,0,0,0,120.0,120.0,120.0,120.0,0.0,0.0,0.0,0.0,0.0,0.0,0.0,120.0,120.0,60.0,84.852814,0.0,0.0,0.0,0.0,0.0,0.0,0.0,0.0,0.0,0.0,4.053116,4.053116,4.053116,4.053116,0.0,29606851.764706,1.0,1.0,120.0,0.0,0.0,0.0,0.0,0.0,0.0,0.0,4.053116,4.053116,4.053116,4.053116,0.0,0.0,0.0,0.0,0.0,0.0,64,0,64,DOS_SYN_Hping
S1073,11354,21,tcp,-,1e-06,1,1,1,0,1048576.0,1048576.0,2097152.0,1.0,20,20,20,20,20,20,0,1,1,0,0,1,0,0,0,0,120.0,120.0,120.0,120.0,0.0,0.0,0.0,0.0,0.0,0.0,0.0,120.0,120.0,60.0,84.852814,0.0,0.0,0.0,0.0,0.0,0.0,0.0,0.0,0.0,0.0,0.953674,0.953674,0.953674,0.953674,0.0,125829120.0,1.0,1.0,120.0,0.0,0.0,0.0,0.0,0.0,0.0,0.0,0.953674,0.953674,0.953674,0.953674,0.0,0.0,0.0,0.0,0.0,0.0,64,0,64,DOS_SYN_Hping
S1074,26599,21,tcp,-,4e-06,1,1,1,0,246723.764706,246723.764706,493447.529412,1.0,20,20,20,20,20,20,0,1,1,0,0,1,0,0,0,0,120.0,120.0,120.0,120.0,0.0,0.0,0.0,0.0,0.0,0.0,0.0,120.0,120.0,60.0,84.852814,0.0,0.0,0.0,0.0,0.0,0.0,0.0,0.0,0.0,0.0,4.053116,4.053116,4.053116,4.053116,0.0,29606851.764706,1.0,1.0,120.0,0.0,0.0,0.0,0.0,0.0,0.0,0.0,4.053116,4.053116,4.053116,4.053116,0.0,0.0,0.0,0.0,0.0,0.0,64,0,64,DOS_SYN_Hping
S1075,62714,21,tcp,-,1e-06,1,1,1,0,1048576.0,1048576.0,2097152.0,1.0,20,20,20,20,20,20,0,1,1,0,0,1,0,0,0,0,120.0,120.0,120.0,120.0,0.0,0.0,0.0,0.0,0.0,0.0,0.0,120.0,120.0,60.0,84.852814,0.0,0.0,0.0,0.0,0.0,0.0,0.0,0.0,0.0,0.0,0.953674,0.953674,0.953674,0.953674,0.0,125829120.0,1.0,1.0,120.0,0.0,0.0,0.0,0.0,0.0,0.0,0.0,0.953674,0.953674,0.953674,0.953674,0.0,0.0,0.0,0.0,0.0,0.0,64,0,64,DOS_SYN_Hping
S1076,59995,21,tcp,-,4e-06,1,1,1,0,246723.764706,246723.764706,493447.529412,1.0,20,20,20,20,20,20,0,1,1,0,0,1,0,0,0,0,120.0,120.0,120.0,120.0,0.0,0.0,0.0,0.0,0.0,0.0,0.0,120.0,120.0,60.0,84.852814,0.0,0.0,0.0,0.0,0.0,0.0,0.0,0.0,0.0,0.0,4.053116,4.053116,4.053116,4.053116,0.0,29606851.764706,1.0,1.0,120.0,0.0,0.0,0.0,0.0,0.0,0.0,0.0,4.053116,4.053116,4.053116,4.053116,0.0,0.0,0.0,0.0,0.0,0.0,64,0,64,DOS_SYN_Hping
S1077,25981,21,tcp,-,3e-06,1,1,1,0,322638.769231,322638.769231,645277.538462,1.0,20,20,20,20,20,20,0,1,1,0,0,1,0,0,0,0,120.0,120.0,120.0,120.0,0.0,0.0,0.0,0.0,0.0,0.0,0.0,120.0,120.0,60.0,84.852814,0.0,0.0,0.0,0.0,0.0,0.0,0.0,0.0,0.0,0.0,3.099442,3.099442,3.099442,3.099442,0.0,38716652.307692,1.0,1.0,120.0,0.0,0.0,0.0,0.0,0.0,0.0,0.0,3.099442,3.099442,3.099442,3.099442,0.0,0.0,0.0,0.0,0.0,0.0,64,0,64,DOS_SYN_Hping
S1078,10070,21,tcp,-,4e-06,1,1,1,0,246723.764706,246723.764706,493447.529412,1.0,20,20,20,20,20,20,0,1,1,0,0,1,0,0,0,0,120.0,120.0,120.0,120.0,0.0,0.0,0.0,0.0,0.0,0.0,0.0,120.0,120.0,60.0,84.852814,0.0,0.0,0.0,0.0,0.0,0.0,0.0,0.0,0.0,0.0,4.053116,4.053116,4.053116,4.053116,0.0,29606851.764706,1.0,1.0,120.0,0.0,0.0,0.0,0.0,0.0,0.0,0.0,4.053116,4.053116,4.053116,4.053116,0.0,0.0,0.0,0.0,0.0,0.0,64,0,64,DOS_SYN_Hping
S1079,38825,21,tcp,-,1e-06,1,1,1,0,838860.8,838860.8,1677721.6,1.0,20,20,20,20,20,20,0,1,1,0,0,1,0,0,0,0,120.0,120.0,120.0,120.0,0.0,0.0,0.0,0.0,0.0,0.0,0.0,120.0,120.0,60.0,84.852814,0.0,0.0,0.0,0.0,0.0,0.0,0.0,0.0,0.0,0.0,1.192093,1.192093,1.192093,1.192093,0.0,100663296.0,1.0,1.0,120.0,0.0,0.0,0.0,0.0,0.0,0.0,0.0,1.192093,1.192093,1.192093,1.192093,0.0,0.0,0.0,0.0,0.0,0.0,64,0,64,DOS_SYN_Hping
S1080,12307,21,tcp,-,1e-06,1,1,1,0,838860.8,838860.8,1677721.6,1.0,20,20,20,20,20,20,0,1,1,0,0,1,0,0,0,0,120.0,120.0,120.0,120.0,0.0,0.0,0.0,0.0,0.0,0.0,0.0,120.0,120.0,60.0,84.852814,0.0,0.0,0.0,0.0,0.0,0.0,0.0,0.0,0.0,0.0,1.192093,1.192093,1.192093,1.192093,0.0,100663296.0,1.0,1.0,120.0,0.0,0.0,0.0,0.0,0.0,0.0,0.0,1.192093,1.192093,1.192093,1.192093,0.0,0.0,0.0,0.0,0.0,0.0,64,0,64,DOS_SYN_Hping
S1081,50415,21,tcp,-,0.0,1,0,1,0,0.0,0.0,0.0,0.0,20,20,20,0,0,0,0,1,0,0,0,0,0,0,0,0,120.0,120.0,120.0,120.0,0.0,0.0,0.0,0.0,0.0,0.0,120.0,120.0,120.0,120.0,0.0,0.0,0.0,0.0,0.0,0.0,0.0,0.0,0.0,0.0,0.0,0.0,0.0,0.0,0.0,0.0,0.0,1.0,0.0,120.0,0.0,0.0,0.0,0.0,0.0,0.0,0.0,0.0,0.0,0.0,0.0,0.0,0.0,0.0,0.0,0.0,0.0,64,0,64,DOS_SYN_Hping
S1082,50078,26415,udp,-,0.0,1,0,0,0,0.0,0.0,0.0,0.0,8,8,8,0,0,0,0,0,0,0,0,0,0,0,0,0,0.0,0.0,0.0,0.0,0.0,0.0,0.0,0.0,0.0,0.0,0.0,0.0,0.0,0.0,0.0,0.0,0.0,0.0,0.0,0.0,0.0,0.0,0.0,0.0,0.0,0.0,0.0,0.0,0.0,0.0,0.0,1.0,0.0,0.0,0.0,0.0,0.0,0.0,0.0,0.0,0.0,0.0,0.0,0.0,0.0,0.0,0.0,0.0,0.0,0.0,0.0,0,0,0,NMAP_UDP_SCAN
S1083,18849,21,tcp,-,5e-06,1,1,1,0,199728.761905,199728.761905,399457.52381,1.0,20,20,20,20,20,20,0,1,1,0,0,1,0,0,0,0,120.0,120.0,120.0,120.0,0.0,0.0,0.0,0.0,0.0,0.0,0.0,120.0,120.0,60.0,84.852814,0.0,0.0,0.0,0.0,0.0,0.0,0.0,0.0,0.0,0.0,5.0067900000000005,5.0067900000000005,5.0067900000000005,5.0067900000000005,0.0,23967451.428571,1.0,1.0,120.0,0.0,0.0,0.0,0.0,0.0,0.0,0.0,5.0067900000000005,5.0067900000000005,5.0067900000000005,5.0067900000000005,0.0,0.0,0.0,0.0,0.0,0.0,64,0,64,DOS_SYN_Hping
S1084,39982,21,tcp,-,4e-06,1,1,1,0,246723.764706,246723.764706,493447.529412,1.0,20,20,20,20,20,20,0,1,1,0,0,1,0,0,0,0,120.0,120.0,120.0,120.0,0.0,0.0,0.0,0.0,0.0,0.0,0.0,120.0,120.0,60.0,84.852814,0.0,0.0,0.0,0.0,0.0,0.0,0.0,0.0,0.0,0.0,4.053116,4.053116,4.053116,4.053116,0.0,29606851.764706,1.0,1.0,120.0,0.0,0.0,0.0,0.0,0.0,0.0,0.0,4.053116,4.053116,4.053116,4.053116,0.0,0.0,0.0,0.0,0.0,0.0,64,0,64,DOS_SYN_Hping
S1085,25100,21,tcp,-,1e-06,1,1,1,0,838860.8,838860.8,1677721.6,1.0,20,20,20,20,20,20,0,1,1,0,0,1,0,0,0,0,120.0,120.0,120.0,120.0,0.0,0.0,0.0,0.0,0.0,0.0,0.0,120.0,120.0,60.0,84.852814,0.0,0.0,0.0,0.0,0.0,0.0,0.0,0.0,0.0,0.0,1.192093,1.192093,1.192093,1.192093,0.0,100663296.0,1.0,1.0,120.0,0.0,0.0,0.0,0.0,0.0,0.0,0.0,1.192093,1.192093,1.192093,1.192093,0.0,0.0,0.0,0.0,0.0,0.0,64,0,64,DOS_SYN_Hping
S1086,64177,684,udp,-,0.0,1,0,0,0,0.0,0.0,0.0,0.0,8,8,8,0,0,0,0,0,0,0,0,0,0,0,0,0,0.0,0.0,0.0,0.0,0.0,0.0,0.0,0.0,0.0,0.0,0.0,0.0,0.0,0.0,0.0,0.0,0.0,0.0,0.0,0.0,0.0,0.0,0.0,0.0,0.0,0.0,0.0,0.0,0.0,0.0,0.0,1.0,0.0,0.0,0.0,0.0,0.0,0.0,0.0,0.0,0.0,0.0,0.0,0.0,0.0,0.0,0.0,0.0,0.0,0.0,0.0,0,0,0,NMAP_UDP_SCAN
S1087,38372,21,tcp,-,4e-06,1,1,1,0,246723.764706,246723.764706,493447.529412,1.0,20,20,20,20,20,20,0,1,1,0,0,1,0,0,0,0,120.0,120.0,120.0,120.0,0.0,0.0,0.0,0.0,0.0,0.0,0.0,120.0,120.0,60.0,84.852814,0.0,0.0,0.0,0.0,0.0,0.0,0.0,0.0,0.0,0.0,4.053116,4.053116,4.053116,4.053116,0.0,29606851.764706,1.0,1.0,120.0,0.0,0.0,0.0,0.0,0.0,0.0,0.0,4.053116,4.053116,4.053116,4.053116,0.0,0.0,0.0,0.0,0.0,0.0,64,0,64,DOS_SYN_Hping
S1088,50078,17494,udp,-,0.0,1,0,0,0,0.0,0.0,0.0,0.0,8,8,8,0,0,0,0,0,0,0,0,0,0,0,0,0,0.0,0.0,0.0,0.0,0.0,0.0,0.0,0.0,0.0,0.0,0.0,0.0,0.0,0.0,0.0,0.0,0.0,0.0,0.0,0.0,0.0,0.0,0.0,0.0,0.0,0.0,0.0,0.0,0.0,0.0,0.0,1.0,0.0,0.0,0.0,0.0,0.0,0.0,0.0,0.0,0.0,0.0,0.0,0.0,0.0,0.0,0.0,0.0,0.0,0.0,0.0,0,0,0,NMAP_UDP_SCAN
S1089,62638,21,tcp,-,1e-06,1,1,1,0,1048576.0,1048576.0,2097152.0,1.0,20,20,20,20,20,20,0,1,1,0,0,1,0,0,0,0,120.0,120.0,120.0,120.0,0.0,0.0,0.0,0.0,0.0,0.0,0.0,120.0,120.0,60.0,84.852814,0.0,0.0,0.0,0.0,0.0,0.0,0.0,0.0,0.0,0.0,0.953674,0.953674,0.953674,0.953674,0.0,125829120.0,1.0,1.0,120.0,0.0,0.0,0.0,0.0,0.0,0.0,0.0,0.953674,0.953674,0.953674,0.953674,0.0,0.0,0.0,0.0,0.0,0.0,64,0,64,DOS_SYN_Hping
S1090,56335,21,tcp,-,5e-06,1,1,1,0,199728.761905,199728.761905,399457.52381,1.0,20,20,20,20,20,20,0,1,1,0,0,1,0,0,0,0,120.0,120.0,120.0,120.0,0.0,0.0,0.0,0.0,0.0,0.0,0.0,120.0,120.0,60.0,84.852814,0.0,0.0,0.0,0.0,0.0,0.0,0.0,0.0,0.0,0.0,5.0067900000000005,5.0067900000000005,5.0067900000000005,5.0067900000000005,0.0,23967451.428571,1.0,1.0,120.0,0.0,0.0,0.0,0.0,0.0,0.0,0.0,5.0067900000000005,5.0067900000000005,5.0067900000000005,5.0067900000000005,0.0,0.0,0.0,0.0,0.0,0.0,64,0,64,DOS_SYN_Hping
S1091,40251,21,tcp,-,4e-06,1,1,1,0,246723.764706,246723.764706,493447.529412,1.0,20,20,20,20,20,20,0,1,1,0,0,1,0,0,0,0,120.0,120.0,120.0,120.0,0.0,0.0,0.0,0.0,0.0,0.0,0.0,120.0,120.0,60.0,84.852814,0.0,0.0,0.0,0.0,0.0,0.0,0.0,0.0,0.0,0.0,4.053116,4.053116,4.053116,4.053116,0.0,29606851.764706,1.0,1.0,120.0,0.0,0.0,0.0,0.0,0.0,0.0,0.0,4.053116,4.053116,4.053116,4.053116,0.0,0.0,0.0,0.0,0.0,0.0,64,0,64,DOS_SYN_Hping
S1092,43674,80,tcp,http,0.860188,7,5,2,1,8.137756,5.812683,13.950439,0.714286,232,32,40,168,32,40,2,2,0,2,1,11,0,0,0,0,0.0,169.0,202.0,28.857143,63.00907,0.0,539.0,539.0,107.8,241.048128,0.0,539.0,741.0,61.75,157.945402,91.075897,310858.9649,862048.8644,143674.8107,156879.1062,63.180923,276362.1807,587769.0315,146942.2579,149177.9705,63.180923,272418.9758,862048.8644,78368.07858,124996.0692,861.439585,7.0,5.0,202.0,539.0,0.0,0.0,0.0,0.0,0.0,0.0,862048.8644,862048.8644,862048.8644,862048.8644,0.0,0.0,0.0,0.0,0.0,0.0,64240,26847,501,Thing_Speak
S1093,6864,21,tcp,-,4e-06,1,1,1,0,246723.764706,246723.764706,493447.529412,1.0,20,20,20,20,20,20,0,1,1,0,0,1,0,0,0,0,120.0,120.0,120.0,120.0,0.0,0.0,0.0,0.0,0.0,0.0,0.0,120.0,120.0,60.0,84.852814,0.0,0.0,0.0,0.0,0.0,0.0,0.0,0.0,0.0,0.0,4.053116,4.053116,4.053116,4.053116,0.0,29606851.764706,1.0,1.0,120.0,0.0,0.0,0.0,0.0,0.0,0.0,0.0,4.053116,4.053116,4.053116,4.053116,0.0,0.0,0.0,0.0,0.0,0.0,64,0,64,DOS_SYN_Hping
S1094,50395,53,udp,dns,0.000145,2,2,2,2,13774.397373,13774.397373,27548.794745,1.0,16,8,8,16,8,8,0,0,0,0,0,0,0,0,0,0,49.0,49.0,98.0,49.0,0.0,49.0,97.0,146.0,73.0,33.941125,49.0,97.0,244.0,61.0,24.0,3.099442,3.099442,3.099442,3.099442,0.0,43.153763,43.153763,43.153763,43.153763,0.0,3.099442,98.94371,145.196915,48.398972,48.136941,1680476.479475,2.0,2.0,98.0,146.0,0.0,0.0,0.0,0.0,0.0,0.0,145.196915,145.196915,145.196915,145.196915,0.0,0.0,0.0,0.0,0.0,0.0,0,0,0,ARP_poisioning
S1095,34279,53,udp,dns,0.0266579999999999,2,2,2,2,75.02489,75.02489,150.04978,1.0,16,8,8,16,8,8,0,0,0,0,0,0,0,0,0,0,36.0,36.0,72.0,36.0,0.0,36.0,68.0,104.0,52.0,22.627417,36.0,68.0,176.0,44.0,16.0,26396.03615,26396.03615,26396.03615,26396.03615,0.0,2253.770828,2253.770828,2253.770828,2253.770828,0.0,261.7836,24404.04892,26657.81975,8885.939916,13466.89205,6602.190339,2.0,2.0,72.0,104.0,0.0,0.0,0.0,0.0,0.0,0.0,26657.81975,26657.81975,26657.81975,26657.81975,0.0,0.0,0.0,0.0,0.0,0.0,0,0,0,Thing_Speak
S1096,45261,21,tcp,-,0.0,1,0,1,0,0.0,0.0,0.0,0.0,20,20,20,0,0,0,0,1,0,0,0,0,0,0,0,0,120.0,120.0,120.0,120.0,0.0,0.0,0.0,0.0,0.0,0.0,120.0,120.0,120.0,120.0,0.0,0.0,0.0,0.0,0.0,0.0,0.0,0.0,0.0,0.0,0.0,0.0,0.0,0.0,0.0,0.0,0.0,1.0,0.0,120.0,0.0,0.0,0.0,0.0,0.0,0.0,0.0,0.0,0.0,0.0,0.0,0.0,0.0,0.0,0.0,0.0,0.0,64,0,64,DOS_SYN_Hping
S1097,2938,21,tcp,-,1e-06,1,1,1,0,1048576.0,1048576.0,2097152.0,1.0,20,20,20,20,20,20,0,1,1,0,0,1,0,0,0,0,120.0,120.0,120.0,120.0,0.0,0.0,0.0,0.0,0.0,0.0,0.0,120.0,120.0,60.0,84.852814,0.0,0.0,0.0,0.0,0.0,0.0,0.0,0.0,0.0,0.0,0.953674,0.953674,0.953674,0.953674,0.0,125829120.0,1.0,1.0,120.0,0.0,0.0,0.0,0.0,0.0,0.0,0.0,0.953674,0.953674,0.953674,0.953674,0.0,0.0,0.0,0.0,0.0,0.0,64,0,64,DOS_SYN_Hping
S1098,40977,21,tcp,-,0.0,1,0,1,0,0.0,0.0,0.0,0.0,20,20,20,0,0,0,0,1,0,0,0,0,0,0,0,0,120.0,120.0,120.0,120.0,0.0,0.0,0.0,0.0,0.0,0.0,120.0,120.0,120.0,120.0,0.0,0.0,0.0,0.0,0.0,0.0,0.0,0.0,0.0,0.0,0.0,0.0,0.0,0.0,0.0,0.0,0.0,1.0,0.0,120.0,0.0,0.0,0.0,0.0,0.0,0.0,0.0,0.0,0.0,0.0,0.0,0.0,0.0,0.0,0.0,0.0,0.0,64,0,64,DOS_SYN_Hping
S1099,19224,21,tcp,-,8e-06,1,1,1,0,123361.882353,123361.882353,246723.764706,1.0,20,20,20,20,20,20,0,1,1,0,0,1,0,0,0,0,120.0,120.0,120.0,120.0,0.0,0.0,0.0,0.0,0.0,0.0,0.0,120.0,120.0,60.0,84.852814,0.0,0.0,0.0,0.0,0.0,0.0,0.0,0.0,0.0,0.0,8.106232,8.106232,8.106232,8.106232,0.0,14803425.882353,1.0,1.0,120.0,0.0,0.0,0.0,0.0,0.0,0.0,0.0,8.106232,8.106232,8.106232,8.106232,0.0,0.0,0.0,0.0,0.0,0.0,64,0,64,DOS_SYN_Hping
S1100,46600,5961,tcp,-,2e-06,1,1,0,0,466033.777778,466033.777778,932067.555556,1.0,20,20,20,20,20,20,0,0,1,0,0,1,0,0,0,0,0.0,0.0,0.0,0.0,0.0,0.0,0.0,0.0,0.0,0.0,0.0,0.0,0.0,0.0,0.0,0.0,0.0,0.0,0.0,0.0,0.0,0.0,0.0,0.0,0.0,2.145767,2.145767,2.145767,2.145767,0.0,0.0,1.0,1.0,0.0,0.0,0.0,0.0,0.0,0.0,0.0,0.0,2.145767,2.145767,2.145767,2.145767,0.0,0.0,0.0,0.0,0.0,0.0,1024,0,1024,NMAP_OS_DETECTION
S1101,34380,21,tcp,-,4e-06,1,1,1,0,262144.0,262144.0,524288.0,1.0,20,20,20,20,20,20,0,1,1,0,0,1,0,0,0,0,120.0,120.0,120.0,120.0,0.0,0.0,0.0,0.0,0.0,0.0,0.0,120.0,120.0,60.0,84.852814,0.0,0.0,0.0,0.0,0.0,0.0,0.0,0.0,0.0,0.0,3.814697,3.814697,3.814697,3.814697,0.0,31457280.0,1.0,1.0,120.0,0.0,0.0,0.0,0.0,0.0,0.0,0.0,3.814697,3.814697,3.814697,3.814697,0.0,0.0,0.0,0.0,0.0,0.0,64,0,64,DOS_SYN_Hping
S1102,28765,21,tcp,-,5e-06,1,1,1,0,199728.761905,199728.761905,399457.52381,1.0,20,20,20,20,20,20,0,1,1,0,0,1,0,0,0,0,120.0,120.0,120.0,120.0,0.0,0.0,0.0,0.0,0.0,0.0,0.0,120.0,120.0,60.0,84.852814,0.0,0.0,0.0,0.0,0.0,0.0,0.0,0.0,0.0,0.0,5.0067900000000005,5.0067900000000005,5.0067900000000005,5.0067900000000005,0.0,23967451.428571,1.0,1.0,120.0,0.0,0.0,0.0,0.0,0.0,0.0,0.0,5.0067900000000005,5.0067900000000005,5.0067900000000005,5.0067900000000005,0.0,0.0,0.0,0.0,0.0,0.0,64,0,64,DOS_SYN_Hping
S1103,17705,21,tcp,-,0.0,1,0,1,0,0.0,0.0,0.0,0.0,20,20,20,0,0,0,0,1,0,0,0,0,0,0,0,0,120.0,120.0,120.0,120.0,0.0,0.0,0.0,0.0,0.0,0.0,120.0,120.0,120.0,120.0,0.0,0.0,0.0,0.0,0.0,0.0,0.0,0.0,0.0,0.0,0.0,0.0,0.0,0.0,0.0,0.0,0.0,1.0,0.0,120.0,0.0,0.0,0.0,0.0,0.0,0.0,0.0,0.0,0.0,0.0,0.0,0.0,0.0,0.0,0.0,0.0,0.0,64,0,64,DOS_SYN_Hping
S1104,43820,21,tcp,-,5e-06,1,1,1,0,199728.761905,199728.761905,399457.52381,1.0,20,20,20,20,20,20,0,1,1,0,0,1,0,0,0,0,120.0,120.0,120.0,120.0,0.0,0.0,0.0,0.0,0.0,0.0,0.0,120.0,120.0,60.0,84.852814,0.0,0.0,0.0,0.0,0.0,0.0,0.0,0.0,0.0,0.0,5.0067900000000005,5.0067900000000005,5.0067900000000005,5.0067900000000005,0.0,23967451.428571,1.0,1.0,120.0,0.0,0.0,0.0,0.0,0.0,0.0,0.0,5.0067900000000005,5.0067900000000005,5.0067900000000005,5.0067900000000005,0.0,0.0,0.0,0.0,0.0,0.0,64,0,64,DOS_SYN_Hping
S1105,12772,21,tcp,-,1e-06,1,1,1,0,1048576.0,1048576.0,2097152.0,1.0,20,20,20,20,20,20,0,1,1,0,0,1,0,0,0,0,120.0,120.0,120.0,120.0,0.0,0.0,0.0,0.0,0.0,0.0,0.0,120.0,120.0,60.0,84.852814,0.0,0.0,0.0,0.0,0.0,0.0,0.0,0.0,0.0,0.0,0.953674,0.953674,0.953674,0.953674,0.0,125829120.0,1.0,1.0,120.0,0.0,0.0,0.0,0.0,0.0,0.0,0.0,0.953674,0.953674,0.953674,0.953674,0.0,0.0,0.0,0.0,0.0,0.0,64,0,64,DOS_SYN_Hping
S1106,53875,53,udp,dns,0.000216,2,2,2,2,9258.949227,9258.949227,18517.898455,1.0,16,8,8,16,8,8,0,0,0,0,0,0,0,0,0,0,42.0,42.0,84.0,42.0,0.0,63.0,191.0,254.0,127.0,90.509668,42.0,191.0,338.0,84.5,71.686819,3.814697,3.814697,3.814697,3.814697,0.0,75.10185200000001,75.10185200000001,75.10185200000001,75.10185200000001,0.0,3.814697,137.090683,216.007233,72.002411,66.692031,1564762.419426,2.0,2.0,84.0,254.0,0.0,0.0,0.0,0.0,0.0,0.0,216.007233,216.007233,216.007233,216.007233,0.0,0.0,0.0,0.0,0.0,0.0,0,0,0,ARP_poisioning
S1107,1927,21,tcp,-,1e-06,1,1,1,0,1048576.0,1048576.0,2097152.0,1.0,20,20,20,20,20,20,0,1,1,0,0,1,0,0,0,0,120.0,120.0,120.0,120.0,0.0,0.0,0.0,0.0,0.0,0.0,0.0,120.0,120.0,60.0,84.852814,0.0,0.0,0.0,0.0,0.0,0.0,0.0,0.0,0.0,0.0,0.953674,0.953674,0.953674,0.953674,0.0,125829120.0,1.0,1.0,120.0,0.0,0.0,0.0,0.0,0.0,0.0,0.0,0.953674,0.953674,0.953674,0.953674,0.0,0.0,0.0,0.0,0.0,0.0,64,0,64,DOS_SYN_Hping
S1108,28437,21,tcp,-,5e-06,1,1,1,0,199728.761905,199728.761905,399457.52381,1.0,20,20,20,20,20,20,0,1,1,0,0,1,0,0,0,0,120.0,120.0,120.0,120.0,0.0,0.0,0.0,0.0,0.0,0.0,0.0,120.0,120.0,60.0,84.852814,0.0,0.0,0.0,0.0,0.0,0.0,0.0,0.0,0.0,0.0,5.0067900000000005,5.0067900000000005,5.0067900000000005,5.0067900000000005,0.0,23967451.428571,1.0,1.0,120.0,0.0,0.0,0.0,0.0,0.0,0.0,0.0,5.0067900000000005,5.0067900000000005,5.0067900000000005,5.0067900000000005,0.0,0.0,0.0,0.0,0.0,0.0,64,0,64,DOS_SYN_Hping
S1109,31181,21,tcp,-,1e-06,1,1,1,0,1048576.0,1048576.0,2097152.0,1.0,20,20,20,20,20,20,0,1,1,0,0,1,0,0,0,0,120.0,120.0,120.0,120.0,0.0,0.0,0.0,0.0,0.0,0.0,0.0,120.0,120.0,60.0,84.852814,0.0,0.0,0.0,0.0,0.0,0.0,0.0,0.0,0.0,0.0,0.953674,0.953674,0.953674,0.953674,0.0,125829120.0,1.0,1.0,120.0,0.0,0.0,0.0,0.0,0.0,0.0,0.0,0.953674,0.953674,0.953674,0.953674,0.0,0.0,0.0,0.0,0.0,0.0,64,0,64,DOS_SYN_Hping
S1110,4679,21,tcp,-,0.0,1,0,1,0,0.0,0.0,0.0,0.0,20,20,20,0,0,0,0,1,0,0,0,0,0,0,0,0,120.0,120.0,120.0,120.0,0.0,0.0,0.0,0.0,0.0,0.0,120.0,120.0,120.0,120.0,0.0,0.0,0.0,0.0,0.0,0.0,0.0,0.0,0.0,0.0,0.0,0.0,0.0,0.0,0.0,0.0,0.0,1.0,0.0,120.0,0.0,0.0,0.0,0.0,0.0,0.0,0.0,0.0,0.0,0.0,0.0,0.0,0.0,0.0,0.0,0.0,0.0,64,0,64,DOS_SYN_Hping
S1111,30237,21,tcp,-,1e-06,1,1,1,0,1048576.0,1048576.0,2097152.0,1.0,20,20,20,20,20,20,0,1,1,0,0,1,0,0,0,0,120.0,120.0,120.0,120.0,0.0,0.0,0.0,0.0,0.0,0.0,0.0,120.0,120.0,60.0,84.852814,0.0,0.0,0.0,0.0,0.0,0.0,0.0,0.0,0.0,0.0,0.953674,0.953674,0.953674,0.953674,0.0,125829120.0,1.0,1.0,120.0,0.0,0.0,0.0,0.0,0.0,0.0,0.0,0.953674,0.953674,0.953674,0.953674,0.0,0.0,0.0,0.0,0.0,0.0,64,0,64,DOS_SYN_Hping
S1112,58187,53,udp,dns,0.057086,2,2,2,2,35.034865,35.034865,70.069731,1.0,16,8,8,16,8,8,0,0,0,0,0,0,0,0,0,0,44.0,44.0,88.0,44.0,0.0,112.0,128.0,240.0,120.0,11.313708,44.0,128.0,328.0,82.0,44.362146,9.059906,9.059906,9.059906,9.059906,0.0,488.996506,488.996506,488.996506,488.996506,0.0,9.059906,56587.93449400001,57085.99090599999,19028.663635,32528.167876,5745.717904,2.0,2.0,88.0,240.0,0.0,0.0,0.0,0.0,0.0,0.0,57085.99090599999,57085.99090599999,57085.99090599999,57085.99090599999,0.0,0.0,0.0,0.0,0.0,0.0,0,0,0,ARP_poisioning
S1113,65305,21,tcp,-,1e-06,1,1,1,0,1048576.0,1048576.0,2097152.0,1.0,20,20,20,20,20,20,0,1,1,0,0,1,0,0,0,0,120.0,120.0,120.0,120.0,0.0,0.0,0.0,0.0,0.0,0.0,0.0,120.0,120.0,60.0,84.852814,0.0,0.0,0.0,0.0,0.0,0.0,0.0,0.0,0.0,0.0,0.953674,0.953674,0.953674,0.953674,0.0,125829120.0,1.0,1.0,120.0,0.0,0.0,0.0,0.0,0.0,0.0,0.0,0.953674,0.953674,0.953674,0.953674,0.0,0.0,0.0,0.0,0.0,0.0,64,0,64,DOS_SYN_Hping
S1114,25791,21,tcp,-,2e-06,1,1,1,0,524288.0,524288.0,1048576.0,1.0,20,20,20,20,20,20,0,1,1,0,0,1,0,0,0,0,120.0,120.0,120.0,120.0,0.0,0.0,0.0,0.0,0.0,0.0,0.0,120.0,120.0,60.0,84.852814,0.0,0.0,0.0,0.0,0.0,0.0,0.0,0.0,0.0,0.0,1.907349,1.907349,1.907349,1.907349,0.0,62914560.0,1.0,1.0,120.0,0.0,0.0,0.0,0.0,0.0,0.0,0.0,1.907349,1.907349,1.907349,1.907349,0.0,0.0,0.0,0.0,0.0,0.0,64,0,64,DOS_SYN_Hping
S1115,52154,53,udp,dns,0.000151,2,2,2,2,13252.14534,13252.14534,26504.290679,1.0,16,8,8,16,8,8,0,0,0,0,0,0,0,0,0,0,43.0,43.0,86.0,43.0,0.0,43.0,91.0,134.0,67.0,33.941125,43.0,91.0,220.0,55.0,24.0,5.0067900000000005,5.0067900000000005,5.0067900000000005,5.0067900000000005,0.0,47.922134,47.922134,47.922134,47.922134,0.0,5.0067900000000005,97.990036,150.91896100000002,50.30632,46.53745,1457735.9873620002,2.0,2.0,86.0,134.0,0.0,0.0,0.0,0.0,0.0,0.0,150.91896100000002,150.91896100000002,150.91896100000002,150.91896100000002,0.0,0.0,0.0,0.0,0.0,0.0,0,0,0,ARP_poisioning
S1116,14132,21,tcp,-,2e-06,1,1,1,0,524288.0,524288.0,1048576.0,1.0,20,20,20,20,20,20,0,1,1,0,0,1,0,0,0,0,120.0,120.0,120.0,120.0,0.0,0.0,0.0,0.0,0.0,0.0,0.0,120.0,120.0,60.0,84.852814,0.0,0.0,0.0,0.0,0.0,0.0,0.0,0.0,0.0,0.0,1.907349,1.907349,1.907349,1.907349,0.0,62914560.0,1.0,1.0,120.0,0.0,0.0,0.0,0.0,0.0,0.0,0.0,1.907349,1.907349,1.907349,1.907349,0.0,0.0,0.0,0.0,0.0,0.0,64,0,64,DOS_SYN_Hping
S1117,53052,21,tcp,-,0.0,1,0,1,0,0.0,0.0,0.0,0.0,20,20,20,0,0,0,0,1,0,0,0,0,0,0,0,0,120.0,120.0,120.0,120.0,0.0,0.0,0.0,0.0,0.0,0.0,120.0,120.0,120.0,120.0,0.0,0.0,0.0,0.0,0.0,0.0,0.0,0.0,0.0,0.0,0.0,0.0,0.0,0.0,0.0,0.0,0.0,1.0,0.0,120.0,0.0,0.0,0.0,0.0,0.0,0.0,0.0,0.0,0.0,0.0,0.0,0.0,0.0,0.0,0.0,0.0,0.0,64,0,64,DOS_SYN_Hping
S1118,23960,21,tcp,-,0.0,1,0,1,0,0.0,0.0,0.0,0.0,20,20,20,0,0,0,0,1,0,0,0,0,0,0,0,0,120.0,120.0,120.0,120.0,0.0,0.0,0.0,0.0,0.0,0.0,120.0,120.0,120.0,120.0,0.0,0.0,0.0,0.0,0.0,0.0,0.0,0.0,0.0,0.0,0.0,0.0,0.0,0.0,0.0,0.0,0.0,1.0,0.0,120.0,0.0,0.0,0.0,0.0,0.0,0.0,0.0,0.0,0.0,0.0,0.0,0.0,0.0,0.0,0.0,0.0,0.0,64,0,64,DOS_SYN_Hping
S1119,46833,21,tcp,-,0.0,1,0,1,0,0.0,0.0,0.0,0.0,20,20,20,0,0,0,0,1,0,0,0,0,0,0,0,0,120.0,120.0,120.0,120.0,0.0,0.0,0.0,0.0,0.0,0.0,120.0,120.0,120.0,120.0,0.0,0.0,0.0,0.0,0.0,0.0,0.0,0.0,0.0,0.0,0.0,0.0,0.0,0.0,0.0,0.0,0.0,1.0,0.0,120.0,0.0,0.0,0.0,0.0,0.0,0.0,0.0,0.0,0.0,0.0,0.0,0.0,0.0,0.0,0.0,0.0,0.0,64,0,64,DOS_SYN_Hping
S1120,45566,53,udp,dns,0.027213,2,2,2,2,73.494025,73.494025,146.98805,1.0,16,8,8,16,8,8,0,0,0,0,0,0,0,0,0,0,32.0,32.0,64.0,32.0,0.0,32.0,64.0,96.0,48.0,22.627417,32.0,64.0,160.0,40.0,16.0,1080.036163,1080.036163,1080.036163,1080.036163,0.0,25875.09155,25875.09155,25875.09155,25875.09155,0.0,257.96890299999995,25875.09155,27213.09662,9071.032206,14558.54583,5879.521991,2.0,2.0,64.0,96.0,0.0,0.0,0.0,0.0,0.0,0.0,27213.09662,27213.09662,27213.09662,27213.09662,0.0,0.0,0.0,0.0,0.0,0.0,0,0,0,Thing_Speak
S1121,54887,21,tcp,-,2e-06,1,1,1,0,466033.777778,466033.777778,932067.555556,1.0,20,20,20,20,20,20,0,1,1,0,0,1,0,0,0,0,120.0,120.0,120.0,120.0,0.0,0.0,0.0,0.0,0.0,0.0,0.0,120.0,120.0,60.0,84.852814,0.0,0.0,0.0,0.0,0.0,0.0,0.0,0.0,0.0,0.0,2.145767,2.145767,2.145767,2.145767,0.0,55924053.33333299,1.0,1.0,120.0,0.0,0.0,0.0,0.0,0.0,0.0,0.0,2.145767,2.145767,2.145767,2.145767,0.0,0.0,0.0,0.0,0.0,0.0,64,0,64,DOS_SYN_Hping
S1122,52448,21,tcp,-,5e-06,1,1,1,0,199728.761905,199728.761905,399457.52381,1.0,20,20,20,20,20,20,0,1,1,0,0,1,0,0,0,0,120.0,120.0,120.0,120.0,0.0,0.0,0.0,0.0,0.0,0.0,0.0,120.0,120.0,60.0,84.852814,0.0,0.0,0.0,0.0,0.0,0.0,0.0,0.0,0.0,0.0,5.0067900000000005,5.0067900000000005,5.0067900000000005,5.0067900000000005,0.0,23967451.428571,1.0,1.0,120.0,0.0,0.0,0.0,0.0,0.0,0.0,0.0,5.0067900000000005,5.0067900000000005,5.0067900000000005,5.0067900000000005,0.0,0.0,0.0,0.0,0.0,0.0,64,0,64,DOS_SYN_Hping
S1123,33196,21,tcp,-,5e-06,1,1,1,0,199728.761905,199728.761905,399457.52381,1.0,20,20,20,20,20,20,0,1,1,0,0,1,0,0,0,0,120.0,120.0,120.0,120.0,0.0,0.0,0.0,0.0,0.0,0.0,0.0,120.0,120.0,60.0,84.852814,0.0,0.0,0.0,0.0,0.0,0.0,0.0,0.0,0.0,0.0,5.0067900000000005,5.0067900000000005,5.0067900000000005,5.0067900000000005,0.0,23967451.428571,1.0,1.0,120.0,0.0,0.0,0.0,0.0,0.0,0.0,0.0,5.0067900000000005,5.0067900000000005,5.0067900000000005,5.0067900000000005,0.0,0.0,0.0,0.0,0.0,0.0,64,0,64,DOS_SYN_Hping
S1124,24056,21,tcp,-,4e-06,1,1,1,0,246723.764706,246723.764706,493447.529412,1.0,20,20,20,20,20,20,0,1,1,0,0,1,0,0,0,0,120.0,120.0,120.0,120.0,0.0,0.0,0.0,0.0,0.0,0.0,0.0,120.0,120.0,60.0,84.852814,0.0,0.0,0.0,0.0,0.0,0.0,0.0,0.0,0.0,0.0,4.053116,4.053116,4.053116,4.053116,0.0,29606851.764706,1.0,1.0,120.0,0.0,0.0,0.0,0.0,0.0,0.0,0.0,4.053116,4.053116,4.053116,4.053116,0.0,0.0,0.0,0.0,0.0,0.0,64,0,64,DOS_SYN_Hping
S1125,31166,21,tcp,-,1e-06,1,1,1,0,1048576.0,1048576.0,2097152.0,1.0,20,20,20,20,20,20,0,1,1,0,0,1,0,0,0,0,120.0,120.0,120.0,120.0,0.0,0.0,0.0,0.0,0.0,0.0,0.0,120.0,120.0,60.0,84.852814,0.0,0.0,0.0,0.0,0.0,0.0,0.0,0.0,0.0,0.0,0.953674,0.953674,0.953674,0.953674,0.0,125829120.0,1.0,1.0,120.0,0.0,0.0,0.0,0.0,0.0,0.0,0.0,0.953674,0.953674,0.953674,0.953674,0.0,0.0,0.0,0.0,0.0,0.0,64,0,64,DOS_SYN_Hping
S1126,17908,21,tcp,-,4e-06,1,1,1,0,246723.764706,246723.764706,493447.529412,1.0,20,20,20,20,20,20,0,1,1,0,0,1,0,0,0,0,120.0,120.0,120.0,120.0,0.0,0.0,0.0,0.0,0.0,0.0,0.0,120.0,120.0,60.0,84.852814,0.0,0.0,0.0,0.0,0.0,0.0,0.0,0.0,0.0,0.0,4.053116,4.053116,4.053116,4.053116,0.0,29606851.764706,1.0,1.0,120.0,0.0,0.0,0.0,0.0,0.0,0.0,0.0,4.053116,4.053116,4.053116,4.053116,0.0,0.0,0.0,0.0,0.0,0.0,64,0,64,DOS_SYN_Hping
S1127,59247,16993,tcp,-,4e-06,1,1,0,0,246723.764706,246723.764706,493447.529412,1.0,20,20,20,20,20,20,1,0,1,1,0,1,1,0,0,0,0.0,0.0,0.0,0.0,0.0,0.0,0.0,0.0,0.0,0.0,0.0,0.0,0.0,0.0,0.0,0.0,0.0,0.0,0.0,0.0,0.0,0.0,0.0,0.0,0.0,4.053116,4.053116,4.053116,4.053116,0.0,0.0,1.0,1.0,0.0,0.0,0.0,0.0,0.0,0.0,0.0,0.0,4.053116,4.053116,4.053116,4.053116,0.0,0.0,0.0,0.0,0.0,0.0,1024,0,1024,NMAP_XMAS_TREE_SCAN
S1128,37918,80,tcp,http,0.7311340000000001,7,5,2,1,9.574169,6.838692,16.412861,0.714286,232,32,40,168,32,40,2,2,0,2,1,11,0,0,0,0,0.0,169.0,203.0,29.0,63.02116,0.0,539.0,539.0,107.8,241.048128,0.0,539.0,742.0,61.833333,157.929117,91.791153,264240.0265,732933.9981,122155.6664,133446.4084,7960.0811,228127.9564,492245.9126,123061.4781,121236.3827,91.791153,238888.0253,732933.9981,66630.36346000001,104969.7648,1014.861931,7.0,5.0,203.0,539.0,0.0,0.0,0.0,0.0,0.0,0.0,732933.9981,732933.9981,732933.9981,732933.9981,0.0,0.0,0.0,0.0,0.0,0.0,64240,26847,501,Thing_Speak
S1129,47707,21,tcp,-,1e-06,1,1,1,0,1048576.0,1048576.0,2097152.0,1.0,20,20,20,20,20,20,0,1,1,0,0,1,0,0,0,0,120.0,120.0,120.0,120.0,0.0,0.0,0.0,0.0,0.0,0.0,0.0,120.0,120.0,60.0,84.852814,0.0,0.0,0.0,0.0,0.0,0.0,0.0,0.0,0.0,0.0,0.953674,0.953674,0.953674,0.953674,0.0,125829120.0,1.0,1.0,120.0,0.0,0.0,0.0,0.0,0.0,0.0,0.0,0.953674,0.953674,0.953674,0.953674,0.0,0.0,0.0,0.0,0.0,0.0,64,0,64,DOS_SYN_Hping
S1130,29120,21,tcp,-,5e-06,1,1,1,0,199728.761905,199728.761905,399457.52381,1.0,20,20,20,20,20,20,0,1,1,0,0,1,0,0,0,0,120.0,120.0,120.0,120.0,0.0,0.0,0.0,0.0,0.0,0.0,0.0,120.0,120.0,60.0,84.852814,0.0,0.0,0.0,0.0,0.0,0.0,0.0,0.0,0.0,0.0,5.0067900000000005,5.0067900000000005,5.0067900000000005,5.0067900000000005,0.0,23967451.428571,1.0,1.0,120.0,0.0,0.0,0.0,0.0,0.0,0.0,0.0,5.0067900000000005,5.0067900000000005,5.0067900000000005,5.0067900000000005,0.0,0.0,0.0,0.0,0.0,0.0,64,0,64,DOS_SYN_Hping
S1131,16578,21,tcp,-,5e-06,1,1,1,0,199728.761905,199728.761905,399457.52381,1.0,20,20,20,20,20,20,0,1,1,0,0,1,0,0,0,0,120.0,120.0,120.0,120.0,0.0,0.0,0.0,0.0,0.0,0.0,0.0,120.0,120.0,60.0,84.852814,0.0,0.0,0.0,0.0,0.0,0.0,0.0,0.0,0.0,0.0,5.0067900000000005,5.0067900000000005,5.0067900000000005,5.0067900000000005,0.0,23967451.428571,1.0,1.0,120.0,0.0,0.0,0.0,0.0,0.0,0.0,0.0,5.0067900000000005,5.0067900000000005,5.0067900000000005,5.0067900000000005,0.0,0.0,0.0,0.0,0.0,0.0,64,0,64,DOS_SYN_Hping
S1132,16932,21,tcp,-,1e-06,1,1,1,0,1048576.0,1048576.0,2097152.0,1.0,20,20,20,20,20,20,0,1,1,0,0,1,0,0,0,0,120.0,120.0,120.0,120.0,0.0,0.0,0.0,0.0,0.0,0.0,0.0,120.0,120.0,60.0,84.852814,0.0,0.0,0.0,0.0,0.0,0.0,0.0,0.0,0.0,0.0,0.953674,0.953674,0.953674,0.953674,0.0,125829120.0,1.0,1.0,120.0,0.0,0.0,0.0,0.0,0.0,0.0,0.0,0.953674,0.953674,0.953674,0.953674,0.0,0.0,0.0,0.0,0.0,0.0,64,0,64,DOS_SYN_Hping
S1133,16238,21,tcp,-,1e-06,1,1,1,0,1048576.0,1048576.0,2097152.0,1.0,20,20,20,20,20,20,0,1,1,0,0,1,0,0,0,0,120.0,120.0,120.0,120.0,0.0,0.0,0.0,0.0,0.0,0.0,0.0,120.0,120.0,60.0,84.852814,0.0,0.0,0.0,0.0,0.0,0.0,0.0,0.0,0.0,0.0,0.953674,0.953674,0.953674,0.953674,0.0,125829120.0,1.0,1.0,120.0,0.0,0.0,0.0,0.0,0.0,0.0,0.0,0.953674,0.953674,0.953674,0.953674,0.0,0.0,0.0,0.0,0.0,0.0,64,0,64,DOS_SYN_Hping
S1134,1734,21,tcp,-,1e-06,1,1,1,0,838860.8,838860.8,1677721.6,1.0,20,20,20,20,20,20,0,1,1,0,0,1,0,0,0,0,120.0,120.0,120.0,120.0,0.0,0.0,0.0,0.0,0.0,0.0,0.0,120.0,120.0,60.0,84.852814,0.0,0.0,0.0,0.0,0.0,0.0,0.0,0.0,0.0,0.0,1.192093,1.192093,1.192093,1.192093,0.0,100663296.0,1.0,1.0,120.0,0.0,0.0,0.0,0.0,0.0,0.0,0.0,1.192093,1.192093,1.192093,1.192093,0.0,0.0,0.0,0.0,0.0,0.0,64,0,64,DOS_SYN_Hping
S1135,60346,1717,tcp,-,4e-06,1,1,0,0,246723.764706,246723.764706,493447.529412,1.0,40,40,40,20,20,20,0,1,1,0,0,1,0,0,0,0,0.0,0.0,0.0,0.0,0.0,0.0,0.0,0.0,0.0,0.0,0.0,0.0,0.0,0.0,0.0,0.0,0.0,0.0,0.0,0.0,0.0,0.0,0.0,0.0,0.0,4.053116,4.053116,4.053116,4.053116,0.0,0.0,1.0,1.0,0.0,0.0,0.0,0.0,0.0,0.0,0.0,0.0,4.053116,4.053116,4.053116,4.053116,0.0,0.0,0.0,0.0,0.0,0.0,64240,0,64240,NMAP_TCP_scan
S1136,3987,21,tcp,-,2e-06,1,1,1,0,524288.0,524288.0,1048576.0,1.0,20,20,20,20,20,20,0,1,1,0,0,1,0,0,0,0,120.0,120.0,120.0,120.0,0.0,0.0,0.0,0.0,0.0,0.0,0.0,120.0,120.0,60.0,84.852814,0.0,0.0,0.0,0.0,0.0,0.0,0.0,0.0,0.0,0.0,1.907349,1.907349,1.907349,1.907349,0.0,62914560.0,1.0,1.0,120.0,0.0,0.0,0.0,0.0,0.0,0.0,0.0,1.907349,1.907349,1.907349,1.907349,0.0,0.0,0.0,0.0,0.0,0.0,64,0,64,DOS_SYN_Hping
S1137,15201,21,tcp,-,5e-06,1,1,1,0,199728.761905,199728.761905,399457.52381,1.0,20,20,20,20,20,20,0,1,1,0,0,1,0,0,0,0,120.0,120.0,120.0,120.0,0.0,0.0,0.0,0.0,0.0,0.0,0.0,120.0,120.0,60.0,84.852814,0.0,0.0,0.0,0.0,0.0,0.0,0.0,0.0,0.0,0.0,5.0067900000000005,5.0067900000000005,5.0067900000000005,5.0067900000000005,0.0,23967451.428571,1.0,1.0,120.0,0.0,0.0,0.0,0.0,0.0,0.0,0.0,5.0067900000000005,5.0067900000000005,5.0067900000000005,5.0067900000000005,0.0,0.0,0.0,0.0,0.0,0.0,64,0,64,DOS_SYN_Hping
S1138,60295,1883,tcp,mqtt,43.938928,10,6,3,4,0.227589,0.136553,0.364142,0.6,328,32,40,200,32,40,0,2,1,3,4,15,0,0,0,0,0.0,33.0,78.0,7.8,12.934021,0.0,23.0,36.0,6.0,8.602325,0.0,33.0,114.0,7.125,11.218289,240.802765,41882671.117783,43938928.12728901,4882103.1252540015,13882185.840926,77.009201,1567954.063416,1895454.883575,379090.976715,669357.038103,77.009201,41882671.117783,43938928.12728901,2929261.875153,10782008.879176,2.59451,3.333333,2.0,26.0,12.0,0.0,0.0,0.0,0.0,0.0,0.0,2056257.009506,2056257.009506,2056257.009506,2056257.009506,0.0,41882671.117783,41882671.117783,41882671.117783,41882671.117783,0.0,64240,26847,502,MQTT_Publish
S1139,64967,21,tcp,-,1e-06,1,1,1,0,1048576.0,1048576.0,2097152.0,1.0,20,20,20,20,20,20,0,1,1,0,0,1,0,0,0,0,120.0,120.0,120.0,120.0,0.0,0.0,0.0,0.0,0.0,0.0,0.0,120.0,120.0,60.0,84.852814,0.0,0.0,0.0,0.0,0.0,0.0,0.0,0.0,0.0,0.0,0.953674,0.953674,0.953674,0.953674,0.0,125829120.0,1.0,1.0,120.0,0.0,0.0,0.0,0.0,0.0,0.0,0.0,0.953674,0.953674,0.953674,0.953674,0.0,0.0,0.0,0.0,0.0,0.0,64,0,64,DOS_SYN_Hping
S1140,44327,1883,tcp,mqtt,31.054362,10,6,3,4,0.322016,0.19321,0.5152260000000001,0.6,328,32,40,200,32,40,0,2,1,3,4,15,0,0,0,0,0.0,33.0,77.0,7.7,12.789318,0.0,22.0,35.0,5.8333330000000005,8.20772,0.0,33.0,112.0,7.0,11.021192,259.876251,28608026.981354,31054362.058640003,3450484.673182,9442491.992151,2150.058746,1591499.80545,2101634.025574,420326.805115,666460.1700609999,259.876251,28608026.981354,31054362.058640003,2070290.803909,7348835.110705,3.606579,3.333333,2.0,25.666667,11.666667,0.0,0.0,0.0,0.0,0.0,0.0,2446335.077286,2446335.077286,2446335.077286,2446335.077286,0.0,28608026.981354,28608026.981354,28608026.981354,28608026.981354,0.0,64240,26847,502,MQTT_Publish
S1141,50867,21,tcp,-,2e-06,1,1,1,0,466033.777778,466033.777778,932067.555556,1.0,20,20,20,20,20,20,0,1,1,0,0,1,0,0,0,0,120.0,120.0,120.0,120.0,0.0,0.0,0.0,0.0,0.0,0.0,0.0,120.0,120.0,60.0,84.852814,0.0,0.0,0.0,0.0,0.0,0.0,0.0,0.0,0.0,0.0,2.145767,2.145767,2.145767,2.145767,0.0,55924053.33333299,1.0,1.0,120.0,0.0,0.0,0.0,0.0,0.0,0.0,0.0,2.145767,2.145767,2.145767,2.145767,0.0,0.0,0.0,0.0,0.0,0.0,64,0,64,DOS_SYN_Hping
S1142,35105,5353,udp,dns,0.0,1,0,1,0,0.0,0.0,0.0,0.0,8,8,8,0,0,0,0,0,0,0,0,0,0,0,0,0,43.0,43.0,43.0,43.0,0.0,0.0,0.0,0.0,0.0,0.0,43.0,43.0,43.0,43.0,0.0,0.0,0.0,0.0,0.0,0.0,0.0,0.0,0.0,0.0,0.0,0.0,0.0,0.0,0.0,0.0,0.0,1.0,0.0,43.0,0.0,0.0,0.0,0.0,0.0,0.0,0.0,0.0,0.0,0.0,0.0,0.0,0.0,0.0,0.0,0.0,0.0,0,0,0,ARP_poisioning
S1143,41966,21,tcp,-,4e-06,1,1,1,0,262144.0,262144.0,524288.0,1.0,20,20,20,20,20,20,0,1,1,0,0,1,0,0,0,0,120.0,120.0,120.0,120.0,0.0,0.0,0.0,0.0,0.0,0.0,0.0,120.0,120.0,60.0,84.852814,0.0,0.0,0.0,0.0,0.0,0.0,0.0,0.0,0.0,0.0,3.814697,3.814697,3.814697,3.814697,0.0,31457280.0,1.0,1.0,120.0,0.0,0.0,0.0,0.0,0.0,0.0,0.0,3.814697,3.814697,3.814697,3.814697,0.0,0.0,0.0,0.0,0.0,0.0,64,0,64,DOS_SYN_Hping
S1144,64413,21,tcp,-,0.0,1,0,1,0,0.0,0.0,0.0,0.0,20,20,20,0,0,0,0,1,0,0,0,0,0,0,0,0,120.0,120.0,120.0,120.0,0.0,0.0,0.0,0.0,0.0,0.0,120.0,120.0,120.0,120.0,0.0,0.0,0.0,0.0,0.0,0.0,0.0,0.0,0.0,0.0,0.0,0.0,0.0,0.0,0.0,0.0,0.0,1.0,0.0,120.0,0.0,0.0,0.0,0.0,0.0,0.0,0.0,0.0,0.0,0.0,0.0,0.0,0.0,0.0,0.0,0.0,0.0,64,0,64,DOS_SYN_Hping
S1145,25368,21,tcp,-,1e-06,1,1,1,0,838860.8,838860.8,1677721.6,1.0,20,20,20,20,20,20,0,1,1,0,0,1,0,0,0,0,120.0,120.0,120.0,120.0,0.0,0.0,0.0,0.0,0.0,0.0,0.0,120.0,120.0,60.0,84.852814,0.0,0.0,0.0,0.0,0.0,0.0,0.0,0.0,0.0,0.0,1.192093,1.192093,1.192093,1.192093,0.0,100663296.0,1.0,1.0,120.0,0.0,0.0,0.0,0.0,0.0,0.0,0.0,1.192093,1.192093,1.192093,1.192093,0.0,0.0,0.0,0.0,0.0,0.0,64,0,64,DOS_SYN_Hping
S1146,42747,1883,tcp,mqtt,31.910431,9,5,3,3,0.282039,0.156689,0.438728,0.555556,296,32,40,168,32,40,0,2,1,3,3,13,0,0,0,0,0.0,33.0,76.0,8.444444,13.115935999999998,0.0,23.0,32.0,6.4,9.555103,0.0,33.0,108.0,7.714286,11.618477,197.887421,29872991.085052,31910431.146622,3988803.893328,10469053.98219,7775.068283,1572281.837463,1880882.978439,470220.74461000005,737796.628933,197.887421,29872991.085052,31910431.146622,2454648.54974,8247023.180382,3.3844730000000003,3.0,1.666667,25.333333,10.666667,0.0,0.0,0.0,0.0,0.0,0.0,2037440.061569,2037440.061569,2037440.061569,2037440.061569,0.0,29872991.085052,29872991.085052,29872991.085052,29872991.085052,0.0,64240,26847,502,MQTT_Publish
S1147,11766,21,tcp,-,5e-06,1,1,1,0,199728.761905,199728.761905,399457.52381,1.0,20,20,20,20,20,20,0,1,1,0,0,1,0,0,0,0,120.0,120.0,120.0,120.0,0.0,0.0,0.0,0.0,0.0,0.0,0.0,120.0,120.0,60.0,84.852814,0.0,0.0,0.0,0.0,0.0,0.0,0.0,0.0,0.0,0.0,5.0067900000000005,5.0067900000000005,5.0067900000000005,5.0067900000000005,0.0,23967451.428571,1.0,1.0,120.0,0.0,0.0,0.0,0.0,0.0,0.0,0.0,5.0067900000000005,5.0067900000000005,5.0067900000000005,5.0067900000000005,0.0,0.0,0.0,0.0,0.0,0.0,64,0,64,DOS_SYN_Hping
S1148,35073,21,tcp,-,4e-06,1,1,1,0,246723.764706,246723.764706,493447.529412,1.0,20,20,20,20,20,20,0,1,1,0,0,1,0,0,0,0,120.0,120.0,120.0,120.0,0.0,0.0,0.0,0.0,0.0,0.0,0.0,120.0,120.0,60.0,84.852814,0.0,0.0,0.0,0.0,0.0,0.0,0.0,0.0,0.0,0.0,4.053116,4.053116,4.053116,4.053116,0.0,29606851.764706,1.0,1.0,120.0,0.0,0.0,0.0,0.0,0.0,0.0,0.0,4.053116,4.053116,4.053116,4.053116,0.0,0.0,0.0,0.0,0.0,0.0,64,0,64,DOS_SYN_Hping
S1149,32291,21,tcp,-,5e-06,1,1,1,0,199728.761905,199728.761905,399457.52381,1.0,20,20,20,20,20,20,0,1,1,0,0,1,0,0,0,0,120.0,120.0,120.0,120.0,0.0,0.0,0.0,0.0,0.0,0.0,0.0,120.0,120.0,60.0,84.852814,0.0,0.0,0.0,0.0,0.0,0.0,0.0,0.0,0.0,0.0,5.0067900000000005,5.0067900000000005,5.0067900000000005,5.0067900000000005,0.0,23967451.428571,1.0,1.0,120.0,0.0,0.0,0.0,0.0,0.0,0.0,0.0,5.0067900000000005,5.0067900000000005,5.0067900000000005,5.0067900000000005,0.0,0.0,0.0,0.0,0.0,0.0,64,0,64,DOS_SYN_Hping
S1150,38466,21,tcp,-,1e-06,1,1,1,0,1048576.0,1048576.0,2097152.0,1.0,20,20,20,20,20,20,0,1,1,0,0,1,0,0,0,0,120.0,120.0,120.0,120.0,0.0,0.0,0.0,0.0,0.0,0.0,0.0,120.0,120.0,60.0,84.852814,0.0,0.0,0.0,0.0,0.0,0.0,0.0,0.0,0.0,0.0,0.953674,0.953674,0.953674,0.953674,0.0,125829120.0,1.0,1.0,120.0,0.0,0.0,0.0,0.0,0.0,0.0,0.0,0.953674,0.953674,0.953674,0.953674,0.0,0.0,0.0,0.0,0.0,0.0,64,0,64,DOS_SYN_Hping
S1151,19640,21,tcp,-,5e-06,1,1,1,0,199728.761905,199728.761905,399457.52381,1.0,20,20,20,20,20,20,0,1,1,0,0,1,0,0,0,0,120.0,120.0,120.0,120.0,0.0,0.0,0.0,0.0,0.0,0.0,0.0,120.0,120.0,60.0,84.852814,0.0,0.0,0.0,0.0,0.0,0.0,0.0,0.0,0.0,0.0,5.0067900000000005,5.0067900000000005,5.0067900000000005,5.0067900000000005,0.0,23967451.428571,1.0,1.0,120.0,0.0,0.0,0.0,0.0,0.0,0.0,0.0,5.0067900000000005,5.0067900000000005,5.0067900000000005,5.0067900000000005,0.0,0.0,0.0,0.0,0.0,0.0,64,0,64,DOS_SYN_Hping
S1152,17214,21,tcp,-,5e-06,1,1,1,0,199728.761905,199728.761905,399457.52381,1.0,20,20,20,20,20,20,0,1,1,0,0,1,0,0,0,0,120.0,120.0,120.0,120.0,0.0,0.0,0.0,0.0,0.0,0.0,0.0,120.0,120.0,60.0,84.852814,0.0,0.0,0.0,0.0,0.0,0.0,0.0,0.0,0.0,0.0,5.0067900000000005,5.0067900000000005,5.0067900000000005,5.0067900000000005,0.0,23967451.428571,1.0,1.0,120.0,0.0,0.0,0.0,0.0,0.0,0.0,0.0,5.0067900000000005,5.0067900000000005,5.0067900000000005,5.0067900000000005,0.0,0.0,0.0,0.0,0.0,0.0,64,0,64,DOS_SYN_Hping
S1153,36242,981,tcp,-,2.2e-05,1,1,0,0,45590.26087,45590.26087,91180.521739,1.0,20,20,20,20,20,20,1,0,1,1,0,1,1,0,0,0,0.0,0.0,0.0,0.0,0.0,0.0,0.0,0.0,0.0,0.0,0.0,0.0,0.0,0.0,0.0,0.0,0.0,0.0,0.0,0.0,0.0,0.0,0.0,0.0,0.0,21.934509,21.934509,21.934509,21.934509,0.0,0.0,1.0,1.0,0.0,0.0,0.0,0.0,0.0,0.0,0.0,0.0,21.934509,21.934509,21.934509,21.934509,0.0,0.0,0.0,0.0,0.0,0.0,1024,0,1024,NMAP_XMAS_TREE_SCAN
S1154,30470,21,tcp,-,2e-06,1,1,1,0,466033.777778,466033.777778,932067.555556,1.0,20,20,20,20,20,20,0,1,1,0,0,1,0,0,0,0,120.0,120.0,120.0,120.0,0.0,0.0,0.0,0.0,0.0,0.0,0.0,120.0,120.0,60.0,84.852814,0.0,0.0,0.0,0.0,0.0,0.0,0.0,0.0,0.0,0.0,2.145767,2.145767,2.145767,2.145767,0.0,55924053.33333299,1.0,1.0,120.0,0.0,0.0,0.0,0.0,0.0,0.0,0.0,2.145767,2.145767,2.145767,2.145767,0.0,0.0,0.0,0.0,0.0,0.0,64,0,64,DOS_SYN_Hping
S1155,59697,21,tcp,-,5e-06,1,1,1,0,199728.761905,199728.761905,399457.52381,1.0,20,20,20,20,20,20,0,1,1,0,0,1,0,0,0,0,120.0,120.0,120.0,120.0,0.0,0.0,0.0,0.0,0.0,0.0,0.0,120.0,120.0,60.0,84.852814,0.0,0.0,0.0,0.0,0.0,0.0,0.0,0.0,0.0,0.0,5.0067900000000005,5.0067900000000005,5.0067900000000005,5.0067900000000005,0.0,23967451.428571,1.0,1.0,120.0,0.0,0.0,0.0,0.0,0.0,0.0,0.0,5.0067900000000005,5.0067900000000005,5.0067900000000005,5.0067900000000005,0.0,0.0,0.0,0.0,0.0,0.0,64,0,64,DOS_SYN_Hping
S1156,40926,80,tcp,http,0.88997,7,5,2,1,7.865433,5.618166,13.4836,0.714286,232,32,40,168,32,40,2,2,0,2,1,11,0,0,0,0,0.0,169.0,201.0,28.714286,62.999244,0.0,539.0,539.0,107.8,241.048128,0.0,539.0,740.0,61.666667,157.962213,92.029572,312094.9268,891812.0861,148635.3477,158755.1594,128.030777,295282.1255,608164.072,152041.018,159456.2853,92.029572,281987.9055,891812.0861,81073.82601,129222.4543,831.488642,7.0,5.0,201.0,539.0,0.0,0.0,0.0,0.0,0.0,0.0,891812.0861,891812.0861,891812.0861,891812.0861,0.0,0.0,0.0,0.0,0.0,0.0,64240,26847,501,Thing_Speak
S1157,57019,21,tcp,-,1e-06,1,1,1,0,1048576.0,1048576.0,2097152.0,1.0,20,20,20,20,20,20,0,1,1,0,0,1,0,0,0,0,120.0,120.0,120.0,120.0,0.0,0.0,0.0,0.0,0.0,0.0,0.0,120.0,120.0,60.0,84.852814,0.0,0.0,0.0,0.0,0.0,0.0,0.0,0.0,0.0,0.0,0.953674,0.953674,0.953674,0.953674,0.0,125829120.0,1.0,1.0,120.0,0.0,0.0,0.0,0.0,0.0,0.0,0.0,0.953674,0.953674,0.953674,0.953674,0.0,0.0,0.0,0.0,0.0,0.0,64,0,64,DOS_SYN_Hping
S1158,31321,21,tcp,-,1e-06,1,1,1,0,1048576.0,1048576.0,2097152.0,1.0,20,20,20,20,20,20,0,1,1,0,0,1,0,0,0,0,120.0,120.0,120.0,120.0,0.0,0.0,0.0,0.0,0.0,0.0,0.0,120.0,120.0,60.0,84.852814,0.0,0.0,0.0,0.0,0.0,0.0,0.0,0.0,0.0,0.0,0.953674,0.953674,0.953674,0.953674,0.0,125829120.0,1.0,1.0,120.0,0.0,0.0,0.0,0.0,0.0,0.0,0.0,0.953674,0.953674,0.953674,0.953674,0.0,0.0,0.0,0.0,0.0,0.0,64,0,64,DOS_SYN_Hping
S1159,15660,21,tcp,-,4e-06,1,1,1,0,262144.0,262144.0,524288.0,1.0,20,20,20,20,20,20,0,1,1,0,0,1,0,0,0,0,120.0,120.0,120.0,120.0,0.0,0.0,0.0,0.0,0.0,0.0,0.0,120.0,120.0,60.0,84.852814,0.0,0.0,0.0,0.0,0.0,0.0,0.0,0.0,0.0,0.0,3.814697,3.814697,3.814697,3.814697,0.0,31457280.0,1.0,1.0,120.0,0.0,0.0,0.0,0.0,0.0,0.0,0.0,3.814697,3.814697,3.814697,3.814697,0.0,0.0,0.0,0.0,0.0,0.0,64,0,64,DOS_SYN_Hping
S1160,3158,21,tcp,-,1e-06,1,1,1,0,1048576.0,1048576.0,2097152.0,1.0,20,20,20,20,20,20,0,1,1,0,0,1,0,0,0,0,120.0,120.0,120.0,120.0,0.0,0.0,0.0,0.0,0.0,0.0,0.0,120.0,120.0,60.0,84.852814,0.0,0.0,0.0,0.0,0.0,0.0,0.0,0.0,0.0,0.0,0.953674,0.953674,0.953674,0.953674,0.0,125829120.0,1.0,1.0,120.0,0.0,0.0,0.0,0.0,0.0,0.0,0.0,0.953674,0.953674,0.953674,0.953674,0.0,0.0,0.0,0.0,0.0,0.0,64,0,64,DOS_SYN_Hping
S1161,9725,21,tcp,-,5e-06,1,1,1,0,199728.761905,199728.761905,399457.52381,1.0,20,20,20,20,20,20,0,1,1,0,0,1,0,0,0,0,120.0,120.0,120.0,120.0,0.0,0.0,0.0,0.0,0.0,0.0,0.0,120.0,120.0,60.0,84.852814,0.0,0.0,0.0,0.0,0.0,0.0,0.0,0.0,0.0,0.0,5.0067900000000005,5.0067900000000005,5.0067900000000005,5.0067900000000005,0.0,23967451.428571,1.0,1.0,120.0,0.0,0.0,0.0,0.0,0.0,0.0,0.0,5.0067900000000005,5.0067900000000005,5.0067900000000005,5.0067900000000005,0.0,0.0,0.0,0.0,0.0,0.0,64,0,64,DOS_SYN_Hping
S1162,26224,21,tcp,-,4e-06,1,1,1,0,246723.764706,246723.764706,493447.529412,1.0,20,20,20,20,20,20,0,1,1,0,0,1,0,0,0,0,120.0,120.0,120.0,120.0,0.0,0.0,0.0,0.0,0.0,0.0,0.0,120.0,120.0,60.0,84.852814,0.0,0.0,0.0,0.0,0.0,0.0,0.0,0.0,0.0,0.0,4.053116,4.053116,4.053116,4.053116,0.0,29606851.764706,1.0,1.0,120.0,0.0,0.0,0.0,0.0,0.0,0.0,0.0,4.053116,4.053116,4.053116,4.053116,0.0,0.0,0.0,0.0,0.0,0.0,64,0,64,DOS_SYN_Hping
S1163,15748,21,tcp,-,4e-06,1,1,1,0,246723.764706,246723.764706,493447.529412,1.0,20,20,20,20,20,20,0,1,1,0,0,1,0,0,0,0,120.0,120.0,120.0,120.0,0.0,0.0,0.0,0.0,0.0,0.0,0.0,120.0,120.0,60.0,84.852814,0.0,0.0,0.0,0.0,0.0,0.0,0.0,0.0,0.0,0.0,4.053116,4.053116,4.053116,4.053116,0.0,29606851.764706,1.0,1.0,120.0,0.0,0.0,0.0,0.0,0.0,0.0,0.0,4.053116,4.053116,4.053116,4.053116,0.0,0.0,0.0,0.0,0.0,0.0,64,0,64,DOS_SYN_Hping
S1164,48727,21,tcp,-,1e-06,1,1,1,0,1048576.0,1048576.0,2097152.0,1.0,20,20,20,20,20,20,0,1,1,0,0,1,0,0,0,0,120.0,120.0,120.0,120.0,0.0,0.0,0.0,0.0,0.0,0.0,0.0,120.0,120.0,60.0,84.852814,0.0,0.0,0.0,0.0,0.0,0.0,0.0,0.0,0.0,0.0,0.953674,0.953674,0.953674,0.953674,0.0,125829120.0,1.0,1.0,120.0,0.0,0.0,0.0,0.0,0.0,0.0,0.0,0.953674,0.953674,0.953674,0.953674,0.0,0.0,0.0,0.0,0.0,0.0,64,0,64,DOS_SYN_Hping
S1165,46458,53,udp,dns,0.000184,2,2,2,2,10866.072539,10866.072539,21732.145078,1.0,16,8,8,16,8,8,0,0,0,0,0,0,0,0,0,0,45.0,45.0,90.0,45.0,0.0,45.0,61.0,106.0,53.0,11.313708,45.0,61.0,196.0,49.0,8.0,7.867813000000001,7.867813000000001,7.867813000000001,7.867813000000001,0.0,48.160553,48.160553,48.160553,48.160553,0.0,7.867813000000001,128.030777,184.059143,61.353048,61.158122,1064875.108808,2.0,2.0,90.0,106.0,0.0,0.0,0.0,0.0,0.0,0.0,184.059143,184.059143,184.059143,184.059143,0.0,0.0,0.0,0.0,0.0,0.0,0,0,0,ARP_poisioning
S1166,47581,21,tcp,-,4e-06,1,1,1,0,246723.764706,246723.764706,493447.529412,1.0,20,20,20,20,20,20,0,1,1,0,0,1,0,0,0,0,120.0,120.0,120.0,120.0,0.0,0.0,0.0,0.0,0.0,0.0,0.0,120.0,120.0,60.0,84.852814,0.0,0.0,0.0,0.0,0.0,0.0,0.0,0.0,0.0,0.0,4.053116,4.053116,4.053116,4.053116,0.0,29606851.764706,1.0,1.0,120.0,0.0,0.0,0.0,0.0,0.0,0.0,0.0,4.053116,4.053116,4.053116,4.053116,0.0,0.0,0.0,0.0,0.0,0.0,64,0,64,DOS_SYN_Hping
S1167,10484,21,tcp,-,5e-06,1,1,1,0,199728.761905,199728.761905,399457.52381,1.0,20,20,20,20,20,20,0,1,1,0,0,1,0,0,0,0,120.0,120.0,120.0,120.0,0.0,0.0,0.0,0.0,0.0,0.0,0.0,120.0,120.0,60.0,84.852814,0.0,0.0,0.0,0.0,0.0,0.0,0.0,0.0,0.0,0.0,5.0067900000000005,5.0067900000000005,5.0067900000000005,5.0067900000000005,0.0,23967451.428571,1.0,1.0,120.0,0.0,0.0,0.0,0.0,0.0,0.0,0.0,5.0067900000000005,5.0067900000000005,5.0067900000000005,5.0067900000000005,0.0,0.0,0.0,0.0,0.0,0.0,64,0,64,DOS_SYN_Hping
S1168,39060,21,tcp,-,0.0,1,0,1,0,0.0,0.0,0.0,0.0,20,20,20,0,0,0,0,1,0,0,0,0,0,0,0,0,120.0,120.0,120.0,120.0,0.0,0.0,0.0,0.0,0.0,0.0,120.0,120.0,120.0,120.0,0.0,0.0,0.0,0.0,0.0,0.0,0.0,0.0,0.0,0.0,0.0,0.0,0.0,0.0,0.0,0.0,0.0,1.0,0.0,120.0,0.0,0.0,0.0,0.0,0.0,0.0,0.0,0.0,0.0,0.0,0.0,0.0,0.0,0.0,0.0,0.0,0.0,64,0,64,DOS_SYN_Hping
S1169,57598,53,tcp,dns,16.895915,10,8,3,3,0.591859,0.473487,1.065346,0.8,328,32,40,264,32,40,2,2,0,3,3,17,0,0,0,0,0.0,49.0,119.0,11.9,19.536007,0.0,113.0,271.0,33.875,48.342343,0.0,113.0,390.0,21.666667,35.924758000000004,46.96846,10114717.960358,16895950.078964002,1877327.786552,3811594.980854,11.920929,10115604.877472,16894065.856934,2413437.979562,4226949.337164,5.960464,10114717.960358,16895950.078964002,993879.41641,2863048.508407,23.082502,3.333333,2.666667,39.666667,90.333333,0.0,0.0,0.0,0.0,0.0,0.0,900.030136,23881.196976,25692.224503,8564.074834000001,13265.018021,6755539.894104,10114717.960358,16870257.854461998,8435128.927230999,2375297.589861,64240,65160,502,ARP_poisioning
S1170,55154,53,udp,dns,0.0002109999999999,2,2,2,2,9478.653107,9478.653107,18957.306215,1.0,16,8,8,16,8,8,0,0,0,0,0,0,0,0,0,0,50.0,50.0,100.0,50.0,0.0,88.0,216.0,304.0,152.0,90.509668,50.0,216.0,404.0,101.0,78.731612,4.053116,4.053116,4.053116,4.053116,0.0,66.995621,66.995621,66.995621,66.995621,0.0,4.053116,139.951706,211.000443,70.333481,68.010754,1914687.927684,2.0,2.0,100.0,304.0,0.0,0.0,0.0,0.0,0.0,0.0,211.000443,211.000443,211.000443,211.000443,0.0,0.0,0.0,0.0,0.0,0.0,0,0,0,ARP_poisioning
S1171,26176,21,tcp,-,4e-06,1,1,1,0,246723.764706,246723.764706,493447.529412,1.0,20,20,20,20,20,20,0,1,1,0,0,1,0,0,0,0,120.0,120.0,120.0,120.0,0.0,0.0,0.0,0.0,0.0,0.0,0.0,120.0,120.0,60.0,84.852814,0.0,0.0,0.0,0.0,0.0,0.0,0.0,0.0,0.0,0.0,4.053116,4.053116,4.053116,4.053116,0.0,29606851.764706,1.0,1.0,120.0,0.0,0.0,0.0,0.0,0.0,0.0,0.0,4.053116,4.053116,4.053116,4.053116,0.0,0.0,0.0,0.0,0.0,0.0,64,0,64,DOS_SYN_Hping
S1172,3808,21,tcp,-,5e-06,1,1,1,0,199728.761905,199728.761905,399457.52381,1.0,20,20,20,20,20,20,0,1,1,0,0,1,0,0,0,0,120.0,120.0,120.0,120.0,0.0,0.0,0.0,0.0,0.0,0.0,0.0,120.0,120.0,60.0,84.852814,0.0,0.0,0.0,0.0,0.0,0.0,0.0,0.0,0.0,0.0,5.0067900000000005,5.0067900000000005,5.0067900000000005,5.0067900000000005,0.0,23967451.428571,1.0,1.0,120.0,0.0,0.0,0.0,0.0,0.0,0.0,0.0,5.0067900000000005,5.0067900000000005,5.0067900000000005,5.0067900000000005,0.0,0.0,0.0,0.0,0.0,0.0,64,0,64,DOS_SYN_Hping
S1173,60748,443,tcp,ssl,1.240898,13,11,3,8,10.476283,8.864547,19.34083,0.8461540000000001,400,20,40,360,32,40,2,2,2,3,6,21,0,0,0,0,0.0,517.0,840.0,64.615385,149.35892900000002,0.0,1408.0,6147.0,558.818182,608.588172,0.0,1408.0,6987.0,291.125,485.741684,231.981277,241942.1673,1243282.08,103606.84,110285.8872,61.03515600000001,316229.105,1024031.162,102403.1162,133491.0723,61.03515600000001,239849.0906,1243282.08,54055.7426,92766.12528,5630.599175,13.0,11.0,840.0,6147.0,0.0,0.0,0.0,0.0,0.0,0.0,1243282.08,1243282.08,1243282.08,1243282.08,0.0,0.0,0.0,0.0,0.0,0.0,64240,26847,0,Thing_Speak
S1174,45051,137,udp,dns,0.0,1,0,1,0,0.0,0.0,0.0,0.0,8,8,8,0,0,0,0,0,0,0,0,0,0,0,0,0,50.0,50.0,50.0,50.0,0.0,0.0,0.0,0.0,0.0,0.0,50.0,50.0,50.0,50.0,0.0,0.0,0.0,0.0,0.0,0.0,0.0,0.0,0.0,0.0,0.0,0.0,0.0,0.0,0.0,0.0,0.0,1.0,0.0,50.0,0.0,0.0,0.0,0.0,0.0,0.0,0.0,0.0,0.0,0.0,0.0,0.0,0.0,0.0,0.0,0.0,0.0,0,0,0,ARP_poisioning
S1175,596,21,tcp,-,1e-06,1,1,1,0,1048576.0,1048576.0,2097152.0,1.0,20,20,20,20,20,20,0,1,1,0,0,1,0,0,0,0,120.0,120.0,120.0,120.0,0.0,0.0,0.0,0.0,0.0,0.0,0.0,120.0,120.0,60.0,84.852814,0.0,0.0,0.0,0.0,0.0,0.0,0.0,0.0,0.0,0.0,0.953674,0.953674,0.953674,0.953674,0.0,125829120.0,1.0,1.0,120.0,0.0,0.0,0.0,0.0,0.0,0.0,0.0,0.953674,0.953674,0.953674,0.953674,0.0,0.0,0.0,0.0,0.0,0.0,64,0,64,DOS_SYN_Hping
S1176,44234,21,tcp,-,4e-06,1,1,1,0,262144.0,262144.0,524288.0,1.0,20,20,20,20,20,20,0,1,1,0,0,1,0,0,0,0,120.0,120.0,120.0,120.0,0.0,0.0,0.0,0.0,0.0,0.0,0.0,120.0,120.0,60.0,84.852814,0.0,0.0,0.0,0.0,0.0,0.0,0.0,0.0,0.0,0.0,3.814697,3.814697,3.814697,3.814697,0.0,31457280.0,1.0,1.0,120.0,0.0,0.0,0.0,0.0,0.0,0.0,0.0,3.814697,3.814697,3.814697,3.814697,0.0,0.0,0.0,0.0,0.0,0.0,64,0,64,DOS_SYN_Hping
S1177,11560,21,tcp,-,4e-06,1,1,1,0,246723.764706,246723.764706,493447.529412,1.0,20,20,20,20,20,20,0,1,1,0,0,1,0,0,0,0,120.0,120.0,120.0,120.0,0.0,0.0,0.0,0.0,0.0,0.0,0.0,120.0,120.0,60.0,84.852814,0.0,0.0,0.0,0.0,0.0,0.0,0.0,0.0,0.0,0.0,4.053116,4.053116,4.053116,4.053116,0.0,29606851.764706,1.0,1.0,120.0,0.0,0.0,0.0,0.0,0.0,0.0,0.0,4.053116,4.053116,4.053116,4.053116,0.0,0.0,0.0,0.0,0.0,0.0,64,0,64,DOS_SYN_Hping
S1178,33440,443,tcp,ssl,15.599061,13,9,5,4,0.833383,0.576958,1.410341,0.692308,424,32,40,284,20,40,2,2,1,4,4,20,0,0,0,0,0.0,1408.0,3458.0,266.0,513.283547,0.0,773.0,1309.0,145.444444,259.624783,0.0,1408.0,4767.0,216.681818,424.154777,25.987625,10000451.087952,15599061.012268,1299921.751022,3085276.686554,51.021576,10184403.896332,15608777.046204,1951097.130775,3711674.332178,5.960464,10000451.087952,15784847.974776998,751659.4273699999,2359800.44062,305.595317,4.3333330000000005,3.0,1152.666667,436.333333,0.0,0.0,0.0,0.0,0.0,0.0,612139.940262,5172256.946564,5784396.886826,2892198.443413,3224489.65816,10000451.087952,10000451.087952,10000451.087952,10000451.087952,0.0,64240,65535,501,ARP_poisioning
S1179,37226,21,tcp,-,0.0,1,0,1,0,0.0,0.0,0.0,0.0,20,20,20,0,0,0,0,1,0,0,0,0,0,0,0,0,120.0,120.0,120.0,120.0,0.0,0.0,0.0,0.0,0.0,0.0,120.0,120.0,120.0,120.0,0.0,0.0,0.0,0.0,0.0,0.0,0.0,0.0,0.0,0.0,0.0,0.0,0.0,0.0,0.0,0.0,0.0,1.0,0.0,120.0,0.0,0.0,0.0,0.0,0.0,0.0,0.0,0.0,0.0,0.0,0.0,0.0,0.0,0.0,0.0,0.0,0.0,64,0,64,DOS_SYN_Hping
S1180,59247,5061,tcp,-,5e-06,1,1,0,0,199728.761905,199728.761905,399457.52381,1.0,20,20,20,20,20,20,1,0,1,1,0,1,1,0,0,0,0.0,0.0,0.0,0.0,0.0,0.0,0.0,0.0,0.0,0.0,0.0,0.0,0.0,0.0,0.0,0.0,0.0,0.0,0.0,0.0,0.0,0.0,0.0,0.0,0.0,5.0067900000000005,5.0067900000000005,5.0067900000000005,5.0067900000000005,0.0,0.0,1.0,1.0,0.0,0.0,0.0,0.0,0.0,0.0,0.0,0.0,5.0067900000000005,5.0067900000000005,5.0067900000000005,5.0067900000000005,0.0,0.0,0.0,0.0,0.0,0.0,1024,0,1024,NMAP_XMAS_TREE_SCAN
S1181,10559,21,tcp,-,6e-06,1,1,1,0,161319.38461500002,161319.38461500002,322638.769231,1.0,20,20,20,20,20,20,0,1,1,0,0,1,0,0,0,0,120.0,120.0,120.0,120.0,0.0,0.0,0.0,0.0,0.0,0.0,0.0,120.0,120.0,60.0,84.852814,0.0,0.0,0.0,0.0,0.0,0.0,0.0,0.0,0.0,0.0,6.198883,6.198883,6.198883,6.198883,0.0,19358326.153846,1.0,1.0,120.0,0.0,0.0,0.0,0.0,0.0,0.0,0.0,6.198883,6.198883,6.198883,6.198883,0.0,0.0,0.0,0.0,0.0,0.0,64,0,64,DOS_SYN_Hping
S1182,61920,21,tcp,-,0.0,1,1,1,0,0.0,0.0,0.0,1.0,20,20,20,20,20,20,0,1,1,0,0,1,0,0,0,0,120.0,120.0,120.0,120.0,0.0,0.0,0.0,0.0,0.0,0.0,0.0,120.0,120.0,60.0,84.852814,0.0,0.0,0.0,0.0,0.0,0.0,0.0,0.0,0.0,0.0,0.0,0.0,0.0,0.0,0.0,0.0,1.0,1.0,120.0,0.0,0.0,0.0,0.0,0.0,0.0,0.0,0.0,0.0,0.0,0.0,0.0,0.0,0.0,0.0,0.0,0.0,64,0,64,DOS_SYN_Hping
S1183,36556,21,tcp,-,5e-06,1,1,1,0,199728.761905,199728.761905,399457.52381,1.0,20,20,20,20,20,20,0,1,1,0,0,1,0,0,0,0,120.0,120.0,120.0,120.0,0.0,0.0,0.0,0.0,0.0,0.0,0.0,120.0,120.0,60.0,84.852814,0.0,0.0,0.0,0.0,0.0,0.0,0.0,0.0,0.0,0.0,5.0067900000000005,5.0067900000000005,5.0067900000000005,5.0067900000000005,0.0,23967451.428571,1.0,1.0,120.0,0.0,0.0,0.0,0.0,0.0,0.0,0.0,5.0067900000000005,5.0067900000000005,5.0067900000000005,5.0067900000000005,0.0,0.0,0.0,0.0,0.0,0.0,64,0,64,DOS_SYN_Hping
S1184,38190,21,tcp,-,1e-06,1,1,1,0,1048576.0,1048576.0,2097152.0,1.0,20,20,20,20,20,20,0,1,1,0,0,1,0,0,0,0,120.0,120.0,120.0,120.0,0.0,0.0,0.0,0.0,0.0,0.0,0.0,120.0,120.0,60.0,84.852814,0.0,0.0,0.0,0.0,0.0,0.0,0.0,0.0,0.0,0.0,0.953674,0.953674,0.953674,0.953674,0.0,125829120.0,1.0,1.0,120.0,0.0,0.0,0.0,0.0,0.0,0.0,0.0,0.953674,0.953674,0.953674,0.953674,0.0,0.0,0.0,0.0,0.0,0.0,64,0,64,DOS_SYN_Hping
S1185,37721,53,udp,dns,0.057776,2,2,2,2,34.616465000000005,34.616465000000005,69.23293000000001,1.0,16,8,8,16,8,8,0,0,0,0,0,0,0,0,0,0,32.0,32.0,64.0,32.0,0.0,32.0,64.0,96.0,48.0,22.627417,32.0,64.0,160.0,40.0,16.0,241.994858,241.994858,241.994858,241.994858,0.0,56538.10501,56538.10501,56538.10501,56538.10501,0.0,241.994858,56538.10501,57775.974270000006,19258.65809,32287.148460000004,2769.317212,2.0,2.0,64.0,96.0,0.0,0.0,0.0,0.0,0.0,0.0,57775.974270000006,57775.974270000006,57775.974270000006,57775.974270000006,0.0,0.0,0.0,0.0,0.0,0.0,0,0,0,Thing_Speak
S1186,21773,21,tcp,-,2e-06,1,1,1,0,466033.777778,466033.777778,932067.555556,1.0,20,20,20,20,20,20,0,1,1,0,0,1,0,0,0,0,120.0,120.0,120.0,120.0,0.0,0.0,0.0,0.0,0.0,0.0,0.0,120.0,120.0,60.0,84.852814,0.0,0.0,0.0,0.0,0.0,0.0,0.0,0.0,0.0,0.0,2.145767,2.145767,2.145767,2.145767,0.0,55924053.33333299,1.0,1.0,120.0,0.0,0.0,0.0,0.0,0.0,0.0,0.0,2.145767,2.145767,2.145767,2.145767,0.0,0.0,0.0,0.0,0.0,0.0,64,0,64,DOS_SYN_Hping
S1187,51590,80,tcp,http,0.000576,8,0,2,0,13888.423841,0.0,13888.423841,0.0,260,20,40,0,0,0,1,2,1,2,0,6,0,0,0,0,0.0,126.0,212.0,26.5,50.219518,0.0,0.0,0.0,0.0,0.0,0.0,126.0,212.0,26.5,50.219518,19.073486,366.210938,576.019287,82.28846999999999,126.914058,0.0,0.0,0.0,0.0,0.0,19.073486,366.210938,576.019287,82.28846999999999,126.914058,368043.231788,8.0,0.0,212.0,0.0,0.0,0.0,0.0,0.0,0.0,0.0,576.019287,576.019287,576.019287,576.019287,0.0,0.0,0.0,0.0,0.0,0.0,65476,0,0,NMAP_UDP_SCAN
S1188,62671,21,tcp,-,4e-06,1,1,1,0,262144.0,262144.0,524288.0,1.0,20,20,20,20,20,20,0,1,1,0,0,1,0,0,0,0,120.0,120.0,120.0,120.0,0.0,0.0,0.0,0.0,0.0,0.0,0.0,120.0,120.0,60.0,84.852814,0.0,0.0,0.0,0.0,0.0,0.0,0.0,0.0,0.0,0.0,3.814697,3.814697,3.814697,3.814697,0.0,31457280.0,1.0,1.0,120.0,0.0,0.0,0.0,0.0,0.0,0.0,0.0,3.814697,3.814697,3.814697,3.814697,0.0,0.0,0.0,0.0,0.0,0.0,64,0,64,DOS_SYN_Hping
S1189,51036,1007,tcp,-,7.000000000000001e-06,1,1,0,0,144631.172414,144631.172414,289262.344828,1.0,20,20,20,20,20,20,0,0,1,0,0,1,0,0,0,0,0.0,0.0,0.0,0.0,0.0,0.0,0.0,0.0,0.0,0.0,0.0,0.0,0.0,0.0,0.0,0.0,0.0,0.0,0.0,0.0,0.0,0.0,0.0,0.0,0.0,6.914139,6.914139,6.914139,6.914139,0.0,0.0,1.0,1.0,0.0,0.0,0.0,0.0,0.0,0.0,0.0,0.0,6.914139,6.914139,6.914139,6.914139,0.0,0.0,0.0,0.0,0.0,0.0,1024,0,1024,NMAP_OS_DETECTION
S1190,14184,21,tcp,-,1e-06,1,1,1,0,1048576.0,1048576.0,2097152.0,1.0,20,20,20,20,20,20,0,1,1,0,0,1,0,0,0,0,120.0,120.0,120.0,120.0,0.0,0.0,0.0,0.0,0.0,0.0,0.0,120.0,120.0,60.0,84.852814,0.0,0.0,0.0,0.0,0.0,0.0,0.0,0.0,0.0,0.0,0.953674,0.953674,0.953674,0.953674,0.0,125829120.0,1.0,1.0,120.0,0.0,0.0,0.0,0.0,0.0,0.0,0.0,0.953674,0.953674,0.953674,0.953674,0.0,0.0,0.0,0.0,0.0,0.0,64,0,64,DOS_SYN_Hping
S1191,58572,443,udp,-,0.168894,6,10,6,10,35.52528,59.2088,94.734079,1.666667,48,8,8,80,8,8,0,0,0,0,0,0,0,0,0,0,45.0,1357.0,2975.0,495.833333,667.220628,26.0,1200.0,6085.0,608.5,550.649364,26.0,1357.0,9060.0,566.25,577.49176,15.020370000000002,62029.838562,122525.930405,24505.186081,29098.606667,1.907349,56473.016739,119539.97612,13282.219569,22407.664281,1.907349,49353.837967,168893.81408699998,11259.587606,19271.737895,53643.172481,6.0,10.0,2975.0,6085.0,0.0,0.0,0.0,0.0,0.0,0.0,168893.81408699998,168893.81408699998,168893.81408699998,168893.81408699998,0.0,0.0,0.0,0.0,0.0,0.0,0,0,0,ARP_poisioning
S1192,24270,21,tcp,-,1e-06,1,1,1,0,1048576.0,1048576.0,2097152.0,1.0,20,20,20,20,20,20,0,1,1,0,0,1,0,0,0,0,120.0,120.0,120.0,120.0,0.0,0.0,0.0,0.0,0.0,0.0,0.0,120.0,120.0,60.0,84.852814,0.0,0.0,0.0,0.0,0.0,0.0,0.0,0.0,0.0,0.0,0.953674,0.953674,0.953674,0.953674,0.0,125829120.0,1.0,1.0,120.0,0.0,0.0,0.0,0.0,0.0,0.0,0.0,0.953674,0.953674,0.953674,0.953674,0.0,0.0,0.0,0.0,0.0,0.0,64,0,64,DOS_SYN_Hping
S1193,6508,21,tcp,-,4e-06,1,1,1,0,246723.764706,246723.764706,493447.529412,1.0,20,20,20,20,20,20,0,1,1,0,0,1,0,0,0,0,120.0,120.0,120.0,120.0,0.0,0.0,0.0,0.0,0.0,0.0,0.0,120.0,120.0,60.0,84.852814,0.0,0.0,0.0,0.0,0.0,0.0,0.0,0.0,0.0,0.0,4.053116,4.053116,4.053116,4.053116,0.0,29606851.764706,1.0,1.0,120.0,0.0,0.0,0.0,0.0,0.0,0.0,0.0,4.053116,4.053116,4.053116,4.053116,0.0,0.0,0.0,0.0,0.0,0.0,64,0,64,DOS_SYN_Hping
S1194,42478,21,tcp,-,4e-06,1,1,1,0,262144.0,262144.0,524288.0,1.0,20,20,20,20,20,20,0,1,1,0,0,1,0,0,0,0,120.0,120.0,120.0,120.0,0.0,0.0,0.0,0.0,0.0,0.0,0.0,120.0,120.0,60.0,84.852814,0.0,0.0,0.0,0.0,0.0,0.0,0.0,0.0,0.0,0.0,3.814697,3.814697,3.814697,3.814697,0.0,31457280.0,1.0,1.0,120.0,0.0,0.0,0.0,0.0,0.0,0.0,0.0,3.814697,3.814697,3.814697,3.814697,0.0,0.0,0.0,0.0,0.0,0.0,64,0,64,DOS_SYN_Hping
S1195,56703,1883,tcp,mqtt,91.14672,9,5,3,3,0.098742,0.054857,0.153599,0.555556,296,32,40,168,32,40,0,2,1,3,3,13,0,0,0,0,0.0,33.0,76.0,8.444444,13.115935999999998,0.0,23.0,32.0,6.4,9.555103,0.0,33.0,108.0,7.714286,11.618477,247.001648,88819789.886475,91146719.932556,11393339.99157,31287281.264347,76.055527,1480296.134949,2052196.025848,513049.006462,658776.647601,76.055527,88819789.886475,91146719.932556,7011286.148658,24582621.930907,1.184903,3.0,1.666667,25.333333,10.666667,0.0,0.0,0.0,0.0,0.0,0.0,2326930.046082,2326930.046082,2326930.046082,2326930.046082,0.0,88819789.886475,88819789.886475,88819789.886475,88819789.886475,0.0,64240,26847,502,MQTT_Publish
S1196,60701,21,tcp,-,4e-06,1,1,1,0,246723.764706,246723.764706,493447.529412,1.0,20,20,20,20,20,20,0,1,1,0,0,1,0,0,0,0,120.0,120.0,120.0,120.0,0.0,0.0,0.0,0.0,0.0,0.0,0.0,120.0,120.0,60.0,84.852814,0.0,0.0,0.0,0.0,0.0,0.0,0.0,0.0,0.0,0.0,4.053116,4.053116,4.053116,4.053116,0.0,29606851.764706,1.0,1.0,120.0,0.0,0.0,0.0,0.0,0.0,0.0,0.0,4.053116,4.053116,4.053116,4.053116,0.0,0.0,0.0,0.0,0.0,0.0,64,0,64,DOS_SYN_Hping
S1197,36242,1066,tcp,-,8e-06,1,1,0,0,123361.882353,123361.882353,246723.764706,1.0,20,20,20,20,20,20,1,0,1,1,0,1,1,0,0,0,0.0,0.0,0.0,0.0,0.0,0.0,0.0,0.0,0.0,0.0,0.0,0.0,0.0,0.0,0.0,0.0,0.0,0.0,0.0,0.0,0.0,0.0,0.0,0.0,0.0,8.106232,8.106232,8.106232,8.106232,0.0,0.0,1.0,1.0,0.0,0.0,0.0,0.0,0.0,0.0,0.0,0.0,8.106232,8.106232,8.106232,8.106232,0.0,0.0,0.0,0.0,0.0,0.0,1024,0,1024,NMAP_XMAS_TREE_SCAN
S1198,24405,21,tcp,-,4e-06,1,1,1,0,246723.764706,246723.764706,493447.529412,1.0,20,20,20,20,20,20,0,1,1,0,0,1,0,0,0,0,120.0,120.0,120.0,120.0,0.0,0.0,0.0,0.0,0.0,0.0,0.0,120.0,120.0,60.0,84.852814,0.0,0.0,0.0,0.0,0.0,0.0,0.0,0.0,0.0,0.0,4.053116,4.053116,4.053116,4.053116,0.0,29606851.764706,1.0,1.0,120.0,0.0,0.0,0.0,0.0,0.0,0.0,0.0,4.053116,4.053116,4.053116,4.053116,0.0,0.0,0.0,0.0,0.0,0.0,64,0,64,DOS_SYN_Hping
S1199,32610,21,tcp,-,4e-06,1,1,1,0,246723.764706,246723.764706,493447.529412,1.0,20,20,20,20,20,20,0,1,1,0,0,1,0,0,0,0,120.0,120.0,120.0,120.0,0.0,0.0,0.0,0.0,0.0,0.0,0.0,120.0,120.0,60.0,84.852814,0.0,0.0,0.0,0.0,0.0,0.0,0.0,0.0,0.0,0.0,4.053116,4.053116,4.053116,4.053116,0.0,29606851.764706,1.0,1.0,120.0,0.0,0.0,0.0,0.0,0.0,0.0,0.0,4.053116,4.053116,4.053116,4.053116,0.0,0.0,0.0,0.0,0.0,0.0,64,0,64,DOS_SYN_Hping
S1200,37477,21,tcp,-,1e-06,1,1,1,0,1048576.0,1048576.0,2097152.0,1.0,20,20,20,20,20,20,0,1,1,0,0,1,0,0,0,0,120.0,120.0,120.0,120.0,0.0,0.0,0.0,0.0,0.0,0.0,0.0,120.0,120.0,60.0,84.852814,0.0,0.0,0.0,0.0,0.0,0.0,0.0,0.0,0.0,0.0,0.953674,0.953674,0.953674,0.953674,0.0,125829120.0,1.0,1.0,120.0,0.0,0.0,0.0,0.0,0.0,0.0,0.0,0.953674,0.953674,0.953674,0.953674,0.0,0.0,0.0,0.0,0.0,0.0,64,0,64,DOS_SYN_Hping
S1201,45954,21,tcp,-,2e-06,1,1,1,0,524288.0,524288.0,1048576.0,1.0,20,20,20,20,20,20,0,1,1,0,0,1,0,0,0,0,120.0,120.0,120.0,120.0,0.0,0.0,0.0,0.0,0.0,0.0,0.0,120.0,120.0,60.0,84.852814,0.0,0.0,0.0,0.0,0.0,0.0,0.0,0.0,0.0,0.0,1.907349,1.907349,1.907349,1.907349,0.0,62914560.0,1.0,1.0,120.0,0.0,0.0,0.0,0.0,0.0,0.0,0.0,1.907349,1.907349,1.907349,1.907349,0.0,0.0,0.0,0.0,0.0,0.0,64,0,64,DOS_SYN_Hping
S1202,64178,944,udp,-,0.0,1,0,0,0,0.0,0.0,0.0,0.0,8,8,8,0,0,0,0,0,0,0,0,0,0,0,0,0,0.0,0.0,0.0,0.0,0.0,0.0,0.0,0.0,0.0,0.0,0.0,0.0,0.0,0.0,0.0,0.0,0.0,0.0,0.0,0.0,0.0,0.0,0.0,0.0,0.0,0.0,0.0,0.0,0.0,0.0,0.0,1.0,0.0,0.0,0.0,0.0,0.0,0.0,0.0,0.0,0.0,0.0,0.0,0.0,0.0,0.0,0.0,0.0,0.0,0.0,0.0,0,0,0,NMAP_UDP_SCAN
S1203,45039,21,tcp,-,4e-06,1,1,1,0,246723.764706,246723.764706,493447.529412,1.0,20,20,20,20,20,20,0,1,1,0,0,1,0,0,0,0,120.0,120.0,120.0,120.0,0.0,0.0,0.0,0.0,0.0,0.0,0.0,120.0,120.0,60.0,84.852814,0.0,0.0,0.0,0.0,0.0,0.0,0.0,0.0,0.0,0.0,4.053116,4.053116,4.053116,4.053116,0.0,29606851.764706,1.0,1.0,120.0,0.0,0.0,0.0,0.0,0.0,0.0,0.0,4.053116,4.053116,4.053116,4.053116,0.0,0.0,0.0,0.0,0.0,0.0,64,0,64,DOS_SYN_Hping
S1204,39829,21,tcp,-,1e-06,1,1,1,0,1048576.0,1048576.0,2097152.0,1.0,20,20,20,20,20,20,0,1,1,0,0,1,0,0,0,0,120.0,120.0,120.0,120.0,0.0,0.0,0.0,0.0,0.0,0.0,0.0,120.0,120.0,60.0,84.852814,0.0,0.0,0.0,0.0,0.0,0.0,0.0,0.0,0.0,0.0,0.953674,0.953674,0.953674,0.953674,0.0,125829120.0,1.0,1.0,120.0,0.0,0.0,0.0,0.0,0.0,0.0,0.0,0.953674,0.953674,0.953674,0.953674,0.0,0.0,0.0,0.0,0.0,0.0,64,0,64,DOS_SYN_Hping
S1205,17445,21,tcp,-,0.0,1,0,1,0,0.0,0.0,0.0,0.0,20,20,20,0,0,0,0,1,0,0,0,0,0,0,0,0,120.0,120.0,120.0,120.0,0.0,0.0,0.0,0.0,0.0,0.0,120.0,120.0,120.0,120.0,0.0,0.0,0.0,0.0,0.0,0.0,0.0,0.0,0.0,0.0,0.0,0.0,0.0,0.0,0.0,0.0,0.0,1.0,0.0,120.0,0.0,0.0,0.0,0.0,0.0,0.0,0.0,0.0,0.0,0.0,0.0,0.0,0.0,0.0,0.0,0.0,0.0,64,0,64,DOS_SYN_Hping
S1206,19290,21,tcp,-,4e-06,1,1,1,0,246723.764706,246723.764706,493447.529412,1.0,20,20,20,20,20,20,0,1,1,0,0,1,0,0,0,0,120.0,120.0,120.0,120.0,0.0,0.0,0.0,0.0,0.0,0.0,0.0,120.0,120.0,60.0,84.852814,0.0,0.0,0.0,0.0,0.0,0.0,0.0,0.0,0.0,0.0,4.053116,4.053116,4.053116,4.053116,0.0,29606851.764706,1.0,1.0,120.0,0.0,0.0,0.0,0.0,0.0,0.0,0.0,4.053116,4.053116,4.053116,4.053116,0.0,0.0,0.0,0.0,0.0,0.0,64,0,64,DOS_SYN_Hping
S1207,29672,21,tcp,-,1e-06,1,1,1,0,1048576.0,1048576.0,2097152.0,1.0,20,20,20,20,20,20,0,1,1,0,0,1,0,0,0,0,120.0,120.0,120.0,120.0,0.0,0.0,0.0,0.0,0.0,0.0,0.0,120.0,120.0,60.0,84.852814,0.0,0.0,0.0,0.0,0.0,0.0,0.0,0.0,0.0,0.0,0.953674,0.953674,0.953674,0.953674,0.0,125829120.0,1.0,1.0,120.0,0.0,0.0,0.0,0.0,0.0,0.0,0.0,0.953674,0.953674,0.953674,0.953674,0.0,0.0,0.0,0.0,0.0,0.0,64,0,64,DOS_SYN_Hping
S1208,8407,21,tcp,-,4e-06,1,1,1,0,246723.764706,246723.764706,493447.529412,1.0,20,20,20,20,20,20,0,1,1,0,0,1,0,0,0,0,120.0,120.0,120.0,120.0,0.0,0.0,0.0,0.0,0.0,0.0,0.0,120.0,120.0,60.0,84.852814,0.0,0.0,0.0,0.0,0.0,0.0,0.0,0.0,0.0,0.0,4.053116,4.053116,4.053116,4.053116,0.0,29606851.764706,1.0,1.0,120.0,0.0,0.0,0.0,0.0,0.0,0.0,0.0,4.053116,4.053116,4.053116,4.053116,0.0,0.0,0.0,0.0,0.0,0.0,64,0,64,DOS_SYN_Hping
S1209,12487,21,tcp,-,0.0,1,0,1,0,0.0,0.0,0.0,0.0,20,20,20,0,0,0,0,1,0,0,0,0,0,0,0,0,120.0,120.0,120.0,120.0,0.0,0.0,0.0,0.0,0.0,0.0,120.0,120.0,120.0,120.0,0.0,0.0,0.0,0.0,0.0,0.0,0.0,0.0,0.0,0.0,0.0,0.0,0.0,0.0,0.0,0.0,0.0,1.0,0.0,120.0,0.0,0.0,0.0,0.0,0.0,0.0,0.0,0.0,0.0,0.0,0.0,0.0,0.0,0.0,0.0,0.0,0.0,64,0,64,DOS_SYN_Hping
S1210,37464,21,tcp,-,4e-06,1,1,1,0,262144.0,262144.0,524288.0,1.0,20,20,20,20,20,20,0,1,1,0,0,1,0,0,0,0,120.0,120.0,120.0,120.0,0.0,0.0,0.0,0.0,0.0,0.0,0.0,120.0,120.0,60.0,84.852814,0.0,0.0,0.0,0.0,0.0,0.0,0.0,0.0,0.0,0.0,3.814697,3.814697,3.814697,3.814697,0.0,31457280.0,1.0,1.0,120.0,0.0,0.0,0.0,0.0,0.0,0.0,0.0,3.814697,3.814697,3.814697,3.814697,0.0,0.0,0.0,0.0,0.0,0.0,64,0,64,DOS_SYN_Hping
S1211,19969,21,tcp,-,0.0,1,0,1,0,0.0,0.0,0.0,0.0,20,20,20,0,0,0,0,1,0,0,0,0,0,0,0,0,120.0,120.0,120.0,120.0,0.0,0.0,0.0,0.0,0.0,0.0,120.0,120.0,120.0,120.0,0.0,0.0,0.0,0.0,0.0,0.0,0.0,0.0,0.0,0.0,0.0,0.0,0.0,0.0,0.0,0.0,0.0,1.0,0.0,120.0,0.0,0.0,0.0,0.0,0.0,0.0,0.0,0.0,0.0,0.0,0.0,0.0,0.0,0.0,0.0,0.0,0.0,64,0,64,DOS_SYN_Hping
S1212,52319,21,tcp,-,4e-06,1,1,1,0,246723.764706,246723.764706,493447.529412,1.0,20,20,20,20,20,20,0,1,1,0,0,1,0,0,0,0,120.0,120.0,120.0,120.0,0.0,0.0,0.0,0.0,0.0,0.0,0.0,120.0,120.0,60.0,84.852814,0.0,0.0,0.0,0.0,0.0,0.0,0.0,0.0,0.0,0.0,4.053116,4.053116,4.053116,4.053116,0.0,29606851.764706,1.0,1.0,120.0,0.0,0.0,0.0,0.0,0.0,0.0,0.0,4.053116,4.053116,4.053116,4.053116,0.0,0.0,0.0,0.0,0.0,0.0,64,0,64,DOS_SYN_Hping
S1213,63001,21,tcp,-,4e-06,1,1,1,0,262144.0,262144.0,524288.0,1.0,20,20,20,20,20,20,0,1,1,0,0,1,0,0,0,0,120.0,120.0,120.0,120.0,0.0,0.0,0.0,0.0,0.0,0.0,0.0,120.0,120.0,60.0,84.852814,0.0,0.0,0.0,0.0,0.0,0.0,0.0,0.0,0.0,0.0,3.814697,3.814697,3.814697,3.814697,0.0,31457280.0,1.0,1.0,120.0,0.0,0.0,0.0,0.0,0.0,0.0,0.0,3.814697,3.814697,3.814697,3.814697,0.0,0.0,0.0,0.0,0.0,0.0,64,0,64,DOS_SYN_Hping
S1214,32857,53,udp,dns,0.047452,2,2,2,2,42.147879,42.147879,84.295757,1.0,16,8,8,16,8,8,0,0,0,0,0,0,0,0,0,0,36.0,36.0,72.0,36.0,0.0,36.0,68.0,104.0,52.0,22.627417,36.0,68.0,176.0,44.0,16.0,47207.83234,47207.83234,47207.83234,47207.83234,0.0,2207.994461,2207.994461,2207.994461,2207.994461,0.0,244.140625,45243.9785,47451.97296,15817.32432,25498.73204,3709.013325,2.0,2.0,72.0,104.0,0.0,0.0,0.0,0.0,0.0,0.0,47451.97296,47451.97296,47451.97296,47451.97296,0.0,0.0,0.0,0.0,0.0,0.0,0,0,0,Thing_Speak
S1215,51036,42510,tcp,-,6e-06,1,1,0,0,167772.16,167772.16,335544.32,1.0,20,20,20,20,20,20,0,0,1,0,0,1,0,0,0,0,0.0,0.0,0.0,0.0,0.0,0.0,0.0,0.0,0.0,0.0,0.0,0.0,0.0,0.0,0.0,0.0,0.0,0.0,0.0,0.0,0.0,0.0,0.0,0.0,0.0,5.960464,5.960464,5.960464,5.960464,0.0,0.0,1.0,1.0,0.0,0.0,0.0,0.0,0.0,0.0,0.0,0.0,5.960464,5.960464,5.960464,5.960464,0.0,0.0,0.0,0.0,0.0,0.0,1024,0,1024,NMAP_OS_DETECTION
S1216,21342,21,tcp,-,4e-06,1,1,1,0,262144.0,262144.0,524288.0,1.0,20,20,20,20,20,20,0,1,1,0,0,1,0,0,0,0,120.0,120.0,120.0,120.0,0.0,0.0,0.0,0.0,0.0,0.0,0.0,120.0,120.0,60.0,84.852814,0.0,0.0,0.0,0.0,0.0,0.0,0.0,0.0,0.0,0.0,3.814697,3.814697,3.814697,3.814697,0.0,31457280.0,1.0,1.0,120.0,0.0,0.0,0.0,0.0,0.0,0.0,0.0,3.814697,3.814697,3.814697,3.814697,0.0,0.0,0.0,0.0,0.0,0.0,64,0,64,DOS_SYN_Hping
S1217,59247,10000,tcp,-,8e-06,1,1,0,0,127100.12121199998,127100.12121199998,254200.242424,1.0,20,20,20,20,20,20,1,0,1,1,0,1,1,0,0,0,0.0,0.0,0.0,0.0,0.0,0.0,0.0,0.0,0.0,0.0,0.0,0.0,0.0,0.0,0.0,0.0,0.0,0.0,0.0,0.0,0.0,0.0,0.0,0.0,0.0,7.867813000000001,7.867813000000001,7.867813000000001,7.867813000000001,0.0,0.0,1.0,1.0,0.0,0.0,0.0,0.0,0.0,0.0,0.0,0.0,7.867813000000001,7.867813000000001,7.867813000000001,7.867813000000001,0.0,0.0,0.0,0.0,0.0,0.0,1024,0,1024,NMAP_XMAS_TREE_SCAN
S1218,45703,1883,tcp,mqtt,43.959162,9,5,3,3,0.204735,0.113742,0.318477,0.555556,296,32,40,168,32,40,0,2,1,3,3,13,0,0,0,0,0.0,33.0,76.0,8.444444,13.115935999999998,0.0,23.0,32.0,6.4,9.555103,0.0,33.0,108.0,7.714286,11.618477,241.994858,41859767.198563,43959161.996841,5494895.249605,14701126.48468,4047.15538,1600492.00058,1940408.945084,485102.236271,747603.3330560002,241.994858,41859767.198563,43959161.996841,3381473.999757,11567782.07058,2.456826,3.0,1.666667,25.333333,10.666667,0.0,0.0,0.0,0.0,0.0,0.0,2099394.798279,2099394.798279,2099394.798279,2099394.798279,0.0,41859767.198563,41859767.198563,41859767.198563,41859767.198563,0.0,64240,26847,502,MQTT_Publish
S1219,63,21,tcp,-,5e-06,1,1,1,0,199728.761905,199728.761905,399457.52381,1.0,20,20,20,20,20,20,0,1,1,0,0,1,0,0,0,0,120.0,120.0,120.0,120.0,0.0,0.0,0.0,0.0,0.0,0.0,0.0,120.0,120.0,60.0,84.852814,0.0,0.0,0.0,0.0,0.0,0.0,0.0,0.0,0.0,0.0,5.0067900000000005,5.0067900000000005,5.0067900000000005,5.0067900000000005,0.0,23967451.428571,1.0,1.0,120.0,0.0,0.0,0.0,0.0,0.0,0.0,0.0,5.0067900000000005,5.0067900000000005,5.0067900000000005,5.0067900000000005,0.0,0.0,0.0,0.0,0.0,0.0,64,0,64,DOS_SYN_Hping
S1220,59247,19315,tcp,-,1e-06,1,1,0,0,1048576.0,1048576.0,2097152.0,1.0,20,20,20,20,20,20,1,0,1,1,0,1,1,0,0,0,0.0,0.0,0.0,0.0,0.0,0.0,0.0,0.0,0.0,0.0,0.0,0.0,0.0,0.0,0.0,0.0,0.0,0.0,0.0,0.0,0.0,0.0,0.0,0.0,0.0,0.953674,0.953674,0.953674,0.953674,0.0,0.0,1.0,1.0,0.0,0.0,0.0,0.0,0.0,0.0,0.0,0.0,0.953674,0.953674,0.953674,0.953674,0.0,0.0,0.0,0.0,0.0,0.0,1024,0,1024,NMAP_XMAS_TREE_SCAN
S1221,23904,21,tcp,-,1e-06,1,1,1,0,1048576.0,1048576.0,2097152.0,1.0,20,20,20,20,20,20,0,1,1,0,0,1,0,0,0,0,120.0,120.0,120.0,120.0,0.0,0.0,0.0,0.0,0.0,0.0,0.0,120.0,120.0,60.0,84.852814,0.0,0.0,0.0,0.0,0.0,0.0,0.0,0.0,0.0,0.0,0.953674,0.953674,0.953674,0.953674,0.0,125829120.0,1.0,1.0,120.0,0.0,0.0,0.0,0.0,0.0,0.0,0.0,0.953674,0.953674,0.953674,0.953674,0.0,0.0,0.0,0.0,0.0,0.0,64,0,64,DOS_SYN_Hping
S1222,38302,21,tcp,-,1e-06,1,1,1,0,1048576.0,1048576.0,2097152.0,1.0,20,20,20,20,20,20,0,1,1,0,0,1,0,0,0,0,120.0,120.0,120.0,120.0,0.0,0.0,0.0,0.0,0.0,0.0,0.0,120.0,120.0,60.0,84.852814,0.0,0.0,0.0,0.0,0.0,0.0,0.0,0.0,0.0,0.0,0.953674,0.953674,0.953674,0.953674,0.0,125829120.0,1.0,1.0,120.0,0.0,0.0,0.0,0.0,0.0,0.0,0.0,0.953674,0.953674,0.953674,0.953674,0.0,0.0,0.0,0.0,0.0,0.0,64,0,64,DOS_SYN_Hping
S1223,2694,21,tcp,-,4e-06,1,1,1,0,262144.0,262144.0,524288.0,1.0,20,20,20,20,20,20,0,1,1,0,0,1,0,0,0,0,120.0,120.0,120.0,120.0,0.0,0.0,0.0,0.0,0.0,0.0,0.0,120.0,120.0,60.0,84.852814,0.0,0.0,0.0,0.0,0.0,0.0,0.0,0.0,0.0,0.0,3.814697,3.814697,3.814697,3.814697,0.0,31457280.0,1.0,1.0,120.0,0.0,0.0,0.0,0.0,0.0,0.0,0.0,3.814697,3.814697,3.814697,3.814697,0.0,0.0,0.0,0.0,0.0,0.0,64,0,64,DOS_SYN_Hping
S1224,3953,21,tcp,-,4e-06,1,1,1,0,246723.764706,246723.764706,493447.529412,1.0,20,20,20,20,20,20,0,1,1,0,0,1,0,0,0,0,120.0,120.0,120.0,120.0,0.0,0.0,0.0,0.0,0.0,0.0,0.0,120.0,120.0,60.0,84.852814,0.0,0.0,0.0,0.0,0.0,0.0,0.0,0.0,0.0,0.0,4.053116,4.053116,4.053116,4.053116,0.0,29606851.764706,1.0,1.0,120.0,0.0,0.0,0.0,0.0,0.0,0.0,0.0,4.053116,4.053116,4.053116,4.053116,0.0,0.0,0.0,0.0,0.0,0.0,64,0,64,DOS_SYN_Hping
S1225,9933,21,tcp,-,2e-06,1,1,1,0,466033.777778,466033.777778,932067.555556,1.0,20,20,20,20,20,20,0,1,1,0,0,1,0,0,0,0,120.0,120.0,120.0,120.0,0.0,0.0,0.0,0.0,0.0,0.0,0.0,120.0,120.0,60.0,84.852814,0.0,0.0,0.0,0.0,0.0,0.0,0.0,0.0,0.0,0.0,2.145767,2.145767,2.145767,2.145767,0.0,55924053.33333299,1.0,1.0,120.0,0.0,0.0,0.0,0.0,0.0,0.0,0.0,2.145767,2.145767,2.145767,2.145767,0.0,0.0,0.0,0.0,0.0,0.0,64,0,64,DOS_SYN_Hping
S1226,57033,21,tcp,-,1e-06,1,1,1,0,838860.8,838860.8,1677721.6,1.0,20,20,20,20,20,20,0,1,1,0,0,1,0,0,0,0,120.0,120.0,120.0,120.0,0.0,0.0,0.0,0.0,0.0,0.0,0.0,120.0,120.0,60.0,84.852814,0.0,0.0,0.0,0.0,0.0,0.0,0.0,0.0,0.0,0.0,1.192093,1.192093,1.192093,1.192093,0.0,100663296.0,1.0,1.0,120.0,0.0,0.0,0.0,0.0,0.0,0.0,0.0,1.192093,1.192093,1.192093,1.192093,0.0,0.0,0.0,0.0,0.0,0.0,64,0,64,DOS_SYN_Hping
S1227,8049,21,tcp,-,4e-06,1,1,1,0,262144.0,262144.0,524288.0,1.0,20,20,20,20,20,20,0,1,1,0,0,1,0,0,0,0,120.0,120.0,120.0,120.0,0.0,0.0,0.0,0.0,0.0,0.0,0.0,120.0,120.0,60.0,84.852814,0.0,0.0,0.0,0.0,0.0,0.0,0.0,0.0,0.0,0.0,3.814697,3.814697,3.814697,3.814697,0.0,31457280.0,1.0,1.0,120.0,0.0,0.0,0.0,0.0,0.0,0.0,0.0,3.814697,3.814697,3.814697,3.814697,0.0,0.0,0.0,0.0,0.0,0.0,64,0,64,DOS_SYN_Hping
S1228,14514,21,tcp,-,4e-06,1,1,1,0,246723.764706,246723.764706,493447.529412,1.0,20,20,20,20,20,20,0,1,1,0,0,1,0,0,0,0,120.0,120.0,120.0,120.0,0.0,0.0,0.0,0.0,0.0,0.0,0.0,120.0,120.0,60.0,84.852814,0.0,0.0,0.0,0.0,0.0,0.0,0.0,0.0,0.0,0.0,4.053116,4.053116,4.053116,4.053116,0.0,29606851.764706,1.0,1.0,120.0,0.0,0.0,0.0,0.0,0.0,0.0,0.0,4.053116,4.053116,4.053116,4.053116,0.0,0.0,0.0,0.0,0.0,0.0,64,0,64,DOS_SYN_Hping
S1229,41700,21,tcp,-,4e-06,1,1,1,0,246723.764706,246723.764706,493447.529412,1.0,20,20,20,20,20,20,0,1,1,0,0,1,0,0,0,0,120.0,120.0,120.0,120.0,0.0,0.0,0.0,0.0,0.0,0.0,0.0,120.0,120.0,60.0,84.852814,0.0,0.0,0.0,0.0,0.0,0.0,0.0,0.0,0.0,0.0,4.053116,4.053116,4.053116,4.053116,0.0,29606851.764706,1.0,1.0,120.0,0.0,0.0,0.0,0.0,0.0,0.0,0.0,4.053116,4.053116,4.053116,4.053116,0.0,0.0,0.0,0.0,0.0,0.0,64,0,64,DOS_SYN_Hping
S1230,2758,21,tcp,-,1e-06,1,1,1,0,1048576.0,1048576.0,2097152.0,1.0,20,20,20,20,20,20,0,1,1,0,0,1,0,0,0,0,120.0,120.0,120.0,120.0,0.0,0.0,0.0,0.0,0.0,0.0,0.0,120.0,120.0,60.0,84.852814,0.0,0.0,0.0,0.0,0.0,0.0,0.0,0.0,0.0,0.0,0.953674,0.953674,0.953674,0.953674,0.0,125829120.0,1.0,1.0,120.0,0.0,0.0,0.0,0.0,0.0,0.0,0.0,0.953674,0.953674,0.953674,0.953674,0.0,0.0,0.0,0.0,0.0,0.0,64,0,64,DOS_SYN_Hping
S1231,36874,53,udp,dns,0.03207,2,2,2,2,62.36373199999999,62.36373199999999,124.727465,1.0,16,8,8,16,8,8,0,0,0,0,0,0,0,0,0,0,36.0,36.0,72.0,36.0,0.0,36.0,68.0,104.0,52.0,22.627417,36.0,68.0,176.0,44.0,16.0,251.054764,251.054764,251.054764,251.054764,0.0,30838.96637,30838.96637,30838.96637,30838.96637,0.0,251.054764,30838.96637,32069.92149,10689.97383,17453.34436,5488.008445,2.0,2.0,72.0,104.0,0.0,0.0,0.0,0.0,0.0,0.0,32069.92149,32069.92149,32069.92149,32069.92149,0.0,0.0,0.0,0.0,0.0,0.0,0,0,0,Thing_Speak
S1232,64178,17091,udp,-,0.0,1,0,0,0,0.0,0.0,0.0,0.0,8,8,8,0,0,0,0,0,0,0,0,0,0,0,0,0,0.0,0.0,0.0,0.0,0.0,0.0,0.0,0.0,0.0,0.0,0.0,0.0,0.0,0.0,0.0,0.0,0.0,0.0,0.0,0.0,0.0,0.0,0.0,0.0,0.0,0.0,0.0,0.0,0.0,0.0,0.0,1.0,0.0,0.0,0.0,0.0,0.0,0.0,0.0,0.0,0.0,0.0,0.0,0.0,0.0,0.0,0.0,0.0,0.0,0.0,0.0,0,0,0,NMAP_UDP_SCAN
S1233,51474,80,tcp,http,0.000504,8,0,2,0,15872.48439,0.0,15872.48439,0.0,260,20,40,0,0,0,1,2,1,2,0,6,0,0,0,0,0.0,126.0,212.0,26.5,50.219518,0.0,0.0,0.0,0.0,0.0,0.0,126.0,212.0,26.5,50.219518,20.027161,315.904617,504.016876,72.002411,108.42708,0.0,0.0,0.0,0.0,0.0,20.027161,315.904617,504.016876,72.002411,108.42708,420620.836329,8.0,0.0,212.0,0.0,0.0,0.0,0.0,0.0,0.0,0.0,504.016876,504.016876,504.016876,504.016876,0.0,0.0,0.0,0.0,0.0,0.0,65476,0,0,DDOS_Slowloris
S1234,36242,1034,tcp,-,7.000000000000001e-06,1,1,0,0,139810.133333,139810.133333,279620.266667,1.0,20,20,20,20,20,20,1,0,1,1,0,1,1,0,0,0,0.0,0.0,0.0,0.0,0.0,0.0,0.0,0.0,0.0,0.0,0.0,0.0,0.0,0.0,0.0,0.0,0.0,0.0,0.0,0.0,0.0,0.0,0.0,0.0,0.0,7.152557000000001,7.152557000000001,7.152557000000001,7.152557000000001,0.0,0.0,1.0,1.0,0.0,0.0,0.0,0.0,0.0,0.0,0.0,0.0,7.152557000000001,7.152557000000001,7.152557000000001,7.152557000000001,0.0,0.0,0.0,0.0,0.0,0.0,1024,0,1024,NMAP_XMAS_TREE_SCAN
S1235,60016,21,tcp,-,2e-06,1,1,1,0,466033.777778,466033.777778,932067.555556,1.0,20,20,20,20,20,20,0,1,1,0,0,1,0,0,0,0,120.0,120.0,120.0,120.0,0.0,0.0,0.0,0.0,0.0,0.0,0.0,120.0,120.0,60.0,84.852814,0.0,0.0,0.0,0.0,0.0,0.0,0.0,0.0,0.0,0.0,2.145767,2.145767,2.145767,2.145767,0.0,55924053.33333299,1.0,1.0,120.0,0.0,0.0,0.0,0.0,0.0,0.0,0.0,2.145767,2.145767,2.145767,2.145767,0.0,0.0,0.0,0.0,0.0,0.0,64,0,64,DOS_SYN_Hping
S1236,4144,21,tcp,-,3e-06,1,1,1,0,322638.769231,322638.769231,645277.538462,1.0,20,20,20,20,20,20,0,1,1,0,0,1,0,0,0,0,120.0,120.0,120.0,120.0,0.0,0.0,0.0,0.0,0.0,0.0,0.0,120.0,120.0,60.0,84.852814,0.0,0.0,0.0,0.0,0.0,0.0,0.0,0.0,0.0,0.0,3.099442,3.099442,3.099442,3.099442,0.0,38716652.307692,1.0,1.0,120.0,0.0,0.0,0.0,0.0,0.0,0.0,0.0,3.099442,3.099442,3.099442,3.099442,0.0,0.0,0.0,0.0,0.0,0.0,64,0,64,DOS_SYN_Hping
S1237,36242,1106,tcp,-,7.000000000000001e-06,1,1,0,0,144631.172414,144631.172414,289262.344828,1.0,20,20,20,20,20,20,1,0,1,1,0,1,1,0,0,0,0.0,0.0,0.0,0.0,0.0,0.0,0.0,0.0,0.0,0.0,0.0,0.0,0.0,0.0,0.0,0.0,0.0,0.0,0.0,0.0,0.0,0.0,0.0,0.0,0.0,6.914139,6.914139,6.914139,6.914139,0.0,0.0,1.0,1.0,0.0,0.0,0.0,0.0,0.0,0.0,0.0,0.0,6.914139,6.914139,6.914139,6.914139,0.0,0.0,0.0,0.0,0.0,0.0,1024,0,1024,NMAP_XMAS_TREE_SCAN
S1238,40866,53,udp,dns,0.000354,2,2,2,2,5648.894276,5648.894276,11297.788552,1.0,16,8,8,16,8,8,0,0,0,0,0,0,0,0,0,0,45.0,45.0,90.0,45.0,0.0,127.0,151.0,278.0,139.0,16.970563000000002,45.0,151.0,368.0,92.0,55.148285,9.059906,9.059906,9.059906,9.059906,0.0,94.890594,94.890594,94.890594,94.890594,0.0,9.059906,250.101089,354.05159,118.017197,122.17341299999998,1039396.546801,2.0,2.0,90.0,278.0,0.0,0.0,0.0,0.0,0.0,0.0,354.05159,354.05159,354.05159,354.05159,0.0,0.0,0.0,0.0,0.0,0.0,0,0,0,ARP_poisioning
S1239,37402,21,tcp,-,1e-06,1,1,1,0,1048576.0,1048576.0,2097152.0,1.0,20,20,20,20,20,20,0,1,1,0,0,1,0,0,0,0,120.0,120.0,120.0,120.0,0.0,0.0,0.0,0.0,0.0,0.0,0.0,120.0,120.0,60.0,84.852814,0.0,0.0,0.0,0.0,0.0,0.0,0.0,0.0,0.0,0.0,0.953674,0.953674,0.953674,0.953674,0.0,125829120.0,1.0,1.0,120.0,0.0,0.0,0.0,0.0,0.0,0.0,0.0,0.953674,0.953674,0.953674,0.953674,0.0,0.0,0.0,0.0,0.0,0.0,64,0,64,DOS_SYN_Hping
S1240,9854,21,tcp,-,5e-06,1,1,1,0,199728.761905,199728.761905,399457.52381,1.0,20,20,20,20,20,20,0,1,1,0,0,1,0,0,0,0,120.0,120.0,120.0,120.0,0.0,0.0,0.0,0.0,0.0,0.0,0.0,120.0,120.0,60.0,84.852814,0.0,0.0,0.0,0.0,0.0,0.0,0.0,0.0,0.0,0.0,5.0067900000000005,5.0067900000000005,5.0067900000000005,5.0067900000000005,0.0,23967451.428571,1.0,1.0,120.0,0.0,0.0,0.0,0.0,0.0,0.0,0.0,5.0067900000000005,5.0067900000000005,5.0067900000000005,5.0067900000000005,0.0,0.0,0.0,0.0,0.0,0.0,64,0,64,DOS_SYN_Hping
S1241,47931,21,tcp,-,0.0,1,0,1,0,0.0,0.0,0.0,0.0,20,20,20,0,0,0,0,1,0,0,0,0,0,0,0,0,120.0,120.0,120.0,120.0,0.0,0.0,0.0,0.0,0.0,0.0,120.0,120.0,120.0,120.0,0.0,0.0,0.0,0.0,0.0,0.0,0.0,0.0,0.0,0.0,0.0,0.0,0.0,0.0,0.0,0.0,0.0,1.0,0.0,120.0,0.0,0.0,0.0,0.0,0.0,0.0,0.0,0.0,0.0,0.0,0.0,0.0,0.0,0.0,0.0,0.0,0.0,64,0,64,DOS_SYN_Hping
S1242,6821,21,tcp,-,0.0,1,0,1,0,0.0,0.0,0.0,0.0,20,20,20,0,0,0,0,1,0,0,0,0,0,0,0,0,120.0,120.0,120.0,120.0,0.0,0.0,0.0,0.0,0.0,0.0,120.0,120.0,120.0,120.0,0.0,0.0,0.0,0.0,0.0,0.0,0.0,0.0,0.0,0.0,0.0,0.0,0.0,0.0,0.0,0.0,0.0,1.0,0.0,120.0,0.0,0.0,0.0,0.0,0.0,0.0,0.0,0.0,0.0,0.0,0.0,0.0,0.0,0.0,0.0,0.0,0.0,64,0,64,DOS_SYN_Hping
S1243,39575,21,tcp,-,1e-06,1,1,1,0,838860.8,838860.8,1677721.6,1.0,20,20,20,20,20,20,0,1,1,0,0,1,0,0,0,0,120.0,120.0,120.0,120.0,0.0,0.0,0.0,0.0,0.0,0.0,0.0,120.0,120.0,60.0,84.852814,0.0,0.0,0.0,0.0,0.0,0.0,0.0,0.0,0.0,0.0,1.192093,1.192093,1.192093,1.192093,0.0,100663296.0,1.0,1.0,120.0,0.0,0.0,0.0,0.0,0.0,0.0,0.0,1.192093,1.192093,1.192093,1.192093,0.0,0.0,0.0,0.0,0.0,0.0,64,0,64,DOS_SYN_Hping
S1244,58047,21,tcp,-,1e-06,1,1,1,0,1048576.0,1048576.0,2097152.0,1.0,20,20,20,20,20,20,0,1,1,0,0,1,0,0,0,0,120.0,120.0,120.0,120.0,0.0,0.0,0.0,0.0,0.0,0.0,0.0,120.0,120.0,60.0,84.852814,0.0,0.0,0.0,0.0,0.0,0.0,0.0,0.0,0.0,0.0,0.953674,0.953674,0.953674,0.953674,0.0,125829120.0,1.0,1.0,120.0,0.0,0.0,0.0,0.0,0.0,0.0,0.0,0.953674,0.953674,0.953674,0.953674,0.0,0.0,0.0,0.0,0.0,0.0,64,0,64,DOS_SYN_Hping
S1245,20750,21,tcp,-,5e-06,1,1,1,0,199728.761905,199728.761905,399457.52381,1.0,20,20,20,20,20,20,0,1,1,0,0,1,0,0,0,0,120.0,120.0,120.0,120.0,0.0,0.0,0.0,0.0,0.0,0.0,0.0,120.0,120.0,60.0,84.852814,0.0,0.0,0.0,0.0,0.0,0.0,0.0,0.0,0.0,0.0,5.0067900000000005,5.0067900000000005,5.0067900000000005,5.0067900000000005,0.0,23967451.428571,1.0,1.0,120.0,0.0,0.0,0.0,0.0,0.0,0.0,0.0,5.0067900000000005,5.0067900000000005,5.0067900000000005,5.0067900000000005,0.0,0.0,0.0,0.0,0.0,0.0,64,0,64,DOS_SYN_Hping
S1246,34174,53,udp,dns,0.000166,1,1,1,1,6017.652798,6017.652798,12035.305595,1.0,8,8,8,8,8,8,0,0,0,0,0,0,0,0,0,0,56.0,56.0,56.0,56.0,0.0,72.0,72.0,72.0,72.0,0.0,56.0,72.0,128.0,64.0,11.313708,0.0,0.0,0.0,0.0,0.0,0.0,0.0,0.0,0.0,0.0,166.17775,166.17775,166.17775,166.17775,0.0,770259.5581060001,1.0,1.0,56.0,72.0,0.0,0.0,0.0,0.0,0.0,0.0,166.17775,166.17775,166.17775,166.17775,0.0,0.0,0.0,0.0,0.0,0.0,0,0,0,ARP_poisioning
S1247,42317,21,tcp,-,3e-06,1,1,1,0,322638.769231,322638.769231,645277.538462,1.0,20,20,20,20,20,20,0,1,1,0,0,1,0,0,0,0,120.0,120.0,120.0,120.0,0.0,0.0,0.0,0.0,0.0,0.0,0.0,120.0,120.0,60.0,84.852814,0.0,0.0,0.0,0.0,0.0,0.0,0.0,0.0,0.0,0.0,3.099442,3.099442,3.099442,3.099442,0.0,38716652.307692,1.0,1.0,120.0,0.0,0.0,0.0,0.0,0.0,0.0,0.0,3.099442,3.099442,3.099442,3.099442,0.0,0.0,0.0,0.0,0.0,0.0,64,0,64,DOS_SYN_Hping
S1248,19973,21,tcp,-,4e-06,1,1,1,0,246723.764706,246723.764706,493447.529412,1.0,20,20,20,20,20,20,0,1,1,0,0,1,0,0,0,0,120.0,120.0,120.0,120.0,0.0,0.0,0.0,0.0,0.0,0.0,0.0,120.0,120.0,60.0,84.852814,0.0,0.0,0.0,0.0,0.0,0.0,0.0,0.0,0.0,0.0,4.053116,4.053116,4.053116,4.053116,0.0,29606851.764706,1.0,1.0,120.0,0.0,0.0,0.0,0.0,0.0,0.0,0.0,4.053116,4.053116,4.053116,4.053116,0.0,0.0,0.0,0.0,0.0,0.0,64,0,64,DOS_SYN_Hping
S1249,52921,21,tcp,-,5e-06,1,1,1,0,199728.761905,199728.761905,399457.52381,1.0,20,20,20,20,20,20,0,1,1,0,0,1,0,0,0,0,120.0,120.0,120.0,120.0,0.0,0.0,0.0,0.0,0.0,0.0,0.0,120.0,120.0,60.0,84.852814,0.0,0.0,0.0,0.0,0.0,0.0,0.0,0.0,0.0,0.0,5.0067900000000005,5.0067900000000005,5.0067900000000005,5.0067900000000005,0.0,23967451.428571,1.0,1.0,120.0,0.0,0.0,0.0,0.0,0.0,0.0,0.0,5.0067900000000005,5.0067900000000005,5.0067900000000005,5.0067900000000005,0.0,0.0,0.0,0.0,0.0,0.0,64,0,64,DOS_SYN_Hping
S1250,14345,21,tcp,-,4e-06,1,1,1,0,246723.764706,246723.764706,493447.529412,1.0,20,20,20,20,20,20,0,1,1,0,0,1,0,0,0,0,120.0,120.0,120.0,120.0,0.0,0.0,0.0,0.0,0.0,0.0,0.0,120.0,120.0,60.0,84.852814,0.0,0.0,0.0,0.0,0.0,0.0,0.0,0.0,0.0,0.0,4.053116,4.053116,4.053116,4.053116,0.0,29606851.764706,1.0,1.0,120.0,0.0,0.0,0.0,0.0,0.0,0.0,0.0,4.053116,4.053116,4.053116,4.053116,0.0,0.0,0.0,0.0,0.0,0.0,64,0,64,DOS_SYN_Hping
S1251,5929,21,tcp,-,5e-06,1,1,1,0,199728.761905,199728.761905,399457.52381,1.0,20,20,20,20,20,20,0,1,1,0,0,1,0,0,0,0,120.0,120.0,120.0,120.0,0.0,0.0,0.0,0.0,0.0,0.0,0.0,120.0,120.0,60.0,84.852814,0.0,0.0,0.0,0.0,0.0,0.0,0.0,0.0,0.0,0.0,5.0067900000000005,5.0067900000000005,5.0067900000000005,5.0067900000000005,0.0,23967451.428571,1.0,1.0,120.0,0.0,0.0,0.0,0.0,0.0,0.0,0.0,5.0067900000000005,5.0067900000000005,5.0067900000000005,5.0067900000000005,0.0,0.0,0.0,0.0,0.0,0.0,64,0,64,DOS_SYN_Hping
S1252,65160,21,tcp,-,4e-06,1,1,1,0,246723.764706,246723.764706,493447.529412,1.0,20,20,20,20,20,20,0,1,1,0,0,1,0,0,0,0,120.0,120.0,120.0,120.0,0.0,0.0,0.0,0.0,0.0,0.0,0.0,120.0,120.0,60.0,84.852814,0.0,0.0,0.0,0.0,0.0,0.0,0.0,0.0,0.0,0.0,4.053116,4.053116,4.053116,4.053116,0.0,29606851.764706,1.0,1.0,120.0,0.0,0.0,0.0,0.0,0.0,0.0,0.0,4.053116,4.053116,4.053116,4.053116,0.0,0.0,0.0,0.0,0.0,0.0,64,0,64,DOS_SYN_Hping
S1253,54586,5353,udp,dns,0.0,1,0,1,0,0.0,0.0,0.0,0.0,8,8,8,0,0,0,0,0,0,0,0,0,0,0,0,0,39.0,39.0,39.0,39.0,0.0,0.0,0.0,0.0,0.0,0.0,39.0,39.0,39.0,39.0,0.0,0.0,0.0,0.0,0.0,0.0,0.0,0.0,0.0,0.0,0.0,0.0,0.0,0.0,0.0,0.0,0.0,1.0,0.0,39.0,0.0,0.0,0.0,0.0,0.0,0.0,0.0,0.0,0.0,0.0,0.0,0.0,0.0,0.0,0.0,0.0,0.0,0,0,0,ARP_poisioning
S1254,46600,389,tcp,-,7.000000000000001e-06,1,1,0,0,144631.172414,144631.172414,289262.344828,1.0,20,20,20,20,20,20,0,0,1,0,0,1,0,0,0,0,0.0,0.0,0.0,0.0,0.0,0.0,0.0,0.0,0.0,0.0,0.0,0.0,0.0,0.0,0.0,0.0,0.0,0.0,0.0,0.0,0.0,0.0,0.0,0.0,0.0,6.914139,6.914139,6.914139,6.914139,0.0,0.0,1.0,1.0,0.0,0.0,0.0,0.0,0.0,0.0,0.0,0.0,6.914139,6.914139,6.914139,6.914139,0.0,0.0,0.0,0.0,0.0,0.0,1024,0,1024,NMAP_OS_DETECTION
S1255,64177,41896,udp,-,0.0,1,0,1,0,0.0,0.0,0.0,0.0,8,8,8,0,0,0,0,0,0,0,0,0,0,0,0,0,40.0,40.0,40.0,40.0,0.0,0.0,0.0,0.0,0.0,0.0,40.0,40.0,40.0,40.0,0.0,0.0,0.0,0.0,0.0,0.0,0.0,0.0,0.0,0.0,0.0,0.0,0.0,0.0,0.0,0.0,0.0,1.0,0.0,40.0,0.0,0.0,0.0,0.0,0.0,0.0,0.0,0.0,0.0,0.0,0.0,0.0,0.0,0.0,0.0,0.0,0.0,0,0,0,NMAP_UDP_SCAN
S1256,20785,21,tcp,-,4e-06,1,1,1,0,246723.764706,246723.764706,493447.529412,1.0,20,20,20,20,20,20,0,1,1,0,0,1,0,0,0,0,120.0,120.0,120.0,120.0,0.0,0.0,0.0,0.0,0.0,0.0,0.0,120.0,120.0,60.0,84.852814,0.0,0.0,0.0,0.0,0.0,0.0,0.0,0.0,0.0,0.0,4.053116,4.053116,4.053116,4.053116,0.0,29606851.764706,1.0,1.0,120.0,0.0,0.0,0.0,0.0,0.0,0.0,0.0,4.053116,4.053116,4.053116,4.053116,0.0,0.0,0.0,0.0,0.0,0.0,64,0,64,DOS_SYN_Hping
S1257,57753,53,udp,dns,0.193123,2,2,2,2,10.356089,10.356089,20.712178,1.0,16,8,8,16,8,8,0,0,0,0,0,0,0,0,0,0,49.0,49.0,98.0,49.0,0.0,161.0,177.0,338.0,169.0,11.313708,49.0,177.0,436.0,109.0,69.589271,12.159348,12.159348,12.159348,12.159348,0.0,103415.966034,103415.966034,103415.966034,103415.966034,0.0,12.159348,103415.966034,193123.102188,64374.367396,56159.921252,2257.627363,2.0,2.0,98.0,338.0,0.0,0.0,0.0,0.0,0.0,0.0,193123.102188,193123.102188,193123.102188,193123.102188,0.0,0.0,0.0,0.0,0.0,0.0,0,0,0,ARP_poisioning
S1258,13088,21,tcp,-,1e-06,1,1,1,0,1048576.0,1048576.0,2097152.0,1.0,20,20,20,20,20,20,0,1,1,0,0,1,0,0,0,0,120.0,120.0,120.0,120.0,0.0,0.0,0.0,0.0,0.0,0.0,0.0,120.0,120.0,60.0,84.852814,0.0,0.0,0.0,0.0,0.0,0.0,0.0,0.0,0.0,0.0,0.953674,0.953674,0.953674,0.953674,0.0,125829120.0,1.0,1.0,120.0,0.0,0.0,0.0,0.0,0.0,0.0,0.0,0.953674,0.953674,0.953674,0.953674,0.0,0.0,0.0,0.0,0.0,0.0,64,0,64,DOS_SYN_Hping
S1259,1985,21,tcp,-,1e-06,1,1,1,0,1048576.0,1048576.0,2097152.0,1.0,20,20,20,20,20,20,0,1,1,0,0,1,0,0,0,0,120.0,120.0,120.0,120.0,0.0,0.0,0.0,0.0,0.0,0.0,0.0,120.0,120.0,60.0,84.852814,0.0,0.0,0.0,0.0,0.0,0.0,0.0,0.0,0.0,0.0,0.953674,0.953674,0.953674,0.953674,0.0,125829120.0,1.0,1.0,120.0,0.0,0.0,0.0,0.0,0.0,0.0,0.0,0.953674,0.953674,0.953674,0.953674,0.0,0.0,0.0,0.0,0.0,0.0,64,0,64,DOS_SYN_Hping
S1260,5403,21,tcp,-,0.0,1,0,1,0,0.0,0.0,0.0,0.0,20,20,20,0,0,0,0,1,0,0,0,0,0,0,0,0,120.0,120.0,120.0,120.0,0.0,0.0,0.0,0.0,0.0,0.0,120.0,120.0,120.0,120.0,0.0,0.0,0.0,0.0,0.0,0.0,0.0,0.0,0.0,0.0,0.0,0.0,0.0,0.0,0.0,0.0,0.0,1.0,0.0,120.0,0.0,0.0,0.0,0.0,0.0,0.0,0.0,0.0,0.0,0.0,0.0,0.0,0.0,0.0,0.0,0.0,0.0,64,0,64,DOS_SYN_Hping
S1261,4731,21,tcp,-,4e-06,1,1,1,0,246723.764706,246723.764706,493447.529412,1.0,20,20,20,20,20,20,0,1,1,0,0,1,0,0,0,0,120.0,120.0,120.0,120.0,0.0,0.0,0.0,0.0,0.0,0.0,0.0,120.0,120.0,60.0,84.852814,0.0,0.0,0.0,0.0,0.0,0.0,0.0,0.0,0.0,0.0,4.053116,4.053116,4.053116,4.053116,0.0,29606851.764706,1.0,1.0,120.0,0.0,0.0,0.0,0.0,0.0,0.0,0.0,4.053116,4.053116,4.053116,4.053116,0.0,0.0,0.0,0.0,0.0,0.0,64,0,64,DOS_SYN_Hping
S1262,57685,21,tcp,-,1e-06,1,1,1,0,1048576.0,1048576.0,2097152.0,1.0,20,20,20,20,20,20,0,1,1,0,0,1,0,0,0,0,120.0,120.0,120.0,120.0,0.0,0.0,0.0,0.0,0.0,0.0,0.0,120.0,120.0,60.0,84.852814,0.0,0.0,0.0,0.0,0.0,0.0,0.0,0.0,0.0,0.0,0.953674,0.953674,0.953674,0.953674,0.0,125829120.0,1.0,1.0,120.0,0.0,0.0,0.0,0.0,0.0,0.0,0.0,0.953674,0.953674,0.953674,0.953674,0.0,0.0,0.0,0.0,0.0,0.0,64,0,64,DOS_SYN_Hping
S1263,46600,49157,tcp,-,8e-06,1,1,0,0,123361.882353,123361.882353,246723.764706,1.0,20,20,20,20,20,20,0,0,1,0,0,1,0,0,0,0,0.0,0.0,0.0,0.0,0.0,0.0,0.0,0.0,0.0,0.0,0.0,0.0,0.0,0.0,0.0,0.0,0.0,0.0,0.0,0.0,0.0,0.0,0.0,0.0,0.0,8.106232,8.106232,8.106232,8.106232,0.0,0.0,1.0,1.0,0.0,0.0,0.0,0.0,0.0,0.0,0.0,0.0,8.106232,8.106232,8.106232,8.106232,0.0,0.0,0.0,0.0,0.0,0.0,1024,0,1024,NMAP_OS_DETECTION
S1264,7018,21,tcp,-,5e-06,1,1,1,0,199728.761905,199728.761905,399457.52381,1.0,20,20,20,20,20,20,0,1,1,0,0,1,0,0,0,0,120.0,120.0,120.0,120.0,0.0,0.0,0.0,0.0,0.0,0.0,0.0,120.0,120.0,60.0,84.852814,0.0,0.0,0.0,0.0,0.0,0.0,0.0,0.0,0.0,0.0,5.0067900000000005,5.0067900000000005,5.0067900000000005,5.0067900000000005,0.0,23967451.428571,1.0,1.0,120.0,0.0,0.0,0.0,0.0,0.0,0.0,0.0,5.0067900000000005,5.0067900000000005,5.0067900000000005,5.0067900000000005,0.0,0.0,0.0,0.0,0.0,0.0,64,0,64,DOS_SYN_Hping
S1265,54026,21,tcp,-,1e-06,1,1,1,0,838860.8,838860.8,1677721.6,1.0,20,20,20,20,20,20,0,1,1,0,0,1,0,0,0,0,120.0,120.0,120.0,120.0,0.0,0.0,0.0,0.0,0.0,0.0,0.0,120.0,120.0,60.0,84.852814,0.0,0.0,0.0,0.0,0.0,0.0,0.0,0.0,0.0,0.0,1.192093,1.192093,1.192093,1.192093,0.0,100663296.0,1.0,1.0,120.0,0.0,0.0,0.0,0.0,0.0,0.0,0.0,1.192093,1.192093,1.192093,1.192093,0.0,0.0,0.0,0.0,0.0,0.0,64,0,64,DOS_SYN_Hping
S1266,10116,21,tcp,-,5e-06,1,1,1,0,199728.761905,199728.761905,399457.52381,1.0,20,20,20,20,20,20,0,1,1,0,0,1,0,0,0,0,120.0,120.0,120.0,120.0,0.0,0.0,0.0,0.0,0.0,0.0,0.0,120.0,120.0,60.0,84.852814,0.0,0.0,0.0,0.0,0.0,0.0,0.0,0.0,0.0,0.0,5.0067900000000005,5.0067900000000005,5.0067900000000005,5.0067900000000005,0.0,23967451.428571,1.0,1.0,120.0,0.0,0.0,0.0,0.0,0.0,0.0,0.0,5.0067900000000005,5.0067900000000005,5.0067900000000005,5.0067900000000005,0.0,0.0,0.0,0.0,0.0,0.0,64,0,64,DOS_SYN_Hping
S1267,42612,21,tcp,-,5e-06,1,1,1,0,199728.761905,199728.761905,399457.52381,1.0,20,20,20,20,20,20,0,1,1,0,0,1,0,0,0,0,120.0,120.0,120.0,120.0,0.0,0.0,0.0,0.0,0.0,0.0,0.0,120.0,120.0,60.0,84.852814,0.0,0.0,0.0,0.0,0.0,0.0,0.0,0.0,0.0,0.0,5.0067900000000005,5.0067900000000005,5.0067900000000005,5.0067900000000005,0.0,23967451.428571,1.0,1.0,120.0,0.0,0.0,0.0,0.0,0.0,0.0,0.0,5.0067900000000005,5.0067900000000005,5.0067900000000005,5.0067900000000005,0.0,0.0,0.0,0.0,0.0,0.0,64,0,64,DOS_SYN_Hping
S1268,56863,21,tcp,-,5e-06,1,1,1,0,199728.761905,199728.761905,399457.52381,1.0,20,20,20,20,20,20,0,1,1,0,0,1,0,0,0,0,120.0,120.0,120.0,120.0,0.0,0.0,0.0,0.0,0.0,0.0,0.0,120.0,120.0,60.0,84.852814,0.0,0.0,0.0,0.0,0.0,0.0,0.0,0.0,0.0,0.0,5.0067900000000005,5.0067900000000005,5.0067900000000005,5.0067900000000005,0.0,23967451.428571,1.0,1.0,120.0,0.0,0.0,0.0,0.0,0.0,0.0,0.0,5.0067900000000005,5.0067900000000005,5.0067900000000005,5.0067900000000005,0.0,0.0,0.0,0.0,0.0,0.0,64,0,64,DOS_SYN_Hping
S1269,1651,21,tcp,-,1e-06,1,1,1,0,1048576.0,1048576.0,2097152.0,1.0,20,20,20,20,20,20,0,1,1,0,0,1,0,0,0,0,120.0,120.0,120.0,120.0,0.0,0.0,0.0,0.0,0.0,0.0,0.0,120.0,120.0,60.0,84.852814,0.0,0.0,0.0,0.0,0.0,0.0,0.0,0.0,0.0,0.0,0.953674,0.953674,0.953674,0.953674,0.0,125829120.0,1.0,1.0,120.0,0.0,0.0,0.0,0.0,0.0,0.0,0.0,0.953674,0.953674,0.953674,0.953674,0.0,0.0,0.0,0.0,0.0,0.0,64,0,64,DOS_SYN_Hping
S1270,19536,21,tcp,-,4e-06,1,1,1,0,246723.764706,246723.764706,493447.529412,1.0,20,20,20,20,20,20,0,1,1,0,0,1,0,0,0,0,120.0,120.0,120.0,120.0,0.0,0.0,0.0,0.0,0.0,0.0,0.0,120.0,120.0,60.0,84.852814,0.0,0.0,0.0,0.0,0.0,0.0,0.0,0.0,0.0,0.0,4.053116,4.053116,4.053116,4.053116,0.0,29606851.764706,1.0,1.0,120.0,0.0,0.0,0.0,0.0,0.0,0.0,0.0,4.053116,4.053116,4.053116,4.053116,0.0,0.0,0.0,0.0,0.0,0.0,64,0,64,DOS_SYN_Hping
S1271,56444,21,tcp,-,4e-06,1,1,1,0,246723.764706,246723.764706,493447.529412,1.0,20,20,20,20,20,20,0,1,1,0,0,1,0,0,0,0,120.0,120.0,120.0,120.0,0.0,0.0,0.0,0.0,0.0,0.0,0.0,120.0,120.0,60.0,84.852814,0.0,0.0,0.0,0.0,0.0,0.0,0.0,0.0,0.0,0.0,4.053116,4.053116,4.053116,4.053116,0.0,29606851.764706,1.0,1.0,120.0,0.0,0.0,0.0,0.0,0.0,0.0,0.0,4.053116,4.053116,4.053116,4.053116,0.0,0.0,0.0,0.0,0.0,0.0,64,0,64,DOS_SYN_Hping
S1272,3362,21,tcp,-,1e-06,1,1,1,0,1048576.0,1048576.0,2097152.0,1.0,20,20,20,20,20,20,0,1,1,0,0,1,0,0,0,0,120.0,120.0,120.0,120.0,0.0,0.0,0.0,0.0,0.0,0.0,0.0,120.0,120.0,60.0,84.852814,0.0,0.0,0.0,0.0,0.0,0.0,0.0,0.0,0.0,0.0,0.953674,0.953674,0.953674,0.953674,0.0,125829120.0,1.0,1.0,120.0,0.0,0.0,0.0,0.0,0.0,0.0,0.0,0.953674,0.953674,0.953674,0.953674,0.0,0.0,0.0,0.0,0.0,0.0,64,0,64,DOS_SYN_Hping
S1273,44730,21,tcp,-,5e-06,1,1,1,0,199728.761905,199728.761905,399457.52381,1.0,20,20,20,20,20,20,0,1,1,0,0,1,0,0,0,0,120.0,120.0,120.0,120.0,0.0,0.0,0.0,0.0,0.0,0.0,0.0,120.0,120.0,60.0,84.852814,0.0,0.0,0.0,0.0,0.0,0.0,0.0,0.0,0.0,0.0,5.0067900000000005,5.0067900000000005,5.0067900000000005,5.0067900000000005,0.0,23967451.428571,1.0,1.0,120.0,0.0,0.0,0.0,0.0,0.0,0.0,0.0,5.0067900000000005,5.0067900000000005,5.0067900000000005,5.0067900000000005,0.0,0.0,0.0,0.0,0.0,0.0,64,0,64,DOS_SYN_Hping
S1274,38231,1883,tcp,mqtt,62.024296,10,6,3,4,0.161227,0.096736,0.257963,0.6,328,32,40,200,32,40,0,2,1,3,4,15,0,0,0,0,0.0,33.0,78.0,7.8,12.934021,0.0,23.0,36.0,6.0,8.602325,0.0,33.0,114.0,7.125,11.218289,235.080719,59892593.86062601,62024296.045303,6891588.449478,19880451.709686,66.995621,1607962.1315,1959813.117981,391962.623596,685416.7205899999,66.995621,59892593.86062601,62024296.045303,4134953.069687001,15429179.807974,1.837989,3.333333,2.0,26.0,12.0,0.0,0.0,0.0,0.0,0.0,0.0,2131702.184677,2131702.184677,2131702.184677,2131702.184677,0.0,59892593.86062601,59892593.86062601,59892593.86062601,59892593.86062601,0.0,64240,26847,502,MQTT_Publish
S1275,52914,21,tcp,-,4e-06,1,1,1,0,246723.764706,246723.764706,493447.529412,1.0,20,20,20,20,20,20,0,1,1,0,0,1,0,0,0,0,120.0,120.0,120.0,120.0,0.0,0.0,0.0,0.0,0.0,0.0,0.0,120.0,120.0,60.0,84.852814,0.0,0.0,0.0,0.0,0.0,0.0,0.0,0.0,0.0,0.0,4.053116,4.053116,4.053116,4.053116,0.0,29606851.764706,1.0,1.0,120.0,0.0,0.0,0.0,0.0,0.0,0.0,0.0,4.053116,4.053116,4.053116,4.053116,0.0,0.0,0.0,0.0,0.0,0.0,64,0,64,DOS_SYN_Hping
S1276,24226,21,tcp,-,1e-06,1,1,1,0,1048576.0,1048576.0,2097152.0,1.0,20,20,20,20,20,20,0,1,1,0,0,1,0,0,0,0,120.0,120.0,120.0,120.0,0.0,0.0,0.0,0.0,0.0,0.0,0.0,120.0,120.0,60.0,84.852814,0.0,0.0,0.0,0.0,0.0,0.0,0.0,0.0,0.0,0.0,0.953674,0.953674,0.953674,0.953674,0.0,125829120.0,1.0,1.0,120.0,0.0,0.0,0.0,0.0,0.0,0.0,0.0,0.953674,0.953674,0.953674,0.953674,0.0,0.0,0.0,0.0,0.0,0.0,64,0,64,DOS_SYN_Hping
S1277,3375,21,tcp,-,4e-06,1,1,1,0,246723.764706,246723.764706,493447.529412,1.0,20,20,20,20,20,20,0,1,1,0,0,1,0,0,0,0,120.0,120.0,120.0,120.0,0.0,0.0,0.0,0.0,0.0,0.0,0.0,120.0,120.0,60.0,84.852814,0.0,0.0,0.0,0.0,0.0,0.0,0.0,0.0,0.0,0.0,4.053116,4.053116,4.053116,4.053116,0.0,29606851.764706,1.0,1.0,120.0,0.0,0.0,0.0,0.0,0.0,0.0,0.0,4.053116,4.053116,4.053116,4.053116,0.0,0.0,0.0,0.0,0.0,0.0,64,0,64,DOS_SYN_Hping
S1278,58164,21,tcp,-,1e-06,1,1,1,0,1048576.0,1048576.0,2097152.0,1.0,20,20,20,20,20,20,0,1,1,0,0,1,0,0,0,0,120.0,120.0,120.0,120.0,0.0,0.0,0.0,0.0,0.0,0.0,0.0,120.0,120.0,60.0,84.852814,0.0,0.0,0.0,0.0,0.0,0.0,0.0,0.0,0.0,0.0,0.953674,0.953674,0.953674,0.953674,0.0,125829120.0,1.0,1.0,120.0,0.0,0.0,0.0,0.0,0.0,0.0,0.0,0.953674,0.953674,0.953674,0.953674,0.0,0.0,0.0,0.0,0.0,0.0,64,0,64,DOS_SYN_Hping
S1279,2645,21,tcp,-,4e-06,1,1,1,0,246723.764706,246723.764706,493447.529412,1.0,20,20,20,20,20,20,0,1,1,0,0,1,0,0,0,0,120.0,120.0,120.0,120.0,0.0,0.0,0.0,0.0,0.0,0.0,0.0,120.0,120.0,60.0,84.852814,0.0,0.0,0.0,0.0,0.0,0.0,0.0,0.0,0.0,0.0,4.053116,4.053116,4.053116,4.053116,0.0,29606851.764706,1.0,1.0,120.0,0.0,0.0,0.0,0.0,0.0,0.0,0.0,4.053116,4.053116,4.053116,4.053116,0.0,0.0,0.0,0.0,0.0,0.0,64,0,64,DOS_SYN_Hping
S1280,62044,21,tcp,-,1e-06,1,1,1,0,1048576.0,1048576.0,2097152.0,1.0,20,20,20,20,20,20,0,1,1,0,0,1,0,0,0,0,120.0,120.0,120.0,120.0,0.0,0.0,0.0,0.0,0.0,0.0,0.0,120.0,120.0,60.0,84.852814,0.0,0.0,0.0,0.0,0.0,0.0,0.0,0.0,0.0,0.0,0.953674,0.953674,0.953674,0.953674,0.0,125829120.0,1.0,1.0,120.0,0.0,0.0,0.0,0.0,0.0,0.0,0.0,0.953674,0.953674,0.953674,0.953674,0.0,0.0,0.0,0.0,0.0,0.0,64,0,64,DOS_SYN_Hping
S1281,4401,21,tcp,-,0.0,1,0,1,0,0.0,0.0,0.0,0.0,20,20,20,0,0,0,0,1,0,0,0,0,0,0,0,0,120.0,120.0,120.0,120.0,0.0,0.0,0.0,0.0,0.0,0.0,120.0,120.0,120.0,120.0,0.0,0.0,0.0,0.0,0.0,0.0,0.0,0.0,0.0,0.0,0.0,0.0,0.0,0.0,0.0,0.0,0.0,1.0,0.0,120.0,0.0,0.0,0.0,0.0,0.0,0.0,0.0,0.0,0.0,0.0,0.0,0.0,0.0,0.0,0.0,0.0,0.0,64,0,64,DOS_SYN_Hping
S1282,24341,21,tcp,-,1e-06,1,1,1,0,1048576.0,1048576.0,2097152.0,1.0,20,20,20,20,20,20,0,1,1,0,0,1,0,0,0,0,120.0,120.0,120.0,120.0,0.0,0.0,0.0,0.0,0.0,0.0,0.0,120.0,120.0,60.0,84.852814,0.0,0.0,0.0,0.0,0.0,0.0,0.0,0.0,0.0,0.0,0.953674,0.953674,0.953674,0.953674,0.0,125829120.0,1.0,1.0,120.0,0.0,0.0,0.0,0.0,0.0,0.0,0.0,0.953674,0.953674,0.953674,0.953674,0.0,0.0,0.0,0.0,0.0,0.0,64,0,64,DOS_SYN_Hping
S1283,39486,443,tcp,ssl,0.378252,13,12,4,8,34.368619,31.724879,66.093499,0.923077,412,20,40,392,32,40,1,2,1,4,5,23,0,0,0,0,0.0,517.0,868.0,66.769231,148.269548,0.0,1408.0,4516.0,376.333333,623.4887669999999,0.0,1408.0,5384.0,215.36,462.687159,4.053116,101176.023483,378252.029419,31521.002452,34708.099947,27.894974,168456.077576,319774.150848,29070.37735,54958.652987,0.953674,62208.890915,378252.029419,15760.501225999998,24726.247132,14233.895872,13.0,12.0,868.0,4516.0,0.0,0.0,0.0,0.0,0.0,0.0,378252.029419,378252.029419,378252.029419,378252.029419,0.0,0.0,0.0,0.0,0.0,0.0,64240,14200,0,ARP_poisioning
S1284,7641,21,tcp,-,4e-06,1,1,1,0,246723.764706,246723.764706,493447.529412,1.0,20,20,20,20,20,20,0,1,1,0,0,1,0,0,0,0,120.0,120.0,120.0,120.0,0.0,0.0,0.0,0.0,0.0,0.0,0.0,120.0,120.0,60.0,84.852814,0.0,0.0,0.0,0.0,0.0,0.0,0.0,0.0,0.0,0.0,4.053116,4.053116,4.053116,4.053116,0.0,29606851.764706,1.0,1.0,120.0,0.0,0.0,0.0,0.0,0.0,0.0,0.0,4.053116,4.053116,4.053116,4.053116,0.0,0.0,0.0,0.0,0.0,0.0,64,0,64,DOS_SYN_Hping
S1285,13494,21,tcp,-,1e-06,1,1,1,0,1048576.0,1048576.0,2097152.0,1.0,20,20,20,20,20,20,0,1,1,0,0,1,0,0,0,0,120.0,120.0,120.0,120.0,0.0,0.0,0.0,0.0,0.0,0.0,0.0,120.0,120.0,60.0,84.852814,0.0,0.0,0.0,0.0,0.0,0.0,0.0,0.0,0.0,0.0,0.953674,0.953674,0.953674,0.953674,0.0,125829120.0,1.0,1.0,120.0,0.0,0.0,0.0,0.0,0.0,0.0,0.0,0.953674,0.953674,0.953674,0.953674,0.0,0.0,0.0,0.0,0.0,0.0,64,0,64,DOS_SYN_Hping
S1286,57526,21,tcp,-,1e-06,1,1,1,0,838860.8,838860.8,1677721.6,1.0,20,20,20,20,20,20,0,1,1,0,0,1,0,0,0,0,120.0,120.0,120.0,120.0,0.0,0.0,0.0,0.0,0.0,0.0,0.0,120.0,120.0,60.0,84.852814,0.0,0.0,0.0,0.0,0.0,0.0,0.0,0.0,0.0,0.0,1.192093,1.192093,1.192093,1.192093,0.0,100663296.0,1.0,1.0,120.0,0.0,0.0,0.0,0.0,0.0,0.0,0.0,1.192093,1.192093,1.192093,1.192093,0.0,0.0,0.0,0.0,0.0,0.0,64,0,64,DOS_SYN_Hping
S1287,26572,21,tcp,-,4e-06,1,1,1,0,246723.764706,246723.764706,493447.529412,1.0,20,20,20,20,20,20,0,1,1,0,0,1,0,0,0,0,120.0,120.0,120.0,120.0,0.0,0.0,0.0,0.0,0.0,0.0,0.0,120.0,120.0,60.0,84.852814,0.0,0.0,0.0,0.0,0.0,0.0,0.0,0.0,0.0,0.0,4.053116,4.053116,4.053116,4.053116,0.0,29606851.764706,1.0,1.0,120.0,0.0,0.0,0.0,0.0,0.0,0.0,0.0,4.053116,4.053116,4.053116,4.053116,0.0,0.0,0.0,0.0,0.0,0.0,64,0,64,DOS_SYN_Hping
S1288,17719,21,tcp,-,2e-06,1,1,1,0,524288.0,524288.0,1048576.0,1.0,20,20,20,20,20,20,0,1,1,0,0,1,0,0,0,0,120.0,120.0,120.0,120.0,0.0,0.0,0.0,0.0,0.0,0.0,0.0,120.0,120.0,60.0,84.852814,0.0,0.0,0.0,0.0,0.0,0.0,0.0,0.0,0.0,0.0,1.907349,1.907349,1.907349,1.907349,0.0,62914560.0,1.0,1.0,120.0,0.0,0.0,0.0,0.0,0.0,0.0,0.0,1.907349,1.907349,1.907349,1.907349,0.0,0.0,0.0,0.0,0.0,0.0,64,0,64,DOS_SYN_Hping
S1289,38449,5353,udp,dns,0.0,1,0,1,0,0.0,0.0,0.0,0.0,8,8,8,0,0,0,0,0,0,0,0,0,0,0,0,0,50.0,50.0,50.0,50.0,0.0,0.0,0.0,0.0,0.0,0.0,50.0,50.0,50.0,50.0,0.0,0.0,0.0,0.0,0.0,0.0,0.0,0.0,0.0,0.0,0.0,0.0,0.0,0.0,0.0,0.0,0.0,1.0,0.0,50.0,0.0,0.0,0.0,0.0,0.0,0.0,0.0,0.0,0.0,0.0,0.0,0.0,0.0,0.0,0.0,0.0,0.0,0,0,0,ARP_poisioning
S1290,22189,21,tcp,-,0.0,1,0,1,0,0.0,0.0,0.0,0.0,20,20,20,0,0,0,0,1,0,0,0,0,0,0,0,0,120.0,120.0,120.0,120.0,0.0,0.0,0.0,0.0,0.0,0.0,120.0,120.0,120.0,120.0,0.0,0.0,0.0,0.0,0.0,0.0,0.0,0.0,0.0,0.0,0.0,0.0,0.0,0.0,0.0,0.0,0.0,1.0,0.0,120.0,0.0,0.0,0.0,0.0,0.0,0.0,0.0,0.0,0.0,0.0,0.0,0.0,0.0,0.0,0.0,0.0,0.0,64,0,64,DOS_SYN_Hping
S1291,9676,21,tcp,-,5e-06,1,1,1,0,199728.761905,199728.761905,399457.52381,1.0,20,20,20,20,20,20,0,1,1,0,0,1,0,0,0,0,120.0,120.0,120.0,120.0,0.0,0.0,0.0,0.0,0.0,0.0,0.0,120.0,120.0,60.0,84.852814,0.0,0.0,0.0,0.0,0.0,0.0,0.0,0.0,0.0,0.0,5.0067900000000005,5.0067900000000005,5.0067900000000005,5.0067900000000005,0.0,23967451.428571,1.0,1.0,120.0,0.0,0.0,0.0,0.0,0.0,0.0,0.0,5.0067900000000005,5.0067900000000005,5.0067900000000005,5.0067900000000005,0.0,0.0,0.0,0.0,0.0,0.0,64,0,64,DOS_SYN_Hping
S1292,13188,21,tcp,-,1e-06,1,1,1,0,1048576.0,1048576.0,2097152.0,1.0,20,20,20,20,20,20,0,1,1,0,0,1,0,0,0,0,120.0,120.0,120.0,120.0,0.0,0.0,0.0,0.0,0.0,0.0,0.0,120.0,120.0,60.0,84.852814,0.0,0.0,0.0,0.0,0.0,0.0,0.0,0.0,0.0,0.0,0.953674,0.953674,0.953674,0.953674,0.0,125829120.0,1.0,1.0,120.0,0.0,0.0,0.0,0.0,0.0,0.0,0.0,0.953674,0.953674,0.953674,0.953674,0.0,0.0,0.0,0.0,0.0,0.0,64,0,64,DOS_SYN_Hping
S1293,46600,5902,tcp,-,6e-06,1,1,0,0,167772.16,167772.16,335544.32,1.0,20,20,20,20,20,20,0,0,1,0,0,1,0,0,0,0,0.0,0.0,0.0,0.0,0.0,0.0,0.0,0.0,0.0,0.0,0.0,0.0,0.0,0.0,0.0,0.0,0.0,0.0,0.0,0.0,0.0,0.0,0.0,0.0,0.0,5.960464,5.960464,5.960464,5.960464,0.0,0.0,1.0,1.0,0.0,0.0,0.0,0.0,0.0,0.0,0.0,0.0,5.960464,5.960464,5.960464,5.960464,0.0,0.0,0.0,0.0,0.0,0.0,1024,0,1024,NMAP_OS_DETECTION
S1294,38430,21,tcp,-,1e-06,1,1,1,0,1048576.0,1048576.0,2097152.0,1.0,20,20,20,20,20,20,0,1,1,0,0,1,0,0,0,0,120.0,120.0,120.0,120.0,0.0,0.0,0.0,0.0,0.0,0.0,0.0,120.0,120.0,60.0,84.852814,0.0,0.0,0.0,0.0,0.0,0.0,0.0,0.0,0.0,0.0,0.953674,0.953674,0.953674,0.953674,0.0,125829120.0,1.0,1.0,120.0,0.0,0.0,0.0,0.0,0.0,0.0,0.0,0.953674,0.953674,0.953674,0.953674,0.0,0.0,0.0,0.0,0.0,0.0,64,0,64,DOS_SYN_Hping
S1295,38537,21,tcp,-,1e-06,1,1,1,0,1048576.0,1048576.0,2097152.0,1.0,20,20,20,20,20,20,0,1,1,0,0,1,0,0,0,0,120.0,120.0,120.0,120.0,0.0,0.0,0.0,0.0,0.0,0.0,0.0,120.0,120.0,60.0,84.852814,0.0,0.0,0.0,0.0,0.0,0.0,0.0,0.0,0.0,0.0,0.953674,0.953674,0.953674,0.953674,0.0,125829120.0,1.0,1.0,120.0,0.0,0.0,0.0,0.0,0.0,0.0,0.0,0.953674,0.953674,0.953674,0.953674,0.0,0.0,0.0,0.0,0.0,0.0,64,0,64,DOS_SYN_Hping
S1296,22639,21,tcp,-,1e-06,1,1,1,0,1048576.0,1048576.0,2097152.0,1.0,20,20,20,20,20,20,0,1,1,0,0,1,0,0,0,0,120.0,120.0,120.0,120.0,0.0,0.0,0.0,0.0,0.0,0.0,0.0,120.0,120.0,60.0,84.852814,0.0,0.0,0.0,0.0,0.0,0.0,0.0,0.0,0.0,0.0,0.953674,0.953674,0.953674,0.953674,0.0,125829120.0,1.0,1.0,120.0,0.0,0.0,0.0,0.0,0.0,0.0,0.0,0.953674,0.953674,0.953674,0.953674,0.0,0.0,0.0,0.0,0.0,0.0,64,0,64,DOS_SYN_Hping
S1297,63577,21,tcp,-,4e-06,1,1,1,0,262144.0,262144.0,524288.0,1.0,20,20,20,20,20,20,0,1,1,0,0,1,0,0,0,0,120.0,120.0,120.0,120.0,0.0,0.0,0.0,0.0,0.0,0.0,0.0,120.0,120.0,60.0,84.852814,0.0,0.0,0.0,0.0,0.0,0.0,0.0,0.0,0.0,0.0,3.814697,3.814697,3.814697,3.814697,0.0,31457280.0,1.0,1.0,120.0,0.0,0.0,0.0,0.0,0.0,0.0,0.0,3.814697,3.814697,3.814697,3.814697,0.0,0.0,0.0,0.0,0.0,0.0,64,0,64,DOS_SYN_Hping
S1298,40268,80,tcp,http,0.752491,8,6,2,2,10.631356,7.973517,18.604874,0.75,264,32,40,200,32,40,2,2,0,2,2,13,0,0,0,0,0.0,169.0,215.0,26.875,59.640440000000005,0.0,535.0,539.0,89.833333,218.092106,0.0,535.0,754.0,53.85714300000001,145.789552,90.837479,280244.112,754436.0161,107776.5737,134399.1439,82.969666,236023.9029,516429.9011,103285.9802,122180.1524,82.969666,236061.0962,754436.0161,58033.5397,100832.0583,1002.005343,8.0,6.0,215.0,539.0,0.0,0.0,0.0,0.0,0.0,0.0,754436.0161,754436.0161,754436.0161,754436.0161,0.0,0.0,0.0,0.0,0.0,0.0,64240,26847,501,Thing_Speak
S1299,11016,21,tcp,-,1e-06,1,1,1,0,1048576.0,1048576.0,2097152.0,1.0,20,20,20,20,20,20,0,1,1,0,0,1,0,0,0,0,120.0,120.0,120.0,120.0,0.0,0.0,0.0,0.0,0.0,0.0,0.0,120.0,120.0,60.0,84.852814,0.0,0.0,0.0,0.0,0.0,0.0,0.0,0.0,0.0,0.0,0.953674,0.953674,0.953674,0.953674,0.0,125829120.0,1.0,1.0,120.0,0.0,0.0,0.0,0.0,0.0,0.0,0.0,0.953674,0.953674,0.953674,0.953674,0.0,0.0,0.0,0.0,0.0,0.0,64,0,64,DOS_SYN_Hping
S1300,9849,21,tcp,-,0.0,1,0,1,0,0.0,0.0,0.0,0.0,20,20,20,0,0,0,0,1,0,0,0,0,0,0,0,0,120.0,120.0,120.0,120.0,0.0,0.0,0.0,0.0,0.0,0.0,120.0,120.0,120.0,120.0,0.0,0.0,0.0,0.0,0.0,0.0,0.0,0.0,0.0,0.0,0.0,0.0,0.0,0.0,0.0,0.0,0.0,1.0,0.0,120.0,0.0,0.0,0.0,0.0,0.0,0.0,0.0,0.0,0.0,0.0,0.0,0.0,0.0,0.0,0.0,0.0,0.0,64,0,64,DOS_SYN_Hping
S1301,41580,21,tcp,-,4e-06,1,1,1,0,246723.764706,246723.764706,493447.529412,1.0,20,20,20,20,20,20,0,1,1,0,0,1,0,0,0,0,120.0,120.0,120.0,120.0,0.0,0.0,0.0,0.0,0.0,0.0,0.0,120.0,120.0,60.0,84.852814,0.0,0.0,0.0,0.0,0.0,0.0,0.0,0.0,0.0,0.0,4.053116,4.053116,4.053116,4.053116,0.0,29606851.764706,1.0,1.0,120.0,0.0,0.0,0.0,0.0,0.0,0.0,0.0,4.053116,4.053116,4.053116,4.053116,0.0,0.0,0.0,0.0,0.0,0.0,64,0,64,DOS_SYN_Hping
S1302,39281,21,tcp,-,1e-06,1,1,1,0,1048576.0,1048576.0,2097152.0,1.0,20,20,20,20,20,20,0,1,1,0,0,1,0,0,0,0,120.0,120.0,120.0,120.0,0.0,0.0,0.0,0.0,0.0,0.0,0.0,120.0,120.0,60.0,84.852814,0.0,0.0,0.0,0.0,0.0,0.0,0.0,0.0,0.0,0.0,0.953674,0.953674,0.953674,0.953674,0.0,125829120.0,1.0,1.0,120.0,0.0,0.0,0.0,0.0,0.0,0.0,0.0,0.953674,0.953674,0.953674,0.953674,0.0,0.0,0.0,0.0,0.0,0.0,64,0,64,DOS_SYN_Hping
S1303,59247,49167,tcp,-,7.000000000000001e-06,1,1,0,0,144631.172414,144631.172414,289262.344828,1.0,20,20,20,20,20,20,1,0,1,1,0,1,1,0,0,0,0.0,0.0,0.0,0.0,0.0,0.0,0.0,0.0,0.0,0.0,0.0,0.0,0.0,0.0,0.0,0.0,0.0,0.0,0.0,0.0,0.0,0.0,0.0,0.0,0.0,6.914139,6.914139,6.914139,6.914139,0.0,0.0,1.0,1.0,0.0,0.0,0.0,0.0,0.0,0.0,0.0,0.0,6.914139,6.914139,6.914139,6.914139,0.0,0.0,0.0,0.0,0.0,0.0,1024,0,1024,NMAP_XMAS_TREE_SCAN
S1304,13869,21,tcp,-,2e-06,1,1,1,0,466033.777778,466033.777778,932067.555556,1.0,20,20,20,20,20,20,0,1,1,0,0,1,0,0,0,0,120.0,120.0,120.0,120.0,0.0,0.0,0.0,0.0,0.0,0.0,0.0,120.0,120.0,60.0,84.852814,0.0,0.0,0.0,0.0,0.0,0.0,0.0,0.0,0.0,0.0,2.145767,2.145767,2.145767,2.145767,0.0,55924053.33333299,1.0,1.0,120.0,0.0,0.0,0.0,0.0,0.0,0.0,0.0,2.145767,2.145767,2.145767,2.145767,0.0,0.0,0.0,0.0,0.0,0.0,64,0,64,DOS_SYN_Hping
S1305,5439,21,tcp,-,5e-06,1,1,1,0,199728.761905,199728.761905,399457.52381,1.0,20,20,20,20,20,20,0,1,1,0,0,1,0,0,0,0,120.0,120.0,120.0,120.0,0.0,0.0,0.0,0.0,0.0,0.0,0.0,120.0,120.0,60.0,84.852814,0.0,0.0,0.0,0.0,0.0,0.0,0.0,0.0,0.0,0.0,5.0067900000000005,5.0067900000000005,5.0067900000000005,5.0067900000000005,0.0,23967451.428571,1.0,1.0,120.0,0.0,0.0,0.0,0.0,0.0,0.0,0.0,5.0067900000000005,5.0067900000000005,5.0067900000000005,5.0067900000000005,0.0,0.0,0.0,0.0,0.0,0.0,64,0,64,DOS_SYN_Hping
S1306,49847,21,tcp,-,1e-06,1,1,1,0,838860.8,838860.8,1677721.6,1.0,20,20,20,20,20,20,0,1,1,0,0,1,0,0,0,0,120.0,120.0,120.0,120.0,0.0,0.0,0.0,0.0,0.0,0.0,0.0,120.0,120.0,60.0,84.852814,0.0,0.0,0.0,0.0,0.0,0.0,0.0,0.0,0.0,0.0,1.192093,1.192093,1.192093,1.192093,0.0,100663296.0,1.0,1.0,120.0,0.0,0.0,0.0,0.0,0.0,0.0,0.0,1.192093,1.192093,1.192093,1.192093,0.0,0.0,0.0,0.0,0.0,0.0,64,0,64,DOS_SYN_Hping
S1307,43507,1883,tcp,mqtt,57.09970600000001,10,6,3,4,0.1751319999999999,0.105079,0.280212,0.6,328,32,40,200,32,40,0,2,1,3,4,15,0,0,0,0,0.0,33.0,76.0,7.6,12.650867,0.0,21.0,34.0,5.666667,7.814516,0.0,33.0,110.0,6.875,10.831282,278.949738,54788666.00990301,57099705.934525,6344411.770502999,18170535.782891,2326.965332,1504009.962082,2045036.792755,409007.358551,626202.666398,278.949738,54788666.00990301,57099705.934525,3806647.062302,14107363.628122,1.926455,3.333333,2.0,25.333333,11.333333,0.0,0.0,0.0,0.0,0.0,0.0,2311039.924622,2311039.924622,2311039.924622,2311039.924622,0.0,54788666.00990301,54788666.00990301,54788666.00990301,54788666.00990301,0.0,64240,26847,502,MQTT_Publish
S1308,1241,21,tcp,-,4e-06,1,1,1,0,246723.764706,246723.764706,493447.529412,1.0,20,20,20,20,20,20,0,1,1,0,0,1,0,0,0,0,120.0,120.0,120.0,120.0,0.0,0.0,0.0,0.0,0.0,0.0,0.0,120.0,120.0,60.0,84.852814,0.0,0.0,0.0,0.0,0.0,0.0,0.0,0.0,0.0,0.0,4.053116,4.053116,4.053116,4.053116,0.0,29606851.764706,1.0,1.0,120.0,0.0,0.0,0.0,0.0,0.0,0.0,0.0,4.053116,4.053116,4.053116,4.053116,0.0,0.0,0.0,0.0,0.0,0.0,64,0,64,DOS_SYN_Hping
S1309,2856,21,tcp,-,5e-06,1,1,1,0,199728.761905,199728.761905,399457.52381,1.0,20,20,20,20,20,20,0,1,1,0,0,1,0,0,0,0,120.0,120.0,120.0,120.0,0.0,0.0,0.0,0.0,0.0,0.0,0.0,120.0,120.0,60.0,84.852814,0.0,0.0,0.0,0.0,0.0,0.0,0.0,0.0,0.0,0.0,5.0067900000000005,5.0067900000000005,5.0067900000000005,5.0067900000000005,0.0,23967451.428571,1.0,1.0,120.0,0.0,0.0,0.0,0.0,0.0,0.0,0.0,5.0067900000000005,5.0067900000000005,5.0067900000000005,5.0067900000000005,0.0,0.0,0.0,0.0,0.0,0.0,64,0,64,DOS_SYN_Hping
S1310,45151,1883,tcp,mqtt,61.03795,10,6,3,4,0.163833,0.0983,0.262132,0.6,328,32,40,200,32,40,0,2,1,3,4,15,0,0,0,0,0.0,33.0,78.0,7.8,12.934021,0.0,23.0,36.0,6.0,8.602325,0.0,33.0,114.0,7.125,11.218289,236.98806800000003,58809587.955475,61037949.80049101,6781994.422277,19513992.170074,212.907791,1482342.004776,1979969.978333,395993.995667,619397.3847909999,212.907791,58809587.955475,61037949.80049101,4069196.653366,15146774.728581,1.867691,3.333333,2.0,26.0,12.0,0.0,0.0,0.0,0.0,0.0,0.0,2228361.845016,2228361.845016,2228361.845016,2228361.845016,0.0,58809587.955475,58809587.955475,58809587.955475,58809587.955475,0.0,64240,26847,502,MQTT_Publish
S1311,1095,21,tcp,-,1.1e-05,1,1,1,0,91180.521739,91180.521739,182361.043478,1.0,20,20,20,20,20,20,0,1,1,0,0,1,0,0,0,0,120.0,120.0,120.0,120.0,0.0,0.0,0.0,0.0,0.0,0.0,0.0,120.0,120.0,60.0,84.852814,0.0,0.0,0.0,0.0,0.0,0.0,0.0,0.0,0.0,0.0,10.967255,10.967255,10.967255,10.967255,0.0,10941662.608696,1.0,1.0,120.0,0.0,0.0,0.0,0.0,0.0,0.0,0.0,10.967255,10.967255,10.967255,10.967255,0.0,0.0,0.0,0.0,0.0,0.0,64,0,64,DOS_SYN_Hping
S1312,5989,21,tcp,-,3e-06,1,1,1,0,349525.333333,349525.333333,699050.666667,1.0,20,20,20,20,20,20,0,1,1,0,0,1,0,0,0,0,120.0,120.0,120.0,120.0,0.0,0.0,0.0,0.0,0.0,0.0,0.0,120.0,120.0,60.0,84.852814,0.0,0.0,0.0,0.0,0.0,0.0,0.0,0.0,0.0,0.0,2.861023,2.861023,2.861023,2.861023,0.0,41943040.0,1.0,1.0,120.0,0.0,0.0,0.0,0.0,0.0,0.0,0.0,2.861023,2.861023,2.861023,2.861023,0.0,0.0,0.0,0.0,0.0,0.0,64,0,64,DOS_SYN_Hping
S1313,43758,53,udp,dns,0.001067,2,2,2,2,1874.130474,1874.130474,3748.260947,1.0,16,8,8,16,8,8,0,0,0,0,0,0,0,0,0,0,46.0,46.0,92.0,46.0,0.0,107.0,119.0,226.0,113.0,8.485281,46.0,119.0,318.0,79.5,38.991452,8.106232,8.106232,8.106232,8.106232,0.0,922.203064,922.203064,922.203064,922.203064,0.0,8.106232,922.203064,1067.16156,355.72052,494.793633,297986.745308,2.0,2.0,92.0,226.0,0.0,0.0,0.0,0.0,0.0,0.0,1067.16156,1067.16156,1067.16156,1067.16156,0.0,0.0,0.0,0.0,0.0,0.0,0,0,0,ARP_poisioning
S1314,58903,21,tcp,-,0.0,1,0,1,0,0.0,0.0,0.0,0.0,20,20,20,0,0,0,0,1,0,0,0,0,0,0,0,0,120.0,120.0,120.0,120.0,0.0,0.0,0.0,0.0,0.0,0.0,120.0,120.0,120.0,120.0,0.0,0.0,0.0,0.0,0.0,0.0,0.0,0.0,0.0,0.0,0.0,0.0,0.0,0.0,0.0,0.0,0.0,1.0,0.0,120.0,0.0,0.0,0.0,0.0,0.0,0.0,0.0,0.0,0.0,0.0,0.0,0.0,0.0,0.0,0.0,0.0,0.0,64,0,64,DOS_SYN_Hping
S1315,22360,21,tcp,-,2e-06,1,1,1,0,524288.0,524288.0,1048576.0,1.0,20,20,20,20,20,20,0,1,1,0,0,1,0,0,0,0,120.0,120.0,120.0,120.0,0.0,0.0,0.0,0.0,0.0,0.0,0.0,120.0,120.0,60.0,84.852814,0.0,0.0,0.0,0.0,0.0,0.0,0.0,0.0,0.0,0.0,1.907349,1.907349,1.907349,1.907349,0.0,62914560.0,1.0,1.0,120.0,0.0,0.0,0.0,0.0,0.0,0.0,0.0,1.907349,1.907349,1.907349,1.907349,0.0,0.0,0.0,0.0,0.0,0.0,64,0,64,DOS_SYN_Hping
S1316,58088,21,tcp,-,1e-06,1,1,1,0,1048576.0,1048576.0,2097152.0,1.0,20,20,20,20,20,20,0,1,1,0,0,1,0,0,0,0,120.0,120.0,120.0,120.0,0.0,0.0,0.0,0.0,0.0,0.0,0.0,120.0,120.0,60.0,84.852814,0.0,0.0,0.0,0.0,0.0,0.0,0.0,0.0,0.0,0.0,0.953674,0.953674,0.953674,0.953674,0.0,125829120.0,1.0,1.0,120.0,0.0,0.0,0.0,0.0,0.0,0.0,0.0,0.953674,0.953674,0.953674,0.953674,0.0,0.0,0.0,0.0,0.0,0.0,64,0,64,DOS_SYN_Hping
S1317,55316,80,tcp,http,30.520014,8,7,4,1,0.262123,0.229358,0.491481,0.875,264,32,40,220,20,40,1,2,1,4,1,13,0,0,0,0,0.0,168.0,209.0,26.125,57.79875799999999,0.0,482.0,482.0,68.85714300000001,182.178876,0.0,482.0,691.0,46.066667,127.989099,10.01358,15750803.947449,30520009.994507,4360001.427787,6540907.479927,97.990036,15740367.889404,30519999.027252004,5086666.504542,6849059.303061,2.145767,15740367.889404,30520014.047623,2180001.003402,4983859.795519,22.640881,2.0,1.75,52.25,120.5,0.0,0.0,0.0,0.0,0.0,0.0,2.145767,3335498.094559,3338099.241257,1112699.7470860002,1925000.274302,11441546.916962,15740367.889404,27181914.806366,13590957.403183,3039725.460721,64240,65160,501,DDOS_Slowloris
S1318,7672,21,tcp,-,4e-06,1,1,1,0,262144.0,262144.0,524288.0,1.0,20,20,20,20,20,20,0,1,1,0,0,1,0,0,0,0,120.0,120.0,120.0,120.0,0.0,0.0,0.0,0.0,0.0,0.0,0.0,120.0,120.0,60.0,84.852814,0.0,0.0,0.0,0.0,0.0,0.0,0.0,0.0,0.0,0.0,3.814697,3.814697,3.814697,3.814697,0.0,31457280.0,1.0,1.0,120.0,0.0,0.0,0.0,0.0,0.0,0.0,0.0,3.814697,3.814697,3.814697,3.814697,0.0,0.0,0.0,0.0,0.0,0.0,64,0,64,DOS_SYN_Hping
S1319,39304,21,tcp,-,1e-06,1,1,1,0,1048576.0,1048576.0,2097152.0,1.0,20,20,20,20,20,20,0,1,1,0,0,1,0,0,0,0,120.0,120.0,120.0,120.0,0.0,0.0,0.0,0.0,0.0,0.0,0.0,120.0,120.0,60.0,84.852814,0.0,0.0,0.0,0.0,0.0,0.0,0.0,0.0,0.0,0.0,0.953674,0.953674,0.953674,0.953674,0.0,125829120.0,1.0,1.0,120.0,0.0,0.0,0.0,0.0,0.0,0.0,0.0,0.953674,0.953674,0.953674,0.953674,0.0,0.0,0.0,0.0,0.0,0.0,64,0,64,DOS_SYN_Hping
S1320,42301,21,tcp,-,4e-06,1,1,1,0,246723.764706,246723.764706,493447.529412,1.0,20,20,20,20,20,20,0,1,1,0,0,1,0,0,0,0,120.0,120.0,120.0,120.0,0.0,0.0,0.0,0.0,0.0,0.0,0.0,120.0,120.0,60.0,84.852814,0.0,0.0,0.0,0.0,0.0,0.0,0.0,0.0,0.0,0.0,4.053116,4.053116,4.053116,4.053116,0.0,29606851.764706,1.0,1.0,120.0,0.0,0.0,0.0,0.0,0.0,0.0,0.0,4.053116,4.053116,4.053116,4.053116,0.0,0.0,0.0,0.0,0.0,0.0,64,0,64,DOS_SYN_Hping
S1321,10055,21,tcp,-,4e-06,1,1,1,0,246723.764706,246723.764706,493447.529412,1.0,20,20,20,20,20,20,0,1,1,0,0,1,0,0,0,0,120.0,120.0,120.0,120.0,0.0,0.0,0.0,0.0,0.0,0.0,0.0,120.0,120.0,60.0,84.852814,0.0,0.0,0.0,0.0,0.0,0.0,0.0,0.0,0.0,0.0,4.053116,4.053116,4.053116,4.053116,0.0,29606851.764706,1.0,1.0,120.0,0.0,0.0,0.0,0.0,0.0,0.0,0.0,4.053116,4.053116,4.053116,4.053116,0.0,0.0,0.0,0.0,0.0,0.0,64,0,64,DOS_SYN_Hping
S1322,15481,21,tcp,-,1e-06,1,1,1,0,1048576.0,1048576.0,2097152.0,1.0,20,20,20,20,20,20,0,1,1,0,0,1,0,0,0,0,120.0,120.0,120.0,120.0,0.0,0.0,0.0,0.0,0.0,0.0,0.0,120.0,120.0,60.0,84.852814,0.0,0.0,0.0,0.0,0.0,0.0,0.0,0.0,0.0,0.0,0.953674,0.953674,0.953674,0.953674,0.0,125829120.0,1.0,1.0,120.0,0.0,0.0,0.0,0.0,0.0,0.0,0.0,0.953674,0.953674,0.953674,0.953674,0.0,0.0,0.0,0.0,0.0,0.0,64,0,64,DOS_SYN_Hping
S1323,8018,21,tcp,-,4e-06,1,1,1,0,246723.764706,246723.764706,493447.529412,1.0,20,20,20,20,20,20,0,1,1,0,0,1,0,0,0,0,120.0,120.0,120.0,120.0,0.0,0.0,0.0,0.0,0.0,0.0,0.0,120.0,120.0,60.0,84.852814,0.0,0.0,0.0,0.0,0.0,0.0,0.0,0.0,0.0,0.0,4.053116,4.053116,4.053116,4.053116,0.0,29606851.764706,1.0,1.0,120.0,0.0,0.0,0.0,0.0,0.0,0.0,0.0,4.053116,4.053116,4.053116,4.053116,0.0,0.0,0.0,0.0,0.0,0.0,64,0,64,DOS_SYN_Hping
S1324,28280,21,tcp,-,5e-06,1,1,1,0,199728.761905,199728.761905,399457.52381,1.0,20,20,20,20,20,20,0,1,1,0,0,1,0,0,0,0,120.0,120.0,120.0,120.0,0.0,0.0,0.0,0.0,0.0,0.0,0.0,120.0,120.0,60.0,84.852814,0.0,0.0,0.0,0.0,0.0,0.0,0.0,0.0,0.0,0.0,5.0067900000000005,5.0067900000000005,5.0067900000000005,5.0067900000000005,0.0,23967451.428571,1.0,1.0,120.0,0.0,0.0,0.0,0.0,0.0,0.0,0.0,5.0067900000000005,5.0067900000000005,5.0067900000000005,5.0067900000000005,0.0,0.0,0.0,0.0,0.0,0.0,64,0,64,DOS_SYN_Hping
S1325,26149,21,tcp,-,4e-06,1,1,1,0,246723.764706,246723.764706,493447.529412,1.0,20,20,20,20,20,20,0,1,1,0,0,1,0,0,0,0,120.0,120.0,120.0,120.0,0.0,0.0,0.0,0.0,0.0,0.0,0.0,120.0,120.0,60.0,84.852814,0.0,0.0,0.0,0.0,0.0,0.0,0.0,0.0,0.0,0.0,4.053116,4.053116,4.053116,4.053116,0.0,29606851.764706,1.0,1.0,120.0,0.0,0.0,0.0,0.0,0.0,0.0,0.0,4.053116,4.053116,4.053116,4.053116,0.0,0.0,0.0,0.0,0.0,0.0,64,0,64,DOS_SYN_Hping
S1326,61925,21,tcp,-,1e-06,1,1,1,0,1048576.0,1048576.0,2097152.0,1.0,20,20,20,20,20,20,0,1,1,0,0,1,0,0,0,0,120.0,120.0,120.0,120.0,0.0,0.0,0.0,0.0,0.0,0.0,0.0,120.0,120.0,60.0,84.852814,0.0,0.0,0.0,0.0,0.0,0.0,0.0,0.0,0.0,0.0,0.953674,0.953674,0.953674,0.953674,0.0,125829120.0,1.0,1.0,120.0,0.0,0.0,0.0,0.0,0.0,0.0,0.0,0.953674,0.953674,0.953674,0.953674,0.0,0.0,0.0,0.0,0.0,0.0,64,0,64,DOS_SYN_Hping
S1327,20001,21,tcp,-,4e-06,1,1,1,0,246723.764706,246723.764706,493447.529412,1.0,20,20,20,20,20,20,0,1,1,0,0,1,0,0,0,0,120.0,120.0,120.0,120.0,0.0,0.0,0.0,0.0,0.0,0.0,0.0,120.0,120.0,60.0,84.852814,0.0,0.0,0.0,0.0,0.0,0.0,0.0,0.0,0.0,0.0,4.053116,4.053116,4.053116,4.053116,0.0,29606851.764706,1.0,1.0,120.0,0.0,0.0,0.0,0.0,0.0,0.0,0.0,4.053116,4.053116,4.053116,4.053116,0.0,0.0,0.0,0.0,0.0,0.0,64,0,64,DOS_SYN_Hping
S1328,14896,21,tcp,-,4e-06,1,1,1,0,246723.764706,246723.764706,493447.529412,1.0,20,20,20,20,20,20,0,1,1,0,0,1,0,0,0,0,120.0,120.0,120.0,120.0,0.0,0.0,0.0,0.0,0.0,0.0,0.0,120.0,120.0,60.0,84.852814,0.0,0.0,0.0,0.0,0.0,0.0,0.0,0.0,0.0,0.0,4.053116,4.053116,4.053116,4.053116,0.0,29606851.764706,1.0,1.0,120.0,0.0,0.0,0.0,0.0,0.0,0.0,0.0,4.053116,4.053116,4.053116,4.053116,0.0,0.0,0.0,0.0,0.0,0.0,64,0,64,DOS_SYN_Hping
S1329,7409,21,tcp,-,4e-06,1,1,1,0,246723.764706,246723.764706,493447.529412,1.0,20,20,20,20,20,20,0,1,1,0,0,1,0,0,0,0,120.0,120.0,120.0,120.0,0.0,0.0,0.0,0.0,0.0,0.0,0.0,120.0,120.0,60.0,84.852814,0.0,0.0,0.0,0.0,0.0,0.0,0.0,0.0,0.0,0.0,4.053116,4.053116,4.053116,4.053116,0.0,29606851.764706,1.0,1.0,120.0,0.0,0.0,0.0,0.0,0.0,0.0,0.0,4.053116,4.053116,4.053116,4.053116,0.0,0.0,0.0,0.0,0.0,0.0,64,0,64,DOS_SYN_Hping
S1330,56631,21,tcp,-,0.0,1,0,1,0,0.0,0.0,0.0,0.0,20,20,20,0,0,0,0,1,0,0,0,0,0,0,0,0,120.0,120.0,120.0,120.0,0.0,0.0,0.0,0.0,0.0,0.0,120.0,120.0,120.0,120.0,0.0,0.0,0.0,0.0,0.0,0.0,0.0,0.0,0.0,0.0,0.0,0.0,0.0,0.0,0.0,0.0,0.0,1.0,0.0,120.0,0.0,0.0,0.0,0.0,0.0,0.0,0.0,0.0,0.0,0.0,0.0,0.0,0.0,0.0,0.0,0.0,0.0,64,0,64,DOS_SYN_Hping
S1331,28992,21,tcp,-,4e-06,1,1,1,0,246723.764706,246723.764706,493447.529412,1.0,20,20,20,20,20,20,0,1,1,0,0,1,0,0,0,0,120.0,120.0,120.0,120.0,0.0,0.0,0.0,0.0,0.0,0.0,0.0,120.0,120.0,60.0,84.852814,0.0,0.0,0.0,0.0,0.0,0.0,0.0,0.0,0.0,0.0,4.053116,4.053116,4.053116,4.053116,0.0,29606851.764706,1.0,1.0,120.0,0.0,0.0,0.0,0.0,0.0,0.0,0.0,4.053116,4.053116,4.053116,4.053116,0.0,0.0,0.0,0.0,0.0,0.0,64,0,64,DOS_SYN_Hping
S1332,43034,21,tcp,-,2e-06,1,1,1,0,466033.777778,466033.777778,932067.555556,1.0,20,20,20,20,20,20,0,1,1,0,0,1,0,0,0,0,120.0,120.0,120.0,120.0,0.0,0.0,0.0,0.0,0.0,0.0,0.0,120.0,120.0,60.0,84.852814,0.0,0.0,0.0,0.0,0.0,0.0,0.0,0.0,0.0,0.0,2.145767,2.145767,2.145767,2.145767,0.0,55924053.33333299,1.0,1.0,120.0,0.0,0.0,0.0,0.0,0.0,0.0,0.0,2.145767,2.145767,2.145767,2.145767,0.0,0.0,0.0,0.0,0.0,0.0,64,0,64,DOS_SYN_Hping
S1333,46901,1883,tcp,mqtt,20.093123,10,6,3,4,0.497683,0.29861,0.796292,0.6,328,32,40,200,32,40,0,2,1,3,4,15,0,0,0,0,0.0,33.0,78.0,7.8,12.934021,0.0,23.0,36.0,6.0,8.602325,0.0,33.0,114.0,7.125,11.218289,237.941742,17887530.088425,20093122.959137,2232569.217682,5882823.94771,148.05793799999995,1476459.026337,1963256.120682,392651.224136,617776.585118,148.05793799999995,17887530.088425,20093122.959137,1339541.530609,4588813.673716,5.673583,3.333333,2.0,26.0,12.0,0.0,0.0,0.0,0.0,0.0,0.0,2205592.870712,2205592.870712,2205592.870712,2205592.870712,0.0,17887530.088425,17887530.088425,17887530.088425,17887530.088425,0.0,64240,26847,502,MQTT_Publish
S1334,46067,21,tcp,-,2e-06,1,1,1,0,524288.0,524288.0,1048576.0,1.0,20,20,20,20,20,20,0,1,1,0,0,1,0,0,0,0,120.0,120.0,120.0,120.0,0.0,0.0,0.0,0.0,0.0,0.0,0.0,120.0,120.0,60.0,84.852814,0.0,0.0,0.0,0.0,0.0,0.0,0.0,0.0,0.0,0.0,1.907349,1.907349,1.907349,1.907349,0.0,62914560.0,1.0,1.0,120.0,0.0,0.0,0.0,0.0,0.0,0.0,0.0,1.907349,1.907349,1.907349,1.907349,0.0,0.0,0.0,0.0,0.0,0.0,64,0,64,DOS_SYN_Hping
S1335,4827,21,tcp,-,5e-06,1,1,1,0,199728.761905,199728.761905,399457.52381,1.0,20,20,20,20,20,20,0,1,1,0,0,1,0,0,0,0,120.0,120.0,120.0,120.0,0.0,0.0,0.0,0.0,0.0,0.0,0.0,120.0,120.0,60.0,84.852814,0.0,0.0,0.0,0.0,0.0,0.0,0.0,0.0,0.0,0.0,5.0067900000000005,5.0067900000000005,5.0067900000000005,5.0067900000000005,0.0,23967451.428571,1.0,1.0,120.0,0.0,0.0,0.0,0.0,0.0,0.0,0.0,5.0067900000000005,5.0067900000000005,5.0067900000000005,5.0067900000000005,0.0,0.0,0.0,0.0,0.0,0.0,64,0,64,DOS_SYN_Hping
S1336,14844,21,tcp,-,1e-06,1,1,1,0,1048576.0,1048576.0,2097152.0,1.0,20,20,20,20,20,20,0,1,1,0,0,1,0,0,0,0,120.0,120.0,120.0,120.0,0.0,0.0,0.0,0.0,0.0,0.0,0.0,120.0,120.0,60.0,84.852814,0.0,0.0,0.0,0.0,0.0,0.0,0.0,0.0,0.0,0.0,0.953674,0.953674,0.953674,0.953674,0.0,125829120.0,1.0,1.0,120.0,0.0,0.0,0.0,0.0,0.0,0.0,0.0,0.953674,0.953674,0.953674,0.953674,0.0,0.0,0.0,0.0,0.0,0.0,64,0,64,DOS_SYN_Hping
S1337,36242,10002,tcp,-,2.9e-05,1,1,0,0,34379.540984,34379.540984,68759.08196699999,1.0,20,20,20,20,20,20,1,0,1,1,0,1,1,0,0,0,0.0,0.0,0.0,0.0,0.0,0.0,0.0,0.0,0.0,0.0,0.0,0.0,0.0,0.0,0.0,0.0,0.0,0.0,0.0,0.0,0.0,0.0,0.0,0.0,0.0,29.087067,29.087067,29.087067,29.087067,0.0,0.0,1.0,1.0,0.0,0.0,0.0,0.0,0.0,0.0,0.0,0.0,29.087067,29.087067,29.087067,29.087067,0.0,0.0,0.0,0.0,0.0,0.0,1024,0,1024,NMAP_XMAS_TREE_SCAN
S1338,53576,21,tcp,-,4e-06,1,1,1,0,246723.764706,246723.764706,493447.529412,1.0,20,20,20,20,20,20,0,1,1,0,0,1,0,0,0,0,120.0,120.0,120.0,120.0,0.0,0.0,0.0,0.0,0.0,0.0,0.0,120.0,120.0,60.0,84.852814,0.0,0.0,0.0,0.0,0.0,0.0,0.0,0.0,0.0,0.0,4.053116,4.053116,4.053116,4.053116,0.0,29606851.764706,1.0,1.0,120.0,0.0,0.0,0.0,0.0,0.0,0.0,0.0,4.053116,4.053116,4.053116,4.053116,0.0,0.0,0.0,0.0,0.0,0.0,64,0,64,DOS_SYN_Hping
S1339,8567,21,tcp,-,4e-06,1,1,1,0,262144.0,262144.0,524288.0,1.0,20,20,20,20,20,20,0,1,1,0,0,1,0,0,0,0,120.0,120.0,120.0,120.0,0.0,0.0,0.0,0.0,0.0,0.0,0.0,120.0,120.0,60.0,84.852814,0.0,0.0,0.0,0.0,0.0,0.0,0.0,0.0,0.0,0.0,3.814697,3.814697,3.814697,3.814697,0.0,31457280.0,1.0,1.0,120.0,0.0,0.0,0.0,0.0,0.0,0.0,0.0,3.814697,3.814697,3.814697,3.814697,0.0,0.0,0.0,0.0,0.0,0.0,64,0,64,DOS_SYN_Hping
S1340,44981,53,udp,dns,0.1148059999999999,2,2,2,2,17.420666,17.420666,34.841331,1.0,16,8,8,16,8,8,0,0,0,0,0,0,0,0,0,0,32.0,32.0,64.0,32.0,0.0,32.0,64.0,96.0,48.0,22.627417,32.0,64.0,160.0,40.0,16.0,747.2038269999999,747.2038269999999,747.2038269999999,747.2038269999999,0.0,113840.1031,113840.1031,113840.1031,113840.1031,0.0,218.868256,113840.1031,114806.1752,38268.72508,65447.26635,1393.653257,2.0,2.0,64.0,96.0,0.0,0.0,0.0,0.0,0.0,0.0,114806.1752,114806.1752,114806.1752,114806.1752,0.0,0.0,0.0,0.0,0.0,0.0,0,0,0,Thing_Speak
S1341,44621,1883,tcp,mqtt,32.043975,9,5,3,3,0.280864,0.1560359999999999,0.4369,0.555556,296,32,40,168,32,40,0,2,1,3,3,13,0,0,0,0,0.0,33.0,76.0,8.444444,13.115935999999998,0.0,23.0,32.0,6.4,9.555103,0.0,33.0,108.0,7.714286,11.618477,262.97569300000004,29748208.045959003,32043975.114822,4005496.889353,10408371.247792,1175.880432,1472471.952438,2021652.936935,505413.234234,657408.993366,262.97569300000004,29748208.045959003,32043975.114822,2464921.1626790003,8204174.899031,3.370368,3.0,1.666667,25.333333,10.666667,0.0,0.0,0.0,0.0,0.0,0.0,2295767.0688630003,2295767.0688630003,2295767.0688630003,2295767.0688630003,0.0,29748208.045959003,29748208.045959003,29748208.045959003,29748208.045959003,0.0,64240,26847,502,MQTT_Publish
S1342,62027,21,tcp,-,1e-06,1,1,1,0,838860.8,838860.8,1677721.6,1.0,20,20,20,20,20,20,0,1,1,0,0,1,0,0,0,0,120.0,120.0,120.0,120.0,0.0,0.0,0.0,0.0,0.0,0.0,0.0,120.0,120.0,60.0,84.852814,0.0,0.0,0.0,0.0,0.0,0.0,0.0,0.0,0.0,0.0,1.192093,1.192093,1.192093,1.192093,0.0,100663296.0,1.0,1.0,120.0,0.0,0.0,0.0,0.0,0.0,0.0,0.0,1.192093,1.192093,1.192093,1.192093,0.0,0.0,0.0,0.0,0.0,0.0,64,0,64,DOS_SYN_Hping
S1343,5353,5353,udp,dns,13.03949,4,0,4,0,0.30676,0.0,0.30676,0.0,32,8,8,0,0,0,0,0,0,0,0,0,0,0,0,0,115.0,115.0,460.0,115.0,0.0,0.0,0.0,0.0,0.0,0.0,115.0,115.0,460.0,115.0,0.0,1009305.954,9025063.992,13039489.98,4346496.662,4172836.285,0.0,0.0,0.0,0.0,0.0,1009305.954,9025063.992,13039489.98,4346496.662,4172836.285,35.277453,1.0,0.0,115.0,0.0,0.0,0.0,0.0,0.0,0.0,0.0,4014425.993,4014425.993,4014425.993,4014425.993,0.0,9025063.992,9025063.992,9025063.992,9025063.992,0.0,0,0,0,Thing_Speak
S1344,38615,21,tcp,-,2e-06,1,1,1,0,466033.777778,466033.777778,932067.555556,1.0,20,20,20,20,20,20,0,1,1,0,0,1,0,0,0,0,120.0,120.0,120.0,120.0,0.0,0.0,0.0,0.0,0.0,0.0,0.0,120.0,120.0,60.0,84.852814,0.0,0.0,0.0,0.0,0.0,0.0,0.0,0.0,0.0,0.0,2.145767,2.145767,2.145767,2.145767,0.0,55924053.33333299,1.0,1.0,120.0,0.0,0.0,0.0,0.0,0.0,0.0,0.0,2.145767,2.145767,2.145767,2.145767,0.0,0.0,0.0,0.0,0.0,0.0,64,0,64,DOS_SYN_Hping
S1345,42625,21,tcp,-,4e-06,1,1,1,0,262144.0,262144.0,524288.0,1.0,20,20,20,20,20,20,0,1,1,0,0,1,0,0,0,0,120.0,120.0,120.0,120.0,0.0,0.0,0.0,0.0,0.0,0.0,0.0,120.0,120.0,60.0,84.852814,0.0,0.0,0.0,0.0,0.0,0.0,0.0,0.0,0.0,0.0,3.814697,3.814697,3.814697,3.814697,0.0,31457280.0,1.0,1.0,120.0,0.0,0.0,0.0,0.0,0.0,0.0,0.0,3.814697,3.814697,3.814697,3.814697,0.0,0.0,0.0,0.0,0.0,0.0,64,0,64,DOS_SYN_Hping
S1346,59349,1883,tcp,mqtt,61.969679000000006,10,6,3,4,0.161369,0.096822,0.258191,0.6,328,32,40,200,32,40,0,2,1,3,4,15,0,0,0,0,0.0,33.0,78.0,7.8,12.934021,0.0,23.0,36.0,6.0,8.602325,0.0,33.0,114.0,7.125,11.218289,250.101089,59915019.989014,61969679.11720301,6885519.901911,19891004.7095,3762.00676,1568146.944046,1899977.92244,379995.584488,668887.76495,250.101089,59915019.989014,61969679.11720301,4131311.941147,15436255.222912,1.839609,3.333333,2.0,26.0,12.0,0.0,0.0,0.0,0.0,0.0,0.0,2054659.128189,2054659.128189,2054659.128189,2054659.128189,0.0,59915019.989014,59915019.989014,59915019.989014,59915019.989014,0.0,64240,26847,502,MQTT_Publish
S1347,14671,21,tcp,-,4e-06,1,1,1,0,262144.0,262144.0,524288.0,1.0,20,20,20,20,20,20,0,1,1,0,0,1,0,0,0,0,120.0,120.0,120.0,120.0,0.0,0.0,0.0,0.0,0.0,0.0,0.0,120.0,120.0,60.0,84.852814,0.0,0.0,0.0,0.0,0.0,0.0,0.0,0.0,0.0,0.0,3.814697,3.814697,3.814697,3.814697,0.0,31457280.0,1.0,1.0,120.0,0.0,0.0,0.0,0.0,0.0,0.0,0.0,3.814697,3.814697,3.814697,3.814697,0.0,0.0,0.0,0.0,0.0,0.0,64,0,64,DOS_SYN_Hping
S1348,52208,443,tcp,ssl,53.600579,11,14,5,7,0.205222,0.261191,0.466413,1.272727,224,20,24,284,20,24,1,2,2,5,7,24,0,0,0,0,0.0,213.0,520.0,47.272727,67.032963,0.0,293.0,1488.0,106.28571399999998,130.861306,0.0,293.0,2008.0,80.32,109.735941,12435.913086,36431433.916092,53613014.936447,5361301.493644998,11766984.440652,138.998032,37567698.955536,53546950.81710801,4118996.216701,10271284.805582,138.998032,36401723.861694,53613014.936447,2233875.622352,7464041.789964,37.462282,1.833333,2.333333,86.666667,248.0,0.0,0.0,0.0,0.0,0.0,0.0,42145.967484,8579159.021378,9787280.082703,3262426.694234,4638585.986611,7424010.99205,36401723.861694,43825734.853745,21912867.426872,20490337.273402,4380,26883,4380,Wipro_bulb
S1349,51998,5054,tcp,-,4e-06,1,1,0,0,246723.764706,246723.764706,493447.529412,1.0,40,40,40,20,20,20,0,1,1,0,0,1,0,0,0,0,0.0,0.0,0.0,0.0,0.0,0.0,0.0,0.0,0.0,0.0,0.0,0.0,0.0,0.0,0.0,0.0,0.0,0.0,0.0,0.0,0.0,0.0,0.0,0.0,0.0,4.053116,4.053116,4.053116,4.053116,0.0,0.0,1.0,1.0,0.0,0.0,0.0,0.0,0.0,0.0,0.0,0.0,4.053116,4.053116,4.053116,4.053116,0.0,0.0,0.0,0.0,0.0,0.0,64240,0,64240,NMAP_TCP_scan
S1350,59457,21,tcp,-,2e-06,1,1,1,0,466033.777778,466033.777778,932067.555556,1.0,20,20,20,20,20,20,0,1,1,0,0,1,0,0,0,0,120.0,120.0,120.0,120.0,0.0,0.0,0.0,0.0,0.0,0.0,0.0,120.0,120.0,60.0,84.852814,0.0,0.0,0.0,0.0,0.0,0.0,0.0,0.0,0.0,0.0,2.145767,2.145767,2.145767,2.145767,0.0,55924053.33333299,1.0,1.0,120.0,0.0,0.0,0.0,0.0,0.0,0.0,0.0,2.145767,2.145767,2.145767,2.145767,0.0,0.0,0.0,0.0,0.0,0.0,64,0,64,DOS_SYN_Hping
S1351,54721,1883,tcp,mqtt,6.069108,10,6,3,4,1.647689,0.988613,2.636302,0.6,328,32,40,200,32,40,0,2,1,3,4,15,0,0,0,0,0.0,33.0,78.0,7.8,12.934021,0.0,23.0,36.0,6.0,8.602325,0.0,33.0,114.0,7.125,11.218289,247.955322,3740036.010742,6069108.009338,674345.334371,1211721.251683,77.962875,1518949.985504,2057576.89476,411515.378952,633066.527234,77.962875,3740036.010742,6069108.009338,404607.200623,977525.019598,18.78365,3.333333,2.0,26.0,12.0,0.0,0.0,0.0,0.0,0.0,0.0,6069108.009338,6069108.009338,6069108.009338,6069108.009338,0.0,0.0,0.0,0.0,0.0,0.0,64240,26847,502,MQTT_Publish
S1352,35427,5353,udp,dns,0.0,1,0,1,0,0.0,0.0,0.0,0.0,8,8,8,0,0,0,0,0,0,0,0,0,0,0,0,0,29.0,29.0,29.0,29.0,0.0,0.0,0.0,0.0,0.0,0.0,29.0,29.0,29.0,29.0,0.0,0.0,0.0,0.0,0.0,0.0,0.0,0.0,0.0,0.0,0.0,0.0,0.0,0.0,0.0,0.0,0.0,1.0,0.0,29.0,0.0,0.0,0.0,0.0,0.0,0.0,0.0,0.0,0.0,0.0,0.0,0.0,0.0,0.0,0.0,0.0,0.0,0,0,0,ARP_poisioning
S1353,50490,21,tcp,-,1e-06,1,1,1,0,1048576.0,1048576.0,2097152.0,1.0,20,20,20,20,20,20,0,1,1,0,0,1,0,0,0,0,120.0,120.0,120.0,120.0,0.0,0.0,0.0,0.0,0.0,0.0,0.0,120.0,120.0,60.0,84.852814,0.0,0.0,0.0,0.0,0.0,0.0,0.0,0.0,0.0,0.0,0.953674,0.953674,0.953674,0.953674,0.0,125829120.0,1.0,1.0,120.0,0.0,0.0,0.0,0.0,0.0,0.0,0.0,0.953674,0.953674,0.953674,0.953674,0.0,0.0,0.0,0.0,0.0,0.0,64,0,64,DOS_SYN_Hping
S1354,60673,53,udp,dns,1.601517,2,2,2,2,1.248816,1.248816,2.497632,1.0,16,8,8,16,8,8,0,0,0,0,0,0,0,0,0,0,52.0,52.0,104.0,52.0,0.0,94.0,158.0,252.0,126.0,45.254834,52.0,158.0,356.0,89.0,50.079936,5.0067900000000005,5.0067900000000005,5.0067900000000005,5.0067900000000005,0.0,41579.008102,41579.008102,41579.008102,41579.008102,0.0,5.0067900000000005,1559932.947159,1601516.962051,533838.98735,888866.5311299999,222.289247,1.0,1.0,52.0,126.0,0.0,0.0,0.0,0.0,0.0,0.0,1601516.962051,1601516.962051,1601516.962051,1601516.962051,0.0,0.0,0.0,0.0,0.0,0.0,0,0,0,ARP_poisioning
S1355,40061,21,tcp,-,4e-06,1,1,1,0,246723.764706,246723.764706,493447.529412,1.0,20,20,20,20,20,20,0,1,1,0,0,1,0,0,0,0,120.0,120.0,120.0,120.0,0.0,0.0,0.0,0.0,0.0,0.0,0.0,120.0,120.0,60.0,84.852814,0.0,0.0,0.0,0.0,0.0,0.0,0.0,0.0,0.0,0.0,4.053116,4.053116,4.053116,4.053116,0.0,29606851.764706,1.0,1.0,120.0,0.0,0.0,0.0,0.0,0.0,0.0,0.0,4.053116,4.053116,4.053116,4.053116,0.0,0.0,0.0,0.0,0.0,0.0,64,0,64,DOS_SYN_Hping
S1356,25423,21,tcp,-,2e-06,1,1,1,0,524288.0,524288.0,1048576.0,1.0,20,20,20,20,20,20,0,1,1,0,0,1,0,0,0,0,120.0,120.0,120.0,120.0,0.0,0.0,0.0,0.0,0.0,0.0,0.0,120.0,120.0,60.0,84.852814,0.0,0.0,0.0,0.0,0.0,0.0,0.0,0.0,0.0,0.0,1.907349,1.907349,1.907349,1.907349,0.0,62914560.0,1.0,1.0,120.0,0.0,0.0,0.0,0.0,0.0,0.0,0.0,1.907349,1.907349,1.907349,1.907349,0.0,0.0,0.0,0.0,0.0,0.0,64,0,64,DOS_SYN_Hping
S1357,25256,21,tcp,-,1e-06,1,1,1,0,1048576.0,1048576.0,2097152.0,1.0,20,20,20,20,20,20,0,1,1,0,0,1,0,0,0,0,120.0,120.0,120.0,120.0,0.0,0.0,0.0,0.0,0.0,0.0,0.0,120.0,120.0,60.0,84.852814,0.0,0.0,0.0,0.0,0.0,0.0,0.0,0.0,0.0,0.0,0.953674,0.953674,0.953674,0.953674,0.0,125829120.0,1.0,1.0,120.0,0.0,0.0,0.0,0.0,0.0,0.0,0.0,0.953674,0.953674,0.953674,0.953674,0.0,0.0,0.0,0.0,0.0,0.0,64,0,64,DOS_SYN_Hping
S1358,38775,1883,tcp,mqtt,59.11208000000001,9,5,3,3,0.152253,0.084585,0.236838,0.555556,296,32,40,168,32,40,0,2,1,3,3,13,0,0,0,0,0.0,33.0,75.0,8.333333,12.980755,0.0,22.0,31.0,6.2,9.121403,0.0,33.0,106.0,7.571428999999998,11.420052,272.03559900000005,56860738.992691,59112080.097198,7389010.01215,19994682.585688,3906.011581,1604225.873947,1989904.880524,497476.220131,743083.470689,272.03559900000005,56860738.992691,59112080.097198,4547083.0844,15722861.553731,1.793204,3.0,1.666667,25.0,10.333333,0.0,0.0,0.0,0.0,0.0,0.0,2251341.104507,2251341.104507,2251341.104507,2251341.104507,0.0,56860738.992691,56860738.992691,56860738.992691,56860738.992691,0.0,64240,26847,502,MQTT_Publish
S1359,37256,53,udp,dns,0.000173,2,2,2,2,11554.556474,11554.556474,23109.112948,1.0,16,8,8,16,8,8,0,0,0,0,0,0,0,0,0,0,58.0,58.0,116.0,58.0,0.0,74.0,86.0,160.0,80.0,8.485281,58.0,86.0,276.0,69.0,13.613719,5.0067900000000005,5.0067900000000005,5.0067900000000005,5.0067900000000005,0.0,60.081482,60.081482,60.081482,60.081482,0.0,5.0067900000000005,108.003616,173.09188799999998,57.697296,51.539789,1594528.793388,2.0,2.0,116.0,160.0,0.0,0.0,0.0,0.0,0.0,0.0,173.09188799999998,173.09188799999998,173.09188799999998,173.09188799999998,0.0,0.0,0.0,0.0,0.0,0.0,0,0,0,ARP_poisioning
S1360,48348,57294,tcp,-,4e-06,1,1,0,0,246723.764706,246723.764706,493447.529412,1.0,40,40,40,20,20,20,0,1,1,0,0,1,0,0,0,0,0.0,0.0,0.0,0.0,0.0,0.0,0.0,0.0,0.0,0.0,0.0,0.0,0.0,0.0,0.0,0.0,0.0,0.0,0.0,0.0,0.0,0.0,0.0,0.0,0.0,4.053116,4.053116,4.053116,4.053116,0.0,0.0,1.0,1.0,0.0,0.0,0.0,0.0,0.0,0.0,0.0,0.0,4.053116,4.053116,4.053116,4.053116,0.0,0.0,0.0,0.0,0.0,0.0,64240,0,64240,NMAP_TCP_scan
S1361,9097,21,tcp,-,0.0,1,0,1,0,0.0,0.0,0.0,0.0,20,20,20,0,0,0,0,1,0,0,0,0,0,0,0,0,120.0,120.0,120.0,120.0,0.0,0.0,0.0,0.0,0.0,0.0,120.0,120.0,120.0,120.0,0.0,0.0,0.0,0.0,0.0,0.0,0.0,0.0,0.0,0.0,0.0,0.0,0.0,0.0,0.0,0.0,0.0,1.0,0.0,120.0,0.0,0.0,0.0,0.0,0.0,0.0,0.0,0.0,0.0,0.0,0.0,0.0,0.0,0.0,0.0,0.0,0.0,64,0,64,DOS_SYN_Hping
S1362,60883,21,tcp,-,4e-06,1,1,1,0,246723.764706,246723.764706,493447.529412,1.0,20,20,20,20,20,20,0,1,1,0,0,1,0,0,0,0,120.0,120.0,120.0,120.0,0.0,0.0,0.0,0.0,0.0,0.0,0.0,120.0,120.0,60.0,84.852814,0.0,0.0,0.0,0.0,0.0,0.0,0.0,0.0,0.0,0.0,4.053116,4.053116,4.053116,4.053116,0.0,29606851.764706,1.0,1.0,120.0,0.0,0.0,0.0,0.0,0.0,0.0,0.0,4.053116,4.053116,4.053116,4.053116,0.0,0.0,0.0,0.0,0.0,0.0,64,0,64,DOS_SYN_Hping
S1363,59247,15000,tcp,-,1e-06,1,1,0,0,1048576.0,1048576.0,2097152.0,1.0,20,20,20,20,20,20,1,0,1,1,0,1,1,0,0,0,0.0,0.0,0.0,0.0,0.0,0.0,0.0,0.0,0.0,0.0,0.0,0.0,0.0,0.0,0.0,0.0,0.0,0.0,0.0,0.0,0.0,0.0,0.0,0.0,0.0,0.953674,0.953674,0.953674,0.953674,0.0,0.0,1.0,1.0,0.0,0.0,0.0,0.0,0.0,0.0,0.0,0.0,0.953674,0.953674,0.953674,0.953674,0.0,0.0,0.0,0.0,0.0,0.0,1024,0,1024,NMAP_XMAS_TREE_SCAN
S1364,51036,340,tcp,-,6e-06,1,1,0,0,167772.16,167772.16,335544.32,1.0,20,20,20,20,20,20,0,0,1,0,0,1,0,0,0,0,0.0,0.0,0.0,0.0,0.0,0.0,0.0,0.0,0.0,0.0,0.0,0.0,0.0,0.0,0.0,0.0,0.0,0.0,0.0,0.0,0.0,0.0,0.0,0.0,0.0,5.960464,5.960464,5.960464,5.960464,0.0,0.0,1.0,1.0,0.0,0.0,0.0,0.0,0.0,0.0,0.0,0.0,5.960464,5.960464,5.960464,5.960464,0.0,0.0,0.0,0.0,0.0,0.0,1024,0,1024,NMAP_OS_DETECTION
S1365,57726,21,tcp,-,4e-06,1,1,1,0,246723.764706,246723.764706,493447.529412,1.0,20,20,20,20,20,20,0,1,1,0,0,1,0,0,0,0,120.0,120.0,120.0,120.0,0.0,0.0,0.0,0.0,0.0,0.0,0.0,120.0,120.0,60.0,84.852814,0.0,0.0,0.0,0.0,0.0,0.0,0.0,0.0,0.0,0.0,4.053116,4.053116,4.053116,4.053116,0.0,29606851.764706,1.0,1.0,120.0,0.0,0.0,0.0,0.0,0.0,0.0,0.0,4.053116,4.053116,4.053116,4.053116,0.0,0.0,0.0,0.0,0.0,0.0,64,0,64,DOS_SYN_Hping
S1366,7034,21,tcp,-,4e-06,1,1,1,0,262144.0,262144.0,524288.0,1.0,20,20,20,20,20,20,0,1,1,0,0,1,0,0,0,0,120.0,120.0,120.0,120.0,0.0,0.0,0.0,0.0,0.0,0.0,0.0,120.0,120.0,60.0,84.852814,0.0,0.0,0.0,0.0,0.0,0.0,0.0,0.0,0.0,0.0,3.814697,3.814697,3.814697,3.814697,0.0,31457280.0,1.0,1.0,120.0,0.0,0.0,0.0,0.0,0.0,0.0,0.0,3.814697,3.814697,3.814697,3.814697,0.0,0.0,0.0,0.0,0.0,0.0,64,0,64,DOS_SYN_Hping
S1367,58351,21,tcp,-,1e-06,1,1,1,0,1048576.0,1048576.0,2097152.0,1.0,20,20,20,20,20,20,0,1,1,0,0,1,0,0,0,0,120.0,120.0,120.0,120.0,0.0,0.0,0.0,0.0,0.0,0.0,0.0,120.0,120.0,60.0,84.852814,0.0,0.0,0.0,0.0,0.0,0.0,0.0,0.0,0.0,0.0,0.953674,0.953674,0.953674,0.953674,0.0,125829120.0,1.0,1.0,120.0,0.0,0.0,0.0,0.0,0.0,0.0,0.0,0.953674,0.953674,0.953674,0.953674,0.0,0.0,0.0,0.0,0.0,0.0,64,0,64,DOS_SYN_Hping
S1368,26102,21,tcp,-,3e-06,1,1,1,0,322638.769231,322638.769231,645277.538462,1.0,20,20,20,20,20,20,0,1,1,0,0,1,0,0,0,0,120.0,120.0,120.0,120.0,0.0,0.0,0.0,0.0,0.0,0.0,0.0,120.0,120.0,60.0,84.852814,0.0,0.0,0.0,0.0,0.0,0.0,0.0,0.0,0.0,0.0,3.099442,3.099442,3.099442,3.099442,0.0,38716652.307692,1.0,1.0,120.0,0.0,0.0,0.0,0.0,0.0,0.0,0.0,3.099442,3.099442,3.099442,3.099442,0.0,0.0,0.0,0.0,0.0,0.0,64,0,64,DOS_SYN_Hping
S1369,39419,1883,tcp,mqtt,62.012452,10,6,3,4,0.1612579999999999,0.096755,0.258013,0.6,328,32,40,200,32,40,0,2,1,3,4,15,0,0,0,0,0.0,33.0,78.0,7.8,12.934021,0.0,23.0,36.0,6.0,8.602325,0.0,33.0,114.0,7.125,11.218289,183.105469,59906026.84021,62012451.88713101,6890272.431903,19886131.021632,52.928925,1611930.131912,1939631.938934,387926.387787,689123.65401,52.928925,59906026.84021,62012451.88713101,4134163.459142,15433211.792556,1.83834,3.333333,2.0,26.0,12.0,0.0,0.0,0.0,0.0,0.0,0.0,2106425.046921,2106425.046921,2106425.046921,2106425.046921,0.0,59906026.84021,59906026.84021,59906026.84021,59906026.84021,0.0,64240,26847,502,MQTT_Publish
S1370,9764,21,tcp,-,4e-06,1,1,1,0,246723.764706,246723.764706,493447.529412,1.0,20,20,20,20,20,20,0,1,1,0,0,1,0,0,0,0,120.0,120.0,120.0,120.0,0.0,0.0,0.0,0.0,0.0,0.0,0.0,120.0,120.0,60.0,84.852814,0.0,0.0,0.0,0.0,0.0,0.0,0.0,0.0,0.0,0.0,4.053116,4.053116,4.053116,4.053116,0.0,29606851.764706,1.0,1.0,120.0,0.0,0.0,0.0,0.0,0.0,0.0,0.0,4.053116,4.053116,4.053116,4.053116,0.0,0.0,0.0,0.0,0.0,0.0,64,0,64,DOS_SYN_Hping
S1371,3666,21,tcp,-,4e-06,1,1,1,0,262144.0,262144.0,524288.0,1.0,20,20,20,20,20,20,0,1,1,0,0,1,0,0,0,0,120.0,120.0,120.0,120.0,0.0,0.0,0.0,0.0,0.0,0.0,0.0,120.0,120.0,60.0,84.852814,0.0,0.0,0.0,0.0,0.0,0.0,0.0,0.0,0.0,0.0,3.814697,3.814697,3.814697,3.814697,0.0,31457280.0,1.0,1.0,120.0,0.0,0.0,0.0,0.0,0.0,0.0,0.0,3.814697,3.814697,3.814697,3.814697,0.0,0.0,0.0,0.0,0.0,0.0,64,0,64,DOS_SYN_Hping
S1372,44576,443,tcp,ssl,4.025852,22,23,13,11,5.464682,5.713076,11.177758,1.045455,712,32,40,708,20,40,2,2,0,13,9,44,0,0,0,0,0.0,517.0,3857.0,175.318182,230.49127400000003,0.0,1831.0,8997.0,391.173913,605.738967,0.0,1831.0,12854.0,285.644444,469.811478,26.941299,1824010.133743,4025856.018066,191707.429432,434184.329609,1.907349,2682862.997055,4005600.92926,182072.769512,598511.766253,1.907349,997467.99469,4025888.919830001,91497.475451,241867.547131,3192.864544,22.0,23.0,3857.0,8997.0,2585.0,3823.0,5.0,6.0,1394.698664,7628365.457659,4025888.919830001,4025888.919830001,4025888.919830001,4025888.919830001,0.0,0.0,0.0,0.0,0.0,0.0,64240,65535,501,ARP_poisioning
S1373,38693,21,tcp,-,1e-06,1,1,1,0,1048576.0,1048576.0,2097152.0,1.0,20,20,20,20,20,20,0,1,1,0,0,1,0,0,0,0,120.0,120.0,120.0,120.0,0.0,0.0,0.0,0.0,0.0,0.0,0.0,120.0,120.0,60.0,84.852814,0.0,0.0,0.0,0.0,0.0,0.0,0.0,0.0,0.0,0.0,0.953674,0.953674,0.953674,0.953674,0.0,125829120.0,1.0,1.0,120.0,0.0,0.0,0.0,0.0,0.0,0.0,0.0,0.953674,0.953674,0.953674,0.953674,0.0,0.0,0.0,0.0,0.0,0.0,64,0,64,DOS_SYN_Hping
S1374,61287,21,tcp,-,4e-06,1,1,1,0,246723.764706,246723.764706,493447.529412,1.0,20,20,20,20,20,20,0,1,1,0,0,1,0,0,0,0,120.0,120.0,120.0,120.0,0.0,0.0,0.0,0.0,0.0,0.0,0.0,120.0,120.0,60.0,84.852814,0.0,0.0,0.0,0.0,0.0,0.0,0.0,0.0,0.0,0.0,4.053116,4.053116,4.053116,4.053116,0.0,29606851.764706,1.0,1.0,120.0,0.0,0.0,0.0,0.0,0.0,0.0,0.0,4.053116,4.053116,4.053116,4.053116,0.0,0.0,0.0,0.0,0.0,0.0,64,0,64,DOS_SYN_Hping
S1375,50372,21,tcp,-,1e-06,1,1,1,0,838860.8,838860.8,1677721.6,1.0,20,20,20,20,20,20,0,1,1,0,0,1,0,0,0,0,120.0,120.0,120.0,120.0,0.0,0.0,0.0,0.0,0.0,0.0,0.0,120.0,120.0,60.0,84.852814,0.0,0.0,0.0,0.0,0.0,0.0,0.0,0.0,0.0,0.0,1.192093,1.192093,1.192093,1.192093,0.0,100663296.0,1.0,1.0,120.0,0.0,0.0,0.0,0.0,0.0,0.0,0.0,1.192093,1.192093,1.192093,1.192093,0.0,0.0,0.0,0.0,0.0,0.0,64,0,64,DOS_SYN_Hping
S1376,16638,21,tcp,-,4e-06,1,1,1,0,246723.764706,246723.764706,493447.529412,1.0,20,20,20,20,20,20,0,1,1,0,0,1,0,0,0,0,120.0,120.0,120.0,120.0,0.0,0.0,0.0,0.0,0.0,0.0,0.0,120.0,120.0,60.0,84.852814,0.0,0.0,0.0,0.0,0.0,0.0,0.0,0.0,0.0,0.0,4.053116,4.053116,4.053116,4.053116,0.0,29606851.764706,1.0,1.0,120.0,0.0,0.0,0.0,0.0,0.0,0.0,0.0,4.053116,4.053116,4.053116,4.053116,0.0,0.0,0.0,0.0,0.0,0.0,64,0,64,DOS_SYN_Hping
S1377,4920,21,tcp,-,1e-06,1,1,1,0,1048576.0,1048576.0,2097152.0,1.0,20,20,20,20,20,20,0,1,1,0,0,1,0,0,0,0,120.0,120.0,120.0,120.0,0.0,0.0,0.0,0.0,0.0,0.0,0.0,120.0,120.0,60.0,84.852814,0.0,0.0,0.0,0.0,0.0,0.0,0.0,0.0,0.0,0.0,0.953674,0.953674,0.953674,0.953674,0.0,125829120.0,1.0,1.0,120.0,0.0,0.0,0.0,0.0,0.0,0.0,0.0,0.953674,0.953674,0.953674,0.953674,0.0,0.0,0.0,0.0,0.0,0.0,64,0,64,DOS_SYN_Hping
S1378,37925,21,tcp,-,1e-06,1,1,1,0,1048576.0,1048576.0,2097152.0,1.0,20,20,20,20,20,20,0,1,1,0,0,1,0,0,0,0,120.0,120.0,120.0,120.0,0.0,0.0,0.0,0.0,0.0,0.0,0.0,120.0,120.0,60.0,84.852814,0.0,0.0,0.0,0.0,0.0,0.0,0.0,0.0,0.0,0.0,0.953674,0.953674,0.953674,0.953674,0.0,125829120.0,1.0,1.0,120.0,0.0,0.0,0.0,0.0,0.0,0.0,0.0,0.953674,0.953674,0.953674,0.953674,0.0,0.0,0.0,0.0,0.0,0.0,64,0,64,DOS_SYN_Hping
S1379,53619,21,tcp,-,5e-06,1,1,1,0,199728.761905,199728.761905,399457.52381,1.0,20,20,20,20,20,20,0,1,1,0,0,1,0,0,0,0,120.0,120.0,120.0,120.0,0.0,0.0,0.0,0.0,0.0,0.0,0.0,120.0,120.0,60.0,84.852814,0.0,0.0,0.0,0.0,0.0,0.0,0.0,0.0,0.0,0.0,5.0067900000000005,5.0067900000000005,5.0067900000000005,5.0067900000000005,0.0,23967451.428571,1.0,1.0,120.0,0.0,0.0,0.0,0.0,0.0,0.0,0.0,5.0067900000000005,5.0067900000000005,5.0067900000000005,5.0067900000000005,0.0,0.0,0.0,0.0,0.0,0.0,64,0,64,DOS_SYN_Hping
S1380,52629,1883,tcp,mqtt,26.048614,10,6,3,4,0.383898,0.230339,0.614236,0.6,328,32,40,200,32,40,0,2,1,3,4,15,0,0,0,0,0.0,33.0,77.0,7.7,12.789318,0.0,22.0,35.0,5.8333330000000005,8.20772,0.0,33.0,112.0,7.0,11.021192,266.075134,23758674.144745,26048614.025116,2894290.447235,7833317.021944,898.1227869999999,1501407.86171,2028032.064438,405606.412888,626136.356796,266.075134,23758674.144745,26048614.025116,1736574.268341,6100585.998965,4.299653,3.333333,2.0,25.666667,11.666667,0.0,0.0,0.0,0.0,0.0,0.0,2289939.880371,2289939.880371,2289939.880371,2289939.880371,0.0,23758674.144745,23758674.144745,23758674.144745,23758674.144745,0.0,64240,26847,502,MQTT_Publish
S1381,53970,21,tcp,-,4e-06,1,1,1,0,246723.764706,246723.764706,493447.529412,1.0,20,20,20,20,20,20,0,1,1,0,0,1,0,0,0,0,120.0,120.0,120.0,120.0,0.0,0.0,0.0,0.0,0.0,0.0,0.0,120.0,120.0,60.0,84.852814,0.0,0.0,0.0,0.0,0.0,0.0,0.0,0.0,0.0,0.0,4.053116,4.053116,4.053116,4.053116,0.0,29606851.764706,1.0,1.0,120.0,0.0,0.0,0.0,0.0,0.0,0.0,0.0,4.053116,4.053116,4.053116,4.053116,0.0,0.0,0.0,0.0,0.0,0.0,64,0,64,DOS_SYN_Hping
S1382,34285,21,tcp,-,4e-06,1,1,1,0,246723.764706,246723.764706,493447.529412,1.0,20,20,20,20,20,20,0,1,1,0,0,1,0,0,0,0,120.0,120.0,120.0,120.0,0.0,0.0,0.0,0.0,0.0,0.0,0.0,120.0,120.0,60.0,84.852814,0.0,0.0,0.0,0.0,0.0,0.0,0.0,0.0,0.0,0.0,4.053116,4.053116,4.053116,4.053116,0.0,29606851.764706,1.0,1.0,120.0,0.0,0.0,0.0,0.0,0.0,0.0,0.0,4.053116,4.053116,4.053116,4.053116,0.0,0.0,0.0,0.0,0.0,0.0,64,0,64,DOS_SYN_Hping
S1383,7562,21,tcp,-,0.0,1,0,1,0,0.0,0.0,0.0,0.0,20,20,20,0,0,0,0,1,0,0,0,0,0,0,0,0,120.0,120.0,120.0,120.0,0.0,0.0,0.0,0.0,0.0,0.0,120.0,120.0,120.0,120.0,0.0,0.0,0.0,0.0,0.0,0.0,0.0,0.0,0.0,0.0,0.0,0.0,0.0,0.0,0.0,0.0,0.0,1.0,0.0,120.0,0.0,0.0,0.0,0.0,0.0,0.0,0.0,0.0,0.0,0.0,0.0,0.0,0.0,0.0,0.0,0.0,0.0,64,0,64,DOS_SYN_Hping
S1384,35320,21,tcp,-,4e-06,1,1,1,0,246723.764706,246723.764706,493447.529412,1.0,20,20,20,20,20,20,0,1,1,0,0,1,0,0,0,0,120.0,120.0,120.0,120.0,0.0,0.0,0.0,0.0,0.0,0.0,0.0,120.0,120.0,60.0,84.852814,0.0,0.0,0.0,0.0,0.0,0.0,0.0,0.0,0.0,0.0,4.053116,4.053116,4.053116,4.053116,0.0,29606851.764706,1.0,1.0,120.0,0.0,0.0,0.0,0.0,0.0,0.0,0.0,4.053116,4.053116,4.053116,4.053116,0.0,0.0,0.0,0.0,0.0,0.0,64,0,64,DOS_SYN_Hping
S1385,26197,21,tcp,-,4e-06,1,1,1,0,246723.764706,246723.764706,493447.529412,1.0,20,20,20,20,20,20,0,1,1,0,0,1,0,0,0,0,120.0,120.0,120.0,120.0,0.0,0.0,0.0,0.0,0.0,0.0,0.0,120.0,120.0,60.0,84.852814,0.0,0.0,0.0,0.0,0.0,0.0,0.0,0.0,0.0,0.0,4.053116,4.053116,4.053116,4.053116,0.0,29606851.764706,1.0,1.0,120.0,0.0,0.0,0.0,0.0,0.0,0.0,0.0,4.053116,4.053116,4.053116,4.053116,0.0,0.0,0.0,0.0,0.0,0.0,64,0,64,DOS_SYN_Hping
S1386,20179,21,tcp,-,7.000000000000001e-06,1,1,1,0,139810.133333,139810.133333,279620.266667,1.0,20,20,20,20,20,20,0,1,1,0,0,1,0,0,0,0,120.0,120.0,120.0,120.0,0.0,0.0,0.0,0.0,0.0,0.0,0.0,120.0,120.0,60.0,84.852814,0.0,0.0,0.0,0.0,0.0,0.0,0.0,0.0,0.0,0.0,7.152557000000001,7.152557000000001,7.152557000000001,7.152557000000001,0.0,16777216.0,1.0,1.0,120.0,0.0,0.0,0.0,0.0,0.0,0.0,0.0,7.152557000000001,7.152557000000001,7.152557000000001,7.152557000000001,0.0,0.0,0.0,0.0,0.0,0.0,64,0,64,DOS_SYN_Hping
S1387,27490,21,tcp,-,4e-06,1,1,1,0,246723.764706,246723.764706,493447.529412,1.0,20,20,20,20,20,20,0,1,1,0,0,1,0,0,0,0,120.0,120.0,120.0,120.0,0.0,0.0,0.0,0.0,0.0,0.0,0.0,120.0,120.0,60.0,84.852814,0.0,0.0,0.0,0.0,0.0,0.0,0.0,0.0,0.0,0.0,4.053116,4.053116,4.053116,4.053116,0.0,29606851.764706,1.0,1.0,120.0,0.0,0.0,0.0,0.0,0.0,0.0,0.0,4.053116,4.053116,4.053116,4.053116,0.0,0.0,0.0,0.0,0.0,0.0,64,0,64,DOS_SYN_Hping
S1388,57403,1883,tcp,mqtt,61.971696,10,6,3,4,0.161364,0.096818,0.258182,0.6,328,32,40,200,32,40,0,2,1,3,4,15,0,0,0,0,0.0,33.0,78.0,7.8,12.934021,0.0,23.0,36.0,6.0,8.602325,0.0,33.0,114.0,7.125,11.218289,235.080719,59911598.920822,61971695.899963,6885743.988885,19889743.54252,76.055527,1587906.837463,1904471.874237,380894.374847,679123.866645,76.055527,59911598.920822,61971695.899963,4131446.393331,15435352.152575,1.839549,3.333333,2.0,26.0,12.0,0.0,0.0,0.0,0.0,0.0,0.0,2060096.979141,2060096.979141,2060096.979141,2060096.979141,0.0,59911598.920822,59911598.920822,59911598.920822,59911598.920822,0.0,64240,26847,502,MQTT_Publish
S1389,35002,21,tcp,-,5e-06,1,1,1,0,199728.761905,199728.761905,399457.52381,1.0,20,20,20,20,20,20,0,1,1,0,0,1,0,0,0,0,120.0,120.0,120.0,120.0,0.0,0.0,0.0,0.0,0.0,0.0,0.0,120.0,120.0,60.0,84.852814,0.0,0.0,0.0,0.0,0.0,0.0,0.0,0.0,0.0,0.0,5.0067900000000005,5.0067900000000005,5.0067900000000005,5.0067900000000005,0.0,23967451.428571,1.0,1.0,120.0,0.0,0.0,0.0,0.0,0.0,0.0,0.0,5.0067900000000005,5.0067900000000005,5.0067900000000005,5.0067900000000005,0.0,0.0,0.0,0.0,0.0,0.0,64,0,64,DOS_SYN_Hping
S1390,63248,21,tcp,-,4e-06,1,1,1,0,246723.764706,246723.764706,493447.529412,1.0,20,20,20,20,20,20,0,1,1,0,0,1,0,0,0,0,120.0,120.0,120.0,120.0,0.0,0.0,0.0,0.0,0.0,0.0,0.0,120.0,120.0,60.0,84.852814,0.0,0.0,0.0,0.0,0.0,0.0,0.0,0.0,0.0,0.0,4.053116,4.053116,4.053116,4.053116,0.0,29606851.764706,1.0,1.0,120.0,0.0,0.0,0.0,0.0,0.0,0.0,0.0,4.053116,4.053116,4.053116,4.053116,0.0,0.0,0.0,0.0,0.0,0.0,64,0,64,DOS_SYN_Hping
S1391,51443,21,tcp,-,0.0,1,0,1,0,0.0,0.0,0.0,0.0,20,20,20,0,0,0,0,1,0,0,0,0,0,0,0,0,120.0,120.0,120.0,120.0,0.0,0.0,0.0,0.0,0.0,0.0,120.0,120.0,120.0,120.0,0.0,0.0,0.0,0.0,0.0,0.0,0.0,0.0,0.0,0.0,0.0,0.0,0.0,0.0,0.0,0.0,0.0,1.0,0.0,120.0,0.0,0.0,0.0,0.0,0.0,0.0,0.0,0.0,0.0,0.0,0.0,0.0,0.0,0.0,0.0,0.0,0.0,64,0,64,DOS_SYN_Hping
S1392,1626,21,tcp,-,1e-06,1,1,1,0,1048576.0,1048576.0,2097152.0,1.0,20,20,20,20,20,20,0,1,1,0,0,1,0,0,0,0,120.0,120.0,120.0,120.0,0.0,0.0,0.0,0.0,0.0,0.0,0.0,120.0,120.0,60.0,84.852814,0.0,0.0,0.0,0.0,0.0,0.0,0.0,0.0,0.0,0.0,0.953674,0.953674,0.953674,0.953674,0.0,125829120.0,1.0,1.0,120.0,0.0,0.0,0.0,0.0,0.0,0.0,0.0,0.953674,0.953674,0.953674,0.953674,0.0,0.0,0.0,0.0,0.0,0.0,64,0,64,DOS_SYN_Hping
S1393,4736,21,tcp,-,0.0,1,0,1,0,0.0,0.0,0.0,0.0,20,20,20,0,0,0,0,1,0,0,0,0,0,0,0,0,120.0,120.0,120.0,120.0,0.0,0.0,0.0,0.0,0.0,0.0,120.0,120.0,120.0,120.0,0.0,0.0,0.0,0.0,0.0,0.0,0.0,0.0,0.0,0.0,0.0,0.0,0.0,0.0,0.0,0.0,0.0,1.0,0.0,120.0,0.0,0.0,0.0,0.0,0.0,0.0,0.0,0.0,0.0,0.0,0.0,0.0,0.0,0.0,0.0,0.0,0.0,64,0,64,DOS_SYN_Hping
S1394,54659,21,tcp,-,0.0,1,0,1,0,0.0,0.0,0.0,0.0,20,20,20,0,0,0,0,1,0,0,0,0,0,0,0,0,120.0,120.0,120.0,120.0,0.0,0.0,0.0,0.0,0.0,0.0,120.0,120.0,120.0,120.0,0.0,0.0,0.0,0.0,0.0,0.0,0.0,0.0,0.0,0.0,0.0,0.0,0.0,0.0,0.0,0.0,0.0,1.0,0.0,120.0,0.0,0.0,0.0,0.0,0.0,0.0,0.0,0.0,0.0,0.0,0.0,0.0,0.0,0.0,0.0,0.0,0.0,64,0,64,DOS_SYN_Hping
S1395,50206,21,tcp,-,1e-06,1,1,1,0,1048576.0,1048576.0,2097152.0,1.0,20,20,20,20,20,20,0,1,1,0,0,1,0,0,0,0,120.0,120.0,120.0,120.0,0.0,0.0,0.0,0.0,0.0,0.0,0.0,120.0,120.0,60.0,84.852814,0.0,0.0,0.0,0.0,0.0,0.0,0.0,0.0,0.0,0.0,0.953674,0.953674,0.953674,0.953674,0.0,125829120.0,1.0,1.0,120.0,0.0,0.0,0.0,0.0,0.0,0.0,0.0,0.953674,0.953674,0.953674,0.953674,0.0,0.0,0.0,0.0,0.0,0.0,64,0,64,DOS_SYN_Hping
S1396,13611,21,tcp,-,1e-06,1,1,1,0,1048576.0,1048576.0,2097152.0,1.0,20,20,20,20,20,20,0,1,1,0,0,1,0,0,0,0,120.0,120.0,120.0,120.0,0.0,0.0,0.0,0.0,0.0,0.0,0.0,120.0,120.0,60.0,84.852814,0.0,0.0,0.0,0.0,0.0,0.0,0.0,0.0,0.0,0.0,0.953674,0.953674,0.953674,0.953674,0.0,125829120.0,1.0,1.0,120.0,0.0,0.0,0.0,0.0,0.0,0.0,0.0,0.953674,0.953674,0.953674,0.953674,0.0,0.0,0.0,0.0,0.0,0.0,64,0,64,DOS_SYN_Hping
S1397,34386,53,udp,dns,0.025755,2,2,2,2,77.654321,77.654321,155.308642,1.0,16,8,8,16,8,8,0,0,0,0,0,0,0,0,0,0,36.0,36.0,72.0,36.0,0.0,36.0,68.0,104.0,52.0,22.627417,36.0,68.0,176.0,44.0,16.0,25287.15134,25287.15134,25287.15134,25287.15134,0.0,2314.090729,2314.090729,2314.090729,2314.090729,0.0,468.015671,23441.07628,25755.16701,8585.055669,12884.12873,6833.580227,2.0,2.0,72.0,104.0,0.0,0.0,0.0,0.0,0.0,0.0,25755.16701,25755.16701,25755.16701,25755.16701,0.0,0.0,0.0,0.0,0.0,0.0,0,0,0,Thing_Speak
S1398,5663,21,tcp,-,4e-06,1,1,1,0,246723.764706,246723.764706,493447.529412,1.0,20,20,20,20,20,20,0,1,1,0,0,1,0,0,0,0,120.0,120.0,120.0,120.0,0.0,0.0,0.0,0.0,0.0,0.0,0.0,120.0,120.0,60.0,84.852814,0.0,0.0,0.0,0.0,0.0,0.0,0.0,0.0,0.0,0.0,4.053116,4.053116,4.053116,4.053116,0.0,29606851.764706,1.0,1.0,120.0,0.0,0.0,0.0,0.0,0.0,0.0,0.0,4.053116,4.053116,4.053116,4.053116,0.0,0.0,0.0,0.0,0.0,0.0,64,0,64,DOS_SYN_Hping
S1399,33148,80,tcp,http,0.731105,7,5,2,1,9.574547,6.838962,16.413509,0.714286,232,32,40,168,32,40,2,2,0,2,1,11,0,0,0,0,0.0,169.0,215.0,30.714286,63.34223000000001,0.0,538.0,538.0,107.6,240.600914,0.0,538.0,753.0,62.75,157.50043300000002,90.837479,266180.0385,733036.9949,122172.8325,134152.9276,46.014786,231682.0621,495281.9347,123820.4837,125018.4923,46.014786,235823.1544,733036.9949,66639.72681000001,105428.0098,1029.947693,7.0,5.0,215.0,538.0,0.0,0.0,0.0,0.0,0.0,0.0,733036.9949,733036.9949,733036.9949,733036.9949,0.0,0.0,0.0,0.0,0.0,0.0,64240,26847,501,Thing_Speak
S1400,58357,21,tcp,-,1e-06,1,1,1,0,1048576.0,1048576.0,2097152.0,1.0,20,20,20,20,20,20,0,1,1,0,0,1,0,0,0,0,120.0,120.0,120.0,120.0,0.0,0.0,0.0,0.0,0.0,0.0,0.0,120.0,120.0,60.0,84.852814,0.0,0.0,0.0,0.0,0.0,0.0,0.0,0.0,0.0,0.0,0.953674,0.953674,0.953674,0.953674,0.0,125829120.0,1.0,1.0,120.0,0.0,0.0,0.0,0.0,0.0,0.0,0.0,0.953674,0.953674,0.953674,0.953674,0.0,0.0,0.0,0.0,0.0,0.0,64,0,64,DOS_SYN_Hping
S1401,45720,21,tcp,-,1e-06,1,1,1,0,1048576.0,1048576.0,2097152.0,1.0,20,20,20,20,20,20,0,1,1,0,0,1,0,0,0,0,120.0,120.0,120.0,120.0,0.0,0.0,0.0,0.0,0.0,0.0,0.0,120.0,120.0,60.0,84.852814,0.0,0.0,0.0,0.0,0.0,0.0,0.0,0.0,0.0,0.0,0.953674,0.953674,0.953674,0.953674,0.0,125829120.0,1.0,1.0,120.0,0.0,0.0,0.0,0.0,0.0,0.0,0.0,0.953674,0.953674,0.953674,0.953674,0.0,0.0,0.0,0.0,0.0,0.0,64,0,64,DOS_SYN_Hping
S1402,55169,21,tcp,-,1e-06,1,1,1,0,1048576.0,1048576.0,2097152.0,1.0,20,20,20,20,20,20,0,1,1,0,0,1,0,0,0,0,120.0,120.0,120.0,120.0,0.0,0.0,0.0,0.0,0.0,0.0,0.0,120.0,120.0,60.0,84.852814,0.0,0.0,0.0,0.0,0.0,0.0,0.0,0.0,0.0,0.0,0.953674,0.953674,0.953674,0.953674,0.0,125829120.0,1.0,1.0,120.0,0.0,0.0,0.0,0.0,0.0,0.0,0.0,0.953674,0.953674,0.953674,0.953674,0.0,0.0,0.0,0.0,0.0,0.0,64,0,64,DOS_SYN_Hping
S1403,32279,21,tcp,-,4e-06,1,1,1,0,246723.764706,246723.764706,493447.529412,1.0,20,20,20,20,20,20,0,1,1,0,0,1,0,0,0,0,120.0,120.0,120.0,120.0,0.0,0.0,0.0,0.0,0.0,0.0,0.0,120.0,120.0,60.0,84.852814,0.0,0.0,0.0,0.0,0.0,0.0,0.0,0.0,0.0,0.0,4.053116,4.053116,4.053116,4.053116,0.0,29606851.764706,1.0,1.0,120.0,0.0,0.0,0.0,0.0,0.0,0.0,0.0,4.053116,4.053116,4.053116,4.053116,0.0,0.0,0.0,0.0,0.0,0.0,64,0,64,DOS_SYN_Hping
S1404,51845,21,tcp,-,5e-06,1,1,1,0,199728.761905,199728.761905,399457.52381,1.0,20,20,20,20,20,20,0,1,1,0,0,1,0,0,0,0,120.0,120.0,120.0,120.0,0.0,0.0,0.0,0.0,0.0,0.0,0.0,120.0,120.0,60.0,84.852814,0.0,0.0,0.0,0.0,0.0,0.0,0.0,0.0,0.0,0.0,5.0067900000000005,5.0067900000000005,5.0067900000000005,5.0067900000000005,0.0,23967451.428571,1.0,1.0,120.0,0.0,0.0,0.0,0.0,0.0,0.0,0.0,5.0067900000000005,5.0067900000000005,5.0067900000000005,5.0067900000000005,0.0,0.0,0.0,0.0,0.0,0.0,64,0,64,DOS_SYN_Hping
S1405,18341,21,tcp,-,2e-06,1,1,1,0,524288.0,524288.0,1048576.0,1.0,20,20,20,20,20,20,0,1,1,0,0,1,0,0,0,0,120.0,120.0,120.0,120.0,0.0,0.0,0.0,0.0,0.0,0.0,0.0,120.0,120.0,60.0,84.852814,0.0,0.0,0.0,0.0,0.0,0.0,0.0,0.0,0.0,0.0,1.907349,1.907349,1.907349,1.907349,0.0,62914560.0,1.0,1.0,120.0,0.0,0.0,0.0,0.0,0.0,0.0,0.0,1.907349,1.907349,1.907349,1.907349,0.0,0.0,0.0,0.0,0.0,0.0,64,0,64,DOS_SYN_Hping
S1406,56614,21,tcp,-,4e-06,1,1,1,0,246723.764706,246723.764706,493447.529412,1.0,20,20,20,20,20,20,0,1,1,0,0,1,0,0,0,0,120.0,120.0,120.0,120.0,0.0,0.0,0.0,0.0,0.0,0.0,0.0,120.0,120.0,60.0,84.852814,0.0,0.0,0.0,0.0,0.0,0.0,0.0,0.0,0.0,0.0,4.053116,4.053116,4.053116,4.053116,0.0,29606851.764706,1.0,1.0,120.0,0.0,0.0,0.0,0.0,0.0,0.0,0.0,4.053116,4.053116,4.053116,4.053116,0.0,0.0,0.0,0.0,0.0,0.0,64,0,64,DOS_SYN_Hping
S1407,45047,21,tcp,-,4e-06,1,1,1,0,246723.764706,246723.764706,493447.529412,1.0,20,20,20,20,20,20,0,1,1,0,0,1,0,0,0,0,120.0,120.0,120.0,120.0,0.0,0.0,0.0,0.0,0.0,0.0,0.0,120.0,120.0,60.0,84.852814,0.0,0.0,0.0,0.0,0.0,0.0,0.0,0.0,0.0,0.0,4.053116,4.053116,4.053116,4.053116,0.0,29606851.764706,1.0,1.0,120.0,0.0,0.0,0.0,0.0,0.0,0.0,0.0,4.053116,4.053116,4.053116,4.053116,0.0,0.0,0.0,0.0,0.0,0.0,64,0,64,DOS_SYN_Hping
S1408,11715,21,tcp,-,4e-06,1,1,1,0,246723.764706,246723.764706,493447.529412,1.0,20,20,20,20,20,20,0,1,1,0,0,1,0,0,0,0,120.0,120.0,120.0,120.0,0.0,0.0,0.0,0.0,0.0,0.0,0.0,120.0,120.0,60.0,84.852814,0.0,0.0,0.0,0.0,0.0,0.0,0.0,0.0,0.0,0.0,4.053116,4.053116,4.053116,4.053116,0.0,29606851.764706,1.0,1.0,120.0,0.0,0.0,0.0,0.0,0.0,0.0,0.0,4.053116,4.053116,4.053116,4.053116,0.0,0.0,0.0,0.0,0.0,0.0,64,0,64,DOS_SYN_Hping
S1409,28316,21,tcp,-,1e-06,1,1,1,0,838860.8,838860.8,1677721.6,1.0,20,20,20,20,20,20,0,1,1,0,0,1,0,0,0,0,120.0,120.0,120.0,120.0,0.0,0.0,0.0,0.0,0.0,0.0,0.0,120.0,120.0,60.0,84.852814,0.0,0.0,0.0,0.0,0.0,0.0,0.0,0.0,0.0,0.0,1.192093,1.192093,1.192093,1.192093,0.0,100663296.0,1.0,1.0,120.0,0.0,0.0,0.0,0.0,0.0,0.0,0.0,1.192093,1.192093,1.192093,1.192093,0.0,0.0,0.0,0.0,0.0,0.0,64,0,64,DOS_SYN_Hping
S1410,54119,5353,udp,dns,0.0,1,0,1,0,0.0,0.0,0.0,0.0,8,8,8,0,0,0,0,0,0,0,0,0,0,0,0,0,47.0,47.0,47.0,47.0,0.0,0.0,0.0,0.0,0.0,0.0,47.0,47.0,47.0,47.0,0.0,0.0,0.0,0.0,0.0,0.0,0.0,0.0,0.0,0.0,0.0,0.0,0.0,0.0,0.0,0.0,0.0,1.0,0.0,47.0,0.0,0.0,0.0,0.0,0.0,0.0,0.0,0.0,0.0,0.0,0.0,0.0,0.0,0.0,0.0,0.0,0.0,0,0,0,ARP_poisioning
S1411,54034,21,tcp,-,4e-06,1,1,1,0,246723.764706,246723.764706,493447.529412,1.0,20,20,20,20,20,20,0,1,1,0,0,1,0,0,0,0,120.0,120.0,120.0,120.0,0.0,0.0,0.0,0.0,0.0,0.0,0.0,120.0,120.0,60.0,84.852814,0.0,0.0,0.0,0.0,0.0,0.0,0.0,0.0,0.0,0.0,4.053116,4.053116,4.053116,4.053116,0.0,29606851.764706,1.0,1.0,120.0,0.0,0.0,0.0,0.0,0.0,0.0,0.0,4.053116,4.053116,4.053116,4.053116,0.0,0.0,0.0,0.0,0.0,0.0,64,0,64,DOS_SYN_Hping
S1412,52843,21,tcp,-,4e-06,1,1,1,0,246723.764706,246723.764706,493447.529412,1.0,20,20,20,20,20,20,0,1,1,0,0,1,0,0,0,0,120.0,120.0,120.0,120.0,0.0,0.0,0.0,0.0,0.0,0.0,0.0,120.0,120.0,60.0,84.852814,0.0,0.0,0.0,0.0,0.0,0.0,0.0,0.0,0.0,0.0,4.053116,4.053116,4.053116,4.053116,0.0,29606851.764706,1.0,1.0,120.0,0.0,0.0,0.0,0.0,0.0,0.0,0.0,4.053116,4.053116,4.053116,4.053116,0.0,0.0,0.0,0.0,0.0,0.0,64,0,64,DOS_SYN_Hping
S1413,8882,21,tcp,-,4e-06,1,1,1,0,246723.764706,246723.764706,493447.529412,1.0,20,20,20,20,20,20,0,1,1,0,0,1,0,0,0,0,120.0,120.0,120.0,120.0,0.0,0.0,0.0,0.0,0.0,0.0,0.0,120.0,120.0,60.0,84.852814,0.0,0.0,0.0,0.0,0.0,0.0,0.0,0.0,0.0,0.0,4.053116,4.053116,4.053116,4.053116,0.0,29606851.764706,1.0,1.0,120.0,0.0,0.0,0.0,0.0,0.0,0.0,0.0,4.053116,4.053116,4.053116,4.053116,0.0,0.0,0.0,0.0,0.0,0.0,64,0,64,DOS_SYN_Hping
S1414,47120,21,tcp,-,0.0,1,1,1,0,0.0,0.0,0.0,1.0,20,20,20,20,20,20,0,1,1,0,0,1,0,0,0,0,120.0,120.0,120.0,120.0,0.0,0.0,0.0,0.0,0.0,0.0,0.0,120.0,120.0,60.0,84.852814,0.0,0.0,0.0,0.0,0.0,0.0,0.0,0.0,0.0,0.0,0.0,0.0,0.0,0.0,0.0,0.0,1.0,1.0,120.0,0.0,0.0,0.0,0.0,0.0,0.0,0.0,0.0,0.0,0.0,0.0,0.0,0.0,0.0,0.0,0.0,0.0,64,0,64,DOS_SYN_Hping
S1415,8164,21,tcp,-,5e-06,1,1,1,0,199728.761905,199728.761905,399457.52381,1.0,20,20,20,20,20,20,0,1,1,0,0,1,0,0,0,0,120.0,120.0,120.0,120.0,0.0,0.0,0.0,0.0,0.0,0.0,0.0,120.0,120.0,60.0,84.852814,0.0,0.0,0.0,0.0,0.0,0.0,0.0,0.0,0.0,0.0,5.0067900000000005,5.0067900000000005,5.0067900000000005,5.0067900000000005,0.0,23967451.428571,1.0,1.0,120.0,0.0,0.0,0.0,0.0,0.0,0.0,0.0,5.0067900000000005,5.0067900000000005,5.0067900000000005,5.0067900000000005,0.0,0.0,0.0,0.0,0.0,0.0,64,0,64,DOS_SYN_Hping
S1416,24785,21,tcp,-,1e-06,1,1,1,0,1048576.0,1048576.0,2097152.0,1.0,20,20,20,20,20,20,0,1,1,0,0,1,0,0,0,0,120.0,120.0,120.0,120.0,0.0,0.0,0.0,0.0,0.0,0.0,0.0,120.0,120.0,60.0,84.852814,0.0,0.0,0.0,0.0,0.0,0.0,0.0,0.0,0.0,0.0,0.953674,0.953674,0.953674,0.953674,0.0,125829120.0,1.0,1.0,120.0,0.0,0.0,0.0,0.0,0.0,0.0,0.0,0.953674,0.953674,0.953674,0.953674,0.0,0.0,0.0,0.0,0.0,0.0,64,0,64,DOS_SYN_Hping
S1417,58482,21,tcp,-,1e-06,1,1,1,0,1048576.0,1048576.0,2097152.0,1.0,20,20,20,20,20,20,0,1,1,0,0,1,0,0,0,0,120.0,120.0,120.0,120.0,0.0,0.0,0.0,0.0,0.0,0.0,0.0,120.0,120.0,60.0,84.852814,0.0,0.0,0.0,0.0,0.0,0.0,0.0,0.0,0.0,0.0,0.953674,0.953674,0.953674,0.953674,0.0,125829120.0,1.0,1.0,120.0,0.0,0.0,0.0,0.0,0.0,0.0,0.0,0.953674,0.953674,0.953674,0.953674,0.0,0.0,0.0,0.0,0.0,0.0,64,0,64,DOS_SYN_Hping
S1418,26757,21,tcp,-,4e-06,1,1,1,0,246723.764706,246723.764706,493447.529412,1.0,20,20,20,20,20,20,0,1,1,0,0,1,0,0,0,0,120.0,120.0,120.0,120.0,0.0,0.0,0.0,0.0,0.0,0.0,0.0,120.0,120.0,60.0,84.852814,0.0,0.0,0.0,0.0,0.0,0.0,0.0,0.0,0.0,0.0,4.053116,4.053116,4.053116,4.053116,0.0,29606851.764706,1.0,1.0,120.0,0.0,0.0,0.0,0.0,0.0,0.0,0.0,4.053116,4.053116,4.053116,4.053116,0.0,0.0,0.0,0.0,0.0,0.0,64,0,64,DOS_SYN_Hping
S1419,40708,80,tcp,http,0.861418,7,5,2,1,8.126136,5.8043830000000005,13.930519,0.714286,232,32,40,168,32,40,2,2,0,2,1,11,0,0,0,0,0.0,169.0,202.0,28.857143,63.00907,0.0,539.0,539.0,107.8,241.048128,0.0,539.0,741.0,61.75,157.945402,99.897385,298016.0713,863138.1989,143856.3665,156976.5784,4826.068878,274503.9463,567139.864,141784.966,150010.7768,99.897385,294278.1448,863138.1989,78467.10899,127689.0502,860.2095529999999,7.0,5.0,202.0,539.0,0.0,0.0,0.0,0.0,0.0,0.0,863138.1989,863138.1989,863138.1989,863138.1989,0.0,0.0,0.0,0.0,0.0,0.0,64240,26847,501,Thing_Speak
S1420,32901,21,tcp,-,4e-06,1,1,1,0,246723.764706,246723.764706,493447.529412,1.0,20,20,20,20,20,20,0,1,1,0,0,1,0,0,0,0,120.0,120.0,120.0,120.0,0.0,0.0,0.0,0.0,0.0,0.0,0.0,120.0,120.0,60.0,84.852814,0.0,0.0,0.0,0.0,0.0,0.0,0.0,0.0,0.0,0.0,4.053116,4.053116,4.053116,4.053116,0.0,29606851.764706,1.0,1.0,120.0,0.0,0.0,0.0,0.0,0.0,0.0,0.0,4.053116,4.053116,4.053116,4.053116,0.0,0.0,0.0,0.0,0.0,0.0,64,0,64,DOS_SYN_Hping
S1421,34650,21,tcp,-,0.0,1,0,1,0,0.0,0.0,0.0,0.0,20,20,20,0,0,0,0,1,0,0,0,0,0,0,0,0,120.0,120.0,120.0,120.0,0.0,0.0,0.0,0.0,0.0,0.0,120.0,120.0,120.0,120.0,0.0,0.0,0.0,0.0,0.0,0.0,0.0,0.0,0.0,0.0,0.0,0.0,0.0,0.0,0.0,0.0,0.0,1.0,0.0,120.0,0.0,0.0,0.0,0.0,0.0,0.0,0.0,0.0,0.0,0.0,0.0,0.0,0.0,0.0,0.0,0.0,0.0,64,0,64,DOS_SYN_Hping
S1422,11261,21,tcp,-,0.0,1,1,1,0,0.0,0.0,0.0,1.0,20,20,20,20,20,20,0,1,1,0,0,1,0,0,0,0,120.0,120.0,120.0,120.0,0.0,0.0,0.0,0.0,0.0,0.0,0.0,120.0,120.0,60.0,84.852814,0.0,0.0,0.0,0.0,0.0,0.0,0.0,0.0,0.0,0.0,0.0,0.0,0.0,0.0,0.0,0.0,1.0,1.0,120.0,0.0,0.0,0.0,0.0,0.0,0.0,0.0,0.0,0.0,0.0,0.0,0.0,0.0,0.0,0.0,0.0,0.0,64,0,64,DOS_SYN_Hping
S1423,53740,21,tcp,-,4e-06,1,1,1,0,246723.764706,246723.764706,493447.529412,1.0,20,20,20,20,20,20,0,1,1,0,0,1,0,0,0,0,120.0,120.0,120.0,120.0,0.0,0.0,0.0,0.0,0.0,0.0,0.0,120.0,120.0,60.0,84.852814,0.0,0.0,0.0,0.0,0.0,0.0,0.0,0.0,0.0,0.0,4.053116,4.053116,4.053116,4.053116,0.0,29606851.764706,1.0,1.0,120.0,0.0,0.0,0.0,0.0,0.0,0.0,0.0,4.053116,4.053116,4.053116,4.053116,0.0,0.0,0.0,0.0,0.0,0.0,64,0,64,DOS_SYN_Hping
S1424,58277,1883,tcp,mqtt,27.086359,9,5,3,3,0.332271,0.184595,0.516865,0.555556,296,32,40,168,32,40,0,2,1,3,3,13,0,0,0,0,0.0,33.0,76.0,8.444444,13.115935999999998,0.0,23.0,32.0,6.4,9.555103,0.0,33.0,108.0,7.714286,11.618477,259.160995,24676626.9207,27086359.024048,3385794.878006,8609341.472531,6942.9874420000015,1435680.866241,2089400.0530240005,522350.01325600006,627017.525698,259.160995,24676626.9207,27086359.024048,2083566.078773,6795300.124185,3.987247,3.0,1.666667,25.333333,10.666667,0.0,0.0,0.0,0.0,0.0,0.0,2409732.103348,2409732.103348,2409732.103348,2409732.103348,0.0,24676626.9207,24676626.9207,24676626.9207,24676626.9207,0.0,64240,26847,502,MQTT_Publish
S1425,52498,21,tcp,-,5e-06,1,1,1,0,199728.761905,199728.761905,399457.52381,1.0,20,20,20,20,20,20,0,1,1,0,0,1,0,0,0,0,120.0,120.0,120.0,120.0,0.0,0.0,0.0,0.0,0.0,0.0,0.0,120.0,120.0,60.0,84.852814,0.0,0.0,0.0,0.0,0.0,0.0,0.0,0.0,0.0,0.0,5.0067900000000005,5.0067900000000005,5.0067900000000005,5.0067900000000005,0.0,23967451.428571,1.0,1.0,120.0,0.0,0.0,0.0,0.0,0.0,0.0,0.0,5.0067900000000005,5.0067900000000005,5.0067900000000005,5.0067900000000005,0.0,0.0,0.0,0.0,0.0,0.0,64,0,64,DOS_SYN_Hping
S1426,8537,21,tcp,-,4e-06,1,1,1,0,246723.764706,246723.764706,493447.529412,1.0,20,20,20,20,20,20,0,1,1,0,0,1,0,0,0,0,120.0,120.0,120.0,120.0,0.0,0.0,0.0,0.0,0.0,0.0,0.0,120.0,120.0,60.0,84.852814,0.0,0.0,0.0,0.0,0.0,0.0,0.0,0.0,0.0,0.0,4.053116,4.053116,4.053116,4.053116,0.0,29606851.764706,1.0,1.0,120.0,0.0,0.0,0.0,0.0,0.0,0.0,0.0,4.053116,4.053116,4.053116,4.053116,0.0,0.0,0.0,0.0,0.0,0.0,64,0,64,DOS_SYN_Hping
S1427,19672,21,tcp,-,5e-06,1,1,1,0,199728.761905,199728.761905,399457.52381,1.0,20,20,20,20,20,20,0,1,1,0,0,1,0,0,0,0,120.0,120.0,120.0,120.0,0.0,0.0,0.0,0.0,0.0,0.0,0.0,120.0,120.0,60.0,84.852814,0.0,0.0,0.0,0.0,0.0,0.0,0.0,0.0,0.0,0.0,5.0067900000000005,5.0067900000000005,5.0067900000000005,5.0067900000000005,0.0,23967451.428571,1.0,1.0,120.0,0.0,0.0,0.0,0.0,0.0,0.0,0.0,5.0067900000000005,5.0067900000000005,5.0067900000000005,5.0067900000000005,0.0,0.0,0.0,0.0,0.0,0.0,64,0,64,DOS_SYN_Hping
S1428,44511,53,udp,dns,0.000125,2,2,2,2,16008.793893,16008.793893,32017.587786,1.0,16,8,8,16,8,8,0,0,0,0,0,0,0,0,0,0,49.0,49.0,98.0,49.0,0.0,49.0,97.0,146.0,73.0,33.941125,49.0,97.0,244.0,61.0,24.0,72.002411,72.002411,72.002411,72.002411,0.0,65.088272,65.088272,65.088272,65.088272,0.0,12.159348,59.843063,124.931335,41.643778000000005,25.767229,1953072.854962,2.0,2.0,98.0,146.0,0.0,0.0,0.0,0.0,0.0,0.0,124.931335,124.931335,124.931335,124.931335,0.0,0.0,0.0,0.0,0.0,0.0,0,0,0,ARP_poisioning
S1429,38757,21,tcp,-,1e-06,1,1,1,0,1048576.0,1048576.0,2097152.0,1.0,20,20,20,20,20,20,0,1,1,0,0,1,0,0,0,0,120.0,120.0,120.0,120.0,0.0,0.0,0.0,0.0,0.0,0.0,0.0,120.0,120.0,60.0,84.852814,0.0,0.0,0.0,0.0,0.0,0.0,0.0,0.0,0.0,0.0,0.953674,0.953674,0.953674,0.953674,0.0,125829120.0,1.0,1.0,120.0,0.0,0.0,0.0,0.0,0.0,0.0,0.0,0.953674,0.953674,0.953674,0.953674,0.0,0.0,0.0,0.0,0.0,0.0,64,0,64,DOS_SYN_Hping
S1430,46177,21,tcp,-,2e-06,1,1,1,0,524288.0,524288.0,1048576.0,1.0,20,20,20,20,20,20,0,1,1,0,0,1,0,0,0,0,120.0,120.0,120.0,120.0,0.0,0.0,0.0,0.0,0.0,0.0,0.0,120.0,120.0,60.0,84.852814,0.0,0.0,0.0,0.0,0.0,0.0,0.0,0.0,0.0,0.0,1.907349,1.907349,1.907349,1.907349,0.0,62914560.0,1.0,1.0,120.0,0.0,0.0,0.0,0.0,0.0,0.0,0.0,1.907349,1.907349,1.907349,1.907349,0.0,0.0,0.0,0.0,0.0,0.0,64,0,64,DOS_SYN_Hping
S1431,43913,5353,udp,dns,0.0,1,0,1,0,0.0,0.0,0.0,0.0,8,8,8,0,0,0,0,0,0,0,0,0,0,0,0,0,43.0,43.0,43.0,43.0,0.0,0.0,0.0,0.0,0.0,0.0,43.0,43.0,43.0,43.0,0.0,0.0,0.0,0.0,0.0,0.0,0.0,0.0,0.0,0.0,0.0,0.0,0.0,0.0,0.0,0.0,0.0,1.0,0.0,43.0,0.0,0.0,0.0,0.0,0.0,0.0,0.0,0.0,0.0,0.0,0.0,0.0,0.0,0.0,0.0,0.0,0.0,0,0,0,ARP_poisioning
S1432,25394,21,tcp,-,1e-06,1,1,1,0,838860.8,838860.8,1677721.6,1.0,20,20,20,20,20,20,0,1,1,0,0,1,0,0,0,0,120.0,120.0,120.0,120.0,0.0,0.0,0.0,0.0,0.0,0.0,0.0,120.0,120.0,60.0,84.852814,0.0,0.0,0.0,0.0,0.0,0.0,0.0,0.0,0.0,0.0,1.192093,1.192093,1.192093,1.192093,0.0,100663296.0,1.0,1.0,120.0,0.0,0.0,0.0,0.0,0.0,0.0,0.0,1.192093,1.192093,1.192093,1.192093,0.0,0.0,0.0,0.0,0.0,0.0,64,0,64,DOS_SYN_Hping
S1433,7104,21,tcp,-,4e-06,1,1,1,0,246723.764706,246723.764706,493447.529412,1.0,20,20,20,20,20,20,0,1,1,0,0,1,0,0,0,0,120.0,120.0,120.0,120.0,0.0,0.0,0.0,0.0,0.0,0.0,0.0,120.0,120.0,60.0,84.852814,0.0,0.0,0.0,0.0,0.0,0.0,0.0,0.0,0.0,0.0,4.053116,4.053116,4.053116,4.053116,0.0,29606851.764706,1.0,1.0,120.0,0.0,0.0,0.0,0.0,0.0,0.0,0.0,4.053116,4.053116,4.053116,4.053116,0.0,0.0,0.0,0.0,0.0,0.0,64,0,64,DOS_SYN_Hping
S1434,21997,21,tcp,-,2e-06,1,1,1,0,466033.777778,466033.777778,932067.555556,1.0,20,20,20,20,20,20,0,1,1,0,0,1,0,0,0,0,120.0,120.0,120.0,120.0,0.0,0.0,0.0,0.0,0.0,0.0,0.0,120.0,120.0,60.0,84.852814,0.0,0.0,0.0,0.0,0.0,0.0,0.0,0.0,0.0,0.0,2.145767,2.145767,2.145767,2.145767,0.0,55924053.33333299,1.0,1.0,120.0,0.0,0.0,0.0,0.0,0.0,0.0,0.0,2.145767,2.145767,2.145767,2.145767,0.0,0.0,0.0,0.0,0.0,0.0,64,0,64,DOS_SYN_Hping
S1435,1506,21,tcp,-,1e-06,1,1,1,0,1048576.0,1048576.0,2097152.0,1.0,20,20,20,20,20,20,0,1,1,0,0,1,0,0,0,0,120.0,120.0,120.0,120.0,0.0,0.0,0.0,0.0,0.0,0.0,0.0,120.0,120.0,60.0,84.852814,0.0,0.0,0.0,0.0,0.0,0.0,0.0,0.0,0.0,0.0,0.953674,0.953674,0.953674,0.953674,0.0,125829120.0,1.0,1.0,120.0,0.0,0.0,0.0,0.0,0.0,0.0,0.0,0.953674,0.953674,0.953674,0.953674,0.0,0.0,0.0,0.0,0.0,0.0,64,0,64,DOS_SYN_Hping
S1436,33464,21,tcp,-,4e-06,1,1,1,0,246723.764706,246723.764706,493447.529412,1.0,20,20,20,20,20,20,0,1,1,0,0,1,0,0,0,0,120.0,120.0,120.0,120.0,0.0,0.0,0.0,0.0,0.0,0.0,0.0,120.0,120.0,60.0,84.852814,0.0,0.0,0.0,0.0,0.0,0.0,0.0,0.0,0.0,0.0,4.053116,4.053116,4.053116,4.053116,0.0,29606851.764706,1.0,1.0,120.0,0.0,0.0,0.0,0.0,0.0,0.0,0.0,4.053116,4.053116,4.053116,4.053116,0.0,0.0,0.0,0.0,0.0,0.0,64,0,64,DOS_SYN_Hping
S1437,3950,21,tcp,-,4e-06,1,1,1,0,246723.764706,246723.764706,493447.529412,1.0,20,20,20,20,20,20,0,1,1,0,0,1,0,0,0,0,120.0,120.0,120.0,120.0,0.0,0.0,0.0,0.0,0.0,0.0,0.0,120.0,120.0,60.0,84.852814,0.0,0.0,0.0,0.0,0.0,0.0,0.0,0.0,0.0,0.0,4.053116,4.053116,4.053116,4.053116,0.0,29606851.764706,1.0,1.0,120.0,0.0,0.0,0.0,0.0,0.0,0.0,0.0,4.053116,4.053116,4.053116,4.053116,0.0,0.0,0.0,0.0,0.0,0.0,64,0,64,DOS_SYN_Hping
S1438,51501,5353,udp,dns,0.266305,2,0,2,0,7.510186999999999,0.0,7.510186999999999,0.0,16,8,8,0,0,0,0,0,0,0,0,0,0,0,0,0,35.0,47.0,82.0,41.0,8.485281,0.0,0.0,0.0,0.0,0.0,35.0,47.0,82.0,41.0,8.485281,266304.969788,266304.969788,266304.969788,266304.969788,0.0,0.0,0.0,0.0,0.0,0.0,266304.969788,266304.969788,266304.969788,266304.969788,0.0,307.917648,2.0,0.0,82.0,0.0,0.0,0.0,0.0,0.0,0.0,0.0,266304.969788,266304.969788,266304.969788,266304.969788,0.0,0.0,0.0,0.0,0.0,0.0,0,0,0,ARP_poisioning
S1439,63916,21,tcp,-,4e-06,1,1,1,0,262144.0,262144.0,524288.0,1.0,20,20,20,20,20,20,0,1,1,0,0,1,0,0,0,0,120.0,120.0,120.0,120.0,0.0,0.0,0.0,0.0,0.0,0.0,0.0,120.0,120.0,60.0,84.852814,0.0,0.0,0.0,0.0,0.0,0.0,0.0,0.0,0.0,0.0,3.814697,3.814697,3.814697,3.814697,0.0,31457280.0,1.0,1.0,120.0,0.0,0.0,0.0,0.0,0.0,0.0,0.0,3.814697,3.814697,3.814697,3.814697,0.0,0.0,0.0,0.0,0.0,0.0,64,0,64,DOS_SYN_Hping
S1440,57949,53,udp,dns,0.000217,2,2,2,2,9218.250549,9218.250549,18436.501099,1.0,16,8,8,16,8,8,0,0,0,0,0,0,0,0,0,0,49.0,49.0,98.0,49.0,0.0,49.0,81.0,130.0,65.0,22.627417,49.0,81.0,228.0,57.0,16.0,10.01358,10.01358,10.01358,10.01358,0.0,68.902969,68.902969,68.902969,68.902969,0.0,10.01358,138.04435700000002,216.960907,72.320302,64.083762,1050880.562637,2.0,2.0,98.0,130.0,0.0,0.0,0.0,0.0,0.0,0.0,216.960907,216.960907,216.960907,216.960907,0.0,0.0,0.0,0.0,0.0,0.0,0,0,0,ARP_poisioning
S1441,32384,21,tcp,-,4e-06,1,1,1,0,246723.764706,246723.764706,493447.529412,1.0,20,20,20,20,20,20,0,1,1,0,0,1,0,0,0,0,120.0,120.0,120.0,120.0,0.0,0.0,0.0,0.0,0.0,0.0,0.0,120.0,120.0,60.0,84.852814,0.0,0.0,0.0,0.0,0.0,0.0,0.0,0.0,0.0,0.0,4.053116,4.053116,4.053116,4.053116,0.0,29606851.764706,1.0,1.0,120.0,0.0,0.0,0.0,0.0,0.0,0.0,0.0,4.053116,4.053116,4.053116,4.053116,0.0,0.0,0.0,0.0,0.0,0.0,64,0,64,DOS_SYN_Hping
S1442,45820,21,tcp,-,2e-06,1,1,1,0,524288.0,524288.0,1048576.0,1.0,20,20,20,20,20,20,0,1,1,0,0,1,0,0,0,0,120.0,120.0,120.0,120.0,0.0,0.0,0.0,0.0,0.0,0.0,0.0,120.0,120.0,60.0,84.852814,0.0,0.0,0.0,0.0,0.0,0.0,0.0,0.0,0.0,0.0,1.907349,1.907349,1.907349,1.907349,0.0,62914560.0,1.0,1.0,120.0,0.0,0.0,0.0,0.0,0.0,0.0,0.0,1.907349,1.907349,1.907349,1.907349,0.0,0.0,0.0,0.0,0.0,0.0,64,0,64,DOS_SYN_Hping
S1443,15733,21,tcp,-,4e-06,1,1,1,0,246723.764706,246723.764706,493447.529412,1.0,20,20,20,20,20,20,0,1,1,0,0,1,0,0,0,0,120.0,120.0,120.0,120.0,0.0,0.0,0.0,0.0,0.0,0.0,0.0,120.0,120.0,60.0,84.852814,0.0,0.0,0.0,0.0,0.0,0.0,0.0,0.0,0.0,0.0,4.053116,4.053116,4.053116,4.053116,0.0,29606851.764706,1.0,1.0,120.0,0.0,0.0,0.0,0.0,0.0,0.0,0.0,4.053116,4.053116,4.053116,4.053116,0.0,0.0,0.0,0.0,0.0,0.0,64,0,64,DOS_SYN_Hping
S1444,52565,1883,tcp,mqtt,61.996351,10,6,3,4,0.1613,0.09678,0.25808,0.6,328,32,40,200,32,40,0,2,1,3,4,15,0,0,0,0,0.0,33.0,77.0,7.7,12.789318,0.0,22.0,35.0,5.8333330000000005,8.20772,0.0,33.0,112.0,7.0,11.021192,489.95018,59760727.16713001,61996351.003647,6888483.44485,19830721.838062,1648.902893,1485574.960709,1988062.143326,397612.428665,620506.967647,321.149826,59760727.16713001,61996351.003647,4133090.06691,15392207.780035,1.806558,3.333333,2.0,25.666667,11.666667,0.0,0.0,0.0,0.0,0.0,0.0,2235623.836517,2235623.836517,2235623.836517,2235623.836517,0.0,59760727.16713001,59760727.16713001,59760727.16713001,59760727.16713001,0.0,64240,26847,502,MQTT_Publish
S1445,6495,21,tcp,-,4e-06,1,1,1,0,246723.764706,246723.764706,493447.529412,1.0,20,20,20,20,20,20,0,1,1,0,0,1,0,0,0,0,120.0,120.0,120.0,120.0,0.0,0.0,0.0,0.0,0.0,0.0,0.0,120.0,120.0,60.0,84.852814,0.0,0.0,0.0,0.0,0.0,0.0,0.0,0.0,0.0,0.0,4.053116,4.053116,4.053116,4.053116,0.0,29606851.764706,1.0,1.0,120.0,0.0,0.0,0.0,0.0,0.0,0.0,0.0,4.053116,4.053116,4.053116,4.053116,0.0,0.0,0.0,0.0,0.0,0.0,64,0,64,DOS_SYN_Hping
S1446,7860,21,tcp,-,0.0,1,0,1,0,0.0,0.0,0.0,0.0,20,20,20,0,0,0,0,1,0,0,0,0,0,0,0,0,120.0,120.0,120.0,120.0,0.0,0.0,0.0,0.0,0.0,0.0,120.0,120.0,120.0,120.0,0.0,0.0,0.0,0.0,0.0,0.0,0.0,0.0,0.0,0.0,0.0,0.0,0.0,0.0,0.0,0.0,0.0,1.0,0.0,120.0,0.0,0.0,0.0,0.0,0.0,0.0,0.0,0.0,0.0,0.0,0.0,0.0,0.0,0.0,0.0,0.0,0.0,64,0,64,DOS_SYN_Hping
S1447,21389,21,tcp,-,3e-06,1,1,1,0,322638.769231,322638.769231,645277.538462,1.0,20,20,20,20,20,20,0,1,1,0,0,1,0,0,0,0,120.0,120.0,120.0,120.0,0.0,0.0,0.0,0.0,0.0,0.0,0.0,120.0,120.0,60.0,84.852814,0.0,0.0,0.0,0.0,0.0,0.0,0.0,0.0,0.0,0.0,3.099442,3.099442,3.099442,3.099442,0.0,38716652.307692,1.0,1.0,120.0,0.0,0.0,0.0,0.0,0.0,0.0,0.0,3.099442,3.099442,3.099442,3.099442,0.0,0.0,0.0,0.0,0.0,0.0,64,0,64,DOS_SYN_Hping
S1448,27580,21,tcp,-,5e-06,1,1,1,0,199728.761905,199728.761905,399457.52381,1.0,20,20,20,20,20,20,0,1,1,0,0,1,0,0,0,0,120.0,120.0,120.0,120.0,0.0,0.0,0.0,0.0,0.0,0.0,0.0,120.0,120.0,60.0,84.852814,0.0,0.0,0.0,0.0,0.0,0.0,0.0,0.0,0.0,0.0,5.0067900000000005,5.0067900000000005,5.0067900000000005,5.0067900000000005,0.0,23967451.428571,1.0,1.0,120.0,0.0,0.0,0.0,0.0,0.0,0.0,0.0,5.0067900000000005,5.0067900000000005,5.0067900000000005,5.0067900000000005,0.0,0.0,0.0,0.0,0.0,0.0,64,0,64,DOS_SYN_Hping
S1449,54861,21,tcp,-,2e-06,1,1,1,0,524288.0,524288.0,1048576.0,1.0,20,20,20,20,20,20,0,1,1,0,0,1,0,0,0,0,120.0,120.0,120.0,120.0,0.0,0.0,0.0,0.0,0.0,0.0,0.0,120.0,120.0,60.0,84.852814,0.0,0.0,0.0,0.0,0.0,0.0,0.0,0.0,0.0,0.0,1.907349,1.907349,1.907349,1.907349,0.0,62914560.0,1.0,1.0,120.0,0.0,0.0,0.0,0.0,0.0,0.0,0.0,1.907349,1.907349,1.907349,1.907349,0.0,0.0,0.0,0.0,0.0,0.0,64,0,64,DOS_SYN_Hping
S1450,32177,21,tcp,-,4e-06,1,1,1,0,246723.764706,246723.764706,493447.529412,1.0,20,20,20,20,20,20,0,1,1,0,0,1,0,0,0,0,120.0,120.0,120.0,120.0,0.0,0.0,0.0,0.0,0.0,0.0,0.0,120.0,120.0,60.0,84.852814,0.0,0.0,0.0,0.0,0.0,0.0,0.0,0.0,0.0,0.0,4.053116,4.053116,4.053116,4.053116,0.0,29606851.764706,1.0,1.0,120.0,0.0,0.0,0.0,0.0,0.0,0.0,0.0,4.053116,4.053116,4.053116,4.053116,0.0,0.0,0.0,0.0,0.0,0.0,64,0,64,DOS_SYN_Hping
S1451,42519,21,tcp,-,4e-06,1,1,1,0,262144.0,262144.0,524288.0,1.0,20,20,20,20,20,20,0,1,1,0,0,1,0,0,0,0,120.0,120.0,120.0,120.0,0.0,0.0,0.0,0.0,0.0,0.0,0.0,120.0,120.0,60.0,84.852814,0.0,0.0,0.0,0.0,0.0,0.0,0.0,0.0,0.0,0.0,3.814697,3.814697,3.814697,3.814697,0.0,31457280.0,1.0,1.0,120.0,0.0,0.0,0.0,0.0,0.0,0.0,0.0,3.814697,3.814697,3.814697,3.814697,0.0,0.0,0.0,0.0,0.0,0.0,64,0,64,DOS_SYN_Hping
S1452,30589,21,tcp,-,3e-06,1,1,1,0,349525.333333,349525.333333,699050.666667,1.0,20,20,20,20,20,20,0,1,1,0,0,1,0,0,0,0,120.0,120.0,120.0,120.0,0.0,0.0,0.0,0.0,0.0,0.0,0.0,120.0,120.0,60.0,84.852814,0.0,0.0,0.0,0.0,0.0,0.0,0.0,0.0,0.0,0.0,2.861023,2.861023,2.861023,2.861023,0.0,41943040.0,1.0,1.0,120.0,0.0,0.0,0.0,0.0,0.0,0.0,0.0,2.861023,2.861023,2.861023,2.861023,0.0,0.0,0.0,0.0,0.0,0.0,64,0,64,DOS_SYN_Hping
S1453,12264,21,tcp,-,1e-06,1,1,1,0,1048576.0,1048576.0,2097152.0,1.0,20,20,20,20,20,20,0,1,1,0,0,1,0,0,0,0,120.0,120.0,120.0,120.0,0.0,0.0,0.0,0.0,0.0,0.0,0.0,120.0,120.0,60.0,84.852814,0.0,0.0,0.0,0.0,0.0,0.0,0.0,0.0,0.0,0.0,0.953674,0.953674,0.953674,0.953674,0.0,125829120.0,1.0,1.0,120.0,0.0,0.0,0.0,0.0,0.0,0.0,0.0,0.953674,0.953674,0.953674,0.953674,0.0,0.0,0.0,0.0,0.0,0.0,64,0,64,DOS_SYN_Hping
S1454,50078,1025,udp,-,0.0,1,0,1,0,0.0,0.0,0.0,0.0,8,8,8,0,0,0,0,0,0,0,0,0,0,0,0,0,72.0,72.0,72.0,72.0,0.0,0.0,0.0,0.0,0.0,0.0,72.0,72.0,72.0,72.0,0.0,0.0,0.0,0.0,0.0,0.0,0.0,0.0,0.0,0.0,0.0,0.0,0.0,0.0,0.0,0.0,0.0,1.0,0.0,72.0,0.0,0.0,0.0,0.0,0.0,0.0,0.0,0.0,0.0,0.0,0.0,0.0,0.0,0.0,0.0,0.0,0.0,0,0,0,NMAP_UDP_SCAN
S1455,47729,21,tcp,-,2e-06,1,1,1,0,524288.0,524288.0,1048576.0,1.0,20,20,20,20,20,20,0,1,1,0,0,1,0,0,0,0,120.0,120.0,120.0,120.0,0.0,0.0,0.0,0.0,0.0,0.0,0.0,120.0,120.0,60.0,84.852814,0.0,0.0,0.0,0.0,0.0,0.0,0.0,0.0,0.0,0.0,1.907349,1.907349,1.907349,1.907349,0.0,62914560.0,1.0,1.0,120.0,0.0,0.0,0.0,0.0,0.0,0.0,0.0,1.907349,1.907349,1.907349,1.907349,0.0,0.0,0.0,0.0,0.0,0.0,64,0,64,DOS_SYN_Hping
S1456,18281,21,tcp,-,4e-06,1,1,1,0,246723.764706,246723.764706,493447.529412,1.0,20,20,20,20,20,20,0,1,1,0,0,1,0,0,0,0,120.0,120.0,120.0,120.0,0.0,0.0,0.0,0.0,0.0,0.0,0.0,120.0,120.0,60.0,84.852814,0.0,0.0,0.0,0.0,0.0,0.0,0.0,0.0,0.0,0.0,4.053116,4.053116,4.053116,4.053116,0.0,29606851.764706,1.0,1.0,120.0,0.0,0.0,0.0,0.0,0.0,0.0,0.0,4.053116,4.053116,4.053116,4.053116,0.0,0.0,0.0,0.0,0.0,0.0,64,0,64,DOS_SYN_Hping
S1457,50127,829,udp,-,0.0,1,0,0,0,0.0,0.0,0.0,0.0,8,8,8,0,0,0,0,0,0,0,0,0,0,0,0,0,0.0,0.0,0.0,0.0,0.0,0.0,0.0,0.0,0.0,0.0,0.0,0.0,0.0,0.0,0.0,0.0,0.0,0.0,0.0,0.0,0.0,0.0,0.0,0.0,0.0,0.0,0.0,0.0,0.0,0.0,0.0,1.0,0.0,0.0,0.0,0.0,0.0,0.0,0.0,0.0,0.0,0.0,0.0,0.0,0.0,0.0,0.0,0.0,0.0,0.0,0.0,0,0,0,NMAP_UDP_SCAN
S1458,13990,21,tcp,-,2e-06,1,1,1,0,466033.777778,466033.777778,932067.555556,1.0,20,20,20,20,20,20,0,1,1,0,0,1,0,0,0,0,120.0,120.0,120.0,120.0,0.0,0.0,0.0,0.0,0.0,0.0,0.0,120.0,120.0,60.0,84.852814,0.0,0.0,0.0,0.0,0.0,0.0,0.0,0.0,0.0,0.0,2.145767,2.145767,2.145767,2.145767,0.0,55924053.33333299,1.0,1.0,120.0,0.0,0.0,0.0,0.0,0.0,0.0,0.0,2.145767,2.145767,2.145767,2.145767,0.0,0.0,0.0,0.0,0.0,0.0,64,0,64,DOS_SYN_Hping
S1459,9622,21,tcp,-,4e-06,1,1,1,0,246723.764706,246723.764706,493447.529412,1.0,20,20,20,20,20,20,0,1,1,0,0,1,0,0,0,0,120.0,120.0,120.0,120.0,0.0,0.0,0.0,0.0,0.0,0.0,0.0,120.0,120.0,60.0,84.852814,0.0,0.0,0.0,0.0,0.0,0.0,0.0,0.0,0.0,0.0,4.053116,4.053116,4.053116,4.053116,0.0,29606851.764706,1.0,1.0,120.0,0.0,0.0,0.0,0.0,0.0,0.0,0.0,4.053116,4.053116,4.053116,4.053116,0.0,0.0,0.0,0.0,0.0,0.0,64,0,64,DOS_SYN_Hping
S1460,18162,21,tcp,-,1e-06,1,1,1,0,1048576.0,1048576.0,2097152.0,1.0,20,20,20,20,20,20,0,1,1,0,0,1,0,0,0,0,120.0,120.0,120.0,120.0,0.0,0.0,0.0,0.0,0.0,0.0,0.0,120.0,120.0,60.0,84.852814,0.0,0.0,0.0,0.0,0.0,0.0,0.0,0.0,0.0,0.0,0.953674,0.953674,0.953674,0.953674,0.0,125829120.0,1.0,1.0,120.0,0.0,0.0,0.0,0.0,0.0,0.0,0.0,0.953674,0.953674,0.953674,0.953674,0.0,0.0,0.0,0.0,0.0,0.0,64,0,64,DOS_SYN_Hping
S1461,3491,21,tcp,-,3e-06,1,1,1,0,322638.769231,322638.769231,645277.538462,1.0,20,20,20,20,20,20,0,1,1,0,0,1,0,0,0,0,120.0,120.0,120.0,120.0,0.0,0.0,0.0,0.0,0.0,0.0,0.0,120.0,120.0,60.0,84.852814,0.0,0.0,0.0,0.0,0.0,0.0,0.0,0.0,0.0,0.0,3.099442,3.099442,3.099442,3.099442,0.0,38716652.307692,1.0,1.0,120.0,0.0,0.0,0.0,0.0,0.0,0.0,0.0,3.099442,3.099442,3.099442,3.099442,0.0,0.0,0.0,0.0,0.0,0.0,64,0,64,DOS_SYN_Hping
S1462,39048,80,tcp,http,0.861808,7,5,2,1,8.12246,5.801757,13.924218,0.714286,232,32,40,168,32,40,2,2,0,2,1,11,0,0,0,0,0.0,169.0,214.0,30.571429,63.303126,0.0,538.0,538.0,107.6,240.600914,0.0,538.0,752.0,62.666667,157.51036499999998,92.029572,300920.0096,863782.8827,143963.8138,157577.2438,144.004822,283677.8164,582967.9966,145741.9991,158006.7426,92.029572,279520.9885,863782.8827,78525.71661,128915.8421,872.5843279999999,7.0,5.0,214.0,538.0,0.0,0.0,0.0,0.0,0.0,0.0,863782.8827,863782.8827,863782.8827,863782.8827,0.0,0.0,0.0,0.0,0.0,0.0,64240,26847,501,Thing_Speak
S1463,45095,21,tcp,-,4e-06,1,1,1,0,262144.0,262144.0,524288.0,1.0,20,20,20,20,20,20,0,1,1,0,0,1,0,0,0,0,120.0,120.0,120.0,120.0,0.0,0.0,0.0,0.0,0.0,0.0,0.0,120.0,120.0,60.0,84.852814,0.0,0.0,0.0,0.0,0.0,0.0,0.0,0.0,0.0,0.0,3.814697,3.814697,3.814697,3.814697,0.0,31457280.0,1.0,1.0,120.0,0.0,0.0,0.0,0.0,0.0,0.0,0.0,3.814697,3.814697,3.814697,3.814697,0.0,0.0,0.0,0.0,0.0,0.0,64,0,64,DOS_SYN_Hping
S1464,51245,21,tcp,-,4e-06,1,1,1,0,262144.0,262144.0,524288.0,1.0,20,20,20,20,20,20,0,1,1,0,0,1,0,0,0,0,120.0,120.0,120.0,120.0,0.0,0.0,0.0,0.0,0.0,0.0,0.0,120.0,120.0,60.0,84.852814,0.0,0.0,0.0,0.0,0.0,0.0,0.0,0.0,0.0,0.0,3.814697,3.814697,3.814697,3.814697,0.0,31457280.0,1.0,1.0,120.0,0.0,0.0,0.0,0.0,0.0,0.0,0.0,3.814697,3.814697,3.814697,3.814697,0.0,0.0,0.0,0.0,0.0,0.0,64,0,64,DOS_SYN_Hping
S1465,19480,21,tcp,-,4e-06,1,1,1,0,246723.764706,246723.764706,493447.529412,1.0,20,20,20,20,20,20,0,1,1,0,0,1,0,0,0,0,120.0,120.0,120.0,120.0,0.0,0.0,0.0,0.0,0.0,0.0,0.0,120.0,120.0,60.0,84.852814,0.0,0.0,0.0,0.0,0.0,0.0,0.0,0.0,0.0,0.0,4.053116,4.053116,4.053116,4.053116,0.0,29606851.764706,1.0,1.0,120.0,0.0,0.0,0.0,0.0,0.0,0.0,0.0,4.053116,4.053116,4.053116,4.053116,0.0,0.0,0.0,0.0,0.0,0.0,64,0,64,DOS_SYN_Hping
S1466,54123,21,tcp,-,4e-06,1,1,1,0,246723.764706,246723.764706,493447.529412,1.0,20,20,20,20,20,20,0,1,1,0,0,1,0,0,0,0,120.0,120.0,120.0,120.0,0.0,0.0,0.0,0.0,0.0,0.0,0.0,120.0,120.0,60.0,84.852814,0.0,0.0,0.0,0.0,0.0,0.0,0.0,0.0,0.0,0.0,4.053116,4.053116,4.053116,4.053116,0.0,29606851.764706,1.0,1.0,120.0,0.0,0.0,0.0,0.0,0.0,0.0,0.0,4.053116,4.053116,4.053116,4.053116,0.0,0.0,0.0,0.0,0.0,0.0,64,0,64,DOS_SYN_Hping
S1467,1618,21,tcp,-,1e-06,1,1,1,0,1048576.0,1048576.0,2097152.0,1.0,20,20,20,20,20,20,0,1,1,0,0,1,0,0,0,0,120.0,120.0,120.0,120.0,0.0,0.0,0.0,0.0,0.0,0.0,0.0,120.0,120.0,60.0,84.852814,0.0,0.0,0.0,0.0,0.0,0.0,0.0,0.0,0.0,0.0,0.953674,0.953674,0.953674,0.953674,0.0,125829120.0,1.0,1.0,120.0,0.0,0.0,0.0,0.0,0.0,0.0,0.0,0.953674,0.953674,0.953674,0.953674,0.0,0.0,0.0,0.0,0.0,0.0,64,0,64,DOS_SYN_Hping
S1468,27003,21,tcp,-,5e-06,1,1,1,0,199728.761905,199728.761905,399457.52381,1.0,20,20,20,20,20,20,0,1,1,0,0,1,0,0,0,0,120.0,120.0,120.0,120.0,0.0,0.0,0.0,0.0,0.0,0.0,0.0,120.0,120.0,60.0,84.852814,0.0,0.0,0.0,0.0,0.0,0.0,0.0,0.0,0.0,0.0,5.0067900000000005,5.0067900000000005,5.0067900000000005,5.0067900000000005,0.0,23967451.428571,1.0,1.0,120.0,0.0,0.0,0.0,0.0,0.0,0.0,0.0,5.0067900000000005,5.0067900000000005,5.0067900000000005,5.0067900000000005,0.0,0.0,0.0,0.0,0.0,0.0,64,0,64,DOS_SYN_Hping
S1469,48235,1883,tcp,mqtt,12.886851,10,6,3,4,0.775985,0.465591,1.241576,0.6,328,32,40,200,32,40,0,2,1,3,4,15,0,0,0,0,0.0,33.0,78.0,7.8,12.934021,0.0,23.0,36.0,6.0,8.602325,0.0,33.0,114.0,7.125,11.218289,241.994858,10859805.822372,12886850.833893,1431872.314877,3564082.646021,66.995621,1587809.085846,1879920.959473,375984.191895,681149.400137,66.995621,10859805.822372,12886850.833893,859123.388926,2790291.370796,8.846226,3.333333,2.0,26.0,12.0,0.0,0.0,0.0,0.0,0.0,0.0,2027045.01152,2027045.01152,2027045.01152,2027045.01152,0.0,10859805.822372,10859805.822372,10859805.822372,10859805.822372,0.0,64240,26847,502,MQTT_Publish
S1470,63602,21,tcp,-,4e-06,1,1,1,0,246723.764706,246723.764706,493447.529412,1.0,20,20,20,20,20,20,0,1,1,0,0,1,0,0,0,0,120.0,120.0,120.0,120.0,0.0,0.0,0.0,0.0,0.0,0.0,0.0,120.0,120.0,60.0,84.852814,0.0,0.0,0.0,0.0,0.0,0.0,0.0,0.0,0.0,0.0,4.053116,4.053116,4.053116,4.053116,0.0,29606851.764706,1.0,1.0,120.0,0.0,0.0,0.0,0.0,0.0,0.0,0.0,4.053116,4.053116,4.053116,4.053116,0.0,0.0,0.0,0.0,0.0,0.0,64,0,64,DOS_SYN_Hping
S1471,24495,21,tcp,-,1e-06,1,1,1,0,1048576.0,1048576.0,2097152.0,1.0,20,20,20,20,20,20,0,1,1,0,0,1,0,0,0,0,120.0,120.0,120.0,120.0,0.0,0.0,0.0,0.0,0.0,0.0,0.0,120.0,120.0,60.0,84.852814,0.0,0.0,0.0,0.0,0.0,0.0,0.0,0.0,0.0,0.0,0.953674,0.953674,0.953674,0.953674,0.0,125829120.0,1.0,1.0,120.0,0.0,0.0,0.0,0.0,0.0,0.0,0.0,0.953674,0.953674,0.953674,0.953674,0.0,0.0,0.0,0.0,0.0,0.0,64,0,64,DOS_SYN_Hping
S1472,41299,21,tcp,-,5e-06,1,1,1,0,199728.761905,199728.761905,399457.52381,1.0,20,20,20,20,20,20,0,1,1,0,0,1,0,0,0,0,120.0,120.0,120.0,120.0,0.0,0.0,0.0,0.0,0.0,0.0,0.0,120.0,120.0,60.0,84.852814,0.0,0.0,0.0,0.0,0.0,0.0,0.0,0.0,0.0,0.0,5.0067900000000005,5.0067900000000005,5.0067900000000005,5.0067900000000005,0.0,23967451.428571,1.0,1.0,120.0,0.0,0.0,0.0,0.0,0.0,0.0,0.0,5.0067900000000005,5.0067900000000005,5.0067900000000005,5.0067900000000005,0.0,0.0,0.0,0.0,0.0,0.0,64,0,64,DOS_SYN_Hping
S1473,61772,21,tcp,-,1e-06,1,1,1,0,1048576.0,1048576.0,2097152.0,1.0,20,20,20,20,20,20,0,1,1,0,0,1,0,0,0,0,120.0,120.0,120.0,120.0,0.0,0.0,0.0,0.0,0.0,0.0,0.0,120.0,120.0,60.0,84.852814,0.0,0.0,0.0,0.0,0.0,0.0,0.0,0.0,0.0,0.0,0.953674,0.953674,0.953674,0.953674,0.0,125829120.0,1.0,1.0,120.0,0.0,0.0,0.0,0.0,0.0,0.0,0.0,0.953674,0.953674,0.953674,0.953674,0.0,0.0,0.0,0.0,0.0,0.0,64,0,64,DOS_SYN_Hping
S1474,61904,21,tcp,-,1e-06,1,1,1,0,1048576.0,1048576.0,2097152.0,1.0,20,20,20,20,20,20,0,1,1,0,0,1,0,0,0,0,120.0,120.0,120.0,120.0,0.0,0.0,0.0,0.0,0.0,0.0,0.0,120.0,120.0,60.0,84.852814,0.0,0.0,0.0,0.0,0.0,0.0,0.0,0.0,0.0,0.0,0.953674,0.953674,0.953674,0.953674,0.0,125829120.0,1.0,1.0,120.0,0.0,0.0,0.0,0.0,0.0,0.0,0.0,0.953674,0.953674,0.953674,0.953674,0.0,0.0,0.0,0.0,0.0,0.0,64,0,64,DOS_SYN_Hping
S1475,39510,21,tcp,-,0.0,1,0,1,0,0.0,0.0,0.0,0.0,20,20,20,0,0,0,0,1,0,0,0,0,0,0,0,0,120.0,120.0,120.0,120.0,0.0,0.0,0.0,0.0,0.0,0.0,120.0,120.0,120.0,120.0,0.0,0.0,0.0,0.0,0.0,0.0,0.0,0.0,0.0,0.0,0.0,0.0,0.0,0.0,0.0,0.0,0.0,1.0,0.0,120.0,0.0,0.0,0.0,0.0,0.0,0.0,0.0,0.0,0.0,0.0,0.0,0.0,0.0,0.0,0.0,0.0,0.0,64,0,64,DOS_SYN_Hping
S1476,7774,21,tcp,-,0.0,1,0,1,0,0.0,0.0,0.0,0.0,20,20,20,0,0,0,0,1,0,0,0,0,0,0,0,0,120.0,120.0,120.0,120.0,0.0,0.0,0.0,0.0,0.0,0.0,120.0,120.0,120.0,120.0,0.0,0.0,0.0,0.0,0.0,0.0,0.0,0.0,0.0,0.0,0.0,0.0,0.0,0.0,0.0,0.0,0.0,1.0,0.0,120.0,0.0,0.0,0.0,0.0,0.0,0.0,0.0,0.0,0.0,0.0,0.0,0.0,0.0,0.0,0.0,0.0,0.0,64,0,64,DOS_SYN_Hping
S1477,6966,21,tcp,-,5e-06,1,1,1,0,199728.761905,199728.761905,399457.52381,1.0,20,20,20,20,20,20,0,1,1,0,0,1,0,0,0,0,120.0,120.0,120.0,120.0,0.0,0.0,0.0,0.0,0.0,0.0,0.0,120.0,120.0,60.0,84.852814,0.0,0.0,0.0,0.0,0.0,0.0,0.0,0.0,0.0,0.0,5.0067900000000005,5.0067900000000005,5.0067900000000005,5.0067900000000005,0.0,23967451.428571,1.0,1.0,120.0,0.0,0.0,0.0,0.0,0.0,0.0,0.0,5.0067900000000005,5.0067900000000005,5.0067900000000005,5.0067900000000005,0.0,0.0,0.0,0.0,0.0,0.0,64,0,64,DOS_SYN_Hping
S1478,55364,21,tcp,-,1e-06,1,1,1,0,1048576.0,1048576.0,2097152.0,1.0,20,20,20,20,20,20,0,1,1,0,0,1,0,0,0,0,120.0,120.0,120.0,120.0,0.0,0.0,0.0,0.0,0.0,0.0,0.0,120.0,120.0,60.0,84.852814,0.0,0.0,0.0,0.0,0.0,0.0,0.0,0.0,0.0,0.0,0.953674,0.953674,0.953674,0.953674,0.0,125829120.0,1.0,1.0,120.0,0.0,0.0,0.0,0.0,0.0,0.0,0.0,0.953674,0.953674,0.953674,0.953674,0.0,0.0,0.0,0.0,0.0,0.0,64,0,64,DOS_SYN_Hping
S1479,22532,21,tcp,-,2e-06,1,1,1,0,524288.0,524288.0,1048576.0,1.0,20,20,20,20,20,20,0,1,1,0,0,1,0,0,0,0,120.0,120.0,120.0,120.0,0.0,0.0,0.0,0.0,0.0,0.0,0.0,120.0,120.0,60.0,84.852814,0.0,0.0,0.0,0.0,0.0,0.0,0.0,0.0,0.0,0.0,1.907349,1.907349,1.907349,1.907349,0.0,62914560.0,1.0,1.0,120.0,0.0,0.0,0.0,0.0,0.0,0.0,0.0,1.907349,1.907349,1.907349,1.907349,0.0,0.0,0.0,0.0,0.0,0.0,64,0,64,DOS_SYN_Hping
S1480,28509,21,tcp,-,4e-06,1,1,1,0,262144.0,262144.0,524288.0,1.0,20,20,20,20,20,20,0,1,1,0,0,1,0,0,0,0,120.0,120.0,120.0,120.0,0.0,0.0,0.0,0.0,0.0,0.0,0.0,120.0,120.0,60.0,84.852814,0.0,0.0,0.0,0.0,0.0,0.0,0.0,0.0,0.0,0.0,3.814697,3.814697,3.814697,3.814697,0.0,31457280.0,1.0,1.0,120.0,0.0,0.0,0.0,0.0,0.0,0.0,0.0,3.814697,3.814697,3.814697,3.814697,0.0,0.0,0.0,0.0,0.0,0.0,64,0,64,DOS_SYN_Hping
S1481,64177,33717,udp,-,0.0,1,0,1,0,0.0,0.0,0.0,0.0,8,8,8,0,0,0,0,0,0,0,0,0,0,0,0,0,40.0,40.0,40.0,40.0,0.0,0.0,0.0,0.0,0.0,0.0,40.0,40.0,40.0,40.0,0.0,0.0,0.0,0.0,0.0,0.0,0.0,0.0,0.0,0.0,0.0,0.0,0.0,0.0,0.0,0.0,0.0,1.0,0.0,40.0,0.0,0.0,0.0,0.0,0.0,0.0,0.0,0.0,0.0,0.0,0.0,0.0,0.0,0.0,0.0,0.0,0.0,0,0,0,NMAP_UDP_SCAN
S1482,38475,21,tcp,-,1e-06,1,1,1,0,1048576.0,1048576.0,2097152.0,1.0,20,20,20,20,20,20,0,1,1,0,0,1,0,0,0,0,120.0,120.0,120.0,120.0,0.0,0.0,0.0,0.0,0.0,0.0,0.0,120.0,120.0,60.0,84.852814,0.0,0.0,0.0,0.0,0.0,0.0,0.0,0.0,0.0,0.0,0.953674,0.953674,0.953674,0.953674,0.0,125829120.0,1.0,1.0,120.0,0.0,0.0,0.0,0.0,0.0,0.0,0.0,0.953674,0.953674,0.953674,0.953674,0.0,0.0,0.0,0.0,0.0,0.0,64,0,64,DOS_SYN_Hping
S1483,3533,21,tcp,-,4e-06,1,1,1,0,246723.764706,246723.764706,493447.529412,1.0,20,20,20,20,20,20,0,1,1,0,0,1,0,0,0,0,120.0,120.0,120.0,120.0,0.0,0.0,0.0,0.0,0.0,0.0,0.0,120.0,120.0,60.0,84.852814,0.0,0.0,0.0,0.0,0.0,0.0,0.0,0.0,0.0,0.0,4.053116,4.053116,4.053116,4.053116,0.0,29606851.764706,1.0,1.0,120.0,0.0,0.0,0.0,0.0,0.0,0.0,0.0,4.053116,4.053116,4.053116,4.053116,0.0,0.0,0.0,0.0,0.0,0.0,64,0,64,DOS_SYN_Hping
S1484,64207,17417,udp,-,0.0,1,0,0,0,0.0,0.0,0.0,0.0,8,8,8,0,0,0,0,0,0,0,0,0,0,0,0,0,0.0,0.0,0.0,0.0,0.0,0.0,0.0,0.0,0.0,0.0,0.0,0.0,0.0,0.0,0.0,0.0,0.0,0.0,0.0,0.0,0.0,0.0,0.0,0.0,0.0,0.0,0.0,0.0,0.0,0.0,0.0,1.0,0.0,0.0,0.0,0.0,0.0,0.0,0.0,0.0,0.0,0.0,0.0,0.0,0.0,0.0,0.0,0.0,0.0,0.0,0.0,0,0,0,NMAP_UDP_SCAN
S1485,44885,1883,tcp,mqtt,52.952753,10,6,3,4,0.188848,0.113309,0.302156,0.6,328,32,40,200,32,40,0,2,1,3,4,15,0,0,0,0,0.0,33.0,76.0,7.6,12.650867,0.0,21.0,34.0,5.666667,7.814516,0.0,33.0,110.0,6.875,10.831282,236.034393,50910645.961761,52952753.067017,5883639.229669,16891386.384869,64.134598,1603960.990906,1895617.008209,379123.401642,688370.4006909999,64.134598,50910645.961761,52952753.067017,3530183.5378010008,13112620.199217,2.077324,3.333333,2.0,25.333333,11.333333,0.0,0.0,0.0,0.0,0.0,0.0,2042107.105255,2042107.105255,2042107.105255,2042107.105255,0.0,50910645.961761,50910645.961761,50910645.961761,50910645.961761,0.0,64240,26847,502,MQTT_Publish
S1486,54216,21,tcp,-,5e-06,1,1,1,0,199728.761905,199728.761905,399457.52381,1.0,20,20,20,20,20,20,0,1,1,0,0,1,0,0,0,0,120.0,120.0,120.0,120.0,0.0,0.0,0.0,0.0,0.0,0.0,0.0,120.0,120.0,60.0,84.852814,0.0,0.0,0.0,0.0,0.0,0.0,0.0,0.0,0.0,0.0,5.0067900000000005,5.0067900000000005,5.0067900000000005,5.0067900000000005,0.0,23967451.428571,1.0,1.0,120.0,0.0,0.0,0.0,0.0,0.0,0.0,0.0,5.0067900000000005,5.0067900000000005,5.0067900000000005,5.0067900000000005,0.0,0.0,0.0,0.0,0.0,0.0,64,0,64,DOS_SYN_Hping
S1487,26081,21,tcp,-,3e-06,1,1,1,0,322638.769231,322638.769231,645277.538462,1.0,20,20,20,20,20,20,0,1,1,0,0,1,0,0,0,0,120.0,120.0,120.0,120.0,0.0,0.0,0.0,0.0,0.0,0.0,0.0,120.0,120.0,60.0,84.852814,0.0,0.0,0.0,0.0,0.0,0.0,0.0,0.0,0.0,0.0,3.099442,3.099442,3.099442,3.099442,0.0,38716652.307692,1.0,1.0,120.0,0.0,0.0,0.0,0.0,0.0,0.0,0.0,3.099442,3.099442,3.099442,3.099442,0.0,0.0,0.0,0.0,0.0,0.0,64,0,64,DOS_SYN_Hping
S1488,55445,53,udp,dns,0.0532,2,2,2,2,37.59398,37.59398,75.187961,1.0,16,8,8,16,8,8,0,0,0,0,0,0,0,0,0,0,49.0,49.0,98.0,49.0,0.0,49.0,81.0,130.0,65.0,22.627417,49.0,81.0,228.0,57.0,16.0,5.0067900000000005,5.0067900000000005,5.0067900000000005,5.0067900000000005,0.0,43937.921524,43937.921524,43937.921524,43937.921524,0.0,5.0067900000000005,43937.921524,53200.006485000005,17733.335495,23160.536542,4285.713763000001,2.0,2.0,98.0,130.0,0.0,0.0,0.0,0.0,0.0,0.0,53200.006485000005,53200.006485000005,53200.006485000005,53200.006485000005,0.0,0.0,0.0,0.0,0.0,0.0,0,0,0,ARP_poisioning
S1489,60625,21,tcp,-,4e-06,1,1,1,0,246723.764706,246723.764706,493447.529412,1.0,20,20,20,20,20,20,0,1,1,0,0,1,0,0,0,0,120.0,120.0,120.0,120.0,0.0,0.0,0.0,0.0,0.0,0.0,0.0,120.0,120.0,60.0,84.852814,0.0,0.0,0.0,0.0,0.0,0.0,0.0,0.0,0.0,0.0,4.053116,4.053116,4.053116,4.053116,0.0,29606851.764706,1.0,1.0,120.0,0.0,0.0,0.0,0.0,0.0,0.0,0.0,4.053116,4.053116,4.053116,4.053116,0.0,0.0,0.0,0.0,0.0,0.0,64,0,64,DOS_SYN_Hping
S1490,55839,53,udp,dns,0.027525,2,2,2,2,72.660725,72.660725,145.321449,1.0,16,8,8,16,8,8,0,0,0,0,0,0,0,0,0,0,36.0,36.0,72.0,36.0,0.0,36.0,68.0,104.0,52.0,22.627417,36.0,68.0,176.0,44.0,16.0,27286.0527,27286.0527,27286.0527,27286.0527,0.0,2032.995224,2032.995224,2032.995224,2032.995224,0.0,239.133835,25492.19132,27525.18654,9175.06218,14152.41399,6394.143768999999,2.0,2.0,72.0,104.0,0.0,0.0,0.0,0.0,0.0,0.0,27525.18654,27525.18654,27525.18654,27525.18654,0.0,0.0,0.0,0.0,0.0,0.0,0,0,0,Thing_Speak
S1491,49588,80,tcp,http,21.198151,5,4,3,0,0.2358699999999999,0.188696,0.4245649999999999,0.8,168,32,40,136,32,40,0,2,0,3,0,8,0,0,0,0,0.0,168.0,197.0,39.4,72.358828,0.0,0.0,0.0,0.0,0.0,0.0,168.0,197.0,21.888889,55.218757,407.934189,21190606.117249,21198145.151138,5299536.287785,10594046.657562,3594.16008,21190574.884415,21198134.899139,7066044.96638,12232201.726943,5.960464,21190568.92395,21198151.111603,2649768.88895,7491614.695958001,9.293263,2.5,2.0,98.5,0.0,0.0,0.0,0.0,0.0,0.0,0.0,5.960464,7576.227188,7582.187653,3791.093826,5352.986936,21190568.92395,21190568.92395,21190568.92395,21190568.92395,0.0,64240,65160,502,DDOS_Slowloris
S1492,58699,1883,tcp,mqtt,36.06046,10,6,3,4,0.277312,0.1663869999999999,0.443699,0.6,328,32,40,200,32,40,0,2,1,3,4,15,0,0,0,0,0.0,33.0,78.0,7.8,12.934021,0.0,23.0,36.0,6.0,8.602325,0.0,33.0,114.0,7.125,11.218289,277.996063,33775499.105453,36060460.090637,4006717.787849,11169830.485718,97.036362,1508765.935898,2026485.919952,405297.18399,630109.4331649999,97.036362,33775499.105453,36060460.090637,2404030.672709,8684595.733688,3.161357,3.333333,2.0,26.0,12.0,0.0,0.0,0.0,0.0,0.0,0.0,2284960.985184,2284960.985184,2284960.985184,2284960.985184,0.0,33775499.105453,33775499.105453,33775499.105453,33775499.105453,0.0,64240,26847,502,MQTT_Publish
S1493,58454,21,tcp,-,1e-06,1,1,1,0,1048576.0,1048576.0,2097152.0,1.0,20,20,20,20,20,20,0,1,1,0,0,1,0,0,0,0,120.0,120.0,120.0,120.0,0.0,0.0,0.0,0.0,0.0,0.0,0.0,120.0,120.0,60.0,84.852814,0.0,0.0,0.0,0.0,0.0,0.0,0.0,0.0,0.0,0.0,0.953674,0.953674,0.953674,0.953674,0.0,125829120.0,1.0,1.0,120.0,0.0,0.0,0.0,0.0,0.0,0.0,0.0,0.953674,0.953674,0.953674,0.953674,0.0,0.0,0.0,0.0,0.0,0.0,64,0,64,DOS_SYN_Hping
S1494,20907,21,tcp,-,4e-06,1,1,1,0,246723.764706,246723.764706,493447.529412,1.0,20,20,20,20,20,20,0,1,1,0,0,1,0,0,0,0,120.0,120.0,120.0,120.0,0.0,0.0,0.0,0.0,0.0,0.0,0.0,120.0,120.0,60.0,84.852814,0.0,0.0,0.0,0.0,0.0,0.0,0.0,0.0,0.0,0.0,4.053116,4.053116,4.053116,4.053116,0.0,29606851.764706,1.0,1.0,120.0,0.0,0.0,0.0,0.0,0.0,0.0,0.0,4.053116,4.053116,4.053116,4.053116,0.0,0.0,0.0,0.0,0.0,0.0,64,0,64,DOS_SYN_Hping
S1495,44928,53,udp,dns,0.047054,2,2,2,2,42.504309,42.504309,85.008619,1.0,16,8,8,16,8,8,0,0,0,0,0,0,0,0,0,0,32.0,32.0,64.0,32.0,0.0,32.0,64.0,96.0,48.0,22.627417,32.0,64.0,160.0,40.0,16.0,244.140625,244.140625,244.140625,244.140625,0.0,45794.010160000005,45794.010160000005,45794.010160000005,45794.010160000005,0.0,244.140625,45794.010160000005,47054.05235,15684.684119999998,26078.29634,3400.3447520000004,2.0,2.0,64.0,96.0,0.0,0.0,0.0,0.0,0.0,0.0,47054.05235,47054.05235,47054.05235,47054.05235,0.0,0.0,0.0,0.0,0.0,0.0,0,0,0,Thing_Speak
S1496,39751,53,udp,dns,0.027634,2,2,2,2,72.374234,72.374234,144.748469,1.0,16,8,8,16,8,8,0,0,0,0,0,0,0,0,0,0,36.0,36.0,72.0,36.0,0.0,36.0,68.0,104.0,52.0,22.627417,36.0,68.0,176.0,44.0,16.0,27397.15576,27397.15576,27397.15576,27397.15576,0.0,2021.074295,2021.074295,2021.074295,2021.074295,0.0,236.98806800000003,25613.06953,27634.14383,9211.381276,14225.32641,6368.932618,2.0,2.0,72.0,104.0,0.0,0.0,0.0,0.0,0.0,0.0,27634.14383,27634.14383,27634.14383,27634.14383,0.0,0.0,0.0,0.0,0.0,0.0,0,0,0,Thing_Speak
S1497,51036,1022,tcp,-,6e-06,1,1,0,0,161319.38461500002,161319.38461500002,322638.769231,1.0,20,20,20,20,20,20,0,0,1,0,0,1,0,0,0,0,0.0,0.0,0.0,0.0,0.0,0.0,0.0,0.0,0.0,0.0,0.0,0.0,0.0,0.0,0.0,0.0,0.0,0.0,0.0,0.0,0.0,0.0,0.0,0.0,0.0,6.198883,6.198883,6.198883,6.198883,0.0,0.0,1.0,1.0,0.0,0.0,0.0,0.0,0.0,0.0,0.0,0.0,6.198883,6.198883,6.198883,6.198883,0.0,0.0,0.0,0.0,0.0,0.0,1024,0,1024,NMAP_OS_DETECTION
S1498,51557,21,tcp,-,5e-06,1,1,1,0,199728.761905,199728.761905,399457.52381,1.0,20,20,20,20,20,20,0,1,1,0,0,1,0,0,0,0,120.0,120.0,120.0,120.0,0.0,0.0,0.0,0.0,0.0,0.0,0.0,120.0,120.0,60.0,84.852814,0.0,0.0,0.0,0.0,0.0,0.0,0.0,0.0,0.0,0.0,5.0067900000000005,5.0067900000000005,5.0067900000000005,5.0067900000000005,0.0,23967451.428571,1.0,1.0,120.0,0.0,0.0,0.0,0.0,0.0,0.0,0.0,5.0067900000000005,5.0067900000000005,5.0067900000000005,5.0067900000000005,0.0,0.0,0.0,0.0,0.0,0.0,64,0,64,DOS_SYN_Hping
S1499,33258,80,tcp,http,0.7450359999999999,7,5,2,1,9.395521,6.711086,16.106607,0.714286,232,32,40,168,32,40,2,2,0,2,1,11,0,0,0,0,0.0,169.0,214.0,30.571429,63.303126,0.0,538.0,538.0,107.6,240.600914,0.0,538.0,752.0,62.666667,157.51036499999998,231.027603,267244.1006,746856.9279,124476.1546,135419.5826,47.206879,243705.9879,511857.9865,127964.4966,129790.7941,47.206879,239131.9275,746856.9279,67896.08435,107804.4408,1009.347353,7.0,5.0,214.0,538.0,0.0,0.0,0.0,0.0,0.0,0.0,746856.9279,746856.9279,746856.9279,746856.9279,0.0,0.0,0.0,0.0,0.0,0.0,64240,26847,501,Thing_Speak
